target_work_id,database,observation_date,displayed_citation_count,evidence_url,confidence
WORK-9A7C01587782,Wanfang,2026-08-30,133,https://d.wanfangdata.com.cn/periodical/CiNQZXJpb2RpY2FsQ0hJMjAyNTA1MjIyMDI1MDUyNzE3MTU0NhIPY3NmenlqMjAyMDExMDA1GghwZTUxcXNoNg%253D%253D,T2
WORK-B97B4279696F,Wanfang,2026-08-30,5,https://d.wanfangdata.com.cn/periodical/cxgh202404011,T2
WORK-BC5A9BAE5E66,Wanfang,2026-08-31,49,https://s.wanfangdata.com.cn/paper?q=%E5%9C%BA%E6%99%AF%E3%80%81%E6%B0%91%E4%BF%97%E5%8F%8A%E8%AE%A4%E5%90%8C%3A%E5%A4%A9%E6%B4%A5%E5%8F%A4%E6%96%87%E5%8C%96%E8%A1%97%E5%B9%B4%E8%B4%A7%E5%B8%82%E5%9C%BA%E7%A0%94%E7%A9%B6,T2
WORK-B505B0D8FEAA,Wanfang,2026-08-31,80,https://s.wanfangdata.com.cn/paper?q=%E6%96%87%E5%8C%96%E5%9C%BA%E6%99%AF%E7%9A%84%E4%BB%B7%E5%80%BC%E4%BC%A0%E6%92%AD%E5%8F%8A%E5%85%B6%E6%96%87%E5%8C%96%E5%88%9B%E6%84%8F%E5%9F%B9%E8%82%B2%E2%80%94%E2%80%94%E5%9F%8E%E5%B8%82%E8%BD%AC%E5%9E%8B%E5%8F%91%E5%B1%95%E7%9A%84%E6%96%87%E5%8C%96%E8%A7%86%E8%A7%92,T2
WORK-C47D0DDF573B,Wanfang,2026-08-31,61,https://s.wanfangdata.com.cn/paper?q=%E5%9C%BA%E6%99%AF%E7%9A%84%E2%80%9C%E5%86%8D%E5%9C%BA%E6%99%AF%E5%8C%96%E2%80%9D%EF%BC%9A%E6%96%B0%E5%AA%92%E4%BB%8B%E6%97%B6%E4%BB%A3%E6%96%87%E5%88%9B%E8%A1%97%E5%8C%BA%E7%9A%84%E5%AA%92%E4%BB%8B%E5%BD%A2%E8%B1%A1%E5%BB%BA%E6%9E%84%E4%B8%8E%E4%BC%A0%E6%92%AD,T2
WORK-3C97BC0084BC,Wanfang,2026-08-31,19,https://s.wanfangdata.com.cn/paper?q=%E9%9B%84%E5%AE%89%E6%96%B0%E5%8C%BA%E7%9A%84%E6%96%87%E5%8C%96%E7%A9%BA%E9%97%B4%E5%BB%BA%E6%9E%84%E5%92%8C%E4%BB%B7%E5%80%BC%E4%BC%A0%E8%BE%BE,T2
WORK-0B7C450D6ADC,Wanfang,2026-08-31,250,https://s.wanfangdata.com.cn/paper?q=%E5%9C%BA%E6%99%AF%E7%90%86%E8%AE%BA%EF%BC%9A%E5%8C%BA%E5%9F%9F%E5%8F%91%E5%B1%95%E6%96%87%E5%8C%96%E5%8A%A8%E5%8A%9B%E7%9A%84%E6%8E%A2%E7%B4%A2%E5%8F%8A%E5%90%AF%E7%A4%BA,T2
WORK-84D006C073AB,Wanfang,2026-08-31,149,https://s.wanfangdata.com.cn/paper?q=%E5%9C%BA%E6%99%AF%E7%90%86%E8%AE%BA%E8%A7%86%E8%A7%92%E4%B8%8B%E7%9A%84%E5%9F%8E%E5%B8%82%E9%9D%92%E5%B9%B4%E5%85%AC%E5%85%B1%E6%96%87%E5%8C%96%E7%A9%BA%E9%97%B4%E5%BB%BA%E6%9E%84%E2%80%94%E2%80%94%E4%BB%A5%E5%8C%97%E4%BA%AC706%E9%9D%92%E5%B9%B4%E7%A9%BA%E9%97%B4%E4%B8%BA%E4%BE%8B,T2
WORK-464D5DA7B167,Wanfang,2026-08-31,83,https://s.wanfangdata.com.cn/paper?q=%E5%9F%BA%E4%BA%8E%E5%9C%BA%E6%99%AF%E7%90%86%E8%AE%BA%E7%9A%84%E4%B8%AD%E5%9B%BD%E5%9F%8E%E5%B8%82%E5%B1%85%E4%BD%8F%E6%88%BF%E5%9C%B0%E4%BA%A7%E9%9C%80%E6%B1%82%E7%A0%94%E7%A9%B6,T2
WORK-80AC7412450E,Wanfang,2026-08-31,199,https://s.wanfangdata.com.cn/paper?q=%E5%BD%93%E4%BB%A3%E4%B8%AD%E5%9B%BD%E5%86%9C%E6%9D%91%E5%85%AC%E5%85%B1%E6%96%87%E5%8C%96%E7%A9%BA%E9%97%B4%E7%9A%84%E8%A7%A3%E9%87%8A%E7%BB%B4%E5%BA%A6%E4%B8%8E%E5%9C%BA%E6%99%AF%E8%AE%BE%E8%AE%A1,T2
WORK-EFED0207614D,Wanfang,2026-08-31,8,https://s.wanfangdata.com.cn/paper?q=%E5%9C%BA%E6%99%AF%E7%90%86%E8%AE%BA%E8%A7%86%E8%A7%92%E4%B8%8B%E4%BC%A0%E7%BB%9F%E6%AD%A6%E6%9C%AF%E7%9A%84%E4%BF%9D%E6%8A%A4%E4%B8%8E%E5%BC%80%E5%8F%91%E2%80%94%E2%80%94%E5%9F%BA%E4%BA%8E%E5%AF%B9H%E5%8C%BAGFG%E6%B4%BB%E5%8A%A8%E7%9A%84%E8%80%83%E5%AF%9F,T2
WORK-3DD575407739,Wanfang,2026-08-31,339,https://s.wanfangdata.com.cn/paper?q=%E5%9C%BA%E6%99%AF%E7%90%86%E8%AE%BA%E4%B8%8E%E5%9F%8E%E5%B8%82%E5%8F%91%E5%B1%95%E2%80%94%E2%80%94%E8%8A%9D%E5%8A%A0%E5%93%A5%E5%AD%A6%E6%B4%BE%E5%9F%8E%E5%B8%82%E7%A0%94%E7%A9%B6%E6%96%B0%E7%90%86%E8%AE%BA%E8%8C%83%E5%BC%8F,T2
WORK-E454C0B8D79B,Wanfang,2026-08-31,26,https://s.wanfangdata.com.cn/paper?q=%E6%96%87%E5%8C%96%E5%9C%BA%E6%99%AF%E8%90%A5%E9%80%A0%E4%B8%8E%E5%9F%8E%E5%B8%82%E5%8F%91%E5%B1%95%E5%8A%A8%E5%8A%9B%E5%9F%B9%E8%82%B2%E7%A0%94%E7%A9%B6%EF%BC%9A%E5%9F%BA%E4%BA%8E%E5%8C%97%E4%BA%AC%E4%B8%89%E4%B8%AA%E6%A1%88%E4%BE%8B%E7%9A%84%E6%AF%94%E8%BE%83%E5%88%86%E6%9E%90,T2
WORK-9A7C01587782,Google Scholar,2026-09-01,13,"https://scholar.google.com/scholar?cites=13338451230932852525&as_sdt=2005&sciodt=0,5&hl=en",T2
WORK-BC5A9BAE5E66,Google Scholar,2026-09-01,1,"https://scholar.google.com/scholar?cites=16150147927073381620&as_sdt=2005&sciodt=0,5&hl=en",T2
WORK-B505B0D8FEAA,Google Scholar,2026-09-01,4,"https://scholar.google.com/scholar?cites=10663722628191879807&as_sdt=2005&sciodt=0,5&hl=en",T2
WORK-C47D0DDF573B,Google Scholar,2026-09-01,3,"https://scholar.google.com/scholar?cites=1728811079661975027&as_sdt=2005&sciodt=0,5&hl=en",T2
WORK-3C97BC0084BC,Google Scholar,2026-09-01,3,"https://scholar.google.com/scholar?cites=10749914194785918680&as_sdt=2005&sciodt=0,5&hl=en",T2
WORK-0B7C450D6ADC,Google Scholar,2026-09-01,26,"https://scholar.google.com/scholar?cites=13466206911695694769&as_sdt=2005&sciodt=0,5&hl=en",T2
WORK-84D006C073AB,Google Scholar,2026-09-01,6,"https://scholar.google.com/scholar?cites=2808477587033805517&as_sdt=2005&sciodt=0,5&hl=en",T2
WORK-464D5DA7B167,Google Scholar,2026-09-01,16,"https://scholar.google.com/scholar?cites=12824306932286779913&as_sdt=2005&sciodt=0,5&hl=en",T2
WORK-80AC7412450E,Google Scholar,2026-09-01,5,"https://scholar.google.com/scholar?cites=8981286439003620945&as_sdt=2005&sciodt=0,5&hl=en",T2
WORK-EFED0207614D,Google Scholar,2026-09-01,1,"https://scholar.google.com/scholar?cites=6349010883176686754&as_sdt=2005&sciodt=0,5&hl=en",T2
WORK-3DD575407739,Google Scholar,2026-09-01,34,"https://scholar.google.com/scholar?cites=13505738460894593269&as_sdt=2005&sciodt=0,5&hl=en",T2
WORK-E454C0B8D79B,Google Scholar,2026-09-01,4,"https://scholar.google.com/scholar?cites=12778586722743351977&as_sdt=2005&sciodt=0,5&hl=en",T2
WORK-C017443D412F,Google Scholar,2026-09-01,28,"https://scholar.google.com/scholar?cites=14945883447372401432&as_sdt=2005&sciodt=0,5&hl=en",T2
WORK-17D3A65D3B18,Google Scholar,2026-09-01,6,"https://scholar.google.com/scholar?cites=5792279515374437449&as_sdt=2005&sciodt=0,5&hl=en",T2
WORK-3626689E3E2F,Google Scholar,2026-09-01,12,"https://scholar.google.com/scholar?cites=14554137804148547969&as_sdt=2005&sciodt=0,5&hl=en",T2
WORK-BA69342C7023,Google Scholar,2026-09-01,2,"https://scholar.google.com/scholar?cites=2576528632210235836&as_sdt=2005&sciodt=0,5&hl=en",T2
WORK-5C0C6832361A,Wanfang,2026-09-01,13,https://d.wanfangdata.com.cn/periodical/hnnydxxb-shkx201001020,T2
WORK-87B9EA587567,Wanfang,2026-09-01,0,https://d.wanfangdata.com.cn/periodical/12208437,T2
WORK-404371989418,Wanfang,2026-09-01,1,https://d.wanfangdata.com.cn/periodical/zgtspl201408028,T2
WORK-B06F4EAAA310,Wanfang,2026-09-01,6,https://d.wanfangdata.com.cn/periodical/xasydxxb-shkxb200902019,T2
WORK-EC3AFDE4EE8C,Wanfang,2026-09-01,0,https://d.wanfangdata.com.cn/periodical/1002531227,T2
WORK-18683D52F9EB,Wanfang,2026-09-01,78,https://d.wanfangdata.com.cn/periodical/bjxzxyxb201504002,T2
WORK-258AF028DD78,Wanfang,2026-09-01,227,https://d.wanfangdata.com.cn/periodical/hunshkx201702024,T2
WORK-E1DC6AE5F972,Wanfang,2026-09-01,0,https://d.wanfangdata.com.cn/thesis/Y2955020,T2
WORK-8976C0808FB0,Wanfang,2026-09-01,31,https://d.wanfangdata.com.cn/periodical/ysbj201606007,T2
WORK-6D88F27FDBFA,Wanfang,2026-09-01,32,https://d.wanfangdata.com.cn/periodical/xdcb202009023,T2
WORK-11BA0618FDA2,Wanfang,2026-09-01,396,https://d.wanfangdata.com.cn/periodical/shxpl201402010,T2
WORK-253D64AF1513,Wanfang,2026-09-01,20,https://d.wanfangdata.com.cn/thesis/D01524829,T2
WORK-EEC311425B6A,Wanfang,2026-09-01,25,https://d.wanfangdata.com.cn/periodical/nfjz201104011,T2
WORK-B86E7C3E06E6,Wanfang,2026-09-01,0,https://d.wanfangdata.com.cn/periodical/mysd-s202601022,T2
WORK-D7BEA5D96724,Wanfang,2026-09-01,0,https://d.wanfangdata.com.cn/periodical/sdtyxyxb202603001,T2
WORK-EFDB62F464C3,Wanfang,2026-09-01,0,https://d.wanfangdata.com.cn/periodical/tusg202602013,T2
WORK-FC7D7B57097E,Wanfang,2026-09-01,0,https://d.wanfangdata.com.cn/periodical/scsfxyxb-zxsh202604004,T2
WORK-D805FBA90EDE,Wanfang,2026-09-01,0,https://d.wanfangdata.com.cn/periodical/xinwsj202604025,T2
WORK-0F28A2FA3A0D,Wanfang,2026-09-01,0,https://d.wanfangdata.com.cn/periodical/zgzjswdxxb202601009,T2
WORK-EEC54A83DAA0,Wanfang,2026-09-01,0,https://d.wanfangdata.com.cn/periodical/dxpyj202601011,T2
WORK-F01888250E7D,Wanfang,2026-09-01,0,https://d.wanfangdata.com.cn/periodical/jsdxxb-shkx202604017,T2
WORK-F524194F5AF6,Wanfang,2026-09-01,0,https://d.wanfangdata.com.cn/periodical/xbly202603014,T2
WORK-7A296F50F76D,Wanfang,2026-09-01,2,https://d.wanfangdata.com.cn/periodical/whrslyj202405017,T2
WORK-F19FB7248EEF,Wanfang,2026-09-01,0,https://d.wanfangdata.com.cn/periodical/jcgjllysj202601004,T2
WORK-444FAFB3F3AA,Google Scholar,2026-09-01,7,"https://scholar.google.com/scholar?cites=15280732651259345117&as_sdt=2005&sciodt=0,5&hl=en",T2
WORK-103807EFE035,Google Scholar,2026-09-01,2,"https://scholar.google.com/scholar?cites=11771165311921695437&as_sdt=2005&sciodt=0,5&hl=en",T2
WORK-5A780815D3EB,Google Scholar,2026-09-01,15,"https://scholar.google.com/scholar?cites=11847435760600996940&as_sdt=2005&sciodt=0,5&hl=en",T2
WORK-B33E56D9F148,Google Scholar,2026-09-01,2,"https://scholar.google.com/scholar?cites=1450374578700714590&as_sdt=2005&sciodt=0,5&hl=en",T2
WORK-D96290EEABC9,Google Scholar,2026-09-01,5,"https://scholar.google.com/scholar?cites=13412365184485334120&as_sdt=2005&sciodt=0,5&hl=en",T2
WORK-9D8B63200B9F,Google Scholar,2026-09-01,4,"https://scholar.google.com/scholar?cites=7379344528093851261&as_sdt=2005&sciodt=0,5&hl=en",T2
WORK-E26D9F19DCAE,Wanfang,2026-09-01,0,https://d.wanfangdata.com.cn/periodical/jzywh202607021,T2
WORK-2974E91CC757,Wanfang,2026-09-01,32,https://d.wanfangdata.com.cn/periodical/zgqnyj201103014,T2
WORK-1631D227DAD7,Wanfang,2026-09-01,0,https://d.wanfangdata.com.cn/periodical/2349806,T2
WORK-8D75C53DB35D,Wanfang,2026-09-01,6,https://d.wanfangdata.com.cn/periodical/lyxk201802002,T2
WORK-E7BF4FFB4859,Wanfang,2026-09-01,0,https://d.wanfangdata.com.cn/periodical/36092945,T2
WORK-43E9D343D41D,Wanfang,2026-09-01,99,https://d.wanfangdata.com.cn/periodical/szdxxb-rwsh201706007,T2
WORK-A29A94211D90,Wanfang,2026-09-01,16,https://d.wanfangdata.com.cn/periodical/ddcb201704012,T2
WORK-D2D76F0DA29F,Wanfang,2026-09-01,15,https://d.wanfangdata.com.cn/periodical/whtyxyxb202010005,T2
WORK-3DA239182C94,Wanfang,2026-09-01,15,https://d.wanfangdata.com.cn/periodical/shkxzx201505023,T2
WORK-7F10A9651B87,Wanfang,2026-09-01,22,https://d.wanfangdata.com.cn/periodical/yspl201812003,T2
WORK-D34D243D26AC,Wanfang,2026-09-01,1,https://d.wanfangdata.com.cn/periodical/QKC20132013061700036194,T2
WORK-51E9EEF02B10,Wanfang,2026-09-01,0,https://d.wanfangdata.com.cn/periodical/kjcb202613026,T2
WORK-C949B8800432,Wanfang,2026-09-01,0,https://d.wanfangdata.com.cn/periodical/csgh-e202601005,T2
WORK-9B53786F3657,Wanfang,2026-09-01,0,https://d.wanfangdata.com.cn/periodical/njshkx202604006,T2
WORK-F89FDCB7EDF6,Wanfang,2026-09-01,0,https://d.wanfangdata.com.cn/periodical/sysd202612009,T2
WORK-D27F01F5F9C5,Wanfang,2026-09-01,0,https://d.wanfangdata.com.cn/periodical/xxyts202604007,T2
WORK-BA5DCBE6C30B,Wanfang,2026-09-01,4,https://d.wanfangdata.com.cn/periodical/sxzx202502017,T2
WORK-D38BB4515958,Wanfang,2026-09-01,0,https://d.wanfangdata.com.cn/periodical/tsgj202601008,T2
WORK-EAFEC7EAC34B,Wanfang,2026-09-01,0,https://d.wanfangdata.com.cn/periodical/hnbz202603027,T2
WORK-EE1D270B77D7,Wanfang,2026-09-01,0,https://d.wanfangdata.com.cn/periodical/qxnmzsfgdzkxxxb202602011,T2
WORK-EECC280B6161,Wanfang,2026-09-01,182,https://d.wanfangdata.com.cn/periodical/sddxxb-shkx202101006,T2
WORK-EFC515E09DFA,Wanfang,2026-09-01,0,https://d.wanfangdata.com.cn/periodical/zgxb202604001,T2
WORK-B1A1C5A25FE3,Wanfang,2026-09-01,0,https://d.wanfangdata.com.cn/periodical/cszz202601023,T2
WORK-D98EA21C85A0,Baidu Scholar,2026-09-01,0,https://xueshu.baidu.com/usercenter/paper/show?paperid=ca6c169b12f7ca825d02d47f81c61e90&site=xueshu_se,T2
WORK-32B52878E070,Wanfang,2026-09-01,1,https://d.wanfangdata.com.cn/periodical/msdg201102022,T2
WORK-E897AD1D8598,Wanfang,2026-09-01,0,https://d.wanfangdata.com.cn/periodical/4001172120,T2
WORK-62649CD8235A,Wanfang,2026-09-01,61,https://d.wanfangdata.com.cn/periodical/cbfxyj201908007,T2
WORK-B2AEB0087362,Wanfang,2026-09-01,10,https://d.wanfangdata.com.cn/periodical/jsshkx201103009,T2
WORK-9D813B3D4D70,Wanfang,2026-09-01,15,https://d.wanfangdata.com.cn/periodical/fxlt200402004,T2
WORK-5CCEE49C14EE,Wanfang,2026-09-01,184,https://d.wanfangdata.com.cn/periodical/hunshkx201702025,T2
WORK-7027C924E4F0,Wanfang,2026-09-01,37,https://d.wanfangdata.com.cn/periodical/dylc201707007,T2
WORK-A3C8037F24BA,Wanfang,2026-09-01,3,https://d.wanfangdata.com.cn/periodical/cjlt201706017,T2
WORK-E9BA4FB6FB4C,Wanfang,2026-09-01,5,https://d.wanfangdata.com.cn/periodical/qgsq-jjllyj202033001,T2
WORK-D9129375D46A,Wanfang,2026-09-01,15,https://d.wanfangdata.com.cn/periodical/zhgmc201509003,T2
WORK-5281F4B034A3,Wanfang,2026-09-01,93,https://d.wanfangdata.com.cn/periodical/shcsglzyjsxyxb201901003,T2
WORK-F772F853EF51,Wanfang,2026-09-01,0,https://d.wanfangdata.com.cn/periodical/zgjyxk201906051,T2
WORK-E6FFC7B74D79,Wanfang,2026-09-01,0,https://d.wanfangdata.com.cn/periodical/gzgbdsdxxb202504003,T2
WORK-962594493B42,Wanfang,2026-09-01,0,https://d.wanfangdata.com.cn/periodical/sysd202607011,T2
WORK-94BE7FFEAAE4,Wanfang,2026-09-01,0,https://d.wanfangdata.com.cn/periodical/zhonggsm202608018,T2
WORK-F345B7EEAFC7,Wanfang,2026-09-01,0,https://d.wanfangdata.com.cn/periodical/xwahz202606017,T2
WORK-D1C838C43DBB,Wanfang,2026-09-01,0,https://d.wanfangdata.com.cn/periodical/gzmzxyxb-zxshkxb202603003,T2
WORK-73A4792F47EC,Wanfang,2026-09-01,0,https://d.wanfangdata.com.cn/periodical/csfzyj202507009,T2
WORK-CA9610A7EF5A,Wanfang,2026-09-01,0,https://d.wanfangdata.com.cn/periodical/jjysnzs202602013,T2
WORK-E61E646DB547,Wanfang,2026-09-01,0,https://d.wanfangdata.com.cn/periodical/hnbz202602027,T2
WORK-B1ACCE90A557,Wanfang,2026-09-01,23,https://d.wanfangdata.com.cn/periodical/csglykj201902031,T2
WORK-AB01E6A076F0,Wanfang,2026-09-01,0,https://d.wanfangdata.com.cn/periodical/yskj202606020,T2
WORK-CEC8EC830E05,Wanfang,2026-09-01,3,https://d.wanfangdata.com.cn/periodical/hnlgdxxb-shkx201401015,T2
WORK-1D860C72D9A2,Wanfang,2026-09-01,67,https://d.wanfangdata.com.cn/periodical/xbsdxb-shkxb201005001,T2
WORK-67284DE2BEA7,Wanfang,2026-09-01,103,https://d.wanfangdata.com.cn/periodical/hbshkx201911009,T2
WORK-4DF3DD69485A,Wanfang,2026-09-01,0,https://d.wanfangdata.com.cn/periodical/41935779,T2
WORK-E865C243F293,Wanfang,2026-09-01,0,https://d.wanfangdata.com.cn/periodical/hnjyxyxb-zxshkxb200605005,T2
WORK-CBCE82BF26D4,Wanfang,2026-09-01,131,https://d.wanfangdata.com.cn/periodical/dylc201701003,T2
WORK-D910625E613C,Wanfang,2026-09-01,26,https://d.wanfangdata.com.cn/periodical/xsjl201710025,T2
WORK-2BDD516ABD12,Wanfang,2026-09-01,8,https://d.wanfangdata.com.cn/periodical/tsglt201808003,T2
WORK-451AE325250F,Wanfang,2026-09-01,6,https://d.wanfangdata.com.cn/periodical/zhongzdxxb202106015,T2
WORK-0555306566B6,Wanfang,2026-09-01,16,https://d.wanfangdata.com.cn/periodical/zhgmc202005011,T2
WORK-0A5390252183,Wanfang,2026-09-01,35,https://d.wanfangdata.com.cn/periodical/bjghjs202101007,T2
WORK-AD15F9E251E6,Wanfang,2026-09-01,2,https://d.wanfangdata.com.cn/periodical/zgscswsjjgdxxb202503008,T2
WORK-82499504DF71,Wanfang,2026-09-01,0,https://d.wanfangdata.com.cn/periodical/scxdh202608042,T2
WORK-417CB84B9134,Wanfang,2026-09-01,0,https://d.wanfangdata.com.cn/periodical/jjyjdk202609007,T2
WORK-CDC1BA127927,Wanfang,2026-09-01,0,https://d.wanfangdata.com.cn/periodical/mysd-s202601002,T2
WORK-33A95DABA4D5,Wanfang,2026-09-01,0,https://d.wanfangdata.com.cn/periodical/kjycb202506017,T2
WORK-B404B6554FA6,Wanfang,2026-09-01,0,https://d.wanfangdata.com.cn/periodical/qk_0dc9429815c1433ea8c64dd28f9210d0,T2
WORK-BF6C129575E3,Wanfang,2026-09-01,0,https://d.wanfangdata.com.cn/periodical/hebtyxyxb202601011,T2
WORK-DED38C9DAE99,Wanfang,2026-09-01,0,https://d.wanfangdata.com.cn/periodical/scxdh202612001,T2
WORK-3FAB9749D7F1,Wanfang,2026-09-01,0,https://d.wanfangdata.com.cn/periodical/cyykjlt202613062,T2
WORK-4F1245FE4F71,Wanfang,2026-09-01,9,https://d.wanfangdata.com.cn/periodical/ysbj201903006,T2
WORK-7B4278E8A9E1,Wanfang,2026-09-01,42,https://d.wanfangdata.com.cn/periodical/rwzz201409017,T2
WORK-1A1503D6F192,Wanfang,2026-09-01,15,https://d.wanfangdata.com.cn/thesis/D02085926,T2
WORK-2D179F990273,Wanfang,2026-09-01,13,https://d.wanfangdata.com.cn/periodical/xwyjdk201303020,T2
WORK-664A7BC0ECBB,Wanfang,2026-09-01,0,https://d.wanfangdata.com.cn/periodical/25513079,T2
WORK-FD8549D77088,Wanfang,2026-09-01,14,https://d.wanfangdata.com.cn/periodical/ysbj201704015,T2
WORK-18E12346BE52,Wanfang,2026-09-01,18,https://d.wanfangdata.com.cn/periodical/whrslyj201806009,T2
WORK-91F01F668C94,Wanfang,2026-09-01,59,https://d.wanfangdata.com.cn/periodical/jhlt201807022,T2
WORK-08BBFE487F9F,Wanfang,2026-09-01,11,https://d.wanfangdata.com.cn/periodical/gztyxyxb202204011,T2
WORK-3ACB64F0D051,Wanfang,2026-09-01,10,https://d.wanfangdata.com.cn/periodical/hnbz202104010,T2
WORK-991C5B015B6A,Wanfang,2026-09-01,5,https://d.wanfangdata.com.cn/periodical/gzsfdxxb-shkx202504011,T2
WORK-101253042FF9,Wanfang,2026-09-01,0,https://d.wanfangdata.com.cn/periodical/scxdh202611026,T2
WORK-0924B3705510,Wanfang,2026-09-01,0,https://d.wanfangdata.com.cn/periodical/QKBJBD20262026052200004836,T2
WORK-E96D7D28F8A1,Wanfang,2026-09-01,0,https://d.wanfangdata.com.cn/periodical/qk_e138ada683f243eebe3135a9b5c4e449,T2
WORK-B249B106DFA7,Wanfang,2026-09-01,0,https://d.wanfangdata.com.cn/periodical/csfzyj202605014,T2
WORK-FBA924DFE3DB,Wanfang,2026-09-01,17,https://d.wanfangdata.com.cn/periodical/shfzyj202303011,T2
WORK-B61783049877,Wanfang,2026-09-01,0,https://d.wanfangdata.com.cn/periodical/cbybq202614017,T2
WORK-898CAF6FD010,Wanfang,2026-09-01,0,https://d.wanfangdata.com.cn/periodical/sctsgxb202601005,T2
WORK-AA988F6C9B59,Wanfang,2026-09-01,0,https://d.wanfangdata.com.cn/periodical/shidjm202606013,T2
WORK-DED06D7AA215,Wanfang,2026-09-01,4,https://d.wanfangdata.com.cn/periodical/yuanlin202504004,T2
WORK-ABF952D0E4A0,Wanfang,2026-09-01,0,https://d.wanfangdata.com.cn/periodical/QKC20202020031610042012,T2
WORK-8DDEAF20AE97,Wanfang,2026-09-01,44,https://d.wanfangdata.com.cn/periodical/xsj201402008,T2
WORK-276C5D701476,Wanfang,2026-09-01,4,https://d.wanfangdata.com.cn/periodical/xwzs202008009,T2
WORK-B6EE04E59A35,Wanfang,2026-09-01,17,https://d.wanfangdata.com.cn/periodical/QKC20132015030500031525,T2
WORK-0BA26B2E12A2,Wanfang,2026-09-01,0,https://d.wanfangdata.com.cn/periodical/26445240,T2
WORK-4C99AC586532,Wanfang,2026-09-01,15,https://d.wanfangdata.com.cn/periodical/mysd-c201806004,T2
WORK-96B69771DEB5,Wanfang,2026-09-01,0,https://d.wanfangdata.com.cn/periodical/7001048398,T2
WORK-A68A1396CBF6,Wanfang,2026-09-01,132,https://d.wanfangdata.com.cn/periodical/fjlt-rwshkxb201810013,T2
WORK-2AB54F501A1F,Wanfang,2026-09-01,2,https://d.wanfangdata.com.cn/thesis/D02290473,T2
WORK-5EC1D4F1F3B4,Wanfang,2026-09-01,3,https://d.wanfangdata.com.cn/periodical/csjz202132053,T2
WORK-9761572030D8,Wanfang,2026-09-01,0,https://d.wanfangdata.com.cn/periodical/ysbj202501007,T2
WORK-0B61B708FF22,Wanfang,2026-09-01,0,https://d.wanfangdata.com.cn/periodical/yskj202604061,T2
WORK-6FBDA90BACDF,Wanfang,2026-09-01,0,https://d.wanfangdata.com.cn/periodical/gdqgzyjsxyxb202502012,T2
WORK-9CF3363E7928,Wanfang,2026-09-01,0,https://d.wanfangdata.com.cn/periodical/zgnbswdxxb202601009,T2
WORK-FA0650837EF7,Wanfang,2026-09-01,3,https://d.wanfangdata.com.cn/periodical/hdzddxxb202302004,T2
WORK-2DF495C31FB4,Wanfang,2026-09-01,0,https://d.wanfangdata.com.cn/periodical/zgtjswdxxb202604007,T2
WORK-6A089D5D07B4,Wanfang,2026-09-01,0,https://d.wanfangdata.com.cn/periodical/jzywh202606023,T2
WORK-CB1FB2AE5959,Wanfang,2026-09-01,0,https://d.wanfangdata.com.cn/periodical/mzxk202607010,T2
WORK-D6B187E4B4EA,Wanfang,2026-09-01,0,https://d.wanfangdata.com.cn/thesis/D04036677,T2
WORK-EBEEEEB00991,Wanfang,2026-09-01,4,https://d.wanfangdata.com.cn/periodical/mszy202006028,T2
WORK-9199791EE5AA,Wanfang,2026-09-01,54,https://d.wanfangdata.com.cn/periodical/lzdxxb-shkxb201401001,T2
WORK-3236E420CE97,Wanfang,2026-09-01,3,https://d.wanfangdata.com.cn/periodical/jcgjllysj202002025,T2
WORK-C3E9B5481C5D,Wanfang,2026-09-01,51,https://d.wanfangdata.com.cn/periodical/xdcb201312024,T2
WORK-A47D9355F122,Wanfang,2026-09-01,1,https://d.wanfangdata.com.cn/periodical/zgwhyc200804004,T2
WORK-45D4AAC4BCC4,Wanfang,2026-09-01,83,https://d.wanfangdata.com.cn/periodical/jjygl201901002,T2
WORK-C58C0215670E,Wanfang,2026-09-01,56,https://d.wanfangdata.com.cn/periodical/shcsgh201804008,T2
WORK-3CC079ACFF20,Wanfang,2026-09-01,87,https://d.wanfangdata.com.cn/periodical/zgncgc201905004,T2
WORK-3E7C2D898F4E,Wanfang,2026-09-01,17,https://d.wanfangdata.com.cn/periodical/tywhdk202203006,T2
WORK-46F800B0ED57,Wanfang,2026-09-01,11,https://d.wanfangdata.com.cn/periodical/dnxs202006009,T2
WORK-79496285BA39,Wanfang,2026-09-01,35,https://d.wanfangdata.com.cn/periodical/scxj202109015,T2
WORK-6614C62CE063,Wanfang,2026-09-01,0,https://d.wanfangdata.com.cn/periodical/shsjue202503016,T2
WORK-04D4F57CAFDD,Wanfang,2026-09-01,0,https://d.wanfangdata.com.cn/periodical/zhonggshic202603032,T2
WORK-6264AC8317A7,Wanfang,2026-09-01,1,https://d.wanfangdata.com.cn/periodical/xnmzxyxb-zxshkxb202506003,T2
WORK-DB1604A3DFC4,Wanfang,2026-09-01,0,https://d.wanfangdata.com.cn/periodical/kjcb202613030,T2
WORK-927980B0331B,Wanfang,2026-09-01,0,https://d.wanfangdata.com.cn/periodical/bianjzy202604009,T2
WORK-F2B28A1C00FA,Wanfang,2026-09-01,1,https://d.wanfangdata.com.cn/periodical/fjlt-rwshkxb202312002,T2
WORK-0581B5402AF8,Wanfang,2026-09-01,0,https://d.wanfangdata.com.cn/periodical/rddl202604002,T2
WORK-6878179167DC,Wanfang,2026-09-01,0,https://d.wanfangdata.com.cn/periodical/ysbj202602007,T2
WORK-0C1F2017A925,Wanfang,2026-09-01,0,https://d.wanfangdata.com.cn/periodical/tiykj202602020,T2
WORK-C09BF18F7565,Wanfang,2026-09-01,0,https://d.wanfangdata.com.cn/thesis/D04034299,T2
WORK-FCA23B3E2657,Wanfang,2026-09-01,33,https://d.wanfangdata.com.cn/periodical/jsgj202008014,T2
WORK-AF10917AAC94,Wanfang,2026-09-01,165,https://d.wanfangdata.com.cn/periodical/shxyj201404002,T2
WORK-4A2845C94BE8,Wanfang,2026-09-01,4,https://d.wanfangdata.com.cn/periodical/zywhyj202001007,T2
WORK-073C103DDD79,Wanfang,2026-09-01,0,https://d.wanfangdata.com.cn/periodical/xwyjdk201418043,T2
WORK-29845677CC8A,Wanfang,2026-09-01,6,https://d.wanfangdata.com.cn/periodical/mqxsyj200903001,T2
WORK-EC21216E128A,Wanfang,2026-09-01,5,https://d.wanfangdata.com.cn/periodical/qdzyjsxyxb201905003,T2
WORK-11C4AAF2C2BE,Wanfang,2026-09-01,149,https://d.wanfangdata.com.cn/periodical/jhlt201912022,T2
WORK-59D0E8CBAE0F,Wanfang,2026-09-01,15,https://d.wanfangdata.com.cn/periodical/dflt201903012,T2
WORK-4C38709379A6,Wanfang,2026-09-01,4,https://d.wanfangdata.com.cn/periodical/guig202219005,T2
WORK-7D2729600B03,Wanfang,2026-09-01,65,https://d.wanfangdata.com.cn/periodical/bjlhdxxb-rwshkx202001004,T2
WORK-A849BE88461A,Wanfang,2026-09-01,4,https://d.wanfangdata.com.cn/thesis/D02539871,T2
WORK-6137D2F28595,Wanfang,2026-09-01,0,https://d.wanfangdata.com.cn/periodical/msjyyj202503025,T2
WORK-E2D31E583ED9,Wanfang,2026-09-01,1,https://d.wanfangdata.com.cn/periodical/mysd-s202540001,T2
WORK-FC3EDE22C22B,Wanfang,2026-09-01,13,https://d.wanfangdata.com.cn/periodical/kjjbydc202406002,T2
WORK-D2A4CAB60654,Wanfang,2026-09-01,0,https://d.wanfangdata.com.cn/periodical/zgcb202605010,T2
WORK-6EDDEE60304B,Wanfang,2026-09-01,0,https://d.wanfangdata.com.cn/periodical/qk_526fbbb707c44462bd3e79e8188a5859,T2
WORK-F2BD7BF03823,Wanfang,2026-09-01,5,https://d.wanfangdata.com.cn/periodical/tsgjs202504007,T2
WORK-6396514A787C,Wanfang,2026-09-01,0,https://d.wanfangdata.com.cn/periodical/hfxyxb-zrkxb202603010,T2
WORK-FE77001AD341,Wanfang,2026-09-01,4,https://d.wanfangdata.com.cn/periodical/jndxxb-shkxb202501015,T2
WORK-C27323F7463F,Wanfang,2026-09-01,0,https://d.wanfangdata.com.cn/periodical/zhonggshic202606031,T2
WORK-84BFB67B5779,Wanfang,2026-09-01,0,https://d.wanfangdata.com.cn/thesis/D04222135,T2
WORK-45AB75D7CB83,Wanfang,2026-09-01,8,https://d.wanfangdata.com.cn/periodical/jzywh202112060,T2
WORK-E1B06A9207B2,Wanfang,2026-09-01,66,https://d.wanfangdata.com.cn/periodical/sdshkx201502002,T2
WORK-4ADB2A326766,Wanfang,2026-09-01,37,https://d.wanfangdata.com.cn/periodical/xbrk202004006,T2
WORK-7E60E1E4894D,Wanfang,2026-09-01,0,https://d.wanfangdata.com.cn/periodical/661874886,T2
WORK-6AC6A0BDA81A,Wanfang,2026-09-01,2,https://d.wanfangdata.com.cn/periodical/zzsfgdzkxxxb200903015,T2
WORK-47147F7E563F,Wanfang,2026-09-01,2,https://d.wanfangdata.com.cn/thesis/D03266172,T2
WORK-E311CFBE7B3F,Wanfang,2026-09-01,107,https://d.wanfangdata.com.cn/periodical/jxnydxxb-shkxb201906014,T2
WORK-58F67A7B1CF6,Wanfang,2026-09-01,25,https://d.wanfangdata.com.cn/periodical/tywhdk202211010,T2
WORK-AEDBE8866179,Wanfang,2026-09-01,17,https://d.wanfangdata.com.cn/periodical/ysbj202001014,T2
WORK-BAC17C303222,Wanfang,2026-09-01,7,https://d.wanfangdata.com.cn/periodical/btzyjsxyxb202104027,T2
WORK-0AB78E7BEEA2,Wanfang,2026-09-01,1,https://d.wanfangdata.com.cn/periodical/sxda202512021,T2
WORK-D1E570476A12,Wanfang,2026-09-01,0,https://d.wanfangdata.com.cn/periodical/zhonggsm202509003,T2
WORK-DF7346DFEBD1,Wanfang,2026-09-01,16,https://d.wanfangdata.com.cn/periodical/hljgjyj202409017,T2
WORK-CBA9D163EEBA,Wanfang,2026-09-01,0,https://d.wanfangdata.com.cn/periodical/zgnbswdxxb202601007,T2
WORK-6717313B84B9,Wanfang,2026-09-01,0,https://d.wanfangdata.com.cn/periodical/st202607028,T2
WORK-E977C2A0E1BB,Wanfang,2026-09-01,1,https://d.wanfangdata.com.cn/periodical/tsgllysj202505004,T2
WORK-5BA77EEE5976,Wanfang,2026-09-01,0,https://d.wanfangdata.com.cn/periodical/bzysj202602085,T2
WORK-F5082E845093,Wanfang,2026-09-01,0,https://d.wanfangdata.com.cn/thesis/D04004334,T2
WORK-8C8806E8A049,Wanfang,2026-09-01,0,https://d.wanfangdata.com.cn/periodical/csdxxb202602005,T2
WORK-775627B6A0D5,Wanfang,2026-09-01,0,https://d.wanfangdata.com.cn/thesis/D04030376,T2
WORK-34CB8CCBE5A8,Wanfang,2026-09-01,25,https://d.wanfangdata.com.cn/periodical/bjda202307005,T2
WORK-3602E64913A5,Wanfang,2026-09-01,5,https://d.wanfangdata.com.cn/periodical/jzywh201607058,T2
WORK-5308A8DE9F40,Wanfang,2026-09-01,56,https://d.wanfangdata.com.cn/periodical/jhdxxb-rwkxb202001002,T2
WORK-0BB9D7EEFC5D,Wanfang,2026-09-01,2,https://d.wanfangdata.com.cn/periodical/st201507044,T2
WORK-4465A2D872FE,Wanfang,2026-09-01,1,https://d.wanfangdata.com.cn/periodical/bjshkx201004003,T2
WORK-CBA007A05B2A,Wanfang,2026-09-01,47,https://d.wanfangdata.com.cn/periodical/kjycb201908007,T2
WORK-F71094F78F92,Wanfang,2026-09-01,7,https://d.wanfangdata.com.cn/periodical/hnbz201903014,T2
WORK-63B7CD97CAA7,Wanfang,2026-09-01,13,https://d.wanfangdata.com.cn/thesis/D02639414,T2
WORK-CFF9BA985903,Wanfang,2026-09-01,3,https://d.wanfangdata.com.cn/thesis/D02589386,T2
WORK-D933F1CEF3BC,Wanfang,2026-09-01,3,https://d.wanfangdata.com.cn/periodical/xwzs202104005,T2
WORK-E0540837C3F2,Wanfang,2026-09-01,7,https://d.wanfangdata.com.cn/periodical/bjda202411004,T2
WORK-79F6BECD6737,Wanfang,2026-09-01,17,https://d.wanfangdata.com.cn/periodical/xfjj202504001,T2
WORK-8829736EAEE8,Wanfang,2026-09-01,0,https://d.wanfangdata.com.cn/periodical/qk_9da29b8af5cd4fe09f43c17852f9560c,T2
WORK-A6609486CE34,Wanfang,2026-09-01,0,https://d.wanfangdata.com.cn/periodical/dncb202607030,T2
WORK-200118103891,Wanfang,2026-09-01,0,https://d.wanfangdata.com.cn/periodical/jsshkx202601006,T2
WORK-545CA78FF4A8,Wanfang,2026-09-01,0,https://d.wanfangdata.com.cn/periodical/jcgjllysj202603008,T2
WORK-E92B48C97CA2,Wanfang,2026-09-01,0,https://d.wanfangdata.com.cn/thesis/D04209664,T2
WORK-75E935AFE8A6,Wanfang,2026-09-01,0,https://d.wanfangdata.com.cn/periodical/qk_de8f7762cc9c43f79577942a4e10e62a,T2
WORK-BDA864292BF8,Wanfang,2026-09-01,9,https://d.wanfangdata.com.cn/periodical/dncb202306033,T2
WORK-4D1A3778BEE1,Wanfang,2026-09-01,35,https://d.wanfangdata.com.cn/periodical/njshkx201709019,T2
WORK-74BB657F756A,Wanfang,2026-09-01,33,https://d.wanfangdata.com.cn/periodical/llyk202010012,T2
WORK-0F2883DD3ADF,Wanfang,2026-09-01,0,https://d.wanfangdata.com.cn/periodical/dncb201510023,T2
WORK-C7974EBCDD2A,Wanfang,2026-09-01,50,https://d.wanfangdata.com.cn/periodical/gwcsgh201001014,T2
WORK-467283690DF0,Wanfang,2026-09-01,14,https://d.wanfangdata.com.cn/periodical/myxk202003007,T2
WORK-0D544FDBDF93,Wanfang,2026-09-01,3,https://d.wanfangdata.com.cn/periodical/hnsygdzkxxxb202005004,T2
WORK-E30494511AE3,Wanfang,2026-09-01,38,https://d.wanfangdata.com.cn/thesis/D02049770,T2
WORK-F96C57A5B977,Wanfang,2026-09-01,4,https://d.wanfangdata.com.cn/periodical/msdg202108024,T2
WORK-C19E0D787DA1,Wanfang,2026-09-01,1,https://d.wanfangdata.com.cn/periodical/gyswdxxb202404009,T2
WORK-63B6BDF4D724,Wanfang,2026-09-01,0,https://d.wanfangdata.com.cn/periodical/qgsq-jjllyj202503005,T2
WORK-5D2672885DAE,Wanfang,2026-09-01,2,https://d.wanfangdata.com.cn/periodical/shej202421028,T2
WORK-A1A539C4E33E,Wanfang,2026-09-01,0,https://d.wanfangdata.com.cn/periodical/cdxzxyxb202602010,T2
WORK-DDC126E94B07,Wanfang,2026-09-01,4,https://d.wanfangdata.com.cn/periodical/gzmzyj202501005,T2
WORK-D4C32726FBB6,Wanfang,2026-09-01,2,https://d.wanfangdata.com.cn/periodical/tsgxk202506006,T2
WORK-481A776DA0AA,Wanfang,2026-09-01,0,https://d.wanfangdata.com.cn/periodical/huaiysfxyxb-zxsf202603011,T2
WORK-C9BBD77FCD33,Wanfang,2026-09-01,6,https://d.wanfangdata.com.cn/periodical/jgllysj202506017,T2
WORK-6C81204C0A96,Wanfang,2026-09-01,1,https://d.wanfangdata.com.cn/periodical/scjz202503010,T2
WORK-C87BAAB51F06,Wanfang,2026-09-01,2,https://d.wanfangdata.com.cn/periodical/sdxzxysdsjjglgbxyxb202301014,T2
WORK-E4E30021373B,Wanfang,2026-09-01,25,https://d.wanfangdata.com.cn/periodical/lyxk201704002,T2
WORK-B83248BF6439,Wanfang,2026-09-01,1,https://d.wanfangdata.com.cn/periodical/yycb202002015,T2
WORK-336C4ED8A6B4,Wanfang,2026-09-01,15,https://d.wanfangdata.com.cn/periodical/zgjyxk201502011,T2
WORK-D5F454A72368,Wanfang,2026-09-01,0,https://d.wanfangdata.com.cn/periodical/zgxb201125027,T2
WORK-CB184DFC27DE,Wanfang,2026-09-01,5,https://d.wanfangdata.com.cn/periodical/xms202004005,T2
WORK-0D5756F1F8D4,Wanfang,2026-09-01,9,https://d.wanfangdata.com.cn/periodical/cdxzxyxb202004014,T2
WORK-36DF3FF05A6D,Wanfang,2026-09-01,1,https://d.wanfangdata.com.cn/periodical/zgwhcypl202302030,T2
WORK-09418BCF54F9,Wanfang,2026-09-01,7,https://d.wanfangdata.com.cn/periodical/shcsglzyjsxyxb202106011,T2
WORK-015E0AC9A4A9,Wanfang,2026-09-01,2,https://d.wanfangdata.com.cn/thesis/D03016580,T2
WORK-64B3C0284D06,Wanfang,2026-09-01,0,https://d.wanfangdata.com.cn/periodical/yyuan202405014,T2
WORK-5E5EBEC229AE,Wanfang,2026-09-01,0,https://d.wanfangdata.com.cn/periodical/snsjyzx202507031,T2
WORK-505163DB6C5D,Wanfang,2026-09-01,9,https://d.wanfangdata.com.cn/periodical/shej202423008,T2
WORK-D99055A1F0B0,Wanfang,2026-09-01,2,https://d.wanfangdata.com.cn/periodical/xwycbpl202505009,T2
WORK-AA265442EB10,Wanfang,2026-09-01,0,https://d.wanfangdata.com.cn/thesis/D04034304,T2
WORK-448D4AD22C7A,Wanfang,2026-09-01,0,https://d.wanfangdata.com.cn/periodical/zjlt202603015,T2
WORK-C507EC71D217,Wanfang,2026-09-01,3,https://d.wanfangdata.com.cn/periodical/jltyxyxb202506002,T2
WORK-6CC3AE35DEA0,Wanfang,2026-09-01,0,https://d.wanfangdata.com.cn/periodical/njsdxbz202602004,T2
WORK-67F726F8B460,Wanfang,2026-09-01,0,https://d.wanfangdata.com.cn/periodical/jltyxyxb202506005,T2
WORK-E6CCEF90EA9B,Wanfang,2026-09-01,1,https://d.wanfangdata.com.cn/periodical/zjgszyjsxyxb202303013,T2
WORK-E94E5C42842C,Wanfang,2026-09-01,36,https://d.wanfangdata.com.cn/periodical/yyszxb202002004,T2
WORK-538BB6BA8358,Wanfang,2026-09-01,10,https://d.wanfangdata.com.cn/periodical/zggb201503009,T2
WORK-EA198B58CCD6,Wanfang,2026-09-01,4,https://d.wanfangdata.com.cn/periodical/hzkjdxxb-shkxb201105014,T2
WORK-E5D84845DE76,Wanfang,2026-09-01,0,https://d.wanfangdata.com.cn/periodical/pp202032133,T2
WORK-38E9D6B3DA81,Wanfang,2026-09-01,0,https://d.wanfangdata.com.cn/periodical/qyzl202026017,T2
WORK-877AB6110ADB,Wanfang,2026-09-01,3,https://d.wanfangdata.com.cn/periodical/kjcb202309036,T2
WORK-41796BCC3637,Wanfang,2026-09-01,88,https://d.wanfangdata.com.cn/periodical/whyc202102018,T2
WORK-095B7B4932FB,Wanfang,2026-09-01,7,https://d.wanfangdata.com.cn/thesis/D03020757,T2
WORK-49B63DF8683E,Wanfang,2026-09-01,0,https://d.wanfangdata.com.cn/periodical/qk_02dde1d7c9204ed18dcb67d5d5a963d7,T2
WORK-5867B677B894,Wanfang,2026-09-01,0,https://d.wanfangdata.com.cn/periodical/jgllysj202512005,T2
WORK-4C6366CAF39C,Wanfang,2026-09-01,6,https://d.wanfangdata.com.cn/periodical/zhonggsm202422006,T2
WORK-63656C75D45A,Wanfang,2026-09-01,0,https://d.wanfangdata.com.cn/periodical/guig202609017,T2
WORK-BFAB22A97E91,Wanfang,2026-09-01,0,https://d.wanfangdata.com.cn/periodical/wtyypkj202519019,T2
WORK-A979F302D240,Wanfang,2026-09-01,2,https://d.wanfangdata.com.cn/periodical/tsgxk202509016,T2
WORK-37725083CCC3,Wanfang,2026-09-01,0,https://d.wanfangdata.com.cn/periodical/xczjs202601016,T2
WORK-B321A7B68B5D,Wanfang,2026-09-01,3,https://d.wanfangdata.com.cn/periodical/tjtyxyxb202505009,T2
WORK-6B2C2EA80781,Wanfang,2026-09-01,0,https://d.wanfangdata.com.cn/periodical/sjys202601011,T2
WORK-57361E2D86F6,Wanfang,2026-09-01,0,https://d.wanfangdata.com.cn/periodical/qk_a37d6dfad5694d5d8c38ac144f9c5111,T2
WORK-309A4851424C,Wanfang,2026-09-01,26,https://d.wanfangdata.com.cn/periodical/sxlljy-s202401014,T2
WORK-8958827E2F42,Wanfang,2026-09-01,16,https://d.wanfangdata.com.cn/periodical/sysd201815049,T2
WORK-5795068209F6,Wanfang,2026-09-01,0,https://d.wanfangdata.com.cn/periodical/666444904,T2
WORK-151D982F4D90,Wanfang,2026-09-01,15,https://d.wanfangdata.com.cn/periodical/zxdt201212006,T2
WORK-EE26ABEC8B6D,Wanfang,2026-09-01,18,https://d.wanfangdata.com.cn/periodical/mysd-c202003019,T2
WORK-44EB9DDA48E3,Wanfang,2026-09-01,126,https://d.wanfangdata.com.cn/periodical/jhlt202008020,T2
WORK-9B2E7F2DEE5B,Wanfang,2026-09-01,65,https://d.wanfangdata.com.cn/periodical/njshkx202308015,T2
WORK-4BE7DAFBA851,Wanfang,2026-09-01,0,https://d.wanfangdata.com.cn/thesis/D02553320,T2
WORK-0BA39736AD58,Wanfang,2026-09-01,117,https://d.wanfangdata.com.cn/periodical/csghhk202203027,T2
WORK-3E9E0E1B612F,Wanfang,2026-09-01,7,https://d.wanfangdata.com.cn/periodical/cbfxyj202409009,T2
WORK-26AA7287CE85,Wanfang,2026-09-01,0,https://d.wanfangdata.com.cn/periodical/zgqnyj202404003,T2
WORK-622A30EB5EA9,Wanfang,2026-09-01,0,https://d.wanfangdata.com.cn/periodical/ggsj202604024,T2
WORK-B165EC5928DB,Wanfang,2026-09-01,1,https://d.wanfangdata.com.cn/periodical/jjyglyj202512006,T2
WORK-9EC96965CC72,Wanfang,2026-09-01,0,https://d.wanfangdata.com.cn/periodical/jcgjllysj202506009,T2
WORK-2B7235C5E832,Wanfang,2026-09-01,0,https://d.wanfangdata.com.cn/periodical/sdsdxb-rwshkxb202602010,T2
WORK-A0AF486B51B4,Wanfang,2026-09-01,0,https://d.wanfangdata.com.cn/periodical/pp202529044,T2
WORK-685F0B6CB7D2,Wanfang,2026-09-01,0,https://d.wanfangdata.com.cn/periodical/xczjs202603018,T2
WORK-48ABC4CBD0E0,Wanfang,2026-09-01,0,https://d.wanfangdata.com.cn/periodical/jzywh202504004,T2
WORK-26572BAD0080,Wanfang,2026-09-01,39,https://d.wanfangdata.com.cn/periodical/cbfxyj201906009,T2
WORK-20B2FC7367FA,Wanfang,2026-09-01,8,https://d.wanfangdata.com.cn/periodical/huaiysfxyxb-zxsf202103010,T2
WORK-72B82823F53C,Wanfang,2026-09-01,282,https://d.wanfangdata.com.cn/periodical/xdcb201510004,T2
WORK-418DFB6A97D4,Wanfang,2026-09-01,0,https://d.wanfangdata.com.cn/periodical/qgsq-jjllyj201404004,T2
WORK-FA3D65EC52EF,Wanfang,2026-09-01,23,https://d.wanfangdata.com.cn/periodical/jxtsgxk202006010,T2
WORK-9A5409859148,Wanfang,2026-09-01,30,https://d.wanfangdata.com.cn/periodical/nyjj202010019,T2
WORK-C23387EEA763,Wanfang,2026-09-01,1,https://d.wanfangdata.com.cn/periodical/xfxyxb202311006,T2
WORK-56A9FDF4D919,Wanfang,2026-09-01,30,https://d.wanfangdata.com.cn/periodical/hnjjglgbxyxb202103015,T2
WORK-489E4AB769CA,Wanfang,2026-09-01,0,https://d.wanfangdata.com.cn/periodical/qk_5a7778bb248f412a964461a81a04d793,T2
WORK-484ABFD53DFC,Wanfang,2026-09-01,0,https://d.wanfangdata.com.cn/periodical/xxysj202509013,T2
WORK-02D1D068D36F,Wanfang,2026-09-01,2,https://d.wanfangdata.com.cn/periodical/cbgj202421002,T2
WORK-5E570DF73F0A,Wanfang,2026-09-01,0,https://d.wanfangdata.com.cn/periodical/guig202603006,T2
WORK-ACB1C32BD6F6,Wanfang,2026-09-01,0,https://d.wanfangdata.com.cn/periodical/cbkx202505003,T2
WORK-9D5F368949C0,Wanfang,2026-09-01,0,https://d.wanfangdata.com.cn/thesis/Y4551112,T2
WORK-9A1694B70B69,Wanfang,2026-09-01,0,https://d.wanfangdata.com.cn/periodical/zwjz202508006,T2
WORK-667C4C701880,Wanfang,2026-09-01,0,https://d.wanfangdata.com.cn/periodical/qmtts202604040,T2
WORK-330761A95886,Wanfang,2026-09-01,0,https://d.wanfangdata.com.cn/periodical/zgqnzzxyxb202505007,T2
WORK-5698772E14F6,Wanfang,2026-09-01,24,https://d.wanfangdata.com.cn/periodical/hdjjgl202111007,T2
WORK-CDA5B28A1B38,Wanfang,2026-09-01,114,https://d.wanfangdata.com.cn/periodical/bianjzy201509003,T2
WORK-1ED77663E6F2,Wanfang,2026-09-01,189,https://d.wanfangdata.com.cn/periodical/cbfxyj201507015,T2
WORK-FD763478AC0B,Wanfang,2026-09-01,10,https://d.wanfangdata.com.cn/periodical/cbgj202021028,T2
WORK-B51F0B3BA665,Wanfang,2026-09-01,27,https://d.wanfangdata.com.cn/periodical/shcsglzyjsxyxb202003013,T2
WORK-2183196D9EC6,Wanfang,2026-09-01,1,https://d.wanfangdata.com.cn/periodical/tykjwxtb202403035,T2
WORK-885F7661588F,Wanfang,2026-09-01,5,https://d.wanfangdata.com.cn/periodical/qk_c17888a685df459094cc4d5162c6dc18,T2
WORK-4FDD69C5E57B,Wanfang,2026-09-01,1,https://d.wanfangdata.com.cn/thesis/D02855371,T2
WORK-340C6471B579,Wanfang,2026-09-01,0,https://d.wanfangdata.com.cn/periodical/csjz202524024,T2
WORK-A7BC468DDC10,Wanfang,2026-09-01,1,https://d.wanfangdata.com.cn/periodical/kjcb202301005,T2
WORK-5A518479E289,Wanfang,2026-09-01,0,https://d.wanfangdata.com.cn/periodical/cbybq202601024,T2
WORK-A562EA8B828B,Wanfang,2026-09-01,0,https://d.wanfangdata.com.cn/periodical/rddl202512002,T2
WORK-9D2E47DE6CF0,Wanfang,2026-09-01,1,https://d.wanfangdata.com.cn/periodical/gwcsgh202502006,T2
WORK-0FF2344A4C76,Wanfang,2026-09-01,0,https://d.wanfangdata.com.cn/periodical/jxnye202605021,T2
WORK-44B01E3F292D,Wanfang,2026-09-01,0,https://d.wanfangdata.com.cn/periodical/yyszxb202502009,T2
WORK-625827AFBA5D,Wanfang,2026-09-01,0,https://d.wanfangdata.com.cn/periodical/sysd202615017,T2
WORK-2E716D39E0C4,Wanfang,2026-09-01,0,https://d.wanfangdata.com.cn/periodical/jiangxyy202523018,T2
WORK-C4C11C71FA85,Wanfang,2026-09-01,9,https://d.wanfangdata.com.cn/periodical/sysd201922022,T2
WORK-D31DB9F77A1F,Wanfang,2026-09-01,2,https://d.wanfangdata.com.cn/periodical/hhxyxb202104008,T2
WORK-CF818B88DFFB,Wanfang,2026-09-01,36,https://d.wanfangdata.com.cn/periodical/xwj201523010,T2
WORK-8A0600500C72,Wanfang,2026-09-01,9,https://d.wanfangdata.com.cn/periodical/chengs201502017,T2
WORK-037EA2D99BE0,Wanfang,2026-09-01,35,https://d.wanfangdata.com.cn/periodical/xdcsyj202109005,T2
WORK-02ECEF34B48C,Wanfang,2026-09-01,13,https://d.wanfangdata.com.cn/periodical/dlxyxb202107016,T2
WORK-49C81A3886A2,Wanfang,2026-09-01,1,https://d.wanfangdata.com.cn/periodical/sdtykj202406011,T2
WORK-9127D50627FC,Wanfang,2026-09-01,42,https://d.wanfangdata.com.cn/periodical/njshkx202105020,T2
WORK-526A04E26FEE,Wanfang,2026-09-01,25,https://d.wanfangdata.com.cn/periodical/csjz202219014,T2
WORK-28432452C1A9,Wanfang,2026-09-01,0,https://d.wanfangdata.com.cn/periodical/qk_07e5f15841bd471eae551dc969e30c3a,T2
WORK-2123FC230023,Wanfang,2026-09-01,1,https://d.wanfangdata.com.cn/periodical/mysd-s202345024,T2
WORK-5801E666AFA7,Wanfang,2026-09-01,0,https://d.wanfangdata.com.cn/periodical/qk_033b458929ef452ea88fca6f30f0307f,T2
WORK-94D69733910A,Wanfang,2026-09-01,1,https://d.wanfangdata.com.cn/periodical/sclyj202504004,T2
WORK-9C2A5A412B31,Wanfang,2026-09-01,2,https://d.wanfangdata.com.cn/periodical/gjtsgxk202503008,T2
WORK-FF01EE0C1742,Wanfang,2026-09-01,0,https://d.wanfangdata.com.cn/periodical/mysd-s202536011,T2
WORK-233902C7FA2C,Wanfang,2026-09-01,2,https://d.wanfangdata.com.cn/periodical/zjdxxb-rwsh202508009,T2
WORK-50E438FDF8B3,Wanfang,2026-09-01,0,https://d.wanfangdata.com.cn/periodical/zjgmzyjsxyxb202602010,T2
WORK-2461FA4480BF,Wanfang,2026-09-01,1,https://d.wanfangdata.com.cn/thesis/D04013086,T2
WORK-F657FBA8BBB5,Wanfang,2026-09-01,56,https://d.wanfangdata.com.cn/periodical/cswt201905011,T2
WORK-F8227F2E8731,Wanfang,2026-09-01,2,https://d.wanfangdata.com.cn/periodical/cqxz-gglt202102018,T2
WORK-D3E04D9B2DA6,Wanfang,2026-09-01,38,https://d.wanfangdata.com.cn/periodical/qnjz2015060022,T2
WORK-08D321A87F54,Wanfang,2026-09-01,4,https://d.wanfangdata.com.cn/periodical/kmlgdxxb-shkxb201602001,T2
WORK-0A9CA2CEF5EE,Wanfang,2026-09-01,6,https://d.wanfangdata.com.cn/periodical/zhuzkj202108009,T2
WORK-0BED19018BB2,Wanfang,2026-09-01,13,https://d.wanfangdata.com.cn/periodical/mysd-c202106051,T2
WORK-572E780D7B3F,Wanfang,2026-09-01,18,https://d.wanfangdata.com.cn/periodical/tywhdk202408002,T2
WORK-94181A1F41A9,Wanfang,2026-09-01,0,https://d.wanfangdata.com.cn/periodical/linysfxyxb202102009,T2
WORK-6D47412079A1,Wanfang,2026-09-01,9,https://d.wanfangdata.com.cn/periodical/ahgbdsdxxb202202013,T2
WORK-FF84E8C3F969,Wanfang,2026-09-01,0,https://d.wanfangdata.com.cn/periodical/zgqnyj202404002,T2
WORK-F245367C8D1C,Wanfang,2026-09-01,1,https://d.wanfangdata.com.cn/thesis/D02854934,T2
WORK-33D63C61C716,Wanfang,2026-09-01,0,https://d.wanfangdata.com.cn/periodical/tsgyjygz202602014,T2
WORK-8E182A21AA3F,Wanfang,2026-09-01,0,https://d.wanfangdata.com.cn/periodical/ysjy202509047,T2
WORK-FA0EE085AE3C,Wanfang,2026-09-01,0,https://d.wanfangdata.com.cn/periodical/tsgj202501007,T2
WORK-21422B4AC337,Wanfang,2026-09-01,0,https://d.wanfangdata.com.cn/thesis/D04069274,T2
WORK-4271CAF1EFF3,Wanfang,2026-09-01,0,https://d.wanfangdata.com.cn/periodical/qyjj202603010,T2
WORK-21F81E3F0ACA,Wanfang,2026-09-01,2,https://d.wanfangdata.com.cn/periodical/gysj202504024,T2
WORK-35709478D0D9,Wanfang,2026-09-01,115,https://d.wanfangdata.com.cn/periodical/zgrkx202011007,T2
WORK-FCEDDEA9414D,Wanfang,2026-09-01,9,https://d.wanfangdata.com.cn/thesis/D02334377,T2
WORK-E1BC46E0F407,Wanfang,2026-09-01,3,https://d.wanfangdata.com.cn/periodical/xwyjdk201518173,T2
WORK-11ABB2609315,Wanfang,2026-09-01,287,https://d.wanfangdata.com.cn/periodical/xdcb201603004,T2
WORK-0B06F991ED80,Wanfang,2026-09-01,18,https://d.wanfangdata.com.cn/periodical/gdxzxyxb202102001,T2
WORK-27B9AF353CBF,Wanfang,2026-09-01,14,https://d.wanfangdata.com.cn/periodical/scxzxyxb202103010,T2
WORK-6B6DF38D2B0E,Wanfang,2026-09-01,0,https://d.wanfangdata.com.cn/thesis/D03869568,T2
WORK-9EF70784315D,Wanfang,2026-09-01,3,https://d.wanfangdata.com.cn/periodical/kjcb202118058,T2
WORK-B0FAC2A5B37B,Wanfang,2026-09-01,1,https://d.wanfangdata.com.cn/periodical/csjz202210047,T2
WORK-E1E617B5476B,Wanfang,2026-09-01,1,https://d.wanfangdata.com.cn/periodical/cbgj202424008,T2
WORK-1A1BA391F0AD,Wanfang,2026-09-01,57,https://d.wanfangdata.com.cn/periodical/llyk202209008,T2
WORK-FD1EA076D991,Wanfang,2026-09-01,5,https://d.wanfangdata.com.cn/periodical/tsqbzs202502006,T2
WORK-6E87A9FF3920,Wanfang,2026-09-01,0,https://d.wanfangdata.com.cn/thesis/D04212925,T2
WORK-8BF95D5586F8,Wanfang,2026-09-01,0,https://d.wanfangdata.com.cn/periodical/jzywh202508063,T2
WORK-EBF08E31B23F,Wanfang,2026-09-01,0,https://d.wanfangdata.com.cn/periodical/hnbz202506041,T2
WORK-F15DCB9365C9,Wanfang,2026-09-01,16,https://d.wanfangdata.com.cn/periodical/qk_76fb6374bfb448d9891ec249e7ccb4f7,T2
WORK-36E9638CCC01,Wanfang,2026-09-01,0,https://d.wanfangdata.com.cn/periodical/lyxk202607008,T2
WORK-166C6D60E832,Wanfang,2026-09-01,0,https://d.wanfangdata.com.cn/periodical/xbms202502020,T2
WORK-0565B20474B0,Wanfang,2026-09-01,0,https://d.wanfangdata.com.cn/periodical/qk_6549cc9b75a842b9b0d67dbd499e5188,T2
WORK-FFBF5629405C,Wanfang,2026-09-01,9,https://d.wanfangdata.com.cn/periodical/xwyjdk201505105,T2
WORK-2AE02E99DE9D,Wanfang,2026-09-01,9,https://d.wanfangdata.com.cn/periodical/shej201623018,T2
WORK-134ACD7829A4,Wanfang,2026-09-01,2,https://d.wanfangdata.com.cn/periodical/zgcrjy202119001,T2
WORK-8A660BD6494F,Wanfang,2026-09-01,48,https://d.wanfangdata.com.cn/periodical/hbshkx202108004,T2
WORK-7A50DA2F6981,Wanfang,2026-09-01,0,https://d.wanfangdata.com.cn/periodical/tykjwxtb202411024,T2
WORK-9FE8B4F99240,Wanfang,2026-09-01,16,https://d.wanfangdata.com.cn/periodical/zhonggshic202127013,T2
WORK-CFEC26373A90,Wanfang,2026-09-01,4,https://d.wanfangdata.com.cn/thesis/D02728704,T2
WORK-C76C5738F08D,Wanfang,2026-09-01,0,https://d.wanfangdata.com.cn/periodical/zhonggsm202420031,T2
WORK-FCA04AED01DC,Wanfang,2026-09-01,0,https://d.wanfangdata.com.cn/periodical/dask202501004,T2
WORK-698F21EB6C9B,Wanfang,2026-09-01,1,https://d.wanfangdata.com.cn/periodical/xwahz202512014,T2
WORK-87DB194ACA6F,Wanfang,2026-09-01,1,https://d.wanfangdata.com.cn/periodical/nfjz202512003,T2
WORK-D898250E488C,Wanfang,2026-09-01,0,https://d.wanfangdata.com.cn/periodical/jzywh202507039,T2
WORK-E98B1FCC532C,Wanfang,2026-09-01,3,https://d.wanfangdata.com.cn/periodical/ddtykj202417024,T2
WORK-2DF2071E013B,Wanfang,2026-09-01,0,https://d.wanfangdata.com.cn/periodical/llgc202603016,T2
WORK-14AA261F298A,Wanfang,2026-09-01,0,https://d.wanfangdata.com.cn/periodical/dylc202512011,T2
WORK-09DB2EC1FAA3,Wanfang,2026-09-01,10,https://d.wanfangdata.com.cn/periodical/hbdxxb-zxsh202103011,T2
WORK-04F1AE7CEE39,Wanfang,2026-09-01,7,https://d.wanfangdata.com.cn/periodical/xwyjdk201607227,T2
WORK-2AE34B599267,Wanfang,2026-09-01,23,https://d.wanfangdata.com.cn/periodical/xwj201618006,T2
WORK-66326D69AE91,Wanfang,2026-09-01,100,https://d.wanfangdata.com.cn/periodical/nfjz202103006,T2
WORK-B1034714B8C2,Wanfang,2026-09-01,11,https://d.wanfangdata.com.cn/periodical/szszxb202102003,T2
WORK-90534473849A,Wanfang,2026-09-01,0,https://d.wanfangdata.com.cn/thesis/D03641909,T2
WORK-AAB042DA1058,Wanfang,2026-09-01,161,https://d.wanfangdata.com.cn/periodical/whdxxb-shkx202106006,T2
WORK-D25E586CAE8E,Wanfang,2026-09-01,13,https://d.wanfangdata.com.cn/periodical/rddl202202014,T2
WORK-B640DF73F7BF,Wanfang,2026-09-01,7,https://d.wanfangdata.com.cn/periodical/gsllxk202403014,T2
WORK-F91521E6477C,Wanfang,2026-09-01,3,https://d.wanfangdata.com.cn/periodical/scxdh202506005,T2
WORK-5D08D1E99A5D,Wanfang,2026-09-01,4,https://d.wanfangdata.com.cn/periodical/cbgj202506015,T2
WORK-84FFBA229751,Wanfang,2026-09-01,0,https://d.wanfangdata.com.cn/thesis/D04098087,T2
WORK-D57641C3D2C8,Wanfang,2026-09-01,7,https://d.wanfangdata.com.cn/periodical/ysbj202501009,T2
WORK-1CB271E3FD1E,Wanfang,2026-09-01,0,https://d.wanfangdata.com.cn/periodical/jzywh202606020,T2
WORK-F48866FCA8ED,Wanfang,2026-09-01,23,https://d.wanfangdata.com.cn/periodical/whdxxb-shkx202402004,T2
WORK-7C3C9445D4EE,Wanfang,2026-09-01,2,https://d.wanfangdata.com.cn/thesis/D02392361,T2
WORK-06EC6ED302E9,Wanfang,2026-09-01,4,https://d.wanfangdata.com.cn/periodical/dncb201611003,T2
WORK-381DE3B64F60,Wanfang,2026-09-01,34,https://d.wanfangdata.com.cn/periodical/xwyjdk201612029,T2
WORK-6CAC7AA385B0,Wanfang,2026-09-01,5,https://d.wanfangdata.com.cn/thesis/D02395674,T2
WORK-F9453AB659B3,Wanfang,2026-09-01,112,https://d.wanfangdata.com.cn/periodical/jsjjyglyj202104020,T2
WORK-9527442B091B,Wanfang,2026-09-01,1,https://d.wanfangdata.com.cn/periodical/bj-wskx202409012,T2
WORK-C8CD1F3B649E,Wanfang,2026-09-01,18,https://d.wanfangdata.com.cn/periodical/scjjglxyxb202105009,T2
WORK-128CEC0AE298,Wanfang,2026-09-01,1,https://d.wanfangdata.com.cn/thesis/D03201820,T2
WORK-A806A3B79022,Wanfang,2026-09-01,1,https://d.wanfangdata.com.cn/periodical/csfzyj202404010,T2
WORK-55D79A304716,Wanfang,2026-09-01,0,https://d.wanfangdata.com.cn/periodical/cxgh202501011,T2
WORK-817E54AA45B9,Wanfang,2026-09-01,0,https://d.wanfangdata.com.cn/periodical/tsgj202506014,T2
WORK-D357E9C994D9,Wanfang,2026-09-01,0,https://d.wanfangdata.com.cn/periodical/xnnydxxb202504001,T2
WORK-DB5020B98068,Wanfang,2026-09-01,1,https://d.wanfangdata.com.cn/periodical/sctykx202405018,T2
WORK-1BA35D7234C5,Wanfang,2026-09-01,0,https://d.wanfangdata.com.cn/periodical/shkxj202602012,T2
WORK-9D788932C938,Wanfang,2026-09-01,0,https://d.wanfangdata.com.cn/thesis/D03996589,T2
WORK-8165D657153E,Wanfang,2026-09-01,91,https://d.wanfangdata.com.cn/periodical/zgyl202103010,T2
WORK-9103620FAB2B,Wanfang,2026-09-01,0,https://d.wanfangdata.com.cn/periodical/668239985,T2
WORK-65E3A3E1D4AB,Wanfang,2026-09-01,6,https://d.wanfangdata.com.cn/periodical/dncb201601005,T2
WORK-71B4564696D6,Wanfang,2026-09-01,79,https://d.wanfangdata.com.cn/periodical/tsgxyj202102004,T2
WORK-133FE2C516FF,Wanfang,2026-09-01,0,https://d.wanfangdata.com.cn/periodical/yskj202210034,T2
WORK-B1465F8AE00B,Wanfang,2026-09-01,10,https://d.wanfangdata.com.cn/periodical/scjyxyxb202402013,T2
WORK-DC38E0499E18,Wanfang,2026-09-01,18,https://d.wanfangdata.com.cn/periodical/qilyy202106019,T2
WORK-1A62AB9EF122,Wanfang,2026-09-01,0,https://d.wanfangdata.com.cn/periodical/mysd-s202348025,T2
WORK-99A89116E632,Wanfang,2026-09-01,0,https://d.wanfangdata.com.cn/periodical/tjscmglgbxyxb202405007,T2
WORK-F486ED59B311,Wanfang,2026-09-01,0,https://d.wanfangdata.com.cn/periodical/yskj202517057,T2
WORK-521A21B3462B,Wanfang,2026-09-01,1,https://d.wanfangdata.com.cn/periodical/fjyl202509007,T2
WORK-7EE1C8D5C4B5,Wanfang,2026-09-01,1,https://d.wanfangdata.com.cn/periodical/dncb202504026,T2
WORK-D08029A73C08,Wanfang,2026-09-01,18,https://d.wanfangdata.com.cn/periodical/hnsfdx-sh202501005,T2
WORK-B65AA794575C,Wanfang,2026-09-01,0,https://d.wanfangdata.com.cn/periodical/msjyyj202422033,T2
WORK-1A898A6B6D27,Wanfang,2026-09-01,0,https://d.wanfangdata.com.cn/periodical/yskj202604055,T2
WORK-7E06DF4DBB20,Wanfang,2026-09-01,16,https://d.wanfangdata.com.cn/periodical/chengs202401005,T2
WORK-9EC8805E480A,Wanfang,2026-09-01,2,https://d.wanfangdata.com.cn/periodical/mysd-c202108030,T2
WORK-925823E88CBD,Wanfang,2026-09-01,4,https://d.wanfangdata.com.cn/periodical/xwyjdk201606226,T2
WORK-87971B690A95,Wanfang,2026-09-01,4,https://d.wanfangdata.com.cn/periodical/qnjz201612042,T2
WORK-A5B3A5585B3A,Wanfang,2026-09-01,11,https://d.wanfangdata.com.cn/periodical/huzsfxyxb202109006,T2
WORK-3969D9D4FBD6,Wanfang,2026-09-01,104,https://d.wanfangdata.com.cn/periodical/szdxxb-rwsh202205001,T2
WORK-E5528AAD5968,Wanfang,2026-09-01,4,https://d.wanfangdata.com.cn/periodical/ysysj202124022,T2
WORK-1F9999E4C515,Wanfang,2026-09-01,1,https://d.wanfangdata.com.cn/periodical/hsjyxyxb202305010,T2
WORK-3E3F237507F6,Wanfang,2026-09-01,0,https://d.wanfangdata.com.cn/periodical/tykjwxtb202503029,T2
WORK-5DB9A1C2AF4E,Wanfang,2026-09-01,0,https://d.wanfangdata.com.cn/periodical/tusg202508011,T2
WORK-C02C1986C256,Wanfang,2026-09-01,2,https://d.wanfangdata.com.cn/periodical/zykx202509011,T2
WORK-0B2EA7AA94A4,Wanfang,2026-09-01,0,https://d.wanfangdata.com.cn/periodical/qhmzyj202601006,T2
WORK-5DDED3E9CB93,Wanfang,2026-09-01,0,https://d.wanfangdata.com.cn/thesis/D03787844,T2
WORK-41C0AF30094A,Wanfang,2026-09-01,0,https://d.wanfangdata.com.cn/periodical/scddjs-csb202201026,T2
WORK-F88991C217E0,Wanfang,2026-09-01,4,https://d.wanfangdata.com.cn/periodical/zggb201608016,T2
WORK-90314F15CF7F,Wanfang,2026-09-01,17,https://d.wanfangdata.com.cn/periodical/bianjzy201608004,T2
WORK-F0FD43E93B7D,Wanfang,2026-09-01,147,https://d.wanfangdata.com.cn/periodical/ghs202117006,T2
WORK-4AF241D39160,Wanfang,2026-09-01,15,https://d.wanfangdata.com.cn/periodical/jlysxyxb202204009,T2
WORK-06FCCCCD3854,Wanfang,2026-09-01,64,https://d.wanfangdata.com.cn/periodical/lvykx202206004,T2
WORK-2F3717FF466B,Wanfang,2026-09-01,7,https://d.wanfangdata.com.cn/periodical/whrslyj202303008,T2
WORK-2662D6F2FA0B,Wanfang,2026-09-01,3,https://d.wanfangdata.com.cn/periodical/qk_e5b56f72686241ba80de371aee0f8f0c,T2
WORK-EE596ACA3019,Wanfang,2026-09-01,3,https://d.wanfangdata.com.cn/periodical/hnbz202501022,T2
WORK-3BA6030FDC3E,Wanfang,2026-09-01,0,https://d.wanfangdata.com.cn/periodical/qk_7ec781813d6346a58685a15dd43a0ee0,T2
WORK-488CA3D3E20D,Wanfang,2026-09-01,0,https://d.wanfangdata.com.cn/periodical/daxtx202505005,T2
WORK-AC0401E659CB,Wanfang,2026-09-01,0,https://d.wanfangdata.com.cn/periodical/jsjy202529009,T2
WORK-00959BDAC42A,Wanfang,2026-09-01,0,https://d.wanfangdata.com.cn/periodical/qk_3dcbfbb878d24f6189219ecb90a58af0,T2
WORK-248EA421ED27,Wanfang,2026-09-01,17,https://d.wanfangdata.com.cn/periodical/shcsgh202402015,T2
WORK-45C4F1FD2F8D,Wanfang,2026-09-01,53,https://d.wanfangdata.com.cn/periodical/xajtdxxb-shkxb202206019,T2
WORK-1DB6C72173B8,Wanfang,2026-09-01,8,https://d.wanfangdata.com.cn/periodical/xbgbds201724003,T2
WORK-A61BE47839F5,Wanfang,2026-09-01,5,https://d.wanfangdata.com.cn/periodical/csglykj201602012,T2
WORK-F7A7EC2D740F,Wanfang,2026-09-01,92,https://d.wanfangdata.com.cn/periodical/shcsgh202105007,T2
WORK-54C75F01776E,Wanfang,2026-09-01,27,https://d.wanfangdata.com.cn/periodical/hbjy-ld202210015,T2
WORK-32706CD5192B,Wanfang,2026-09-01,4,https://d.wanfangdata.com.cn/periodical/xbly202211033,T2
WORK-5ED7BD7F3D0C,Wanfang,2026-09-01,2,https://d.wanfangdata.com.cn/thesis/D03791969,T2
WORK-E2555F793C5A,Wanfang,2026-09-01,0,https://d.wanfangdata.com.cn/periodical/szdxxb-zxshkxb202505012,T2
WORK-2E4957678E95,Wanfang,2026-09-01,0,https://d.wanfangdata.com.cn/periodical/bjlhdxxb202506008,T2
WORK-40CD08B4A6F6,Wanfang,2026-09-01,0,https://d.wanfangdata.com.cn/periodical/geh202503008,T2
WORK-A97FA5A8B849,Wanfang,2026-09-01,0,https://d.wanfangdata.com.cn/periodical/jzywh202512023,T2
WORK-F873F278091D,Wanfang,2026-09-01,3,https://d.wanfangdata.com.cn/periodical/zrzyxb202509003,T2
WORK-21B822836B30,Wanfang,2026-09-01,5,https://d.wanfangdata.com.cn/periodical/jzywh202406003,T2
WORK-61C613CEA1AD,Wanfang,2026-09-01,29,https://d.wanfangdata.com.cn/periodical/xdcsyj202210002,T2
WORK-22D5574128FA,Wanfang,2026-09-01,1,https://d.wanfangdata.com.cn/periodical/st201708101,T2
WORK-1F24537454BE,Wanfang,2026-09-01,2,https://d.wanfangdata.com.cn/periodical/qnjz201732061,T2
WORK-024B01A9D76B,Wanfang,2026-09-01,7,https://d.wanfangdata.com.cn/periodical/jzywh202208058,T2
WORK-5848B568C1A4,Wanfang,2026-09-01,27,https://d.wanfangdata.com.cn/periodical/shinsj202202018,T2
WORK-4ABBF3921277,Wanfang,2026-09-01,87,https://d.wanfangdata.com.cn/periodical/lzdxxb-shkxb202206009,T2
WORK-627A6FCFADFF,Wanfang,2026-09-01,2,https://d.wanfangdata.com.cn/thesis/D03410137,T2
WORK-E28F38C22616,Wanfang,2026-09-01,1,https://d.wanfangdata.com.cn/periodical/cyykjlt202311007,T2
WORK-2B8BFFB5B747,Wanfang,2026-09-01,1,https://d.wanfangdata.com.cn/periodical/dncb202506035,T2
WORK-3D1246E26DE2,Wanfang,2026-09-01,4,https://d.wanfangdata.com.cn/periodical/csfzyj202502011,T2
WORK-9EA7AA495641,Wanfang,2026-09-01,1,https://d.wanfangdata.com.cn/periodical/shkxzx202512028,T2
WORK-EFE3CC23BE18,Wanfang,2026-09-01,2,https://d.wanfangdata.com.cn/periodical/ysbj202501008,T2
WORK-109EA186414A,Wanfang,2026-09-01,1,https://d.wanfangdata.com.cn/periodical/dzwy202406055,T2
WORK-640D57AC1EBF,Wanfang,2026-09-01,21,https://d.wanfangdata.com.cn/periodical/zjszfglgbxyxb202202011,T2
WORK-4EC916BBD146,Wanfang,2026-09-01,27,https://d.wanfangdata.com.cn/periodical/xuehai201702014,T2
WORK-26A61E07F626,Wanfang,2026-09-01,2,https://d.wanfangdata.com.cn/periodical/qnjz201724047,T2
WORK-1F13A6E1A72E,Wanfang,2026-09-01,7,https://d.wanfangdata.com.cn/thesis/D03020764,T2
WORK-670A58A566E5,Wanfang,2026-09-01,0,https://d.wanfangdata.com.cn/periodical/mysd-c202207014,T2
WORK-4CB00CEC336B,Wanfang,2026-09-01,12,https://d.wanfangdata.com.cn/periodical/scxj202202010,T2
WORK-716DD5E3F0FC,Wanfang,2026-09-01,0,https://d.wanfangdata.com.cn/periodical/mysd-s202348024,T2
WORK-C39DB72F7429,Wanfang,2026-09-01,1,https://d.wanfangdata.com.cn/periodical/xbgbds202324019,T2
WORK-D52CCE24BAF2,Wanfang,2026-09-01,0,https://d.wanfangdata.com.cn/periodical/qgsq-jjllyj202518006,T2
WORK-298892EF1130,Wanfang,2026-09-01,1,https://d.wanfangdata.com.cn/periodical/rddl202512006,T2
WORK-369B6266E305,Wanfang,2026-09-01,5,https://d.wanfangdata.com.cn/periodical/crjy202501003,T2
WORK-97B4D6A7B9DB,Wanfang,2026-09-01,0,https://d.wanfangdata.com.cn/periodical/xdcsyj202512014,T2
WORK-F74CF3B90158,Wanfang,2026-09-01,1,https://d.wanfangdata.com.cn/periodical/qk_ba3707a662c947708293168923fc6bf4,T2
WORK-C109ACE2C86D,Wanfang,2026-09-01,0,https://d.wanfangdata.com.cn/thesis/D02902219,T2
WORK-E835352E3E15,Wanfang,2026-09-01,10,https://d.wanfangdata.com.cn/periodical/sxda201704034,T2
WORK-215EFBFA9D5B,Wanfang,2026-09-01,1,https://d.wanfangdata.com.cn/periodical/zgcytzygkj202221043,T2
WORK-70FBA09F3159,Wanfang,2026-09-01,44,https://d.wanfangdata.com.cn/periodical/ghs202212018,T2
WORK-51366F2BC1EA,Wanfang,2026-09-01,4,https://d.wanfangdata.com.cn/periodical/zhonggshic202219011,T2
WORK-D28215815877,Wanfang,2026-09-01,0,https://d.wanfangdata.com.cn/periodical/qk_d637a930fda84f77a4ca00c2b44b46e8,T2
WORK-A5D059FAB4DA,Wanfang,2026-09-01,1,https://d.wanfangdata.com.cn/periodical/zgwj202302018,T2
WORK-CEC02B5F7208,Wanfang,2026-09-01,1,https://d.wanfangdata.com.cn/periodical/whysyj202503012,T2
WORK-168B0BF050C9,Wanfang,2026-09-01,0,https://d.wanfangdata.com.cn/periodical/zwjz202502010,T2
WORK-315CE6B69733,Wanfang,2026-09-01,2,https://d.wanfangdata.com.cn/periodical/tsgzz202509007,T2
WORK-85D7F5A917BA,Wanfang,2026-09-01,0,https://d.wanfangdata.com.cn/periodical/csjz202516041,T2
WORK-E87EEACB7405,Wanfang,2026-09-01,1,https://d.wanfangdata.com.cn/periodical/xsjtsg202507007,T2
WORK-E99ED898DD2C,Wanfang,2026-09-01,1,https://d.wanfangdata.com.cn/periodical/jzywh202309037,T2
WORK-CF8EE33CEA22,Wanfang,2026-09-01,4,https://d.wanfangdata.com.cn/periodical/chengs202210007,T2
WORK-FD23AF448DB7,Wanfang,2026-09-01,1,https://d.wanfangdata.com.cn/periodical/xbgbds201720009,T2
WORK-5F01D46F05DF,Wanfang,2026-09-01,87,https://d.wanfangdata.com.cn/periodical/dylc201701004,T2
WORK-3A35C8C35A96,Wanfang,2026-09-01,11,https://d.wanfangdata.com.cn/thesis/D02827108,T2
WORK-7523DF37C8D5,Wanfang,2026-09-01,12,https://d.wanfangdata.com.cn/periodical/wyzm202205032,T2
WORK-5FB58454D8FB,Wanfang,2026-09-01,81,https://d.wanfangdata.com.cn/periodical/whdxxb-shkx202205006,T2
WORK-DAD37F8874D0,Wanfang,2026-09-01,2,https://d.wanfangdata.com.cn/thesis/D03410151,T2
WORK-95399C0DE1BD,Wanfang,2026-09-01,1,https://d.wanfangdata.com.cn/periodical/lxs202304009,T2
WORK-CE79D2016772,Wanfang,2026-09-01,0,https://d.wanfangdata.com.cn/periodical/fzyj202511006,T2
WORK-222BA38CA371,Wanfang,2026-09-01,4,https://d.wanfangdata.com.cn/periodical/tsgyjygz202503015,T2
WORK-821A7682878C,Wanfang,2026-09-01,0,https://d.wanfangdata.com.cn/periodical/jnxb202503009,T2
WORK-E598C447FFDB,Wanfang,2026-09-01,1,https://d.wanfangdata.com.cn/periodical/whxk202501032,T2
WORK-F3EED5794F60,Wanfang,2026-09-01,1,https://d.wanfangdata.com.cn/periodical/lydk202201003,T2
WORK-149C623803D2,Wanfang,2026-09-01,2,https://d.wanfangdata.com.cn/periodical/nytsqbxk201802029,T2
WORK-6605B9FDFED8,Wanfang,2026-09-01,7,https://d.wanfangdata.com.cn/periodical/jzyc201704008,T2
WORK-44236C44AAAA,Wanfang,2026-09-01,14,https://d.wanfangdata.com.cn/periodical/xajzkjdxxb-shkx202205007,T2
WORK-97D6A230B76E,Wanfang,2026-09-01,94,https://d.wanfangdata.com.cn/periodical/njshkx202208019,T2
WORK-7647EECE73A6,Wanfang,2026-09-01,125,https://d.wanfangdata.com.cn/periodical/tjdxxb-shkxb202201004,T2
WORK-8E47315F9B0E,Wanfang,2026-09-01,1,https://d.wanfangdata.com.cn/thesis/D03634326,T2
WORK-CB5101FA7455,Wanfang,2026-09-01,0,https://d.wanfangdata.com.cn/periodical/bfjm202511018,T2
WORK-0E63AA3B5653,Wanfang,2026-09-01,2,https://d.wanfangdata.com.cn/periodical/qk_cab1986b7f6f4cae98fe47ff710adb69,T2
WORK-19FA99A280BE,Wanfang,2026-09-01,0,https://d.wanfangdata.com.cn/periodical/qs202506006,T2
WORK-768A7FE22D59,Wanfang,2026-09-01,2,https://d.wanfangdata.com.cn/periodical/kfyj202501013,T2
WORK-DFDB76574D96,Wanfang,2026-09-01,0,https://d.wanfangdata.com.cn/thesis/D04178459,T2
WORK-FC045B921865,Wanfang,2026-09-01,41,https://d.wanfangdata.com.cn/periodical/sxcjdxxb202206004,T2
WORK-2984D1252899,Wanfang,2026-09-01,3,https://d.wanfangdata.com.cn/periodical/qnjz201836013,T2
WORK-4D2347353F64,Wanfang,2026-09-01,45,https://d.wanfangdata.com.cn/periodical/tusg202203014,T2
WORK-C477BFD9C495,Wanfang,2026-09-01,4,https://d.wanfangdata.com.cn/periodical/mysd-c202205019,T2
WORK-7DCA5AAD9B03,Wanfang,2026-09-01,47,https://d.wanfangdata.com.cn/periodical/xdcsyj202210003,T2
WORK-803E87A79183,Wanfang,2026-09-01,4,https://d.wanfangdata.com.cn/thesis/D03064984,T2
WORK-039D79058E49,Wanfang,2026-09-01,0,https://d.wanfangdata.com.cn/thesis/J0187309,T2
WORK-140CF25370A6,Wanfang,2026-09-01,1,https://d.wanfangdata.com.cn/periodical/csfzyj202510012,T2
WORK-4EB85DD22367,Wanfang,2026-09-01,1,https://d.wanfangdata.com.cn/periodical/xfxyxb202508004,T2
WORK-C882A87FBF5C,Wanfang,2026-09-01,6,https://d.wanfangdata.com.cn/periodical/zrzyxb202506006,T2
WORK-FD8B73155948,Wanfang,2026-09-01,8,https://d.wanfangdata.com.cn/periodical/xdcsyj202210005,T2
WORK-45FFFFD73691,Wanfang,2026-09-01,2,https://d.wanfangdata.com.cn/periodical/xwyjdk201821154,T2
WORK-A7E6C397651F,Wanfang,2026-09-01,0,https://d.wanfangdata.com.cn/periodical/MZXS2017030026,T2
WORK-E89097F38C84,Wanfang,2026-09-01,0,https://d.wanfangdata.com.cn/periodical/ysysj202204014,T2
WORK-9534FED8000F,Wanfang,2026-09-01,0,https://d.wanfangdata.com.cn/periodical/QKBJBD20222022100100001968,T2
WORK-6F4EB55579DC,Wanfang,2026-09-01,13,https://d.wanfangdata.com.cn/periodical/xbjzgcxyxb-shkx202301010,T2
WORK-C47FF7287AB0,Wanfang,2026-09-01,1,https://d.wanfangdata.com.cn/periodical/jiaoszy202519002,T2
WORK-F3C262BAD14F,Wanfang,2026-09-01,5,https://d.wanfangdata.com.cn/periodical/dsyj202404022,T2
WORK-0EEB8EAA544E,Wanfang,2026-09-01,0,https://d.wanfangdata.com.cn/periodical/ahjz202506005,T2
WORK-452EDFEB124D,Wanfang,2026-09-01,15,https://d.wanfangdata.com.cn/periodical/tsgzz202501011,T2
WORK-C72642F4A53D,Wanfang,2026-09-01,0,https://d.wanfangdata.com.cn/periodical/csjz202511015,T2
WORK-13AF95C588DD,Wanfang,2026-09-01,6,https://d.wanfangdata.com.cn/periodical/chuanm202311029,T2
WORK-4AC403FD6E24,Wanfang,2026-09-01,4,https://d.wanfangdata.com.cn/periodical/dncb201810038,T2
WORK-D782CAA5BED4,Wanfang,2026-09-01,0,https://d.wanfangdata.com.cn/periodical/st201704049,T2
WORK-5B9E21E5A572,Wanfang,2026-09-01,2,https://d.wanfangdata.com.cn/periodical/jzywh202212040,T2
WORK-ED100F66E19A,Wanfang,2026-09-01,1,https://d.wanfangdata.com.cn/thesis/D03319923,T2
WORK-61E43C55605A,Wanfang,2026-09-01,10,https://d.wanfangdata.com.cn/periodical/syjzgcxyxb-shkx202302002,T2
WORK-C00D770B8208,Wanfang,2026-09-01,3,https://d.wanfangdata.com.cn/periodical/tsqbzs202503009,T2
WORK-E55BCB1843E6,Wanfang,2026-09-01,12,https://d.wanfangdata.com.cn/periodical/kjjbydc202422004,T2
WORK-0AE3005AE0E9,Wanfang,2026-09-01,6,https://d.wanfangdata.com.cn/periodical/zgtykj202503008,T2
WORK-3A34F1542634,Wanfang,2026-09-01,0,https://d.wanfangdata.com.cn/periodical/yxsfxyxb202504007,T2
WORK-C0C291578160,Wanfang,2026-09-01,0,https://d.wanfangdata.com.cn/periodical/dfwhyj202502008,T2
WORK-36FBBB921118,Wanfang,2026-09-01,8,https://d.wanfangdata.com.cn/periodical/mzysyj202301016,T2
WORK-AD131FD6DE8B,Wanfang,2026-09-01,25,https://d.wanfangdata.com.cn/periodical/xdcb201811023,T2
WORK-F8A000AE3779,Wanfang,2026-09-01,4,https://d.wanfangdata.com.cn/periodical/hnsfdxxb-shkx201705022,T2
WORK-6210827819F4,Wanfang,2026-09-01,2,https://d.wanfangdata.com.cn/periodical/tsgxk202211003,T2
WORK-F83965E87693,Wanfang,2026-09-01,14,https://d.wanfangdata.com.cn/periodical/xfxyxb202208002,T2
WORK-ACF1338E6C81,Wanfang,2026-09-01,0,https://d.wanfangdata.com.cn/periodical/wlmqzydxxb202202010,T2
WORK-510647329516,Wanfang,2026-09-01,40,https://d.wanfangdata.com.cn/periodical/qk_c86f60b3851b478eb43be1c1805d8711,T2
WORK-B2D824B5C555,Wanfang,2026-09-01,0,https://d.wanfangdata.com.cn/periodical/guig202510018,T2
WORK-C3C14245DE5A,Wanfang,2026-09-01,0,https://d.wanfangdata.com.cn/periodical/nbgbdsdxxb202401012,T2
WORK-DE39DC8154ED,Wanfang,2026-09-01,0,https://d.wanfangdata.com.cn/thesis/D03984926,T2
WORK-2959AD9203E4,Wanfang,2026-09-01,0,https://d.wanfangdata.com.cn/periodical/ysjy202516003,T2
WORK-B4BC45024C22,Wanfang,2026-09-01,1,https://d.wanfangdata.com.cn/periodical/jzywh202511062,T2
WORK-46B44230FB18,Wanfang,2026-09-01,2,https://d.wanfangdata.com.cn/periodical/hzjz202312006,T2
WORK-B771EF0BECEC,Wanfang,2026-09-01,16,https://d.wanfangdata.com.cn/periodical/guig201814051,T2
WORK-0ACBB3552D0E,Wanfang,2026-09-01,0,https://d.wanfangdata.com.cn/periodical/gzdxxb-ysb201804014,T2
WORK-7F5809C7C4E3,Wanfang,2026-09-01,5,https://d.wanfangdata.com.cn/periodical/cbgj202203020,T2
WORK-0FF75A63E4F2,Wanfang,2026-09-01,11,https://d.wanfangdata.com.cn/periodical/jzywh202312084,T2
WORK-C8F3A6367211,Wanfang,2026-09-01,0,https://d.wanfangdata.com.cn/periodical/lyzl202208015,T2
WORK-ABC03624ED4C,Wanfang,2026-09-01,1,https://d.wanfangdata.com.cn/periodical/xzyf202506007,T2
WORK-BF15AEF92D2A,Wanfang,2026-09-01,8,https://d.wanfangdata.com.cn/periodical/xdcb202409018,T2
WORK-DC0D9BDD49B9,Wanfang,2026-09-01,0,https://d.wanfangdata.com.cn/thesis/D03978176,T2
WORK-2822EB98FCF0,Wanfang,2026-09-01,1,https://d.wanfangdata.com.cn/periodical/nfjz202511002,T2
WORK-AFE94C362742,Wanfang,2026-09-01,0,https://d.wanfangdata.com.cn/thesis/D04118992,T2
WORK-EB2FE67A6D41,Wanfang,2026-09-01,1,https://d.wanfangdata.com.cn/periodical/xbgbds201815011,T2
WORK-16A5435FB8E9,Wanfang,2026-09-01,73,https://d.wanfangdata.com.cn/periodical/zhwhlt201804018,T2
WORK-119CA1E54068,Wanfang,2026-09-01,9,https://d.wanfangdata.com.cn/periodical/ddmsj202306002,T2
WORK-CD852DB22EC1,Wanfang,2026-09-01,23,https://d.wanfangdata.com.cn/periodical/zgyl2022z2027,T2
WORK-A270FD374F67,Wanfang,2026-09-01,5,https://d.wanfangdata.com.cn/periodical/lvykx202501003,T2
WORK-AB3E6BE84F6A,Wanfang,2026-09-01,1,https://d.wanfangdata.com.cn/thesis/D03601390,T2
WORK-D015F81103E9,Wanfang,2026-09-01,2,https://d.wanfangdata.com.cn/periodical/qk_383e04f198b0477f8eb6b4abf79efe63,T2
WORK-27F6021B4A0D,Wanfang,2026-09-01,1,https://d.wanfangdata.com.cn/periodical/shfzyj202502011,T2
WORK-AF8EAB165863,Wanfang,2026-09-01,4,https://d.wanfangdata.com.cn/periodical/lmdxxb202501005,T2
WORK-F55820AD6426,Wanfang,2026-09-01,1,https://d.wanfangdata.com.cn/periodical/xwyjdk201807037,T2
WORK-3A9F0A5EBF55,Wanfang,2026-09-01,12,https://d.wanfangdata.com.cn/periodical/dncb201808029,T2
WORK-AE325BA92028,Wanfang,2026-09-01,14,https://d.wanfangdata.com.cn/periodical/gjtsgxk202204010,T2
WORK-1D7C133A1F7A,Wanfang,2026-09-01,31,https://d.wanfangdata.com.cn/periodical/jxshkx202309020,T2
WORK-1DCA5BE255CB,Wanfang,2026-09-01,7,https://d.wanfangdata.com.cn/periodical/sclyj202301010,T2
WORK-8E359B83A40D,Wanfang,2026-09-01,0,https://d.wanfangdata.com.cn/periodical/cswt202504005,T2
WORK-9ABDD4EBAB0F,Wanfang,2026-09-01,0,https://d.wanfangdata.com.cn/periodical/guig202411006,T2
WORK-CE18DB2B5B82,Wanfang,2026-09-01,0,https://d.wanfangdata.com.cn/thesis/D04045863,T2
WORK-24235258D6A0,Wanfang,2026-09-01,2,https://d.wanfangdata.com.cn/periodical/jzywh202501041,T2
WORK-A9EFC210C529,Wanfang,2026-09-01,1,https://d.wanfangdata.com.cn/periodical/nytsqbxk202507005,T2
WORK-1031285E7F04,Wanfang,2026-09-01,0,https://d.wanfangdata.com.cn/periodical/st201912100,T2
WORK-6B57544282AC,Wanfang,2026-09-01,0,https://d.wanfangdata.com.cn/periodical/676842257,T2
WORK-B88FAE25F463,Wanfang,2026-09-01,2,https://d.wanfangdata.com.cn/thesis/D02983374,T2
WORK-1F66216A3383,Wanfang,2026-09-01,7,https://d.wanfangdata.com.cn/periodical/jsgbdsdxxb202301009,T2
WORK-2ACCA030DA82,Wanfang,2026-09-01,8,https://d.wanfangdata.com.cn/periodical/jzsfxyxb-shkxb202306007,T2
WORK-8696C6D65BD3,Wanfang,2026-09-01,0,https://d.wanfangdata.com.cn/periodical/scjjglxyxb202502007,T2
WORK-98F4253DB11E,Wanfang,2026-09-01,0,https://d.wanfangdata.com.cn/periodical/ddshkx-e202403006,T2
WORK-C3477DAC65DE,Wanfang,2026-09-01,4,https://d.wanfangdata.com.cn/periodical/crjy202410004,T2
WORK-1E60799C7F8B,Wanfang,2026-09-01,0,https://d.wanfangdata.com.cn/periodical/zjjz202505009,T2
WORK-115028D105AE,Wanfang,2026-09-01,2,https://d.wanfangdata.com.cn/periodical/xwyjdk201905020,T2
WORK-6F64966BD86F,Wanfang,2026-09-01,3,https://d.wanfangdata.com.cn/periodical/xwyjdk201810005,T2
WORK-C4C248C4CF60,Wanfang,2026-09-01,8,https://d.wanfangdata.com.cn/periodical/jcgjllysj202202007,T2
WORK-3797B16725D6,Wanfang,2026-09-01,0,https://d.wanfangdata.com.cn/thesis/D03237240,T2
WORK-369D578C9A24,Wanfang,2026-09-01,7,https://d.wanfangdata.com.cn/periodical/whrslyj202303005,T2
WORK-84F35C88F497,Wanfang,2026-09-01,0,https://d.wanfangdata.com.cn/periodical/lysfxyxb202504019,T2
WORK-9595C3EF3621,Wanfang,2026-09-01,1,https://d.wanfangdata.com.cn/periodical/qilyy202403014,T2
WORK-BA3F372E5520,Wanfang,2026-09-01,0,https://d.wanfangdata.com.cn/thesis/D04047911,T2
WORK-0AA8AFC816CB,Wanfang,2026-09-01,0,https://d.wanfangdata.com.cn/periodical/xbcrjyxb202506014,T2
WORK-A48464BBE221,Wanfang,2026-09-01,0,https://d.wanfangdata.com.cn/thesis/D04024873,T2
WORK-1C62215D586F,Wanfang,2026-09-01,0,https://d.wanfangdata.com.cn/periodical/7002672144,T2
WORK-86A7D8B3BE0F,Wanfang,2026-09-01,4,https://d.wanfangdata.com.cn/periodical/st201802005,T2
WORK-DD19E977949E,Wanfang,2026-09-01,37,https://d.wanfangdata.com.cn/periodical/ghs202211009,T2
WORK-46769374C997,Wanfang,2026-09-01,2,https://d.wanfangdata.com.cn/thesis/D03342524,T2
WORK-42DAA399F99C,Wanfang,2026-09-01,1,https://d.wanfangdata.com.cn/periodical/zgwhcypl202302027,T2
WORK-79973498DD4D,Wanfang,2026-09-01,2,https://d.wanfangdata.com.cn/periodical/zgcb202512011,T2
WORK-93D4527384BC,Wanfang,2026-09-01,2,https://d.wanfangdata.com.cn/periodical/gysj202411023,T2
WORK-ADEDE93B6B35,Wanfang,2026-09-01,0,https://d.wanfangdata.com.cn/periodical/jzywh202407024,T2
WORK-02FC1D90FDB4,Wanfang,2026-09-01,2,https://d.wanfangdata.com.cn/periodical/tusg202510010,T2
WORK-8AFBAADAB7B2,Wanfang,2026-09-01,0,https://d.wanfangdata.com.cn/thesis/D04145902,T2
WORK-1F32C5B5FA64,Wanfang,2026-09-01,4,https://d.wanfangdata.com.cn/periodical/xwyjdk201908002,T2
WORK-ACA18EEF2904,Wanfang,2026-09-01,3,https://d.wanfangdata.com.cn/periodical/hdzddxxb201805016,T2
WORK-DE884C06F480,Wanfang,2026-09-01,16,https://d.wanfangdata.com.cn/periodical/gdgydxxb-shkxb202205001,T2
WORK-4CB7E0303D14,Wanfang,2026-09-01,3,https://d.wanfangdata.com.cn/periodical/xjck202307009,T2
WORK-4A7995B50F1B,Wanfang,2026-09-01,3,https://d.wanfangdata.com.cn/periodical/zgcb202315008,T2
WORK-76AF1053EA9F,Wanfang,2026-09-01,1,https://d.wanfangdata.com.cn/periodical/hntsgxk202506037,T2
WORK-8858BCAE4554,Wanfang,2026-09-01,1,https://d.wanfangdata.com.cn/periodical/huaiysfxyxb-zxsf202406015,T2
WORK-A498620817E0,Wanfang,2026-09-01,4,https://d.wanfangdata.com.cn/periodical/bianjzy202407010,T2
WORK-0098F4DE9349,Wanfang,2026-09-01,0,https://d.wanfangdata.com.cn/periodical/xnmzxyxb-zxshkxb202512016,T2
WORK-8973A3FEEAA6,Wanfang,2026-09-01,0,https://d.wanfangdata.com.cn/periodical/jjyjdk202522005,T2
WORK-CFD28C95709D,Wanfang,2026-09-01,3,https://d.wanfangdata.com.cn/periodical/xbgbds201817012,T2
WORK-EB060D580C62,Wanfang,2026-09-01,6,https://d.wanfangdata.com.cn/periodical/csjz202207026,T2
WORK-50232D90CE18,Wanfang,2026-09-01,0,https://d.wanfangdata.com.cn/periodical/qk_106acdbda4b645af972aa2dcb2c94f40,T2
WORK-5D4DF91E59A4,Wanfang,2026-09-01,9,https://d.wanfangdata.com.cn/periodical/qk_1d63c0ec89574ffdaa25381ee25b03fc,T2
WORK-6F83FB9AFE61,Wanfang,2026-09-01,2,https://d.wanfangdata.com.cn/periodical/scsfdxxb-shkxb202501012,T2
WORK-79EE67463838,Wanfang,2026-09-01,0,https://d.wanfangdata.com.cn/periodical/xjzj202425008,T2
WORK-FC0420F56298,Wanfang,2026-09-01,8,https://d.wanfangdata.com.cn/periodical/zrzyxb202408007,T2
WORK-89024D807015,Wanfang,2026-09-01,2,https://d.wanfangdata.com.cn/periodical/qk_3d5f8b42c08a468e97315d0563c08531,T2
WORK-781EC6DA541C,Wanfang,2026-09-01,13,https://d.wanfangdata.com.cn/periodical/cbkx201905016,T2
WORK-196CC957AA09,Wanfang,2026-09-01,11,https://d.wanfangdata.com.cn/periodical/xwahz201910006,T2
WORK-F59FBAEA8ABF,Wanfang,2026-09-01,18,https://d.wanfangdata.com.cn/periodical/tsgzz202211008,T2
WORK-594F63F2EC37,Wanfang,2026-09-01,22,https://d.wanfangdata.com.cn/periodical/nytsqbxk202304001,T2
WORK-66A28A59D301,Wanfang,2026-09-01,17,https://d.wanfangdata.com.cn/periodical/jhlt202304018,T2
WORK-6DBB06D5488B,Wanfang,2026-09-01,7,https://d.wanfangdata.com.cn/periodical/chuanm202501007,T2
WORK-75CD08426037,Wanfang,2026-09-01,3,https://d.wanfangdata.com.cn/periodical/jzsfgdzkxxxb202401008,T2
WORK-8E21051D7CFA,Wanfang,2026-09-01,6,https://d.wanfangdata.com.cn/periodical/qk_21b646a116a346fd8657ab42bc3d5e82,T2
WORK-EF9462D42791,Wanfang,2026-09-01,6,https://d.wanfangdata.com.cn/periodical/qk_52104685a2b94404b264844abbab6fbd,T2
WORK-75D5E04ABDD4,Wanfang,2026-09-01,0,https://d.wanfangdata.com.cn/periodical/lyxk202508006,T2
WORK-8D2CF697EE55,Wanfang,2026-09-01,5,https://d.wanfangdata.com.cn/periodical/yskj201910064,T2
WORK-288DD3510B11,Wanfang,2026-09-01,1,https://d.wanfangdata.com.cn/periodical/ghlc201903006,T2
WORK-0242AE8BC080,Wanfang,2026-09-01,0,https://d.wanfangdata.com.cn/periodical/zgwhcypl202302024,T2
WORK-6E9C3A62239C,Wanfang,2026-09-01,7,https://d.wanfangdata.com.cn/periodical/st202309028,T2
WORK-681336B338DF,Wanfang,2026-09-01,0,https://d.wanfangdata.com.cn/periodical/xjck202308005,T2
WORK-642DE157E3FA,Wanfang,2026-09-01,0,https://d.wanfangdata.com.cn/periodical/yskj202512050,T2
WORK-70B4BC2E9294,Wanfang,2026-09-01,6,https://d.wanfangdata.com.cn/periodical/chuanm202401028,T2
WORK-82E3E95000C3,Wanfang,2026-09-01,0,https://d.wanfangdata.com.cn/thesis/D03978225,T2
WORK-E8DC7D99BF05,Wanfang,2026-09-01,0,https://d.wanfangdata.com.cn/thesis/D03598295,T2
WORK-74F46D90BC88,Wanfang,2026-09-01,2,https://d.wanfangdata.com.cn/periodical/jzywh202510065,T2
WORK-9A3B0C4F8B45,Wanfang,2026-09-01,11,https://d.wanfangdata.com.cn/periodical/xwyjdk201913032,T2
WORK-2C67234DF18D,Wanfang,2026-09-01,4,https://d.wanfangdata.com.cn/periodical/kjcb201911037,T2
WORK-02C94C6ACE15,Wanfang,2026-09-01,1,https://d.wanfangdata.com.cn/periodical/zjsrdxxb202303006,T2
WORK-74FA97FE0222,Wanfang,2026-09-01,47,https://d.wanfangdata.com.cn/periodical/fjlt-rwshkxb202304003,T2
WORK-688151311895,Wanfang,2026-09-01,7,https://d.wanfangdata.com.cn/periodical/tsgj202306016,T2
WORK-62BD970B0782,Wanfang,2026-09-01,1,https://d.wanfangdata.com.cn/periodical/hntsgxk202510026,T2
WORK-6726A293CA59,Wanfang,2026-09-01,1,https://d.wanfangdata.com.cn/periodical/wwjdyjs202419019,T2
WORK-80A474DC4D97,Wanfang,2026-09-01,5,https://d.wanfangdata.com.cn/periodical/tsgj202405013,T2
WORK-E35BDD2A9CD6,Wanfang,2026-09-01,3,https://d.wanfangdata.com.cn/periodical/tsgllysj202406004,T2
WORK-6EE986726194,Wanfang,2026-09-01,0,https://d.wanfangdata.com.cn/periodical/fysfxyxb-shkxb202501003,T2
WORK-B210BE56C775,Wanfang,2026-09-01,20,https://d.wanfangdata.com.cn/periodical/chuanm201918026,T2
WORK-355D7E34FEFD,Wanfang,2026-09-01,0,https://d.wanfangdata.com.cn/periodical/xwyjdk201912021,T2
WORK-02D0FA01494B,Wanfang,2026-09-01,6,https://d.wanfangdata.com.cn/thesis/D03350932,T2
WORK-817095469B4E,Wanfang,2026-09-01,15,https://d.wanfangdata.com.cn/periodical/ahnydxxb-shkxb202301006,T2
WORK-6BE978CFB5AD,Wanfang,2026-09-01,22,https://d.wanfangdata.com.cn/periodical/lyxk202309018,T2
WORK-5B3C40A694BB,Wanfang,2026-09-01,3,https://d.wanfangdata.com.cn/periodical/qk_b70e652d26d14645ba7994abab6e083a,T2
WORK-7AAE152376B5,Wanfang,2026-09-01,0,https://d.wanfangdata.com.cn/periodical/zjjz202401017,T2
WORK-E0BFAC196AA3,Wanfang,2026-09-01,4,https://d.wanfangdata.com.cn/periodical/xdsmgy202421008,T2
WORK-665BB305B0F1,Wanfang,2026-09-01,0,https://d.wanfangdata.com.cn/periodical/hzjz202512024,T2
WORK-C443032B380C,Wanfang,2026-09-01,125,https://d.wanfangdata.com.cn/periodical/whzh201905010,T2
WORK-4226F8693EBF,Wanfang,2026-09-01,11,https://d.wanfangdata.com.cn/periodical/cmjjyglyj201901002,T2
WORK-05F072CDC0B7,Wanfang,2026-09-01,5,https://d.wanfangdata.com.cn/periodical/jzywh202311039,T2
WORK-91C70F073311,Wanfang,2026-09-01,1,https://d.wanfangdata.com.cn/periodical/hfxyxb-zrkxb202303014,T2
WORK-73EFB4A88389,Wanfang,2026-09-01,0,https://d.wanfangdata.com.cn/periodical/yskj202313003,T2
WORK-3E909D9A4456,Wanfang,2026-09-01,0,https://d.wanfangdata.com.cn/periodical/st202517008,T2
WORK-3CCA8AAB0E85,Wanfang,2026-09-01,4,https://d.wanfangdata.com.cn/periodical/gzshkx202408008,T2
WORK-71B87CC368B7,Wanfang,2026-09-01,6,https://d.wanfangdata.com.cn/periodical/shcsgh202403017,T2
WORK-D901C3802DFB,Wanfang,2026-09-01,5,https://d.wanfangdata.com.cn/periodical/qk_f17d81657dcf48f4b89180973364056e,T2
WORK-64DD31F962BA,Wanfang,2026-09-01,0,https://d.wanfangdata.com.cn/periodical/xwyjdk202504024,T2
WORK-CC9EEF06D53A,Wanfang,2026-09-01,9,https://d.wanfangdata.com.cn/periodical/xwyjdk201913138,T2
WORK-62A3B7D920C2,Wanfang,2026-09-01,28,https://d.wanfangdata.com.cn/periodical/ddcb201901019,T2
WORK-06EEA612D5DE,Wanfang,2026-09-01,11,https://d.wanfangdata.com.cn/periodical/cbybq202318016,T2
WORK-A9B0B7771C95,Wanfang,2026-09-01,0,https://d.wanfangdata.com.cn/periodical/ycxyxb202307006,T2
WORK-7744F00CB33B,Wanfang,2026-09-01,0,https://d.wanfangdata.com.cn/thesis/D03235426,T2
WORK-3A54AF19DBFA,Wanfang,2026-09-01,0,https://d.wanfangdata.com.cn/periodical/whxk202507036,T2
WORK-29118F0936D4,Wanfang,2026-09-01,1,https://d.wanfangdata.com.cn/periodical/qk_32f1e138e7b3412c89dd05aeaabd0cd2,T2
WORK-6E6564053F14,Wanfang,2026-09-01,0,https://d.wanfangdata.com.cn/periodical/msjyyj202420047,T2
WORK-C3364F583FC8,Wanfang,2026-09-01,2,https://d.wanfangdata.com.cn/periodical/gxtsggz202404008,T2
WORK-599BEC21B06B,Wanfang,2026-09-01,0,https://d.wanfangdata.com.cn/periodical/qk_4489288c39164bd0b6b911df825c9d2b,T2
WORK-CFA16D88098F,Wanfang,2026-09-01,0,https://d.wanfangdata.com.cn/periodical/st201911110,T2
WORK-8C7D106DF107,Wanfang,2026-09-01,3,https://d.wanfangdata.com.cn/periodical/xianysfxyxb201901027,T2
WORK-0BF486117B9A,Wanfang,2026-09-01,2,https://d.wanfangdata.com.cn/periodical/csjz202312014,T2
WORK-BB5B2304D7F9,Wanfang,2026-09-01,5,https://d.wanfangdata.com.cn/periodical/zgcmkhj202304010,T2
WORK-7C3FCEC8D257,Wanfang,2026-09-01,1,https://d.wanfangdata.com.cn/thesis/D03369154,T2
WORK-31CD14C9DA57,Wanfang,2026-09-01,1,https://d.wanfangdata.com.cn/periodical/qk_aa11d2a60b994c6d905eb87d9568ea5b,T2
WORK-25B20B283491,Wanfang,2026-09-01,0,https://d.wanfangdata.com.cn/periodical/qk_f793f04917e246ac881ae3cfd330ebaa,T2
WORK-5D2FCBCF641B,Wanfang,2026-09-01,3,https://d.wanfangdata.com.cn/periodical/shej202403040,T2
WORK-BCF46EB4FC9B,Wanfang,2026-09-01,16,https://d.wanfangdata.com.cn/periodical/zgqnyj202404004,T2
WORK-5804CB14F1D6,Wanfang,2026-09-01,4,https://d.wanfangdata.com.cn/periodical/tywhdk202509013,T2
WORK-D96837AB9842,Wanfang,2026-09-01,3,https://d.wanfangdata.com.cn/periodical/xwyjdk201903022,T2
WORK-90F09923639D,Wanfang,2026-09-01,4,https://d.wanfangdata.com.cn/periodical/xwyjdk201920124,T2
WORK-0D6160E3D5E4,Wanfang,2026-09-01,2,https://d.wanfangdata.com.cn/thesis/Y4144600,T2
WORK-D99365B85F70,Wanfang,2026-09-01,2,https://d.wanfangdata.com.cn/periodical/gxtsggz202305001,T2
WORK-7FAAF7AE728F,Wanfang,2026-09-01,1,https://d.wanfangdata.com.cn/periodical/qk_cd0ccb37fb0d4ac2a744fd76a883f720,T2
WORK-2B3E0C2739F1,Wanfang,2026-09-01,0,https://d.wanfangdata.com.cn/periodical/cjxyxb202504006,T2
WORK-2049E17E7DEE,Wanfang,2026-09-01,2,https://d.wanfangdata.com.cn/periodical/msjyyj202419039,T2
WORK-565E58DB671E,Wanfang,2026-09-01,4,https://d.wanfangdata.com.cn/periodical/hbkjty202406007,T2
WORK-B4ABD8B7503F,Wanfang,2026-09-01,1,https://d.wanfangdata.com.cn/periodical/qk_6671430d72e945c68c32ec51fb8efe67,T2
WORK-564C82EC8D51,Wanfang,2026-09-01,3,https://d.wanfangdata.com.cn/periodical/sysd202510045,T2
WORK-E96B014FF8DA,Wanfang,2026-09-01,1,https://d.wanfangdata.com.cn/periodical/dncb201906023,T2
WORK-968F51C0E52E,Wanfang,2026-09-01,2,https://d.wanfangdata.com.cn/periodical/xjzj201903163,T2
WORK-0F68D9BC197E,Wanfang,2026-09-01,8,https://d.wanfangdata.com.cn/periodical/gjtsgxk202305005,T2
WORK-F2BE3834216F,Wanfang,2026-09-01,37,https://d.wanfangdata.com.cn/periodical/qk_f6bdef3965dc49388204e2f7f8e45b86,T2
WORK-91A9940C4622,Wanfang,2026-09-01,53,https://d.wanfangdata.com.cn/periodical/sddxxb-shkx202302003,T2
WORK-27F737E511F9,Wanfang,2026-09-01,0,https://d.wanfangdata.com.cn/periodical/guig202518016,T2
WORK-48D3D86889E3,Wanfang,2026-09-01,3,https://d.wanfangdata.com.cn/periodical/qk_23a38011db0c4ce4bea8da5210a12d87,T2
WORK-526B7FAC7542,Wanfang,2026-09-01,0,https://d.wanfangdata.com.cn/thesis/D04177068,T2
WORK-0E738C935318,Wanfang,2026-09-01,30,https://d.wanfangdata.com.cn/periodical/qnjz202002020,T2
WORK-B451D3FCB1F9,Wanfang,2026-09-01,0,https://d.wanfangdata.com.cn/periodical/7001265842,T2
WORK-2573DAD040A3,Wanfang,2026-09-01,8,https://d.wanfangdata.com.cn/periodical/jzywh202304049,T2
WORK-02C8EFE62D66,Wanfang,2026-09-01,5,https://d.wanfangdata.com.cn/periodical/ahdxxb-zxsh202406019,T2
WORK-A2B9E9E39434,Wanfang,2026-09-01,3,https://d.wanfangdata.com.cn/periodical/xczjs202311004,T2
WORK-F3DC4668E1E3,Wanfang,2026-09-01,3,https://d.wanfangdata.com.cn/periodical/dzwy202302072,T2
WORK-4640A4A699FA,Wanfang,2026-09-01,2,https://d.wanfangdata.com.cn/periodical/jcyxx-sby202411005,T2
WORK-9D86652CA4B0,Wanfang,2026-09-01,2,https://d.wanfangdata.com.cn/periodical/kdmzsfgdzkxxxb202406014,T2
WORK-4970EEAE0225,Wanfang,2026-09-01,2,https://d.wanfangdata.com.cn/periodical/chuanm202501008,T2
WORK-1FAE8383F02E,Wanfang,2026-09-01,6,https://d.wanfangdata.com.cn/periodical/bianjzy202008011,T2
WORK-B9116C30F17B,Wanfang,2026-09-01,14,https://d.wanfangdata.com.cn/periodical/dncb201907011,T2
WORK-19195E8424D2,Wanfang,2026-09-01,5,https://d.wanfangdata.com.cn/periodical/ysbj202403022,T2
WORK-AD85C44FED1C,Wanfang,2026-09-01,1,https://d.wanfangdata.com.cn/periodical/manl202317009,T2
WORK-021BEBC6BEA3,Wanfang,2026-09-01,1,https://d.wanfangdata.com.cn/periodical/xwycbpl202505008,T2
WORK-D8A3DE8D67A2,Wanfang,2026-09-01,16,https://d.wanfangdata.com.cn/periodical/zgcb202307010,T2
WORK-3D4FEBED918C,Wanfang,2026-09-01,7,https://d.wanfangdata.com.cn/periodical/cbgj202421001,T2
WORK-9B5D1F3719E5,Wanfang,2026-09-01,6,https://d.wanfangdata.com.cn/periodical/whrslyj202403004,T2
WORK-436EEC819069,Wanfang,2026-09-01,1,https://d.wanfangdata.com.cn/periodical/xxysj202511013,T2
WORK-2320F48FDAB7,Wanfang,2026-09-01,1,https://d.wanfangdata.com.cn/periodical/guig202007034,T2
WORK-C463DA944BD3,Wanfang,2026-09-01,0,https://d.wanfangdata.com.cn/periodical/zgsjzswdxxb201903011,T2
WORK-55B58C55C10E,Wanfang,2026-09-01,1,https://d.wanfangdata.com.cn/thesis/Y4119615,T2
WORK-1A49B89EC6F2,Wanfang,2026-09-01,8,https://d.wanfangdata.com.cn/periodical/zrzyxb202408007,T2
WORK-B63826C303A8,Wanfang,2026-09-01,0,https://d.wanfangdata.com.cn/periodical/wjzl202303008,T2
WORK-0057765F4F1F,Wanfang,2026-09-01,0,https://d.wanfangdata.com.cn/periodical/st202516024,T2
WORK-D80ADE2DACAE,Wanfang,2026-09-01,11,https://d.wanfangdata.com.cn/periodical/tusg202305012,T2
WORK-14C9AE0A5482,Wanfang,2026-09-01,0,https://d.wanfangdata.com.cn/periodical/qk_42591c8c97624520a0d874cac4b1142e,T2
WORK-8515A36D1B2C,Wanfang,2026-09-01,1,https://d.wanfangdata.com.cn/periodical/ynnydxxb-s202410021,T2
WORK-3164D2D39ED6,Wanfang,2026-09-01,0,https://d.wanfangdata.com.cn/periodical/jzywh202511053,T2
WORK-D97274688B2E,Wanfang,2026-09-01,10,https://d.wanfangdata.com.cn/periodical/cbkx201904007,T2
WORK-5BB316C5E43D,Wanfang,2026-09-01,2,https://d.wanfangdata.com.cn/thesis/D03791944,T2
WORK-1BCC06A0C322,Wanfang,2026-09-01,1,https://d.wanfangdata.com.cn/periodical/hbmzdxxb-zxsh202406014,T2
WORK-D53800ECCADD,Wanfang,2026-09-01,6,https://d.wanfangdata.com.cn/thesis/D03027544,T2
WORK-FE810DB63455,Wanfang,2026-09-01,6,https://d.wanfangdata.com.cn/periodical/qk_ef8c88f5b8f64b9582948eec06a80ff5,T2
WORK-AC3D4A24C86D,Wanfang,2026-09-01,2,https://d.wanfangdata.com.cn/periodical/guig202311004,T2
WORK-0F9D17B54BE4,Wanfang,2026-09-01,2,https://d.wanfangdata.com.cn/periodical/qk_154eddb985e949598b62a917155232c5,T2
WORK-7CF4159B5229,Wanfang,2026-09-01,5,https://d.wanfangdata.com.cn/periodical/whrslyj202406005,T2
WORK-316427FADAC7,Wanfang,2026-09-01,1,https://d.wanfangdata.com.cn/periodical/xjz202504020,T2
WORK-38839E0251BC,Wanfang,2026-09-01,12,https://d.wanfangdata.com.cn/periodical/cbfxyj202003014,T2
WORK-F02760EB7CAF,Wanfang,2026-09-01,9,https://d.wanfangdata.com.cn/periodical/xdcb201907007,T2
WORK-6764B6A6D0F3,Wanfang,2026-09-01,38,https://d.wanfangdata.com.cn/periodical/tsqbzs202304003,T2
WORK-2CA25A65FA80,Wanfang,2026-09-01,1,https://d.wanfangdata.com.cn/thesis/D03650455,T2
WORK-D9CAED207271,Wanfang,2026-09-01,1,https://d.wanfangdata.com.cn/periodical/cysjy202302002,T2
WORK-F0A06E8DEC0E,Wanfang,2026-09-01,2,https://d.wanfangdata.com.cn/periodical/hntsgxk202410033,T2
WORK-A68E3F94955B,Wanfang,2026-09-01,0,https://d.wanfangdata.com.cn/periodical/qk3e_000033060717,T2
WORK-0BA8789A8D5F,Wanfang,2026-09-01,0,https://d.wanfangdata.com.cn/thesis/D03812674,T2
WORK-73467CBA3B83,Wanfang,2026-09-01,2,https://d.wanfangdata.com.cn/periodical/cbybq202401020,T2
WORK-302CED892F41,Wanfang,2026-09-01,0,https://d.wanfangdata.com.cn/periodical/gkjj202509040,T2
WORK-540523C1FD6D,Wanfang,2026-09-01,9,https://d.wanfangdata.com.cn/periodical/rkx202001011,T2
WORK-03FDBB0F0695,Wanfang,2026-09-01,15,https://d.wanfangdata.com.cn/periodical/cbgj202021019,T2
WORK-71093C1051AA,Wanfang,2026-09-01,6,https://d.wanfangdata.com.cn/periodical/znjzycsxx202302014,T2
WORK-3B7E50FD34CB,Wanfang,2026-09-01,14,https://d.wanfangdata.com.cn/periodical/qk_a52cf20ee16d4853b0ab7971436e351e,T2
WORK-DEB96C323DA0,Wanfang,2026-09-01,15,https://d.wanfangdata.com.cn/periodical/sxda202304010,T2
WORK-EFB863CE3CD5,Wanfang,2026-09-01,0,https://d.wanfangdata.com.cn/periodical/qk_0bffcce2439547bdb4f3dd48cc2f0d31,T2
WORK-A411D0E6BBD9,Wanfang,2026-09-01,4,https://d.wanfangdata.com.cn/thesis/Y4111790,T2
WORK-040459DBB53A,Wanfang,2026-09-01,0,https://d.wanfangdata.com.cn/periodical/zhuq202402004,T2
WORK-6D7611897E63,Wanfang,2026-09-01,1,https://d.wanfangdata.com.cn/periodical/xwyjdk202408013,T2
WORK-2E1B8B02744C,Wanfang,2026-09-01,0,https://d.wanfangdata.com.cn/periodical/tyjjglgbxyxb202506057,T2
WORK-583FD942C661,Wanfang,2026-09-01,4,https://d.wanfangdata.com.cn/periodical/guig202008047,T2
WORK-0F5C52AC24D7,Wanfang,2026-09-01,10,https://d.wanfangdata.com.cn/periodical/chuanm202019031,T2
WORK-8BE1BEF932B1,Wanfang,2026-09-01,7,https://d.wanfangdata.com.cn/periodical/jzywh202301041,T2
WORK-3BFF48366FB0,Wanfang,2026-09-01,0,https://d.wanfangdata.com.cn/periodical/ncsyjs202411023,T2
WORK-E38DCD0795ED,Wanfang,2026-09-01,27,https://d.wanfangdata.com.cn/thesis/Y4118290,T2
WORK-EB0E3A6A5DB4,Wanfang,2026-09-01,9,https://d.wanfangdata.com.cn/periodical/cbybq202401014,T2
WORK-9536507D6398,Wanfang,2026-09-01,2,https://d.wanfangdata.com.cn/periodical/qk_04897700fd5648118ce426b3a8586f9e,T2
WORK-EDC806526B90,Wanfang,2026-09-01,0,https://d.wanfangdata.com.cn/thesis/D03215550,T2
WORK-5CE54033EAE9,Wanfang,2026-09-01,0,https://d.wanfangdata.com.cn/periodical/qk_4d1799242dd14580a2c08ccbb47a1162,T2
WORK-2A3BC66FDDC3,Wanfang,2026-09-01,3,https://d.wanfangdata.com.cn/periodical/jcgjllysj202501012,T2
WORK-5FE045D8795B,Wanfang,2026-09-01,14,https://d.wanfangdata.com.cn/periodical/chuanm202006019,T2
WORK-25C7E13472D8,Wanfang,2026-09-01,16,https://d.wanfangdata.com.cn/periodical/chuanm202004038,T2
WORK-8EEE5B06BFBC,Wanfang,2026-09-01,10,https://d.wanfangdata.com.cn/periodical/tyykx202305004,T2
WORK-4C22E9313E05,Wanfang,2026-09-01,2,https://d.wanfangdata.com.cn/thesis/D03913247,T2
WORK-E6CA22B7298D,Wanfang,2026-09-01,42,https://d.wanfangdata.com.cn/periodical/qnjz202404011,T2
WORK-8F5F7B2D1626,Wanfang,2026-09-01,8,https://d.wanfangdata.com.cn/periodical/shkxyj202306005,T2
WORK-E5EF6A5711EB,Wanfang,2026-09-01,0,https://d.wanfangdata.com.cn/periodical/mysd-s202308021,T2
WORK-2298542882B6,Wanfang,2026-09-01,1,https://d.wanfangdata.com.cn/periodical/scsfdxxb-shkxb202502014,T2
WORK-6ACE123D0263,Wanfang,2026-09-01,4,https://d.wanfangdata.com.cn/periodical/csgc202005005,T2
WORK-29B68E3C4DF6,Wanfang,2026-09-01,10,https://d.wanfangdata.com.cn/periodical/xidcb202001015,T2
WORK-B96097177B16,Wanfang,2026-09-01,6,https://d.wanfangdata.com.cn/periodical/heihxyxb202304018,T2
WORK-E33990CE1EDF,Wanfang,2026-09-01,1,https://d.wanfangdata.com.cn/periodical/cbybq202412011,T2
WORK-7ABF1CF97BEA,Wanfang,2026-09-01,6,https://d.wanfangdata.com.cn/periodical/tsgyjygz202304003,T2
WORK-E0F958215E58,Wanfang,2026-09-01,0,https://d.wanfangdata.com.cn/periodical/pxyyj-hbjyxyxb202304013,T2
WORK-1BE58688D206,Wanfang,2026-09-01,0,https://d.wanfangdata.com.cn/periodical/mysd-s202540021,T2
WORK-719AB6EA4463,Wanfang,2026-09-01,23,https://d.wanfangdata.com.cn/periodical/hunandxxb-shkx202001022,T2
WORK-46B0D1D82977,Wanfang,2026-09-01,3,https://d.wanfangdata.com.cn/periodical/mysd-c202009051,T2
WORK-C9EB8B3FDA57,Wanfang,2026-09-01,9,https://d.wanfangdata.com.cn/periodical/zgqnyj202301007,T2
WORK-F3BBC72721E5,Wanfang,2026-09-01,0,https://d.wanfangdata.com.cn/thesis/Y4097311,T2
WORK-D927F3ED2F8E,Wanfang,2026-09-01,4,https://d.wanfangdata.com.cn/periodical/cbybq202410024,T2
WORK-53AD5C3C8428,Wanfang,2026-09-01,0,https://d.wanfangdata.com.cn/periodical/xysfxyxb-zxsh202302011,T2
WORK-E077BA361D87,Wanfang,2026-09-01,1,https://d.wanfangdata.com.cn/periodical/jzywh202307081,T2
WORK-1720CCC97DC3,Wanfang,2026-09-01,2,https://d.wanfangdata.com.cn/periodical/dqxxkx202507016,T2
WORK-9E7D5FB37B65,Wanfang,2026-09-01,8,https://d.wanfangdata.com.cn/periodical/xwyjdk202020039,T2
WORK-D3055AC96405,Wanfang,2026-09-01,1,https://d.wanfangdata.com.cn/periodical/mysd-s202332011,T2
WORK-0E4EEC91BEAF,Wanfang,2026-09-01,0,https://d.wanfangdata.com.cn/periodical/cshjsj202405027,T2
WORK-D3DE8F4EF20A,Wanfang,2026-09-01,1,https://d.wanfangdata.com.cn/thesis/D03524969,T2
WORK-5224A05A438F,Wanfang,2026-09-01,0,https://d.wanfangdata.com.cn/periodical/qk_ded5393b5f8a4f0aa244ba516869ac02,T2
WORK-DC6EC5A66887,Wanfang,2026-09-01,31,https://d.wanfangdata.com.cn/periodical/tsglt202310012,T2
WORK-1320FC444E93,Wanfang,2026-09-01,9,https://d.wanfangdata.com.cn/periodical/qk_43a6c346b93a4a86b079cc6edc96667d,T2
WORK-A68FF14D4700,Wanfang,2026-09-01,6,https://d.wanfangdata.com.cn/periodical/st202004118,T2
WORK-587D4C30BA40,Wanfang,2026-09-01,1,https://d.wanfangdata.com.cn/periodical/nmgmzdxxb-j202002006,T2
WORK-D325CDB1B6F4,Wanfang,2026-09-01,0,https://d.wanfangdata.com.cn/thesis/Y4158875,T2
WORK-11BE10768397,Wanfang,2026-09-01,18,https://d.wanfangdata.com.cn/periodical/lyxk202408012,T2
WORK-C1DD15CABC84,Wanfang,2026-09-01,1,https://d.wanfangdata.com.cn/periodical/flsfxyxb202403003,T2
WORK-4B6BAA3E2786,Wanfang,2026-09-01,5,https://d.wanfangdata.com.cn/periodical/zgcb202304008,T2
WORK-DB4BE4C8C2C8,Wanfang,2026-09-01,3,https://d.wanfangdata.com.cn/periodical/shangyyj202304013,T2
WORK-FF3C4151FCAC,Wanfang,2026-09-01,1,https://d.wanfangdata.com.cn/thesis/D03517888,T2
WORK-B27C3136A281,Wanfang,2026-09-01,5,https://d.wanfangdata.com.cn/periodical/xbgbds202007032,T2
WORK-5DEF2632F3CF,Wanfang,2026-09-01,4,https://d.wanfangdata.com.cn/periodical/dsyj202003027,T2
WORK-DA3FAECBDE63,Wanfang,2026-09-01,0,https://d.wanfangdata.com.cn/thesis/D03318856,T2
WORK-1781EF5D66E6,Wanfang,2026-09-01,0,https://d.wanfangdata.com.cn/thesis/D03877115,T2
WORK-BC8AA6AC295A,Wanfang,2026-09-01,3,https://d.wanfangdata.com.cn/periodical/dsyj202412022,T2
WORK-3A12CAFAC553,Wanfang,2026-09-01,8,https://d.wanfangdata.com.cn/periodical/qk_e292d02b7bf74bf5b888733de281303d,T2
WORK-FEA03887C359,Wanfang,2026-09-01,23,https://d.wanfangdata.com.cn/periodical/xidcb202404002,T2
WORK-B8C5FB6A6240,Wanfang,2026-09-01,17,https://d.wanfangdata.com.cn/periodical/qnjz202016026,T2
WORK-18B4AFA3FA48,Wanfang,2026-09-01,5,https://d.wanfangdata.com.cn/periodical/gyjz202407011,T2
WORK-B7313A63E2DB,Wanfang,2026-09-01,1,https://d.wanfangdata.com.cn/thesis/D03718031,T2
WORK-38C6574D0F9C,Wanfang,2026-09-01,7,https://d.wanfangdata.com.cn/periodical/xdcb202304003,T2
WORK-FA9C028C4653,Wanfang,2026-09-01,3,https://d.wanfangdata.com.cn/periodical/bjghjs202406024,T2
WORK-C2D18F16C995,Wanfang,2026-09-01,22,https://d.wanfangdata.com.cn/periodical/ddcb202004016,T2
WORK-775431E1FD95,Wanfang,2026-09-01,9,https://d.wanfangdata.com.cn/periodical/qnjz202026050,T2
WORK-1DBC501A5076,Wanfang,2026-09-01,12,https://d.wanfangdata.com.cn/periodical/qk_6db3a34ba3bf4aeea959940028ca23a1,T2
WORK-B1137BAC45FF,Wanfang,2026-09-01,0,https://d.wanfangdata.com.cn/periodical/mysd-s202404022,T2
WORK-2E5D08E60ED4,Wanfang,2026-09-01,15,https://d.wanfangdata.com.cn/periodical/cswt202304007,T2
WORK-DD53E098A631,Wanfang,2026-09-01,29,https://d.wanfangdata.com.cn/periodical/lyxk202401004,T2
WORK-DFD78AECEEFB,Wanfang,2026-09-01,4,https://d.wanfangdata.com.cn/periodical/dncb202010031,T2
WORK-992A0D2E9DF6,Wanfang,2026-09-01,0,https://d.wanfangdata.com.cn/periodical/7102153703,T2
WORK-1EB7F2EA58D6,Wanfang,2026-09-01,2,https://d.wanfangdata.com.cn/periodical/jzywh202402060,T2
WORK-AD8F55986231,Wanfang,2026-09-01,4,https://d.wanfangdata.com.cn/periodical/chuanm202401030,T2
WORK-2253D318C877,Wanfang,2026-09-01,1,https://d.wanfangdata.com.cn/periodical/xwyjdk202304049,T2
WORK-D76AF2AE841D,Wanfang,2026-09-01,8,https://d.wanfangdata.com.cn/periodical/ghs202410005,T2
WORK-EA2DC1085E59,Wanfang,2026-09-01,58,https://d.wanfangdata.com.cn/periodical/xdcb202009017,T2
WORK-BC618E542225,Wanfang,2026-09-01,0,https://d.wanfangdata.com.cn/thesis/D02566202,T2
WORK-3A4172C51A43,Wanfang,2026-09-01,10,https://d.wanfangdata.com.cn/periodical/nnsfdxxb-zs202401004,T2
WORK-9EA22CDE023B,Wanfang,2026-09-01,2,https://d.wanfangdata.com.cn/periodical/gxshkx202405015,T2
WORK-16AB36C5BBDA,Wanfang,2026-09-01,0,https://d.wanfangdata.com.cn/periodical/wwjdyjs202304003,T2
WORK-D73C9F83D89D,Wanfang,2026-09-01,0,https://d.wanfangdata.com.cn/thesis/D03674930,T2
WORK-0C848A9B2A4E,Wanfang,2026-09-01,2,https://d.wanfangdata.com.cn/periodical/zhonggjz202108005,T2
WORK-BFCDAD5D6F62,Wanfang,2026-09-01,32,https://d.wanfangdata.com.cn/periodical/fjlt-rwshkxb202010009,T2
WORK-51F911BE7E1B,Wanfang,2026-09-01,1,https://d.wanfangdata.com.cn/thesis/D03913237,T2
WORK-897084D87E94,Wanfang,2026-09-01,1,https://d.wanfangdata.com.cn/periodical/guig202422014,T2
WORK-C85EA9694F17,Wanfang,2026-09-01,5,https://d.wanfangdata.com.cn/thesis/D03631880,T2
WORK-0CD57EC66676,Wanfang,2026-09-01,25,https://d.wanfangdata.com.cn/periodical/qk_06120b407efd499e8f89d2dc8341ff8d,T2
WORK-D65B1F546EBD,Wanfang,2026-09-01,40,https://d.wanfangdata.com.cn/periodical/zhonggbj202004008,T2
WORK-5CD468A9753A,Wanfang,2026-09-01,3,https://d.wanfangdata.com.cn/periodical/zjgcxyxb202404006,T2
WORK-886BFE24E376,Wanfang,2026-09-01,1,https://d.wanfangdata.com.cn/periodical/qk_dbee5b1a1aae4bf592856ad00b5bc11a,T2
WORK-F3EAC39D23D6,Wanfang,2026-09-01,2,https://d.wanfangdata.com.cn/periodical/xwyjdk202220005,T2
WORK-B0E6034D8FC3,Wanfang,2026-09-01,1,https://d.wanfangdata.com.cn/periodical/jzyc202403011,T2
WORK-105B865A3A22,Wanfang,2026-09-01,12,https://d.wanfangdata.com.cn/periodical/zgxzgl202107013,T2
WORK-D6D072BB2379,Wanfang,2026-09-01,5,https://d.wanfangdata.com.cn/periodical/xdcb202010023,T2
WORK-6A6A381C3F42,Wanfang,2026-09-01,13,https://d.wanfangdata.com.cn/periodical/gxdxxb-zxsh202406016,T2
WORK-7F32DEC386B2,Wanfang,2026-09-01,0,https://d.wanfangdata.com.cn/periodical/yskj202410068,T2
WORK-E8D548AEFC33,Wanfang,2026-09-01,12,https://d.wanfangdata.com.cn/periodical/shkxzx202202023,T2
WORK-12055D48FE7D,Wanfang,2026-09-01,11,https://d.wanfangdata.com.cn/periodical/hbjjxyxb-rwshkxb202108025,T2
WORK-E065DEDBFD97,Wanfang,2026-09-01,9,https://d.wanfangdata.com.cn/periodical/xzglgg202005012,T2
WORK-717058029BA9,Wanfang,2026-09-01,0,https://d.wanfangdata.com.cn/thesis/D03978286,T2
WORK-78EF56BE1C52,Wanfang,2026-09-01,0,https://d.wanfangdata.com.cn/periodical/qk_d26ec48bb0de443daf98cbd6d65e4e40,T2
WORK-D39129AAACB2,Wanfang,2026-09-01,6,https://d.wanfangdata.com.cn/thesis/Y3969825,T2
WORK-A254924661C4,Wanfang,2026-09-01,6,https://d.wanfangdata.com.cn/periodical/zgstly202405007,T2
WORK-30CE2A5B45E2,Wanfang,2026-09-01,3,https://d.wanfangdata.com.cn/periodical/bjszfglgbxyxb202104017,T2
WORK-E1C612EFD4FD,Wanfang,2026-09-01,28,https://d.wanfangdata.com.cn/periodical/ddqnyj202003002,T2
WORK-7421B921400E,Wanfang,2026-09-01,2,https://d.wanfangdata.com.cn/periodical/xbly202419016,T2
WORK-8EBE0ECCCC39,Wanfang,2026-09-01,14,https://d.wanfangdata.com.cn/periodical/zhgmc202402005,T2
WORK-44DC457F6BB2,Wanfang,2026-09-01,3,https://d.wanfangdata.com.cn/periodical/st202104048,T2
WORK-EAC2CE4B9EB1,Wanfang,2026-09-01,27,https://d.wanfangdata.com.cn/periodical/tsglt202010019,T2
WORK-73DA695F8846,Wanfang,2026-09-01,6,https://d.wanfangdata.com.cn/periodical/nbzyjsxyxb202406009,T2
WORK-8E7854EFC17B,Wanfang,2026-09-01,8,https://d.wanfangdata.com.cn/periodical/sdjjmydxxb202205005,T2
WORK-898F766E0BCE,Wanfang,2026-09-01,0,https://d.wanfangdata.com.cn/thesis/D03522053,T2
WORK-45DCD5326B96,Wanfang,2026-09-01,4,https://d.wanfangdata.com.cn/periodical/guig202105037,T2
WORK-F0DD7100E9A6,Wanfang,2026-09-01,17,https://d.wanfangdata.com.cn/periodical/zhonggbj202007003,T2
WORK-7B2543A23BFC,Wanfang,2026-09-01,3,https://d.wanfangdata.com.cn/periodical/qk_5ad6477c0e244652b3a0a007f71d14e8,T2
WORK-6E70FFD4190E,Wanfang,2026-09-01,4,https://d.wanfangdata.com.cn/periodical/bfjm202412017,T2
WORK-86CD18EC9B5B,Wanfang,2026-09-01,19,https://d.wanfangdata.com.cn/periodical/zgcb202206003,T2
WORK-63E591E03149,Wanfang,2026-09-01,6,https://d.wanfangdata.com.cn/periodical/dncb202108006,T2
WORK-F756718892A5,Wanfang,2026-09-01,3,https://d.wanfangdata.com.cn/periodical/kjzx202025081,T2
WORK-6AC613CE82D2,Wanfang,2026-09-01,1,https://d.wanfangdata.com.cn/periodical/qk_1224eef190344b0ea0ed6bbf9719b1cc,T2
WORK-739AB65EA658,Wanfang,2026-09-01,9,https://d.wanfangdata.com.cn/periodical/zgcb202209014,T2
WORK-65FBD24CDEF6,Wanfang,2026-09-01,0,https://d.wanfangdata.com.cn/periodical/qk_d987430753d84c58a1bcc7a63282973a,T2
WORK-01820B4EBA88,Wanfang,2026-09-01,35,https://d.wanfangdata.com.cn/periodical/dylc202104015,T2
WORK-695402FDEC76,Wanfang,2026-09-01,0,https://d.wanfangdata.com.cn/thesis/D04088842,T2
WORK-72AB7AD4EF91,Wanfang,2026-09-01,0,https://d.wanfangdata.com.cn/periodical/jzywh202210034,T2
WORK-69A1B13F4DE1,Wanfang,2026-09-01,5,https://d.wanfangdata.com.cn/periodical/wwjdyjs202116043,T2
WORK-0615751051B6,Wanfang,2026-09-01,64,https://d.wanfangdata.com.cn/periodical/zgyl2021z1002,T2
WORK-6051851C908D,Wanfang,2026-09-01,1,https://d.wanfangdata.com.cn/periodical/st202404032,T2
WORK-66AE36577A15,Wanfang,2026-09-01,1,https://d.wanfangdata.com.cn/periodical/kjcb202206029,T2
WORK-6F62F73E4EAD,Wanfang,2026-09-01,138,https://d.wanfangdata.com.cn/periodical/xnmzxyxb-zxshkxb202102019,T2
WORK-0C2ECF92AEF8,Wanfang,2026-09-01,1,https://d.wanfangdata.com.cn/thesis/D02379200,T2
WORK-5917B2CFB518,Wanfang,2026-09-01,7,https://d.wanfangdata.com.cn/periodical/kjycb202405005,T2
WORK-6211F6AC26C2,Wanfang,2026-09-01,9,https://d.wanfangdata.com.cn/periodical/zhonggbj202207016,T2
WORK-7490B51B6620,Wanfang,2026-09-01,80,https://d.wanfangdata.com.cn/periodical/gjtsgxk202102010,T2
WORK-1A0B47A03CC1,Wanfang,2026-09-01,2,https://d.wanfangdata.com.cn/periodical/qnjz202118044,T2
WORK-5472F9EE0078,Wanfang,2026-09-01,5,https://d.wanfangdata.com.cn/periodical/dncb202408024,T2
WORK-600D8174427A,Wanfang,2026-09-01,11,https://d.wanfangdata.com.cn/periodical/xwahz202211020,T2
WORK-81662402E3A2,Wanfang,2026-09-01,4,https://d.wanfangdata.com.cn/periodical/guig202117028,T2
WORK-2E8258372204,Wanfang,2026-09-01,2,https://d.wanfangdata.com.cn/periodical/st202102073,T2
WORK-52812E75E6EC,Wanfang,2026-09-01,1,https://d.wanfangdata.com.cn/periodical/yuanlin202407008,T2
WORK-5FC78901209A,Wanfang,2026-09-01,1,https://d.wanfangdata.com.cn/periodical/kjcb202210018,T2
WORK-8B1096BA58E4,Wanfang,2026-09-01,2,https://d.wanfangdata.com.cn/periodical/kjcb202124046,T2
WORK-34F7C75EDA29,Wanfang,2026-09-01,4,https://d.wanfangdata.com.cn/periodical/cdxzxyxb202105015,T2
WORK-4AAE0C48E5A5,Wanfang,2026-09-01,2,https://d.wanfangdata.com.cn/periodical/qk_376dd54b385d4d319f2a32a52cb8781e,T2
WORK-59738DB6D0E7,Wanfang,2026-09-01,6,https://d.wanfangdata.com.cn/periodical/csjz202215010,T2
WORK-90229EB82A14,Wanfang,2026-09-01,3,https://d.wanfangdata.com.cn/periodical/jjyshfz202104009,T2
WORK-3938BD02D47A,Wanfang,2026-09-01,4,https://d.wanfangdata.com.cn/periodical/dncb202107026,T2
WORK-4941AE2FADD9,Wanfang,2026-09-01,0,https://d.wanfangdata.com.cn/periodical/yskj202407035,T2
WORK-518435C9B118,Wanfang,2026-09-01,22,https://d.wanfangdata.com.cn/periodical/zjda202207011,T2
WORK-96CE23D95463,Wanfang,2026-09-01,19,https://d.wanfangdata.com.cn/periodical/zhonggbj202105008,T2
WORK-3B122EA21EB1,Wanfang,2026-09-01,45,https://d.wanfangdata.com.cn/periodical/zhonggbj202110016,T2
WORK-424E35180620,Wanfang,2026-09-01,2,https://d.wanfangdata.com.cn/periodical/hnwlxyxb-shkx202405017,T2
WORK-3F384999DA2A,Wanfang,2026-09-01,3,https://d.wanfangdata.com.cn/periodical/st202208051,T2
WORK-A32BD5871E82,Wanfang,2026-09-01,5,https://d.wanfangdata.com.cn/periodical/yycb202104005,T2
WORK-3B4E5F17FE6B,Wanfang,2026-09-01,2,https://d.wanfangdata.com.cn/periodical/dncb202103013,T2
WORK-4110D94F664B,Wanfang,2026-09-01,2,https://d.wanfangdata.com.cn/periodical/assfgdzkxxxb202405007,T2
WORK-25E5DE5B7BC3,Wanfang,2026-09-01,2,https://d.wanfangdata.com.cn/periodical/st202209010,T2
WORK-AD5FDAECE683,Wanfang,2026-09-01,5,https://d.wanfangdata.com.cn/periodical/ddqnyj202102009,T2
WORK-3D5FE28BE41B,Wanfang,2026-09-01,1,https://d.wanfangdata.com.cn/periodical/qianx202109024,T2
WORK-35BE457CE831,Wanfang,2026-09-01,0,https://d.wanfangdata.com.cn/periodical/shej202424017,T2
WORK-23B3F1F1AFD6,Wanfang,2026-09-01,10,https://d.wanfangdata.com.cn/periodical/zywhyj202203008,T2
WORK-AF113A621C25,Wanfang,2026-09-01,26,https://d.wanfangdata.com.cn/periodical/zgcb202117014,T2
WORK-4E29401D2349,Wanfang,2026-09-01,27,https://d.wanfangdata.com.cn/periodical/xdcb202106021,T2
WORK-356A24EDF0EE,Wanfang,2026-09-01,1,https://d.wanfangdata.com.cn/periodical/cbybq202414022,T2
WORK-FEB100758DD1,Wanfang,2026-09-01,14,https://d.wanfangdata.com.cn/periodical/zyyrjhj202112009,T2
WORK-BB45733329C7,Wanfang,2026-09-01,3,https://d.wanfangdata.com.cn/periodical/xbgbds202102001,T2
WORK-67BCC9DEA321,Wanfang,2026-09-01,1,https://d.wanfangdata.com.cn/periodical/dncb202111044,T2
WORK-34977778C366,Wanfang,2026-09-01,0,https://d.wanfangdata.com.cn/periodical/st202404015,T2
WORK-FA74D81AB2BB,Wanfang,2026-09-01,14,https://d.wanfangdata.com.cn/thesis/Y3942058,T2
WORK-BFEAD7444C24,Wanfang,2026-09-01,1,https://d.wanfangdata.com.cn/periodical/guig202109008,T2
WORK-686DA817D933,Wanfang,2026-09-01,16,https://d.wanfangdata.com.cn/periodical/xidcb202103013,T2
WORK-345804EE495E,Wanfang,2026-09-01,0,https://d.wanfangdata.com.cn/periodical/qk_f5fbbd54272542a3ad53c1c60bd2e9d6,T2
WORK-E790241D7703,Wanfang,2026-09-01,10,https://d.wanfangdata.com.cn/periodical/tsgjs202102021,T2
WORK-D4519CDE34B5,Wanfang,2026-09-01,1,https://d.wanfangdata.com.cn/periodical/st202105078,T2
WORK-7F99E275659E,Wanfang,2026-09-01,18,https://d.wanfangdata.com.cn/periodical/zhonggbj202110009,T2
WORK-2467A6A9B63C,Wanfang,2026-09-01,2,https://d.wanfangdata.com.cn/periodical/gdhsxb-zrkxb202402009,T2
WORK-E44FB03D65D2,Wanfang,2026-09-01,20,https://d.wanfangdata.com.cn/periodical/zhonggbj202103017,T2
WORK-E6E3E09328E9,Wanfang,2026-09-01,12,https://d.wanfangdata.com.cn/periodical/zgcb202110007,T2
WORK-82DF045F71A5,Wanfang,2026-09-01,3,https://d.wanfangdata.com.cn/periodical/guig202124027,T2
WORK-215FF526647F,Wanfang,2026-09-01,0,https://d.wanfangdata.com.cn/periodical/qk_5e681194a5354e768b4d4d661f478740,T2
WORK-E2C3034DC0D5,Wanfang,2026-09-01,25,https://d.wanfangdata.com.cn/periodical/chuanm202114027,T2
WORK-E6F79B1B93D2,Wanfang,2026-09-01,5,https://d.wanfangdata.com.cn/periodical/gxtsggz202103019,T2
WORK-8486D0731A0D,Wanfang,2026-09-01,12,https://d.wanfangdata.com.cn/periodical/ddcb202105022,T2
WORK-0D1F810A9691,Wanfang,2026-09-01,28,https://d.wanfangdata.com.cn/periodical/shjtdxxb-zxshkxb202410001,T2
WORK-C5DB1DDF20DE,Wanfang,2026-09-01,18,https://d.wanfangdata.com.cn/periodical/lvykx202101003,T2
WORK-F59EEE43B144,Wanfang,2026-09-01,76,https://d.wanfangdata.com.cn/periodical/jhlt202104018,T2
WORK-92460FFEFD83,Wanfang,2026-09-01,1,https://d.wanfangdata.com.cn/periodical/yskj202107089,T2
WORK-00DA4BDBC233,Wanfang,2026-09-01,0,https://d.wanfangdata.com.cn/periodical/hdzddxxb202403009,T2
WORK-C2D80CFBB686,Wanfang,2026-09-01,7,https://d.wanfangdata.com.cn/periodical/jjwtts202107013,T2
WORK-0163F1D6A87B,Wanfang,2026-09-01,2,https://d.wanfangdata.com.cn/periodical/zggb202202008,T2
WORK-AE606FA9C4B0,Wanfang,2026-09-01,1,https://d.wanfangdata.com.cn/periodical/xiandaijj202120073,T2
WORK-FFF7F09A239D,Wanfang,2026-09-01,13,https://d.wanfangdata.com.cn/periodical/rmlt202317007,T2
WORK-B8320EEE0B83,Wanfang,2026-09-01,28,https://d.wanfangdata.com.cn/periodical/cjkx202111007,T2
WORK-0B93577D2465,Wanfang,2026-09-01,2,https://d.wanfangdata.com.cn/periodical/guig202217016,T2
WORK-AEC5A6344B37,Wanfang,2026-09-01,21,https://d.wanfangdata.com.cn/periodical/sdsdxb-rwshkxb202101010,T2
WORK-FB20F28CF70C,Wanfang,2026-09-01,63,https://d.wanfangdata.com.cn/periodical/qbkx202307006,T2
WORK-E41BC578247C,Wanfang,2026-09-01,0,https://d.wanfangdata.com.cn/periodical/ysysj202304013,T2
WORK-178DDA53CD69,Wanfang,2026-09-01,37,https://d.wanfangdata.com.cn/periodical/fjlt-rwshkxb202212006,T2
WORK-E1F2BC0C0D59,Wanfang,2026-09-01,4,https://d.wanfangdata.com.cn/periodical/xbgbds202312013,T2
WORK-1F1E4BB93132,Wanfang,2026-09-01,114,https://d.wanfangdata.com.cn/periodical/llyk202210011,T2
WORK-DE60B9D532CC,Wanfang,2026-09-01,4,https://d.wanfangdata.com.cn/periodical/qyjj202302012,T2
WORK-212AC90DC520,Wanfang,2026-09-01,1,https://d.wanfangdata.com.cn/periodical/qk_06a587799ceb4280903e3dbefc19dc96,T2
WORK-D4F181C132B5,Wanfang,2026-09-01,10,https://d.wanfangdata.com.cn/periodical/njshkx202305012,T2
WORK-21B910A618AC,Wanfang,2026-09-01,56,https://d.wanfangdata.com.cn/periodical/bjhkhtdxxb-shkxb202204011,T2
WORK-CFBBA18B74A9,Wanfang,2026-09-01,2,https://d.wanfangdata.com.cn/periodical/xbgbds202315011,T2
WORK-265A111FC658,Wanfang,2026-09-01,3,https://d.wanfangdata.com.cn/periodical/qmtts202209034,T2
WORK-C5C0B872EBE6,Wanfang,2026-09-01,6,https://d.wanfangdata.com.cn/periodical/ddcb202306008,T2
WORK-2DFD49AA9EB4,Wanfang,2026-09-01,4,https://d.wanfangdata.com.cn/periodical/qqhrdxxb-zxshkxb202208031,T2
WORK-BE474230E812,Wanfang,2026-09-01,10,https://d.wanfangdata.com.cn/periodical/qk_caac09a0c69c45e697e418324c370d65,T2
WORK-399720E466A1,Wanfang,2026-09-01,21,https://d.wanfangdata.com.cn/periodical/znmzdxxb-rwshkxb202207010,T2
WORK-9D30D87DFECC,Wanfang,2026-09-01,7,https://d.wanfangdata.com.cn/periodical/xfxyxb202305004,T2
WORK-478FA19EB352,Wanfang,2026-09-01,8,https://d.wanfangdata.com.cn/periodical/dncb202203004,T2
WORK-9703B51C1D7C,Wanfang,2026-09-01,2,https://d.wanfangdata.com.cn/periodical/ghlc202302015,T2
WORK-4B63FA395105,Wanfang,2026-09-01,1,https://d.wanfangdata.com.cn/periodical/kjcb202208016,T2
WORK-93097827ED34,Wanfang,2026-09-01,1,https://d.wanfangdata.com.cn/periodical/qk_f214614275cc42a0aa4965e751617743,T2
WORK-4FC60692C1D4,Wanfang,2026-09-01,68,https://d.wanfangdata.com.cn/periodical/lvykx202203001,T2
WORK-9022A8628121,Wanfang,2026-09-01,0,https://d.wanfangdata.com.cn/thesis/D03634402,T2
WORK-62B5A5F7C0D0,Wanfang,2026-09-01,1,https://d.wanfangdata.com.cn/periodical/xjck202207012,T2
WORK-8405BEFC426A,Wanfang,2026-09-01,7,https://d.wanfangdata.com.cn/periodical/crjy202306006,T2
WORK-67607F5A6028,Wanfang,2026-09-01,7,https://d.wanfangdata.com.cn/periodical/xwahz202208031,T2
WORK-83325ED70ECB,Wanfang,2026-09-01,20,https://d.wanfangdata.com.cn/periodical/qk_e1523f978eaa42df9043c1544c631eb9,T2
WORK-819293006591,Wanfang,2026-09-01,1,https://d.wanfangdata.com.cn/periodical/kjcb202307027,T2
WORK-79B028C22587,Wanfang,2026-09-01,1,https://d.wanfangdata.com.cn/periodical/guig202211007,T2
WORK-7A05548FC4C8,Wanfang,2026-09-01,0,https://d.wanfangdata.com.cn/periodical/mysd-s202323035,T2
WORK-8D4186237CEC,Wanfang,2026-09-01,0,https://d.wanfangdata.com.cn/periodical/yskj202213023,T2
WORK-78DE45F4C794,Wanfang,2026-09-01,0,https://d.wanfangdata.com.cn/periodical/qk_80ea40547a104bbea889442183d52afc,T2
WORK-9123A32CC165,Wanfang,2026-09-01,4,https://d.wanfangdata.com.cn/periodical/bianjzy202205006,T2
WORK-6B7B2A2C58FF,Wanfang,2026-09-01,1,https://d.wanfangdata.com.cn/periodical/qk_8af7d3f1f60949b1894049f1c7d17048,T2
WORK-91FAA082CF9D,Wanfang,2026-09-01,13,https://d.wanfangdata.com.cn/periodical/cbgj202211016,T2
WORK-5E9E3E831848,Wanfang,2026-09-01,1,https://d.wanfangdata.com.cn/periodical/hzsfdxxb-rwsh202301010,T2
WORK-BE00D9FF6948,Wanfang,2026-09-01,1,https://d.wanfangdata.com.cn/thesis/D02641922,T2
WORK-5D06AA7CC14F,Wanfang,2026-09-01,0,https://d.wanfangdata.com.cn/periodical/yskj202303050,T2
WORK-FFCD9E0D70EB,Wanfang,2026-09-01,5,https://d.wanfangdata.com.cn/periodical/xbgbds202215044,T2
WORK-49DFC43881B8,Wanfang,2026-09-01,2,https://d.wanfangdata.com.cn/periodical/qmtts202301015,T2
WORK-02C928FFDCFF,Wanfang,2026-09-01,7,https://d.wanfangdata.com.cn/periodical/scprgdzkxxxb202306007,T2
WORK-4945591E4972,Wanfang,2026-09-01,27,https://d.wanfangdata.com.cn/periodical/tsgxyj202311003,T2
WORK-13BB38A89BCD,Wanfang,2026-09-01,15,https://d.wanfangdata.com.cn/periodical/kjcb202320023,T2
WORK-4317B4C386FA,Wanfang,2026-09-01,21,https://d.wanfangdata.com.cn/periodical/whysyj202305010,T2
WORK-2B577641B314,Wanfang,2026-09-01,20,https://d.wanfangdata.com.cn/periodical/st202302032,T2
WORK-4291E88C24E8,Wanfang,2026-09-01,1,https://d.wanfangdata.com.cn/periodical/dncb202312038,T2
WORK-2CDAD500890E,Wanfang,2026-09-01,4,https://d.wanfangdata.com.cn/periodical/jcgjllysj202302014,T2
WORK-3E57C18DA6F4,Wanfang,2026-09-01,2,https://d.wanfangdata.com.cn/periodical/qk_9f2db6a7b7c246e3b5f4ab0d1d69c968,T2
WORK-2F797A929E96,Wanfang,2026-09-01,3,https://d.wanfangdata.com.cn/periodical/dywx202310011,T2
WORK-321B85249DDF,Wanfang,2026-09-01,4,https://d.wanfangdata.com.cn/periodical/xbgbds202306040,T2
WORK-2FEF13E3C8EE,Wanfang,2026-09-01,2,https://d.wanfangdata.com.cn/periodical/gzdxxb-ysb202302005,T2
WORK-314B670A4F32,Wanfang,2026-09-01,7,https://d.wanfangdata.com.cn/periodical/qk_46886f1c71f94119949624ae0cb299b4,T2
WORK-086D6264647C,Wanfang,2026-09-08,53,https://d.wanfangdata.com.cn/periodical/sddxxb-shkx202204004,T2
WORK-088D81711937,Google Scholar,2026-09-08,18,"https://scholar.google.com/scholar?cites=1090917374828977596&as_sdt=2005&sciodt=0,5&hl=en",T2
WORK-CBCE82BF26D4,Google Scholar,2026-09-08,4,"https://scholar.google.com/scholar?cites=5814520206130406562&as_sdt=2005&sciodt=0,5&hl=en",T2
WORK-11C4AAF2C2BE,Google Scholar,2026-09-08,3,"https://scholar.google.com/scholar?cites=645649596136574539&as_sdt=2005&sciodt=0,5&hl=en",T2
WORK-5FB58454D8FB,Google Scholar,2026-09-08,18,"https://scholar.google.com/scholar?cites=5250036735860503781&as_sdt=2005&sciodt=0,5&hl=en",T2
WORK-71B4564696D6,Google Scholar,2026-09-08,5,"https://scholar.google.com/scholar?cites=3206338780469210932&as_sdt=2005&sciodt=0,5&hl=en",T2
WORK-A68E3F94955B,Google Scholar,2026-09-08,17,"https://scholar.google.com/scholar?cites=1537389350757069718&as_sdt=2005&sciodt=0,5&hl=en",T2
WORK-088D81711937,OpenAlex,2026-09-08,10,https://api.openalex.org/works/https://doi.org/10.3390%2Fsu13095260,T2
WORK-088D81711937,Crossref,2026-09-08,9,https://api.crossref.org/works/10.3390%2Fsu13095260,T2
WORK-A68E3F94955B,OpenAlex,2026-09-08,10,https://api.openalex.org/works/https://doi.org/10.3390%2Fapp13010082,T2
WORK-A68E3F94955B,Crossref,2026-09-08,9,https://api.crossref.org/works/10.3390%2Fapp13010082,T2
WORK-BE474230E812,Google Scholar,2026-09-02,0,https://scholar.google.com/scholar?q=%22%E5%9C%BA%E6%99%AF%E7%90%86%E8%AE%BA%E4%B8%8B%E8%99%9A%E6%8B%9F%E6%96%87%E5%8C%96%E7%A9%BA%E9%97%B4%E6%B6%88%E8%B4%B9%E5%90%B8%E9%99%84%E5%8A%9B%E7%A0%94%E7%A9%B6%22,T2
