citing_source_id,title,authors,year,venue,doi,document_type,language,harmonized_field,field_confidence
CITING-WORK-F949B227A402,"The Construction of Cultural Scenes of Madi Village, Ruijin, China",Keeratiporn Jutaviriya,2024,"Journal of Social Sciences, Chiang Mai University",,journal article,en,RURAL_AGRI,T2
CITING-WORK-3F36F0B93CFC,H5传媒产品场景构建对受众认知和行为的影响研究,黄宁,2021,辽宁师范大学,,master thesis,zh,CULT_MEDIA,T2
CITING-WORK-B2EC2AFB6CA8,场景理论视域下天津市民公共文化参与问题研究,彭怀雪,2021,天津商业大学,,thesis,zh,SOC_POLICY,T2
CITING-WORK-418164555570,城市居民绿色购买行为驱动机理与扩散仿真研究,杨贤传,2021,中国矿业大学,,doctoral thesis,zh,ECON_BUS_CONS,T2
CITING-WORK-E4415C59AE7A,人工智能时代文化消费场景研究,穆琦琦,2022,山东师范大学,,thesis,zh,CULT_MEDIA,T2
CITING-WORK-A78EFA1084F7,文旅融合背景下的历史街区IP设计研究,吴程程,2022,中国美术学院,,master thesis,zh,ARCH_DES_HER,T2
CITING-WORK-D14562D3B067,城市社区公园与生活性服务业的互动关系研究——以成都市中心城区为例,全恒,2022,西南交通大学,,master thesis,zh,URBAN_PLAN_GEO,T2
CITING-WORK-F5E25612DFE4,舒适性视角下杭州市创意空间分布格局及影响因素研究,郭豆豆,2022,浙江工业大学,,master thesis,zh,URBAN_PLAN_GEO,T2
CITING-WORK-0E7794B90973,成都填银漆器的传承与创新设计研究,耿艺恩,2022,四川农业大学,,master thesis,zh,ARCH_DES_HER,T2
CITING-WORK-21D9A616B956,成都市金牛区公园城市C片区治理问题与对策研究,成明穗,2022,四川大学,,master thesis,zh,SOC_POLICY,T2
CITING-WORK-1BC520F6B757,基于场景理论的社区农贸市场公共环境设计研究,余慧怡,2022,东南大学,,thesis,zh,ARCH_DES_HER,T2
CITING-WORK-2724D0AD8CB2,国际社交平台上海消费城市的空间生产与形象建构研究,林程程,2023,上海师范大学,,master thesis,zh,CULT_MEDIA,T2
CITING-WORK-0A611C916180,场景理论视角下古镇旅游语言景观研究--以上海朱家角古镇为例,刘慧,2023,上海师范大学,,thesis,zh,TOUR_HOSP,T2
CITING-WORK-651A97C79CC9,场景理论视域下商业综合体导视系统设计研究,廖峰,2023,江西财经大学,,thesis,zh,ARCH_DES_HER,T2
CITING-WORK-F7F7A61D7AA4,亚文化视角下“土味文化”消费研究,孙梦,2023,闽南师范大学,,master thesis,zh,CULT_MEDIA,T2
CITING-WORK-75EBFC847A3A,“公园城市”背景下城市滨水绿道规划策略研究--以成都市芦溪河绿道为例,胡诗雨,2023,重庆大学,,master thesis,zh,ARCH_DES_HER,T2
CITING-WORK-61601CF72603,公园城市化：城市更新的一种空间再生产规划路径--以绵阳市绵兴路城市更新规划为例,胡艳妮,2023,重庆大学,,master thesis,zh,URBAN_PLAN_GEO,T2
CITING-WORK-046E4869F948,山地城镇开发边界内碎片化农林用地保护与利用研究,万金霞,2023,重庆大学,,master thesis,zh,URBAN_PLAN_GEO,T2
CITING-WORK-B528540C1C73,夜间文旅消费场景对游客价值共创意愿的影响研究,贺阳,2023,武汉轻工大学,,master thesis,zh,SOC_POLICY,T2
CITING-WORK-D9F2F145177C,消费场景视角下特色小镇公共空间优化设计研究--以杭州市龙坞茶镇为例,刘嘉崟,2023,浙江工业大学,,thesis,zh,ARCH_DES_HER,T2
CITING-WORK-35CDE3C8DE34,撸猫馆的情感体验研究--基于杭州地区的调研,吴泸妫,2023,浙江工业大学,,master thesis,zh,CULT_MEDIA,T2
CITING-WORK-929E26276F8D,空间生产：一个工业遗产的保护与开发研究--以C市拖拉机厂文创园为例,姜植峻,2024,吉林大学,,master thesis,zh,SOC_POLICY,T2
CITING-WORK-57451CB2BBD3,成都市公园城市建设水平评价及提升策略研究,陆茜雯,2024,重庆工商大学,,master thesis,zh,SOC_POLICY,T2
CITING-WORK-4A3C9C0F9256,沉浸式演艺空间感知研究——以《只有河南·戏剧幻城》为例,欧阳钰琳,2024,武汉大学,,master thesis,zh,CULT_MEDIA,T2
CITING-WORK-0D8BE22BC4F5,基于场景理论的数字媒体立面设计研究,乐艺,2023,华中科技大学,,thesis,zh,ARCH_DES_HER,T2
CITING-WORK-B98A7ECCF00B,武汉城市街区对城市形象的建构研究,胡一民,2024,湖北大学,,master thesis,zh,CULT_MEDIA,T2
CITING-WORK-105D1BEA03DF,从四维空间看武汉城市慢生活形象建构策略研究,汤若瑶,2024,湖北大学,,master thesis,zh,CULT_MEDIA,T2
CITING-WORK-4E4EE1DEAB00,成都望平街日常生活空间旅游化研究,杨文燕,2024,重庆师范大学,,master thesis,zh,TOUR_HOSP,T2
CITING-WORK-67B1EA4D57CE,公园城市背景下成都市中心城区生活型特色街区优化设计研究,祝博文,2023,西南交通大学,,master thesis,zh,ARCH_DES_HER,T2
CITING-WORK-EB88A97A5E42,场景营造视角下成都旧城街道品质评价与更新策略研究,谢龙杰,2023,西南交通大学,,thesis,zh,URBAN_PLAN_GEO,T2
CITING-WORK-6DA073E7FA12,基于场景理论的城市公共文化空间构建研究——以北海老街为例,杨潇,2024,广西民族大学,,thesis,zh,SOC_POLICY,T2
CITING-WORK-1C51634BCDB7,品牌元宇宙的场景营销特征对消费者品牌参与的影响研究,雷佳运,2024,华南理工大学,,master thesis,zh,CULT_MEDIA,T2
CITING-WORK-221A356A45E0,场景理论视域下的历史街区公共空间更新优化——基于杭州的研究,郎圣伟,2024,浙江工业大学,,thesis,zh,ARCH_DES_HER,T2
CITING-WORK-B6FBD9B5D0D3,场景化思维下城市历史文化街区场域活化设计研究——以马道街视觉设计为例,金仁杰,2024,南京林业大学,,master thesis,zh,ARCH_DES_HER,T2
CITING-WORK-FF8F0961577C,基于场景理论的城市社区第三空间解析与营造--以重庆市沙坪坝区中渡口社区为例,夏梦,2024,重庆大学,,thesis,zh,URBAN_PLAN_GEO,T2
CITING-WORK-2808578ADADF,山地城中村小规模农林空间复合利用研究--以重庆市永川区双龙村为例,马悦,2024,重庆大学,,master thesis,zh,URBAN_PLAN_GEO,T2
CITING-WORK-DB0CCF34B74C,场景理论视角下历史文化街区保护策略--以磁器口历史文化街区为例,安兆璇,2024,重庆大学,,thesis,zh,URBAN_PLAN_GEO,T2
CITING-WORK-CE41774C649E,基于场景营造的广州珠江（白鹅潭段）滨水旧工业区更新研究,樊漫丽,2024,华南理工大学,,thesis,zh,ARCH_DES_HER,T2
CITING-WORK-EFB9022ACBE3,旅游休闲街区文旅场景评价研究--以上海为例,朱文娟,2025,上海师范大学,,thesis,zh,TOUR_HOSP,T2
CITING-WORK-1F4125E31F4B,基于网络语义分析的市场场景空间更新评价方法研究——以山东省济南市579百工集市场为例,马铭岐,2025,山东建筑大学,,master thesis,zh,ARCH_DES_HER,T2
CITING-WORK-96683C258A10,纺织类工业遗产空间场景感知及营造策略研究——以济南国棉一厂为例,马一诺,2025,山东建筑大学,,thesis,zh,ARCH_DES_HER,T2
CITING-WORK-F88C5D80CC52,基于场景营造的社区综合体优化设计策略研究--以成都市中心城区为例,王巍,2024,西南交通大学,,master thesis,zh,ARCH_DES_HER,T2
CITING-WORK-50E3DD3B9A32,基于场景理论的社区书店设计策略研究--以成都中心城区为例,贾根超,2024,西南交通大学,,thesis,zh,ARCH_DES_HER,T2
CITING-WORK-40D9E88567E6,四川涉藏地区草根网红的传播实践对当地社区发展的影响研究,王甜,2025,电子科技大学,,master thesis,zh,CULT_MEDIA,T2
CITING-WORK-7D3823FC8671,基于场景理论的贵州旅游休闲街区夜间消费体验提升研究--以花溪十字街为例,黄雅婧,2025,贵州师范大学,,thesis,zh,TOUR_HOSP,T2
CITING-WORK-9D4535A1BC6C,夜间旅游新消费场景对游客行为意向的影响研究--以周村古商城为例,韩宜晓,2025,辽宁师范大学,,master thesis,zh,TOUR_HOSP,T2
CITING-WORK-EA800A368D79,长江国家文化公园三峡库区段文化空间场景建构及其生产机理研究,张哲林,2025,重庆师范大学,,thesis,zh,URBAN_PLAN_GEO,T2
CITING-WORK-330FBFEF1405,数字赋能体育消费场景创新发展研究,郭若凝,2025,苏州大学,,thesis,zh,SPORT_LEISURE,T2
CITING-WORK-BD522196DB89,场景理论视域下自媒体对城市形象的建构与传播--以小红书“苏州”图文笔记为例,马博雨,2025,苏州大学,,thesis,zh,CULT_MEDIA,T2
CITING-WORK-69B68F355374,场景理论视角下商代遗址文化街区景观设计策略研究,刘沛,2025,南昌大学,,thesis,zh,ARCH_DES_HER,T2
CITING-WORK-A095442CBFBC,直播带货的情感消费研究,张毅梦,2021,郑州大学,,master thesis,zh,CULT_MEDIA,T2
CITING-WORK-FEE6950B4FE7,场景理论视角下的东营城市形象塑造研究,王洋,2022,山东大学,,thesis,zh,CULT_MEDIA,T2
CITING-WORK-B376BF32386F,基于消费者体验的文旅商业模式创新研究--以R文旅集团为例,李博超,2022,对外经济贸易大学,,master thesis,zh,ECON_BUS_CONS,T2
CITING-WORK-B370197C667A,红色旅游文创产品感知价值对重购意愿的影响研究,齐亚宁,2022,首都经济贸易大学,,master thesis,zh,ECON_BUS_CONS,T2
CITING-WORK-DD38658C4A01,场景理论视阈下济南历史文化街区保护性更新策略研究,周雪丰,2023,山东建筑大学,,thesis,zh,ARCH_DES_HER,T2
CITING-WORK-7E8D26ADE73E,场景理论视域下城市阅读空间优化策略研究--基于无锡市民公共文化参与的影响因素调查,邵祯,2023,曲阜师范大学,,thesis,zh,CULT_MEDIA,T2
CITING-WORK-72A0617FD51D,上海都市圈文旅消费集聚区的空间识别、网络联系与模式类型,李紫苏,2024,南京师范大学,,master thesis,zh,URBAN_PLAN_GEO,T2
CITING-WORK-CA4DC6FBB864,乡村振兴下搬迁社区民族文化资源转化研究——以贵州省三都自治县雪花湖社区为例,王泽芝;李然,2023,安顺学院学报,10.3969/j.issn.1673-9507.2023.01.007,journal article,zh,INTERDISC_OTHER,T3
CITING-WORK-813961513B7F,新发展格局下成渝消费副中心建设路径研究,李攀;范亚琴,2024,北方经贸,,journal article,zh,ECON_BUS_CONS,T3
CITING-WORK-C4AAFF1D4E1B,深圳城市书展的场景构型与文化效用研究,张晗;龙浩,2024,出版广角,10.16491/j.cnki.cn45-1216/g2.2024.21.002,journal article,zh,CULT_MEDIA,T2
CITING-WORK-B36FE24AD321,成都非物质文化遗产与旅游深度融合发展研究,阳宁东;杨燕,2023,成都行政学院学报,10.3969/j.issn.1008-5947.2023.06.010,journal article,zh,SOC_POLICY,T3
CITING-WORK-A14A2D5BAB23,营造户外消费新场景的经验与深化发展研究——以成都为例,张小溪,2022,城市,10.3969/j.issn.1005-278X.2022.10.007,journal article,zh,URBAN_PLAN_GEO,T3
CITING-WORK-1095867CA41C,Scene and Field: Impact of Street Environment on the Distribution of New Retail Experience Consumption Space,Zhang Yuzheng;Lu Yan;Chen Xiaojian,2026,China City Planning Review,10.20113/j.ccpr.20260103a,journal article,en,URBAN_PLAN_GEO,T2
CITING-WORK-ABD26C174AA9,城市旧城传统商贸区改造更新研究 ——以成都市金牛区荷花池商贸区为例,范黎黎;谢龙杰,2021,城市建筑,10.19892/j.cnki.csjz.2021.17.08,journal article,zh,ARCH_DES_HER,T3
CITING-WORK-75B0DF4E7D7A,中国国际消费中心城市综合等级与网络联系研究,梅琳;蔡丽燕;张旭,2025,城市问题,10.13239/j.bjsshkxy.cswt.250404,journal article,zh,URBAN_PLAN_GEO,T2
CITING-WORK-D2D56D69A304,营造科技新城的大学化中心区——探索一种创新街区的地域性空间模式及其设计方法,杨超,2023,城乡规划,10.12049/j.urp.202303006,journal article,zh,URBAN_PLAN_GEO,T3
CITING-WORK-33E022BB51C8,基于场景理论的大城市旧城街道品质评价与提升研究——以成都市旧城典型街道为例,蒋蓉;王柳阳;谢龙杰,2024,城乡规划,10.12049/j.urp.202404010,journal article,zh,URBAN_PLAN_GEO,T2
CITING-WORK-10D31B36BFA6,消费新场景扩大内需的理论逻辑、现实制约与实践路径,田野;吴晓霞,2026,东北财经大学学报,10.19653/j.cnki.dbcjdxxb.2026.02.006,journal article,zh,ECON_BUS_CONS,T2
CITING-WORK-CE509028D674,"农村人口""家业一体""式流动对家庭消费的影响研究",陈中伟;朱镜涵,2026,当代经济,10.26932/j.cnki.ddjjzz.2026.03.008,journal article,zh,ECON_BUS_CONS,T3
CITING-WORK-0CF3E5399463,实体-信息与场景-符号视角下的奶茶消费空间分布特征及影响因素,张宇峥;鲁岩;陈晓键,2023,地球信息科学学报,10.12082/dqxxkx.2023.220804,journal article,zh,URBAN_PLAN_GEO,T2
CITING-WORK-9CC406CCBC4E,场景理论下虚拟文化空间消费吸附力研究——基于15个手机APP的实证分析,陈波;王楚乔,2023,福建论坛（人文社会科学版）,,journal article,zh,INTERDISC_OTHER,T3
CITING-WORK-EB05036DB6D6,深圳公园服务管理协同提升策略,张一康;叶怀泽;李妍汀;等,2025,风景园林,10.3724/j.fjyl.LA20250054,journal article,zh,ARCH_DES_HER,T3
CITING-WORK-BF34A6102186,浙江未来社区场景化更新策略及实践,卢锐;赵栋;黄琴诗,2022,规划师,10.3969/j.issn.1006-0022.2022.11.009,journal article,zh,URBAN_PLAN_GEO,T3
CITING-WORK-C1A5DFA74316,加快培育新型消费塑造消费发展新动能,孙立行,2025,广西财经学院学报,10.3969/j.issn.1673-5609.2025.03.001,journal article,zh,ECON_BUS_CONS,T2
CITING-WORK-3289A75FBDC6,夜间场景的感官体验对旅游消费行为的影响机制研究,刘民坤;梁连健,2024,广西大学学报（哲学社会科学版）,10.3969/j.issn.1001-8182.2024.06.016,journal article,zh,INTERDISC_OTHER,T3
CITING-WORK-53C0A718E9A1,场景理论视角下冰雪消费潜力释放的内在逻辑与实现进路,沈克印;刘雅文,2026,哈尔滨体育学院学报,10.3969/j.issn.1008-2808.2026.01.003,journal article,zh,SPORT_LEISURE,T2
CITING-WORK-B90A51687A63,场景视域下文化旅游社区模式构建 ——以阿那亚文旅社区为例,陈舒萍,2021,中南林业科技大学学报（社会科学版）,10.14067/j.cnki.1673-9272.2021.03.015,journal article,zh,INTERDISC_OTHER,T3
CITING-WORK-1CDC5C8BFD94,沿江城市在长江文化传承创新中的时代价值——以武昌古城为例,傅才武,2023,决策与信息,10.3969/j.issn.1002-8129.2023.12.001,journal article,zh,SOC_POLICY,T3
CITING-WORK-DD78FB955B78,长江国家文化公园场景感知研究,陈波;庞亚婷,2023,江汉论坛,10.3969/j.issn.1003-854X.2023.04.018,journal article,zh,CULT_MEDIA,T2
CITING-WORK-B9CDFF5C6F0D,基于场景理论的生活型街道绩效评价方法——以无锡市梁溪区石门路为例,温全平;黄依诺,2025,现代园艺,10.3969/j.issn.1006-4958.2025.23.018,journal article,zh,ARCH_DES_HER,T3
CITING-WORK-5BEB80C5A580,上海拓展科技创新型消费空间的路径与举措,周琦;沈开艳,2023,科学发展,10.3969/j.issn.1674-6171.2023.09.004,journal article,zh,ECON_BUS_CONS,T3
CITING-WORK-9FB1378604E8,场景理论下非遗技艺活态传承机制与路径研究——以英山缠花为例,郭璟雯;陆明明,2026,理论观察,10.3969/j.issn.1009-2234.2026.03.016,journal article,zh,INTERDISC_OTHER,T3
CITING-WORK-BDE980B979D9,社交型消费:青年城市节日消费的实践反思,李振鹏;吴元浩,2026,理论建设,10.19810/j.issn.1007-4767.2026.02.011,journal article,zh,INTERDISC_OTHER,T3
CITING-WORK-682072941DC3,供需双侧互动下体育消费升级的价值意蕴、问题审视与纾解路径,焦守锴;马超;邓依然,2024,辽宁体育科技,10.3969/j.issn.1007-6204.2024.01.009,journal article,zh,SPORT_LEISURE,T3
CITING-WORK-DB7689807E67,数字化视角下智慧旅游景区发展路径研究 ——以成都宽窄巷子为例,张从澜;练红宇;徐婷,2023,漫旅,,journal article,zh,TOUR_HOSP,T3
CITING-WORK-42BEA044EEFA,旅游休闲街区消费场景的模式类型与文旅融合策略,陈波;涂晓晗,2023,南京社会科学,10.15937/j.cnki.issn1001-8263.2023.08.014,journal article,zh,INTERDISC_OTHER,T3
CITING-WORK-63DB5107AEDB,新质生产力赋能打造体育消费新场景的理据考察与实现策略——基于供需协同的分析框架,赵胜国,2024,体育学研究,10.15877/j.cnki.nsic.20241211.001,journal article,zh,SPORT_LEISURE,T2
CITING-WORK-F0D09D707362,"景观社会视角下""网红村""的符号构建路径研究——以桂东南""网红村""福绵十丈村为例",黄露;黄凯悦;王易萍,2024,南宁师范大学学报（哲学社会科学版）,10.16601/j.cnki.issn2096-7349.2024.04.004,journal article,zh,INTERDISC_OTHER,T3
CITING-WORK-191D36AF3E1D,构建首都高品质消费商圈的路径选择,高辰颖;刁琳琳,2023,前线,10.3969/j.issn.0529-1445.2023.04.016,journal article,zh,SOC_POLICY,T3
CITING-WORK-E1242A9EA7A1,展望2022:传媒业发展十大关键词,祁瑞萍;禹建强,2022,青年记者,,journal article,zh,CULT_MEDIA,T3
CITING-WORK-CF36FC6FB404,场景规划：助力城市群协同发展——以粤港澳大湾区为例,郭晨;冯舒;汤沫熙;唐正宇;杨志鹏,2022,热带地理,10.13284/j.cnki.rddl.003433,journal article,zh,URBAN_PLAN_GEO,T2
CITING-WORK-BAB953BBB683,中国奶酪产业发展现状与对策研究,仇俊杰;李孝忠,2022,乳品与人类,10.3969/j.issn.1671-5071.2022.06.002,journal article,zh,RURAL_AGRI,T3
CITING-WORK-650E49E2F75C,试论城市更新背景下工业遗产的场景化保护,宋琪;曲诗雨,2023,生产力研究,10.3969/j.issn.1004-2768.2023.01.010,journal article,zh,ECON_BUS_CONS,T3
CITING-WORK-7FB65BADF987,数字文旅体验式消费场景系统的构建研究——以荆楚文化为例,李江敏;冯涵瑞;张佳泋,2025,四川师范大学学报（社会科学版）,10.13734/j.cnki.1000-5315.2025.0403,journal article,zh,TOUR_HOSP,T2
CITING-WORK-D2B9AA418ADD,提升青年发展型城市生活品质的理论逻辑与上海实践,黄靓莹;薛琪薪,2025,上海城市管理,10.3969/j.issn.1674-7739.2025.05.010,journal article,zh,SOC_POLICY,T3
CITING-WORK-3017916E8D04,宏观供给、社会经济地位与居民消费——基于全国调查数据的实证分析,朱迪;龚顺,2023,社会学研究,,journal article,zh,SOC_POLICY,T3
CITING-WORK-47F8DD909F74,"场景理论下怀旧消费空间的建构与感知研究——以""长沙超级文和友""为例",贺小荣;徐海超;任迪川;等,2023,世界地理研究,10.3969/j.issn.1004-9479.2023.10.2021650,journal article,zh,URBAN_PLAN_GEO,T3
CITING-WORK-01A2574F7865,视听感知视角下夜间消费集聚区场景的要素与组合模式识别-以长沙109个夜间消费集聚区场景为例,陈煊;丁竹慧;杨俊涛;等,2025,室内设计与装修,10.3969/j.issn.1005-7374.2025.07.031,journal article,zh,ARCH_DES_HER,T3
CITING-WORK-08D13EB62482,城市群生态网络协同构建场景要素与路径分析——以粤港澳大湾区为例,冯舒;唐正宇;俞露;等,2022,生态学报,10.5846/stxb202110102827,journal article,zh,URBAN_PLAN_GEO,T3
CITING-WORK-0C2B36DF4816,大数据背景下社区消费模式发展研究,周晓华;史国洁,2022,天津商务职业学院学报,,journal article,zh,ECON_BUS_CONS,T3
CITING-WORK-0346C43362BD,数字经济时代我国体育消费数字化转型:新动能、新特征与新趋势,任波,2022,体育教育学刊,,journal article,zh,SPORT_LEISURE,T3
CITING-WORK-2C08D15E6476,基于SFIC模型的城市民俗体育品牌消费场景协同治理研究,庄园;秦振翼,2024,体育科技文献通报,10.19379/j.cnki.issn.1005-0256.2024.03.035,journal article,zh,SPORT_LEISURE,T3
CITING-WORK-607748D250BE,数字经济视角下体育产业赋能乡村振兴的内在机理、现实困境与发展路径研究,谭思佳;王冬冬;熊志博,2025,体育科技文献通报,10.19379/j.cnki.issn.1005-0256.2025.05.059,journal article,zh,SPORT_LEISURE,T2
CITING-WORK-AEE8DA689BD5,"""农文体旅""产业综合体赋能全面推进乡村振兴的逻辑、模式与路径",熊志博;齐立斌;谭思佳;等,2025,体育科技文献通报,10.19379/j.cnki.issn.1005-0256.2025.09.024,journal article,zh,SPORT_LEISURE,T3
CITING-WORK-ABEF512D69FC,发达国家城市存量空间更新中体育场景注入经验与启示,赵明楠;李雨阳;史友宽,2022,体育文化导刊,10.3969/j.issn.1671-1572.2022.03.006,journal article,zh,SPORT_LEISURE,T3
CITING-WORK-FBD5F56E319C,国家体育旅游示范区助力乡村振兴探究,曹胡丹;张艳娥;潘怡;等,2023,体育文化导刊,10.3969/j.issn.1671-1572.2023.12.007,journal article,zh,SPORT_LEISURE,T3
CITING-WORK-FE7AD864B437,论体育消费新场景的发展逻辑与实现路径,王玉珍;张仁亮;张启明;等,2024,体育文化导刊,10.3969/j.issn.1671-1572.2024.11.014,journal article,zh,SPORT_LEISURE,T3
CITING-WORK-DC90FAED7A48,论户外运动文化赋能体育强国建设,鲁志琴;戴俊,2025,体育文化导刊,10.3969/j.issn.1671-1572.2025.03.006,journal article,zh,SPORT_LEISURE,T2
CITING-WORK-86EEF5EDB2AB,构建文体旅融合消费新场景的现实困境与实施策略,李旻;戴庆锋;黄馨悦,2025,体育文化导刊,10.3969/j.issn.1671-1572.2025.08.014,journal article,zh,SPORT_LEISURE,T3
CITING-WORK-6297293FD489,低空经济视域下体文旅融合场景构建探析,汪欢欢,2025,体育文化导刊,10.3969/j.issn.1671-1572.2025.09.013,journal article,zh,SPORT_LEISURE,T3
CITING-WORK-BDA43A650D47,"沉浸式体验场景的建构过程与机理——基于""长安十二时辰""街区的案例研究",曹智辉;妥艳媜;韩秋晨;等,2024,外国经济与管理,10.16538/j.cnki.fem.20240614.301,journal article,zh,ECON_BUS_CONS,T3
CITING-WORK-E5988007576E,场景的演化:四种社会发展模式在场景中的应用,Daniel Silver;Thiago Silva;Patrick Adler;等,2022,武汉大学学报（哲学社会科学版）,10.14086/j.cnki.wujss.2022.05.005,translated journal article,zh,INTERDISC_OTHER,T3
CITING-WORK-1E78BDD3E9E9,社区消费场景研究:基于青年需求的实证分析,吴军;郑昊,2021,现代城市研究,10.3969/j.issn.1009-6000.2021.09.005,journal article,zh,URBAN_PLAN_GEO,T3
CITING-WORK-0B60F505879E,消费场景视角下国际消费中心城市建设路径探索 ——以成都为例,吴军;王修齐;刘润东,2022,现代城市研究,10.3969/j.issn.1009-6000.2022.10.002,journal article,zh,URBAN_PLAN_GEO,T3
CITING-WORK-D6E8D541BDED,基于无监督聚类方法的城市消费场景识别研究:以长沙为例,周恺;熊益群,2022,现代城市研究,10.3969/j.issn.1009-6000.2022.10.005,journal article,zh,URBAN_PLAN_GEO,T2
CITING-WORK-433E9F5E6458,消费金融能否助力经济增长?——基于消费金融公司试点推广的准自然实验,张建刚;沈蓉;邢苗,2022,消费经济,,journal article,zh,ECON_BUS_CONS,T3
CITING-WORK-75A722085308,城市空间历史与生活性消费空间分布——以长沙市中心城区为例,谭威;彭科;孙亮;等,2023,新建筑,10.12069/j.na.202301107,journal article,zh,ARCH_DES_HER,T3
CITING-WORK-E20A3A7415CC,Research on the Spatial Interaction Effects Between Residents' Happiness and Urban Renewal in China:An Empirical Analysis Based on Spatial Simultaneous Equations,Zhichang CHEN;Yadong MA;Xiaoxu ZHANG,2025,系统科学与信息学报（英文版）,10.12012/JSSI-2023-0128,journal article,en,INFO_TECH,T3
CITING-WORK-E6213A155090,国际消费中心城市建设:国际经验与中国表达,毛中根;何爱萍;江舟,2025,延边大学学报（社会科学版）,10.3969/j.issn.1009-3311.2025.03.003,journal article,zh,INTERDISC_OTHER,T3
CITING-WORK-8EFCC36B304C,儿童友好理念视角下公园儿童消费服务场景营造策略,李爽;周超,2025,园林,10.12193/j.laing.2025.09.0079.010,journal article,zh,ARCH_DES_HER,T3
CITING-WORK-3619233C35FB,基于服务设计提升健康效益的城市公园游憩资源管理,林广思;李晨阳,2025,园林,10.12193/j.laing.2025.12.0022.003,journal article,zh,ARCH_DES_HER,T3
CITING-WORK-5D2341750A00,基于改进PID算法的嵌入式智能衣柜监控系统设计,周杰,2024,自动化与仪器仪表,10.14016/j.cnki.1001-9227.2024.03.119,journal article,zh,INFO_TECH,T3
CITING-WORK-E04D6DFC3687,北京建设国际消费中心城市的成效、问题与对策,杨松,2021,中国经贸导刊,10.3969/j.issn.1007-9777.2021.17.009,journal article,zh,ECON_BUS_CONS,T3
CITING-WORK-FD07B421D5B5,直播电商的本质、逻辑与趋势展望,王宝义,2021,中国流通经济,10.14089/j.cnki.cn11-3664/f.2021.04.005,journal article,zh,ECON_BUS_CONS,T3
CITING-WORK-AEA6F464D09E,都市青年新消费:时尚潮酷场景及其对城市消费的影响作用——以北京、上海、广州、深圳为例,张娇;武旋,2024,中国青年研究,10.3969/j.issn.1002-9931.2024.04.002,journal article,zh,SOC_POLICY,T3
CITING-WORK-9168F1690B59,蜂鸣的逻辑:场景视角下的青年消费空间生产——以北京三里屯太古里为例,营立成,2024,中国青年研究,10.3969/j.issn.1002-9931.2024.04.003,journal article,zh,SOC_POLICY,T3
CITING-WORK-80370B88803F,"青年视角下乡村旅游地的""乡村性""表达与场景建构",齐骥;陆梓欣,2024,中国青年研究,10.3969/j.issn.1002-9931.2024.04.004,journal article,zh,SOC_POLICY,T3
CITING-WORK-AEFC943EAA83,基于场景理论的历史文化街区文化价值识别,汤娟;汪德根;王莉,2023,中国生态旅游,10.12342/zgstly.20220113,journal article,zh,TOUR_HOSP,T3
CITING-WORK-6FEEF2966BBC,冲击、阻滞与场景再造:城市更新视域下的公共文化,苏建健;王波;李晓昀,2023,中国文化产业评论,,journal article,zh,CULT_MEDIA,T3
CITING-WORK-E5D0107C7756,优化消费营商环境的县域治理行为及其路径选择,王敬尧;郑鹏,2023,中国行政管理,10.19735/j.issn.1006-0863.2023.11.06,journal article,zh,SOC_POLICY,T3
CITING-WORK-F21D494CB4DE,"基于""媒介-空间""价值模型的媒介化空间设计理论框架",吕凯;李云,2025,中国名城,10.19924/j.cnki.1674-4144.2025.005.004,journal article,zh,URBAN_PLAN_GEO,T2
CITING-WORK-276949F7E043,新场景消费背景下文旅街区场景的创建与提升 ——以三坊七巷为例,孔旭红,2022,中国市场,10.13939/j.cnki.zgsc.2022.19.031,journal article,zh,TOUR_HOSP,T2
CITING-WORK-CA27B0752B37,城市消费舒适物的产业结构升级效应研究——基于人才集聚的中介作用,武优勐;王鹏帆;毛中根,2022,浙江工商大学学报,10.14134/j.cnki.cn33-1337/c.2022.02.011,journal article,zh,ECON_BUS_CONS,T2
CITING-WORK-D3D443E8847C,基于社会剧场化理论的网红餐饮空间设计策略研究,邓璐瑶;欧阳国辉,2024,中外建筑,10.19940/j.cnki.1008-0422.2024.06.019,journal article,zh,ARCH_DES_HER,T3
CITING-WORK-B78C264C282C,基于文化场景理论的老旧街区景观更新设计研究--以沈阳市八经街区为例,郑若晴,2025,鲁迅美术学院,,master thesis,zh,ARCH_DES_HER,T2
CITING-WORK-7EDFBEF2F560,基于街景图像与人群文本语义的街道空间品质测度与研究--以苏州为例,李吉照,2025,苏州大学,,master thesis,zh,ARCH_DES_HER,T2
CITING-WORK-F8205E8A520F,场景营造视角下的老旧街区再生设计研究,李姣;贾凌志;胡剑忠,2025,工业设计,10.3969/j.issn.1672-7053.2025.04.024,journal article,zh,ARCH_DES_HER,T3
CITING-WORK-C52B39494840,场景理论下社区商业外部空间活力评价与优化,付鹏伟;王凌,2025,南方建筑,10.3969/j.issn.1000-0232.2025.12.003,journal article,zh,ARCH_DES_HER,T3
CITING-WORK-5304D6B1606D,基于场景理论的城市纪念性空间设计方法研究,冯亚星;魏凯辰,2025,西北美术,,journal article,zh,ARCH_DES_HER,T3
CITING-WORK-67B7EB197386,场景理论视域下非物质文化遗产的生活性保护研究——以大运河（江苏段）为例,陈天宇,2020,南京师范大学,,master thesis,zh,SOC_POLICY,T2
CITING-WORK-3FE650AD38B6,成都市龙泉驿区磨盘街景观的文化场景更新设计研究,谭淑媛,2025,四川师范大学,,master thesis,zh,ARCH_DES_HER,T2
CITING-WORK-4D1080C722BC,城市文化场景的营造及空间模式研究——以广州市中心城区为例,徐妍,2021,华南理工大学,,master thesis,zh,URBAN_PLAN_GEO,T2
CITING-WORK-0EB4F50222BA,基于村民感知的未来乡村文化场景建设研究--以龙游县溪口村为例,陈小玉,2023,浙江师范大学,,master thesis,zh,URBAN_PLAN_GEO,T2
CITING-WORK-61A70DD96A38,场景理论视角下的商业步行街外部空间设计策略研究——以荆州市卓尔城商业步行街为例,卫华武,2023,华中科技大学,,master thesis,zh,ARCH_DES_HER,T2
CITING-WORK-14F13F6572DB,场景理论视角下冬至节日空间研究——以江西丰城新厦邹家村为例,吴书平,2021,江西师范大学,,master thesis,zh,INTERDISC_OTHER,T2
CITING-WORK-CDD26B368B3D,场景理论视角下广州市工业用地更新影响因素研究--以文化创意产业园为例,王韬,2020,华南理工大学,,master thesis,zh,URBAN_PLAN_GEO,T2
CITING-WORK-6E0F216F4F79,场景理论视域下红砖街区保护与更新——以泉州西街历史文化街区为例,陈溢晨;陈墅香,2025,自然资源学报,10.31497/zrzyxb.20250606,journal article,zh,URBAN_PLAN_GEO,T2
CITING-WORK-08FC075EFCB9,场景理论视域下历史街区的保护与活化研究——以荆州市三义街片区为例,高宇,2024,长江大学,,master thesis,zh,ARCH_DES_HER,T2
CITING-WORK-58344F8B5AF3,场景理论视域下乡村工业遗产更新的设计介入策略研究,范长存,2024,济南大学,,master thesis,zh,ARCH_DES_HER,T2
CITING-WORK-9D5F3BBFC66D,场景理论下华宁红砖厂再利用景观设计策略,汪其航;李少卿;王贺,2021,城市建筑,10.19892/j.cnki.csjz.2021.32.53,journal article,zh,ARCH_DES_HER,T2
CITING-WORK-4BACDB835A8D,场景理论下青岛滨海广场夜景观营造方法研究,贾宏远,2022,青岛理工大学,,master thesis,zh,ARCH_DES_HER,T2
CITING-WORK-1ED07350F8CD,场景理论下周村古商城文化价值提升研究,傅悦,2024,山东理工大学,,master thesis,zh,SOC_POLICY,T2
CITING-WORK-45A02692CE05,中国城市文化场景的模式与特征分析——基于31个城市文化舒适物的实证研究,陈波;林馨雨,2020,中国软科学,,journal article,zh,INTERDISC_OTHER,T2
CITING-WORK-8E38CADD4330,场景理论视角下抖音旅游vlog的重庆城市形象建构研究,景语涵,2024,重庆交通大学,,master thesis,zh,CULT_MEDIA,T2
CITING-WORK-379415E3B9C8,场景理论视阈下抖音短视频对长沙城市形象传播策略研究,赵龙丹,2025,江西师范大学,,master thesis,zh,CULT_MEDIA,T2
CITING-WORK-AF32B459A961,基于场景理论的老旧社区更新研究--以沈阳市华炉社区为例,王星月,2024,沈阳建筑大学,,master thesis,zh,URBAN_PLAN_GEO,T2
CITING-WORK-AACBFE23C049,基于场景理论的文化创意产业园的创意阶层就业偏好与场景建设研究——以成都市东郊记忆和西村大院为例,杨欣傲,2021,兰州大学,,master thesis,zh,URBAN_PLAN_GEO,T2
CITING-WORK-7B661F2A55D5,基于场景理论的武汉市关山荷兰风情社区公园优化设计研究,王钰,2025,湖北工业大学,,master thesis,zh,ARCH_DES_HER,T2
CITING-WORK-36E7A4C60884,基于场景理论的衍生品研发与博物馆展览互构关系研究,黄鸿宇,2020,四川美术学院,,master thesis,zh,ARCH_DES_HER,T2
CITING-WORK-6BC463839B23,基于场景理论的秭归县界垭村景观设计研究,昌佳欣,2025,湖北工业大学,,master thesis,zh,ARCH_DES_HER,T2
CITING-WORK-C974F747C569,基于场景理论视角下的历史文化街区保护性更新策略研究--以常州市青果巷为例,林圣皓,2025,江西财经大学,,master thesis,zh,ARCH_DES_HER,T2
CITING-WORK-E56B1E2AAB31,场景视角下的青岛八大关历史街区保护更新研究,程诗雅,2020,青岛理工大学,,master thesis,zh,ARCH_DES_HER,T2
CITING-WORK-49E3C31CF123,场景视域下旅游休闲街区夜间品牌研究,张馨瑞,2022,上海师范大学,,master thesis,zh,TOUR_HOSP,T2
CITING-WORK-35AFC58534E9,城市公园运动场景营造研究,李茂,2024,上海体育大学,,master thesis,zh,SOC_POLICY,T2
CITING-WORK-B63597C01CCF,广州市北京路历史文化街区场景营造手法研究,徐莉,2021,华南农业大学,,master thesis,zh,ARCH_DES_HER,T2
CITING-WORK-96880649B6F8,媒介场景理论下Vlog中的行为呈现研究,马晨晨,2022,天津师范大学,,master thesis,zh,CULT_MEDIA,T2
CITING-WORK-5C299838742F,审美视角下钱塘江诗路文化场景营造研究,彭静瑶,2022,浙江工业大学,,master thesis,zh,ARCH_DES_HER,T2
CITING-WORK-C48DE7CC476F,乡村振兴背景下公共艺术介入与乡村文化场景营造研究,范佩宏,2022,温州大学,,master thesis,zh,INTERDISC_OTHER,T2
CITING-WORK-5A19C9047226,场景视域下的“雷神山”“火神山”移动新闻慢直播研究,朱碧云,2022,江西财经大学,,master thesis,zh,CULT_MEDIA,T2
CITING-WORK-2EB061D4D344,城市文化商业街区夜间场景感知研究——基于武汉楚河汉街的实证观察,高唐璇,2021,武汉大学,,master thesis,zh,CULT_MEDIA,T2
CITING-WORK-08A398706300,成都近郊农旅型林盘公共空间设计策略研究,邓琳,2024,西南交通大学,,master thesis,zh,ARCH_DES_HER,T2
CITING-WORK-40FBC25AFE64,成都市公园社区营造绩效评价指标体系构建及应用研究,董斌,2023,四川大学,,doctoral thesis,zh,SOC_POLICY,T2
CITING-WORK-10F0ABE0AF4B,基于场景体验的开封历史文化街区评价与优化策略研究,王会美,2024,桂林电子科技大学,,master thesis,zh,ARCH_DES_HER,T2
CITING-WORK-FA3EF156A550,基于萃智创新理论的乡村旅游场景优化设计研究--以株洲市响水村为例,齐瑶,2023,湖南工业大学,,master thesis,zh,RURAL_AGRI,T2
CITING-WORK-0D05FDB61C7C,夜间旅游场景分析及优化策略研究--以龙门浩老街为例,唐冬杰,2025,重庆师范大学,,master thesis,zh,TOUR_HOSP,T2
CITING-WORK-8EEF5B02E292,游客体验视角下龙泉青瓷博物馆场景重构研究,毛俊乐,2023,西北师范大学,,master thesis,zh,TOUR_HOSP,T2
CITING-WORK-A71B9DEB999F,乡村美食类短视频中的场景建构研究,刘凯星,2023,新疆大学,,master thesis,zh,CULT_MEDIA,T2
CITING-WORK-98CA43F37F15,“长安十二时辰”主题街区的场景传播研究,马蓓蕾,2025,西安工业大学,,master thesis,zh,CULT_MEDIA,T2
CITING-WORK-E23A9A81A5FE,空间转换、技术赋能与历史街区公共性的多重表达——基于衢州水亭门街区的实证研究,都俊竹,2021,吉林大学,,doctoral thesis,zh,SOC_POLICY,T2
CITING-WORK-7D0BA38CE861,活力营造视角下的老旧社区公共空间改造策略研究——以成都市老旧社区为例,黄霄,2021,,,thesis,zh,ARCH_DES_HER,T3
CITING-WORK-2F71B386D5A4,场景理论视域下大运河非物质文化遗产活态传承利用路径研究——以大运河嘉兴段为例,唐佳琪;吴广,2025,文化学刊,,journal article,zh,CULT_MEDIA,T2
CITING-WORK-27F52BF2B1B2,场景营销传播中消费者的自我建构研究——基于符号互动理论的视角,战令琦,2019,中原工学院（official award affiliation; degree institution not recovered）,,thesis,zh,CULT_MEDIA,T2
CITING-WORK-60CAB8C2705E,基于场景理论的阿那亚文旅社区产品质量评价与提升策略研究,王雨晴,2023,燕山大学,,thesis,zh,ECON_BUS_CONS,T2
CITING-WORK-17FCC85B74FE,场景理论视角下城市高密度住区公共空间营造策略研究--以苏北地区为例,曹时语,2023,青岛理工大学（public admissions affiliation）,,thesis,zh,ARCH_DES_HER,T3
CITING-WORK-67DCBBB513AE,场景理论视角下的工业遗存社区化更新利用研究,罗雪蕾,2023,西南交通大学,,thesis,zh,ARCH_DES_HER,T2
CITING-WORK-02D4D207AB3D,场景理论视角下工业遗存保护与更新转型影响因素研究,李晗,2024,中国矿业大学,,thesis,zh,ARCH_DES_HER,T2
CITING-WORK-A6B8E0B81FC0,场景理论视角下青岛老旧街区公共空间品质评价研究,程欣靓,2025,青岛理工大学（official prior student affiliation; degree institution not recovered）,,thesis,zh,ARCH_DES_HER,T3
CITING-WORK-32F37ED1EC7E,场景理论视域下乡村公共文化空间设计研究——以黄冈市陈策楼村为例,杨琳飒,2024,湖北大学（official prior student affiliation; degree institution not recovered）,,thesis,zh,ARCH_DES_HER,T3
CITING-WORK-F32859A44AFA,西安市文化场景特征识别及形成机制研究——基于文化舒适物视角,王佩瑶,2022,西安建筑科技大学,,master thesis,zh,URBAN_PLAN_GEO,T2
CITING-WORK-8AE872012CC2,场景理论下电视专题节目主持人共情传播研究--以毕业作品《跃动青春派》为例,王时相宁,2025,武汉体育学院,,master thesis,zh,CULT_MEDIA,T3
CITING-WORK-437C114E5EBC,场景理论下青岛户外广告规划设计研究,刘子杨,2022,青岛理工大学,,master thesis,zh,ARCH_DES_HER,T2
CITING-WORK-D21F4CBF02AE,场景理论下上海户外演艺文化空间研究,崔禹彤,2020,同济大学,,master thesis,zh,ARCH_DES_HER,T3
CITING-WORK-40A96E4DA177,城市旅游地的游客文化认同及其场景建构研究--以南京市为例,李书凤,2023,南京师范大学,,master thesis,zh,URBAN_PLAN_GEO,T2
CITING-WORK-38579C050F68,媒介场景理论视域下“三农”短视频的内容生产研究,彭春菊,2023,贵州民族大学,,master thesis,zh,CULT_MEDIA,T2
CITING-WORK-9C7827D09FAD,基于场景理论的成都市街道场景评价与营造研究--以交子大道为例,金柯宇,2023,四川农业大学,,master thesis,zh,ARCH_DES_HER,T2
CITING-WORK-E12823599632,基于场景理论的山地城市社区公共空间解析与空间优化——以重庆市渝中区领事巷社区为例,黄睿,2022,重庆大学,,master thesis,zh,URBAN_PLAN_GEO,T2
CITING-WORK-D348DA3614AD,基于文化场景理论的烈士陵园红色基因传承研究,雷鹏伟,2023,山东大学,,master thesis,zh,SOC_POLICY,T3
CITING-WORK-71CD31BC83A4,基于CVM的城市文化场景价值评价研究--以西安大唐不夜城为例,曲诗雨,2023,西安建筑科技大学,,master thesis,zh,SOC_POLICY,T2
CITING-WORK-8DABC38AD6AA,文化场景视域下综合档案馆公共文化空间建设研究,师帅,2023,郑州大学,,master thesis,zh,CULT_MEDIA,T2
CITING-WORK-9ECD10684BA0,基于场景理论的城市电动代步产品设计研究,杨杰瑞,2024,湖北工业大学,,master thesis,zh,ARCH_DES_HER,T2
CITING-WORK-E9D4379791F3,基于场景理论的交互式公共空间设计——以成都市中日城市设计产业中心为例,蒋宸明阳,2022,,,master thesis,zh,ARCH_DES_HER,T3
CITING-WORK-A446A2F04538,鹿邑县老子故里文化场景构建的对策研究,熊怡鑫,2025,武汉轻工大学,,master thesis,zh,URBAN_PLAN_GEO,T3
CITING-WORK-210E5E9BE836,场景理论下桂北传统村落公共文化空间建构的艺术介入策略研究,张紫茵,2024,景德镇陶瓷大学,,master thesis,zh,ARCH_DES_HER,T2
CITING-WORK-C939D5F040A6,场景理论下青岛四方路历史文化街区空间场景营造设计研究,傅尧,2024,青岛理工大学,,master thesis,zh,ARCH_DES_HER,T2
CITING-WORK-D9FC95F3CDE8,抖音“三农”短视频的场景建构研究,靳佳欣,2024,河南大学,,master thesis,zh,CULT_MEDIA,T2
CITING-WORK-5BCDAE486132,抖音沉浸式广告的场景化传播研究,徐庆阳,2024,苏州大学,,master thesis,zh,CULT_MEDIA,T3
CITING-WORK-AFC29E85EC73,基于场景化旅游体验的禅茶服务设计研究,夏杰,2023,,,master thesis,zh,TOUR_HOSP,T2
CITING-WORK-A27654A5836A,情感体验视角下城市街道家具的场景化营造研究--以成都新华坊特色街区为例,陈书凝,2023,四川农业大学,,master thesis,zh,ARCH_DES_HER,T2
CITING-WORK-656F506B27D6,从医患纠纷视角探究陶勇媒介形象的自我建构与社会建构,杨姗,2022,汕头大学,,master thesis,zh,CULT_MEDIA,T3
CITING-WORK-84A19DD4181F,河南南阳府衙历史文化街区品牌形象设计应用研究,杨柯慧,2023,南昌大学,,master thesis,zh,ARCH_DES_HER,T2
CITING-WORK-2D56B67F83B9,历史街区场景特色及构成的量化研究,郭梓亮,2018,广东工业大学,,thesis,zh,ARCH_DES_HER,T2
CITING-WORK-9A1A7EF58212,体验视角下山地城市公园场景的空间营造研究,张万钦,2023,重庆大学,,thesis,zh,ARCH_DES_HER,T2
CITING-WORK-352C3008A6E7,城郊边缘化乡村文化空间生产的艺术介入策略研究—以安宁市白甸村为例,张雯星,2022,,,thesis,zh,RURAL_AGRI,T3
CITING-WORK-85BE2AE5AED8,抖音平台警察形象的传播效果及提升研究----基于“政务公安类抖音号”的分析,赵飞,2022,,,thesis,zh,CULT_MEDIA,T2
CITING-WORK-DF8F9EF5F4C8,基于在线评论与深度学习的旅游目的地推荐模型,谭鸿博;苏甜;张思盈;荣幸;孙伊琳;矫琪;林知浩;郑天翔,2025,陕西师范大学学报（自然科学版）,10.15983/j.cnki.jsnu.2025102,journal article,zh,INFO_TECH,T1
CITING-WORK-08F6C8244521,基于扎根理论对周口心意六合拳传承发展的研究,赵斌斌,2025,武汉体育学院,,thesis,zh,SPORT_LEISURE,T2
CITING-WORK-36F31222CD76,霹雳舞在抖音短视频平台的传播研究,刘婉琳,2022,北京体育大学,,thesis,zh,SPORT_LEISURE,T2
CITING-WORK-FADCBE56BC90,绍兴黄酒特色小镇的文化资源开发与利用研究,唐诗伊,2020,,,thesis,zh,TOUR_HOSP,T2
CITING-WORK-63CA974963F6,数字经济驱动下文创企业创新能力与生态平台对融资能力影响研究,邱诚隆,2023,,,thesis,zh,ECON_BUS_CONS,T2
CITING-WORK-45A26359C9BB,网络游戏中传统节日文化的传播策略--以《梦幻西游》手游为例,马超,2023,,,thesis,zh,CULT_MEDIA,T2
CITING-WORK-69DB167754F6,乡村振兴背景下凤羽镇创意旅游发展研究——基于文化资源开发视角,许艺琳,2022,云南财经大学,,master thesis,zh,CULT_MEDIA,T1
CITING-WORK-C9A5B04437AF,场景理论视角下的传统村落文化空间建构研究——以江永县兰溪村为例,王慧玲;窦银娣;李伯华;刘沛林,2023,资源开发与市场,10.3969/j.issn.1005-8141.2023.10.014,journal article,zh,URBAN_PLAN_GEO,T3
CITING-WORK-10B1BBDF20C7,场景理论视域下乡村公共阅读空间高质量发展路径研究,严贝妮;王露雅,2025,图书馆杂志,10.13663/j.cnki.lj.2025.01.002,journal article,zh,INFO_TECH,T2
CITING-WORK-E8FBD61E8337,基于场景理论的阜南柳编农文旅融合路径研究,邹成龙;路幸福,2025,阜阳师范大学学报:社会科学版,10.14096/j.cnki.cn34-1333/c.2025.01.03,journal article,zh,TOUR_HOSP,T3
CITING-WORK-7C73B372782A,场景、民俗及认同:天津古文化街年货市场研究,桂慕梅,2015,云南民族大学学报:哲学社会科学版,10.13727/j.cnki.53-1191/c.2015.03.014,journal article,zh,SOC_POLICY,T2
CITING-WORK-68D9B9FC06D2,场景理论视角下的城市创意社区发展研究,陈波;吴云梦汝,2017,深圳大学学报:人文社会科学版,,journal article,zh,SOC_POLICY,T2
CITING-WORK-F6059F8ADA8A,场景理论视角下南京私人小型当代艺术空间城市角色研究,陆霄虹,2020,中国美术,,journal article,zh,ARCH_DES_HER,T2
CITING-WORK-57A23BB2D3DF,场景理论视角下农村公共文化空间设计研究——以江苏为例,金晶,2025,美与时代:城市版,,journal article,zh,ARCH_DES_HER,T2
CITING-WORK-648B7F811C4C,场景理论视域下城市阅读空间服务场景生成与策略研究,李昊远;龚景兴,2020,图书馆研究,,journal article,zh,INFO_TECH,T2
CITING-WORK-AFCD90D29AEA,重庆渝中区山城步道品质提升规划:基于场景理论的山地城市街巷更新研究,黄瓴;王婷,2021,北京规划建设,,journal article,zh,URBAN_PLAN_GEO,T2
CITING-WORK-A7FD2778A095,传统村落数字化旅游场景构建——以张谷英村为例,刘春腊;皇甫子贞;李光辉,2025,资源科学,10.18402/resci.2025.09.11,journal article,zh,TOUR_HOSP,T2
CITING-WORK-D7DD2B805F79,基于场景理论的城市商业街道消费场景重构策略研究——以北京马连道路为例,"丁奇, 田雨泽, 梁健, 郝勇翔",2024,城市发展研究,10.3969/j.issn.1006-3862.2024.04.010,journal article,zh,ARCH_DES_HER,T2
CITING-WORK-584EB72A4CCA,农村公共文化空间重构与服务路径优化——基于场景理论的分析,陈莹,2023,安徽农业大学学报:社会科学版,10.19747/j.cnki.1009-2463.2023.01.005,journal article,zh,SOC_POLICY,T3
CITING-WORK-D6C4783FAB8F,文化场景的价值传播及其文化创意培育——城市转型发展的文化视角,范玉刚,2017,湖南社会科学,,journal article,zh,CULT_MEDIA,T2
CITING-WORK-627DC86D46A8,文化场景与城市治安状况的关系研究——以深圳市为例,陈波;金舒,2022,社会科学战线,,journal article,zh,SOC_POLICY,T3
CITING-WORK-329C17DD3041,"""空间-场景""互动视域下乡村新型公共文化空间实践与场景阐释",侯雪言,2025,艺术百家,10.3969/j.issn.1003-9104.2025.01.009,journal article,zh,CULT_MEDIA,T2
CITING-WORK-FC68EE542B2F,场景理论:大学书院文化空间分析的新路径——兼论书院思想政治教育的场景转向,谭翀,2020,江苏高教,10.13236/j.cnki.jshe.2020.08.014,journal article,zh,EDUCATION,T2
CITING-WORK-441979A66FB1,场景理论视角上的南锣鼓巷,刘东超,2017,东岳论丛,,journal article,zh,CULT_MEDIA,T2
CITING-WORK-A60AEF41F6DC,场景理论视角下城市创意街区营造探讨,刘宗璇;龚立君,2023,美与时代,10.16129/j.cnki.mysds.2023.12.028,journal article,zh,ARCH_DES_HER,T2
CITING-WORK-E938A8726584,场景理论视角下传统武术的保护与开发——基于对H区GFG活动的考察,袁进业;陈小蓉,2020,沈阳体育学院学报,10.12163/j.ssu.20190365,journal article,zh,SPORT_LEISURE,T2
CITING-WORK-4E8B37D6143E,场景理论视角下的城市阅读空间形象感知与建构,唐璞妮;杨红岗;淳姣,2023,图书馆论坛,10.3969/j.issn.1002-1167.2023.10.012,journal article,zh,INFO_TECH,T2
CITING-WORK-6815B62A695F,场景理论视角下国家体育消费试点城市发展路径分析,宋佳桐;王兆红;王晨旭,2025,天津体育学院学报,10.13297/j.cnki.issn1005-0000.2025.05.009,journal article,zh,SPORT_LEISURE,T2
CITING-WORK-214472F8E0FE,场景理论视角下开放式商业街色彩研究——以上海市大学路商业街为例,韦金秋,2023,色彩,10.3969/j.issn.1005-555X.2023.04.009,journal article,zh,ARCH_DES_HER,T2
CITING-WORK-2EEFFFC3F39A,场景理论视角下社区老年文化建设探索,庞春雨;李鼎淳,2017,学术交流,,journal article,zh,CULT_MEDIA,T3
CITING-WORK-9CDAA5EB0248,场景理论视角下乡村公共文化空间的价值重构,倪跃达,2022,领导科学论坛,10.19299/j.cnki.42-1837/C.2022.10.015,journal article,zh,SOC_POLICY,T3
CITING-WORK-8DF67B8A7878,场景理论视角下新中式茶馆的空间建构与消费者感知——以珠海市北山村为例,潘新洁,2024,旅游论坛,10.15962/j.cnki.tourismforum.202405037,journal article,zh,TOUR_HOSP,T2
CITING-WORK-9773843A918F,场景理论视野下文化综合体激发消费新业态的路径研究,袁玉杰,2025,全国流通经济,10.16834/j.cnki.issn1009-5292.2025.03.008,journal article,zh,ECON_BUS_CONS,T2
CITING-WORK-2100A148AE1E,场景理论视域下川剧文化空间与场景营造研究,李洁,2021,四川戏剧,,journal article,zh,CULT_MEDIA,T2
CITING-WORK-583B78F8F36D,场景理论视域下档案馆文化服务优化探析,聂云霞;王玥,2024,北京档案,10.3969/j.issn.1002-1051.2024.11.004,journal article,zh,INFO_TECH,T2
CITING-WORK-E0D68332D306,场景理论视域下杭州国家版本馆空间美学价值研究,储艳洁;任磊,2025,上海视觉,,journal article,zh,ARCH_DES_HER,T2
CITING-WORK-E33B96652A15,场景理论视域下老旧厂房改造式文创园区发展路径研究,任泽阳,2021,包头职业技术学院学报,10.3969/j.issn.1672-0903.2021.04.027,journal article,zh,ARCH_DES_HER,T3
CITING-WORK-6F39B1144D9E,场景理论视域下实体书店的公共阅读空间建构,邵娟,2019,科技与出版,10.16510/j.cnki.kjycb.2019.08.011,journal article,zh,CULT_MEDIA,T2
CITING-WORK-0D6EB52AAB58,场景理论下城市历史文化街区的发展——以芙蓉街-百花洲历史文化街区为例,李军红;侯传勇,2021,齐鲁艺苑:山东艺术学院学报,10.3969/j.issn.1002-2236.2021.06.018,journal article,zh,ARCH_DES_HER,T2
CITING-WORK-83942C603A95,场景理论下地域文化融入高架桥下空间策略,韦晓宁;靳春燕,2024,美术教育研究,10.3969/j.issn.1674-9286.2024.19.039,journal article,zh,ARCH_DES_HER,T2
CITING-WORK-C7E40B733085,场景理论下的乡村地域景观文化场景构建研究,邓婷尹;刘亦巍,2024,四川民族学院学报,10.13934/j.cnki.cn51-1729/g4.2024.06.007,journal article,zh,ARCH_DES_HER,T3
CITING-WORK-99316B00DA20,场景理论下非遗旅游地文化价值提升研究——基于浙江省27个非遗旅游小镇数据分析,陈波;延书宁,2022,同济大学学报（社会科学版）,10.3969/j.issn.1009-3060.2022.01.004,journal article,zh,ARCH_DES_HER,T2
CITING-WORK-8D8D00C0A233,场景理论下历史文化街区旅游价值和居住价值并存的可行性研究——以深圳南头古城为例,张臻,2024,经营与管理,10.16517/j.cnki.cn12-1034/f.2024.06.010,journal article,zh,ARCH_DES_HER,T3
CITING-WORK-B2926BD94823,城市社会学研究前沿:场景理论述评,吴军,2014,社会学评论,,journal article,zh,SOC_POLICY,T2
CITING-WORK-5DE5FDCD6F15,传统村落文化场景模式与特征分析——以武陵山区100个传统村落为例,徐若蓝,2024,湖北民族大学学报:哲学社会科学版,10.13501/j.cnki.42-1328/c.2024.06.010,journal article,zh,RURAL_AGRI,T3
CITING-WORK-734E3C212140,大城市发展的新行动战略:消费城市,吴军,2014,学术界,10.3969/j.issn.1002-1698.2014.02.008,journal article,zh,SOC_POLICY,T2
CITING-WORK-05D890D10CC4,当代中国农村公共文化空间的解释维度与场景设计,傅才武; 侯雪言,2016,艺术百家,,journal article,zh,CULT_MEDIA,T2
CITING-WORK-02918393518A,基于场景理论的城市文化消费空间活力提升路径,崔艳天;祁述裕,2023,长安大学学报（社会科学版）,10.3969/j.issn.1671-6248.2023.01.010,journal article,zh,CULT_MEDIA,T2
CITING-WORK-3127DC29BE83,基于场景理论的夜间经济发展路径探究——对重庆市实践的考察,枉文雨,2023,中国物价,,journal article,zh,ECON_BUS_CONS,T2
CITING-WORK-D1B69261697C,基于场景理论介入下传统村落旅居养老文化模式及对策研究,唐小明,2023,宜春学院学报,10.3969/j.issn.1671-380X.2023.07.006,journal article,zh,TOUR_HOSP,T3
CITING-WORK-724E7A55F573,基于场景理论视角的长城国家文化公园建设路径研究,李彦平,2025,中国文化遗产；长城国家文化公园官网转载,10.3969/j.issn.1672-7819.2024.03.003,policy essay,zh,ARCH_DES_HER,T2
CITING-WORK-9FF4F70F8495,基于场景理论探讨艺术乡建的策略研究——以福建省屏南县为例,曹璇,2025,美术教育研究,,journal article,zh,ARCH_DES_HER,T2
CITING-WORK-E913AD19BE94,"空间·技术·行为:场景理论视域下""两路""精神的传播逻辑与路径研究",徐园媛;张钰琳,2025,新闻爱好者,10.16017/j.cnki.xwahz.2025.12.042,journal article,zh,CULT_MEDIA,T2
CITING-WORK-0AFEDACBE200,农村内生公共文化资源优化聚合与服务创新研究——基于场景理论的分析,陈波;刘波,2016,艺术百家,,journal article,zh,CULT_MEDIA,T2
CITING-WORK-D5B76FB351FE,社区邻里公共空间的维度分析与建构路径 ——基于场景理论的分析,陈莹,2022,西安建筑科技大学学报:社会科学版,10.15986/j.1008-7192.2022.05.007,journal article,zh,ARCH_DES_HER,T2
CITING-WORK-A2624F203FCF,体育服务综合体消费场景维度设计与营造策略,时宵;陈元欣;陈磊;刘恒,2024,体育与科学,10.13598/j.issn1004-4590.2024.01.013,journal article,zh,SPORT_LEISURE,T2
CITING-WORK-BC8E92DBBF59,网红城市发展的要素耦合及提升路径——基于场景理论的多案例研究,段永彪;杨青,2025,城市发展研究,10.3969/j.issn.1006-3862.2025.07.009,journal article,zh,URBAN_PLAN_GEO,T2
CITING-WORK-A32E072AFE5A,文化场景理论下成都公园城市文化场景构建,周逸影;高梦薇,2021,资源与人居环境,10.3969/j.issn.1672-822X.2021.12.009,journal article,zh,INFO_TECH,T2
CITING-WORK-2F1577EB360C,文化场景理论下高校图书馆阅读推广的探索——以湘潭大学图书馆话剧《初心》为例,马漫江;孙英姿;戴艳清,2022,图书馆杂志,10.13663/j.cnki.lj.2022.11.008,journal article,zh,ARCH_DES_HER,T3
CITING-WORK-51F49FAF1191,文化动力：一种解释城市发展与转型的新思维,吴军,2015,北京行政学院学报,10.3969/j.issn.1008-7621.2015.04.002,journal article,zh,SOC_POLICY,T2
CITING-WORK-C7B960A32126,以场景红利为核心提升城市品质,魏建,2021,山东师范大学学报（社会科学版）,10.16456/j.cnki.1001-5973.2021.01.010,journal article,zh,SOC_POLICY,T2
CITING-WORK-B9921AFF2F74,中国城市非遗传承场景评价指标体系构建与实证,陈波;赵润,2020,华中师范大学学报（人文社会科学版）,,journal article,zh,ARCH_DES_HER,T2
CITING-WORK-AA3909DD0CAC,中国和美乡村建设的理论与实践——乡村场景价值理论的视角,杨庆媛;王愈滋;杨人豪;苏康传;王笛;孙朝辉,2025,西南大学学报（自然科学版）,10.13718/j.cnki.xdzk.2025.04.001,journal article,zh,RURAL_AGRI,T2
CITING-WORK-BE9CB69FFAD9,作为社会学视角的空间:空间解释的面向与限度,营立成,2017,社会学评论,,journal article,zh,SOC_POLICY,T2
CITING-WORK-BD4D55FCCBA6,场景理论的范式转型及其中国实践,温雯; 戴俊骋,2021,山东大学学报（哲学社会科学版）,10.19836/j.cnki.37-1100/c.2021.01.005,journal article,zh,INTERDISC_OTHER,T3
CITING-WORK-D3A025DD37F0,场景理论下上海文化记忆机构“非遗+旅游”融合发展新路径,刘中华;焦基鹏,2021,文化遗产,10.3969/j.issn.1674-0890.2021.02.018,journal article,zh,ARCH_DES_HER,T3
CITING-WORK-EB1027A6E109,场景理论框架下的未来乡村建设要素与场景类型研究 ——以杭州市桐庐县大路村为例,曹志奎;陈雪萤;武前波等,2022,规划师,10.3969/j.issn.1006-0022.2022.12.018,journal article,zh,URBAN_PLAN_GEO,T3
CITING-WORK-CB3237A3FBB1,场景理论视域下公共空间研究的文献计量分析——演进脉络与中国启示,胡迪;郭瑜涵;黄佳欣;舒波,2026,热带地理,10.13284/j.cnki.rddl.20250547,journal article,zh,URBAN_PLAN_GEO,T3
CITING-WORK-E737689DB4BB,场景理论视域下红色文化遗产风貌区的构建与展望 ——以上海市为例,纪志晴,2021,上海城市管理,10.3969/j.issn.1674-7739.2021.06.011,journal article,zh,SOC_POLICY,T3
CITING-WORK-BA76ED39B170,公园城市建设视角下场景体系构建与营造指引研究——以成都市武侯区为例,蔡秋阳;李艳华;伍玲等,2025,四川建筑,10.3969/j.issn.1007-8983.2025.03.010,journal article,zh,ARCH_DES_HER,T3
CITING-WORK-6DA96F307B8F,"转型中的嬗变:文化场景理论视角下县域""多馆合一""的场景构建",沈邦应;吴红松,2023,图书馆,10.3969/j.issn.1002-1558.2023.05.012,journal article,zh,INFO_TECH,T3
CITING-WORK-E8AE56E4E5DD,"""公园城市""语境下旧城社区场景化模式初探——以成都老城为例",朱直君;高梦薇,2018,上海城市规划,10.11982/j.supr.20180407,journal article,zh,URBAN_PLAN_GEO,T3
CITING-WORK-7ACCD73CDEEF,场景理论视角下的工业遗存社区化更新研究,罗雪蕾;游欣畅;李异,2023,建筑与文化,10.19875/j.cnki.jzywh.2023.04.049,journal article,zh,ARCH_DES_HER,T3
CITING-WORK-470F99DA1386,场景理论视角下社区公共空间营造研究——以成都市老马路社区为例,杜茜;傅红,2024,建筑与文化,10.19875/j.cnki.jzywh.2024.03.042,journal article,zh,ARCH_DES_HER,T3
CITING-WORK-B7A35409D17C,场景理论视域下公共文化数字化服务的创新维度,徐延章,2023,图书馆学研究,10.15941/j.cnki.issn1001-0424.2023.11.002,journal article,zh,INFO_TECH,T3
CITING-WORK-F493ED7D9B25,场景理论视域下旅游小镇发展路径研究——以山东省日照市东夷小镇为例,纪东东;陈为晓,2023,文化软实力研究,10.19468/j.cnki.2096-1987.2023.03.004,journal article,zh,CULT_MEDIA,T3
CITING-WORK-FEE399CC1255,场景理论下我国文化产业园区的发展路径探析,张铮;于伯坤,2019,出版发行研究,10.19393/j.cnki.cn11-1537/g2.2019.08.007,journal article,zh,CULT_MEDIA,T3
CITING-WORK-472DE3B0F044,城市气质的理论与实践研究,吴军,2015,中国名城,10.3969/j.issn.1674-4144.2015.09.003,journal article,zh,URBAN_PLAN_GEO,T3
CITING-WORK-DD562169E04D,城市转型更新背景下的 城市文化空间创新策略探究 ——基于场景理论的视角,余丽蓉,2019,湖北社会科学,10.3969/j.issn.1003-8477.2019.11.009,journal article,zh,INTERDISC_OTHER,T3
CITING-WORK-D004C2DFE738,重庆老旧小区公共空间场景化改造策略探究,"赵万民, 吴斯妤, 杨光",2021,规划师,10.3969/j.issn.1006-0022.2021.17.006,journal article,zh,URBAN_PLAN_GEO,T3
CITING-WORK-2DE1B068AF2D,基于POI数据的大运河沿线旅游文化场景类型研究,"王锴庆, 肖炎焱, 张智玮, 李永乐",2025,地球信息科学学报,10.12082/dqxxkx.2025.250148,journal article,zh,URBAN_PLAN_GEO,T3
CITING-WORK-6F532FC63B53,情感共鸣:文化场景建构的内生动力,苟爽,2018,中华文化论坛,,journal article,zh,CULT_MEDIA,T3
CITING-WORK-A389C0294511,文化场景营造视角下的老旧街区更新路径及策略研究——以南京市南湖东路怀旧主题街区为例,"许婉婷, 朱喜钢, 操小晋",2024,上海城市规划,10.11982/j.supr.20240214,journal article,zh,URBAN_PLAN_GEO,T3
CITING-WORK-83A00AC91FCB,雄安新区的文化空间建构和价值传达,范玉刚,2017,河北大学学报:哲学社会科学版,10.3969/j.issn.1005-6378.2017.04.012,journal article,zh,INTERDISC_OTHER,T3
CITING-WORK-C6846A874563,冰雪文化场景杠杆效应的具体表征及实现路径,张怡迪;李在军,2026,哈尔滨体育学院学报,10.3969/j.issn.1008-2808.2026.01.011,journal article,zh,SPORT_LEISURE,T3
CITING-WORK-B29097B8E87D,场景理论视角下城市孤岛空间生产的文化逻辑与转型路径——以广州车陂村为例,唐夕汐;夏青;李胜超,2025,热带地理,10.13284/j.cnki.rddl.20250526,journal article,zh,URBAN_PLAN_GEO,T3
CITING-WORK-8C6DB06679FD,"场景理论视角下的""网红建筑""文化价值观分析",盛昊一,2021,建筑与文化,10.19875/j.cnki.jzywh.2021.12.059,journal article,zh,ARCH_DES_HER,T3
CITING-WORK-6560DAA1CFCF,场景理论视角下老旧社区活化路径研究——以昆明马街社区为例,王晓斐;邹洲,2024,建筑与文化,10.19875/j.cnki.jzywh.2024.01.050,journal article,zh,ARCH_DES_HER,T3
CITING-WORK-473F36A37CF1,场景理论视角下文旅融合可持续发展动力研究 ——以乌镇为例,黄琳,2021,中国市场,10.13939/j.cnki.zgsc.2021.27.025,journal article,zh,ECON_BUS_CONS,T3
CITING-WORK-C5C51A091179,场景理论视域下城市文化空间建构研究——以湖南博物院为例,寇瑞冰;易露露,2024,文物鉴定与鉴赏,10.20005/j.cnki.issn.1674-8697.2024.19.019,journal article,zh,ARCH_DES_HER,T3
CITING-WORK-C9FD6616432C,场景理论视域下长三角苏南地区美丽乡村建设思考,贺丹;蒋志英,2022,美与时代:城市版,,journal article,zh,ARCH_DES_HER,T3
CITING-WORK-A1421C99EC15,场景理论在成都城市社区更新中的在地应用 ——以望平社区为例,赵蔚;韩腾飞;李春玲,2021,上海城市规划,10.11982/j.supr.20210506,journal article,zh,URBAN_PLAN_GEO,T3
CITING-WORK-E413C8ED271F,场景理论在中国城乡规划领域的应用及展望——基于CiteSpace的文献计量分析,谭辰雯; 孔惟洁; 王霖,2022,城市建筑,10.19892/j.cnki.csjz.2022.19.14,journal article,zh,ARCH_DES_HER,T3
CITING-WORK-733DF401E0F2,场景视域下特色小镇创生发展的文化介入路径研究——基于川渝33个样本的模糊集定性比较分析,张琳;黄美玲;杨毅,2020,福建论坛（人文社会科学版）,,journal article,zh,INTERDISC_OTHER,T3
CITING-WORK-6BE2F0342B07,构建文化场景活化胡同文化,魏文坤,2021,前线,10.3969/j.issn.0529-1445.2021.09.024,journal article,zh,SOC_POLICY,T3
CITING-WORK-1D4CEDDF3E21,基于场景理论的城市社区第三空间识别与营造路径——以重庆市沙坪坝区中渡口社区为例,"黄瓴, 夏梦",2024,上海城市规划,10.11982/j.supr.20240316,journal article,zh,URBAN_PLAN_GEO,T3
CITING-WORK-89A9544B624A,基于场景理论的旅游休闲街区建设:概念辨析与体系构建,宋瑞;牛阮霞;王瑞婷,2025,城市学刊,10.3969/j.issn.2096-059X.2025.02.008,journal article,zh,URBAN_PLAN_GEO,T3
CITING-WORK-0EBE10A3E04D,基于场景理论的数字文化旅游融合发展研究,汪妍,2022,北京航空航天大学学报（社会科学版）,10.13766/j.bhsk.1008-2204.2021.0575,journal article,zh,INTERDISC_OTHER,T3
CITING-WORK-37232416538E,基于场景理论的体育非物质文化遗产保护运行机制与实践方略,宋博;张春燕;丁冠榕,2022,体育文化导刊,10.3969/j.issn.1671-1572.2022.11.010,journal article,zh,SPORT_LEISURE,T3
CITING-WORK-C4A0084E0CB7,基于场景理论建构乡村公共文化空间研究,黄晓琴,2021,美与时代:城市版,,journal article,zh,ARCH_DES_HER,T3
CITING-WORK-CD4745F1A26A,基于文化场景理论的大学图书馆主题展览之思,刘波;潘明茜;宋茂荣,2022,图书馆学刊,10.14037/j.cnki.tsgxk.2022.11.001,journal article,zh,INFO_TECH,T3
CITING-WORK-A7E0F3E57552,基于文化场景理论的我国城市文化创新路径探究,禹建湘;汪妍,2020,城市学刊,10.3969/j.issn.2096-059X.2020.02.004,journal article,zh,URBAN_PLAN_GEO,T3
CITING-WORK-FAFC57CDEF53,基于文化场景理论视角下的乡村文化场景构建,李明;邢雪娥,2021,宿州学院学报,10.3969/j.issn.1673-2006.2021.02.003,journal article,zh,INTERDISC_OTHER,T3
CITING-WORK-2FCDBE59719C,历史街区文化场景舒适物对游客感知的影响机制——以中国澳门老街为例,陈墅香;陈溢晨;刘塨,2024,中国生态旅游,10.12342/zgstly.20240224,journal article,zh,TOUR_HOSP,T3
CITING-WORK-754C0B72B3B4,"权力、资本、地方对""文化场景""的建构——以历史街区""五店市""文化产业为考察对象",王惠蓉,2020,东南学术,,journal article,zh,INTERDISC_OTHER,T3
CITING-WORK-B2642284DF8E,人本导向·场景营城——场景理论视域下的北京花园场景营建路径,孟令君;何芩;郭婧;闫旭睿,2025,风景园林,10.3724/j.fjyl.LA20250056,journal article,zh,ARCH_DES_HER,T3
CITING-WORK-5136E1B74958,社区学习:家校社协同推进终身学习力培育的耦合探索——基于场景理论的视角,陆犇;王仁彧,2024,成人教育,10.3969/j.issn.1001-8794.2024.10.004,journal article,zh,EDUCATION,T3
CITING-WORK-C23392A02E06,文化场景理论视域下传统村落文旅发展路径优化研究——以海上桥传统村落为例,侯雪言;宫玥,2024,文化软实力研究,10.19468/j.cnki.2096-1987.2024.06.004,journal article,zh,CULT_MEDIA,T3
CITING-WORK-7748A2C1A857,文化场景培育与城市发展新动力探索 ——以青岛市为例,吕绍勋,2019,青岛职业技术学院学报,,journal article,zh,INTERDISC_OTHER,T3
CITING-WORK-9FEB25B55361,文旅融合背景下基于场景理论的历史文化街区更新策略研究——以天台县中山西路为例,戴天植,2025,建筑与文化,10.19875/j.cnki.jzywh.2025.10.064,journal article,zh,ARCH_DES_HER,T3
CITING-WORK-6DD0B18370D7,中国农村居民文化参与分析与评价:基于场景理论的方法,陈波;丁程,2018,江汉论坛,10.3969/j.issn.1003-854X.2018.07.022,journal article,zh,INTERDISC_OTHER,T3
CITING-WORK-D94224A971CE,场景理论视角下老旧社区商业营造策略研究——以南京市罗汉巷为例,杨青豪;陈涵;徐伟,2026,家具与室内装饰,10.16771/j.cn43-1247/ts.2026.02.010,journal article,zh,ARCH_DES_HER,T2
CITING-WORK-6FFDBD822717,场景营造:社区治理的一个新视角,张艳国;王亚军,2025,求实,10.3969/j.issn.1007-8487.2025.06.006,journal article,zh,SOC_POLICY,T2
CITING-WORK-A74E737F48A1,基于PSPL调研法的云南古镇公共空间使用研究--以云南省大理市巍山古镇为例,马素贞;张靖怡;张春明,2020,云南建筑,,journal article,zh,ARCH_DES_HER,T2
CITING-WORK-4EB622891149,上海戏剧性场景的空间分布及形成规律研究,叶卉菁;翁瑾,2025,城乡规划,10.12049/j.urp.202501010,journal article,zh,URBAN_PLAN_GEO,T2
CITING-WORK-69907DCEEC87,"文化消费理论本土化进程中的""文化管理学""转向",傅才武;何鹏,2021,湖北大学学报（哲学社会科学版）,10.3969/j.issn.1001-4799.2021.03.011,journal article,zh,INTERDISC_OTHER,T2
CITING-WORK-A4ED827DD7C0,场景理论框架下运动促进健康的主要模式与实施路径探究,王莉敏;王勇,2024,体育科技文献通报,10.19379/j.cnki.issn.1005-0256.2024.11.024,journal article,zh,SPORT_LEISURE,T2
CITING-WORK-2EB00047E5C5,场景理论视阈下城市历史文化街区的保护与更新,李林;李舒薇;燕宜芳,2019,上海城市管理,10.3969/j.issn.1674-7739.2019.01.003,journal article,zh,SOC_POLICY,T2
CITING-WORK-0F0B67C66E72,场景视角下城市历史街区文化消费空间要素研究,张芃,2023,文化创新比较研究,10.3969/j.issn.2096-4110.2023.24.026,journal article,zh,CULT_MEDIA,T3
CITING-WORK-398E693C50BB,场景视域下中国体育非遗保护评价指标体系研究——基于省级面板数据的实证,郭新茹;杨依沄;沈佳,2023,中国文化产业评论,,journal article,zh,CULT_MEDIA,T3
CITING-WORK-67CAEEEB9722,"从认识论到方法论:成都""场景营城""战略实践探析",李明星;蒲焘;冯一泰,2021,成都行政学院学报,10.3969/j.issn.1008-5947.2021.05.015,journal article,zh,SOC_POLICY,T2
CITING-WORK-90E850B17574,存量更新背景下的老旧社区场景重塑与四态共生 ——以杭州市闸弄口街道为例,虞逸琪;赵秀敏;石坚韧,2021,住宅科技,10.3969/j.issn.1002-0454.2021.08.009,journal article,zh,ARCH_DES_HER,T3
CITING-WORK-C210B84CE611,工业遗产保护的目标场景和规划策略 ——以九江动力机厂为例,兰伟杰,2020,中国名城,,journal article,zh,URBAN_PLAN_GEO,T3
CITING-WORK-65F0EEB3AFE8,勾勒与点睛:场景理论视角下的古城保护性更新研究-以韩城为例,杨鹏森;任云英;韩雨昕,2024,城市环境设计,10.3969/j.issn.1672-9080.2024.05.027,journal article,zh,ARCH_DES_HER,T2
CITING-WORK-895E692CFF2F,杭州清河坊历史街区文化空间的场景更新与对策研究,罗泓;何苗,2024,浙江理工大学学报,10.3969/j.issn.1673-3851(s).2024.02.006,journal article,zh,INTERDISC_OTHER,T3
CITING-WORK-43BFB00884A3,基于场景理论的工矿遗产活化与保护研究——以安徽铜陵为例,任劲劲;殷宝为,2024,西部旅游,,journal article,zh,TOUR_HOSP,T2
CITING-WORK-EB93856A1D6F,基于多尺度场景塑造的城市雕塑规划研究,王纪武;吾希洪·多里洪;胡亚丽,2023,建筑与文化,10.19875/j.cnki.jzywh.2023.09.036,journal article,zh,ARCH_DES_HER,T3
CITING-WORK-8540C16730D9,老旧住区更新的场景营造策略——以南湖社区更新为例,成蕤,2023,建筑与文化,10.19875/j.cnki.jzywh.2023.01.041,journal article,zh,ARCH_DES_HER,T3
CITING-WORK-B4A6C61D3033,民间传说与地方社会的场景建构,段友文;周艳双,2024,晋中学院学报,10.3969/j.issn.1673-1808.2024.01.008,journal article,zh,INTERDISC_OTHER,T3
CITING-WORK-3205D213869B,乡村人文场景营造策略研究 ——以桂中乡村为例,罗舒雅,2022,美与时代（城市）,,journal article,zh,ARCH_DES_HER,T3
CITING-WORK-8E7EFEA7E0B2,艺术赋能乡村振兴的场景创新研究——以芜湖市鸠兹湾为例,邹成龙;路幸福,2025,现代城市研究,10.3969/j.issn.1009-6000.2025.12.014,journal article,zh,URBAN_PLAN_GEO,T3
CITING-WORK-342CD7168EAB,"""门牌协议""下村民学习空间的分类及转化路径:基于列斐伏尔的三元空间理论",方娇;马颂歌,2025,成人教育,10.3969/j.issn.1001-8794.2025.05.003,journal article,zh,EDUCATION,T2
CITING-WORK-2EF545907645,"""社区场景""中文化遗产的传承与美育实践",古春霞,2023,文教资料,10.3969/j.issn.1004-8359.2023.03.008,journal article,zh,EDUCATION,T3
CITING-WORK-59669BD86F7A,"""文化资本""理论介入乡村振兴的探索与实践——以天津市蓟州区小王各庄村为例",范国建;徐畅;林建桃;等,2023,艺术与设计,,journal article,zh,ARCH_DES_HER,T2
CITING-WORK-41BFA8AF236D,"""一带一路""、京津冀一体化与文化创新发展——2016-2017年人文北京研究综述",王林生;金元浦,2017,城市学刊,10.3969/j.issn.2096-059X.2017.05.005,journal article,zh,URBAN_PLAN_GEO,T2
CITING-WORK-F30815723C03,"""一核两翼""协同发展与现代化大国首都建设",李国平;宋昌耀,2021,行政管理改革,10.3969/j.issn.1674-7453.2021.02.010,journal article,zh,SOC_POLICY,T2
CITING-WORK-72F8678832C4,"""U盘式""情感连接:数字游民在地化社区中的媒介化交往实践",姚建华;郭琦璠,2025,新闻与传播研究,,journal article,zh,CULT_MEDIA,T2
CITING-WORK-DED48FD9936F,北京国家文创实验区文化数字化新场景体系构建研究,齐羚;李甜婧;谢佳萌;等,2024,园林,10.12193/j.laing.2024.07.0050.006,journal article,zh,ARCH_DES_HER,T3
CITING-WORK-2A7A1F3E81D2,"被展示的流传物:当代中国短视频文化的""乡俗叙事""及其表征逻辑",柴冬冬,2023,南京社会科学,10.15937/j.cnki.issn1001-8263.2023.07.012,journal article,zh,INTERDISC_OTHER,T2
CITING-WORK-126ED7A04EF2,产业社区公共空间场景营造初探 ——以成都市高新南区桂溪片区为例,张侔;王晓南,2022,城市建筑,10.19892/j.cnki.csjz.2022.07.26,journal article,zh,ARCH_DES_HER,T3
CITING-WORK-7EBEFB084977,场景化架构零售商业模式研究,曾锵,2020,商业经济与管理,10.14134/j.cnki.cn33-1336/f.2020.06.001,journal article,zh,ECON_BUS_CONS,T3
CITING-WORK-074BEAF4560E,场景化治理:基层治理的新型态,袁方成;马康,2026,治理研究,10.3969/j.issn.1007-9092.2026.01.009,journal article,zh,SOC_POLICY,T2
CITING-WORK-F8A4670703B1,场景理论视角下东昌路更新策略研究,杜书波;孟宪栋;张晓宇;等,2022,城市建筑,10.19892/j.cnki.csjz.2022.15.10,journal article,zh,ARCH_DES_HER,T2
CITING-WORK-8A1FD9749614,场景理论视角下老工业基地区域品牌识别系统构建,眭谦;毛万熙,2016,城市管理与科技,10.3969/j.issn.1008-2271.2016.02.012,journal article,zh,SOC_POLICY,T2
CITING-WORK-F0122F2F07E2,场景理论视域下的水电类工业遗产保护更新研究——以重庆市万州区瀼渡电厂为例,张曼;李素雅;汤羽扬;等,2024,工业建筑,10.3724/j.gyjzG23083025,journal article,zh,ARCH_DES_HER,T2
CITING-WORK-9D2A5C0FB325,场景理论视域下工业遗产保护性开发研究——以重庆抗战兵器工业遗址为例,张海燕;卢敏;陈爽,2023,中国文化产业评论,,journal article,zh,CULT_MEDIA,T2
CITING-WORK-90761ED6CD22,场景理论视域下海南疍家非遗短视频传播,郑丹;胡冬智,2024,传媒论坛,10.3969/j.issn.2096-5079.2024.15.019,journal article,zh,CULT_MEDIA,T3
CITING-WORK-8BCA107764A8,场景连动何以促进基层数字治理精准化,沈广和;侯祎娜,2025,电子政务,10.16582/j.cnki.dzzw.2025.04.008,journal article,zh,SOC_POLICY,T3
CITING-WORK-F2E99F409D0B,场景视角下传统村落闲置农房活化驱动共同富裕的内在逻辑与实现路径——以松阳县雅溪口村为例,李昱甫;耿虹;倪楚越,2024,自然资源学报,10.31497/zrzyxb.20240807,journal article,zh,URBAN_PLAN_GEO,T2
CITING-WORK-2574E8504B42,场景视角下的集镇公共空间更新——以新昌县儒岙镇共富风貌驿设计为例,王天玺;郑军;叶欣;等,2024,浙江建筑,10.3969/j.issn.1008-3707.2024.01.017,journal article,zh,ARCH_DES_HER,T3
CITING-WORK-D5110860D18E,场景视角下智慧城市场景构建策略研究,张淏楠;曲葳;王飞飞;等,2022,城市建筑空间,10.3969/j.issn.1006-6659.2022.06.054,journal article,zh,ARCH_DES_HER,T2
CITING-WORK-8AECA151BE9E,场景视野下陇东地区乡村公共文化空间营造研究,肖启岩;张蔚萍,2026,包装与设计,10.3969/j.issn.1007-4759.2026.02.085,journal article,zh,ARCH_DES_HER,T3
CITING-WORK-258FF25E10ED,场景视域下城市阅读空间认同研究,唐璞妮;王胡林;淳姣,2022,国家图书馆学刊,10.13666/j.cnki.jnlc.2022.0409,journal article,zh,INFO_TECH,T3
CITING-WORK-5C7F1FC43AA1,"场景视域下的图书馆亲子共读服务创新研究——以江西省图书馆""城市客厅唤醒计划""为例",宋文娅,2024,图书馆学刊,10.3969/j.issn.1002-1884.2024.05.018,journal article,zh,INFO_TECH,T3
CITING-WORK-3476D0A606C4,场景视域下广电融媒体智慧服务的多重维度,徐延章,2024,电视研究,,journal article,zh,CULT_MEDIA,T3
CITING-WORK-54158196D738,场景视域下企业型社区旧资产空间再生——以济南炼化小区为例,孟令杰;刘清越,2023,城市建筑,10.19892/j.cnki.csjz.2023.12.14,journal article,zh,ARCH_DES_HER,T3
CITING-WORK-D792121FFB50,场景视域下文化创意园新型公共文化空间规划研究——以长沙后湖国际艺术园为例,李妍,2024,决策与信息,10.20206/j.cnki.jcyxx.2024.11.005,journal article,zh,SOC_POLICY,T3
CITING-WORK-8230C888320C,场景视域下中国城市文化活力评估——基于21个特大及超大城市的实证研究,詹绍文;邓雨龙;何夷伦,2023,文化产业研究,,journal article,zh,CULT_MEDIA,T2
CITING-WORK-2FCBA95221D7,"场景为核 ""融""为理念:化学情境教学新范式及其应用",林红,2024,中小学班主任,10.3969/j.issn.2096-3742.2024.06.006,journal article,zh,EDUCATION,T3
CITING-WORK-7C7DB5ED6EFF,场景营造与城市近郊特色小镇建设,余佳,2024,武汉大学学报（哲学社会科学版）,10.14086/j.cnki.wujss.2024.02.004,journal article,zh,INTERDISC_OTHER,T3
CITING-WORK-EEB6E9324D59,场景中的消费、生产与生活——以合川瑞应山历史街区为例,玮宝;黄卫兵;赵爽;等,2025,华中建筑,10.3969/j.issn.1003-739X.2025.12.024,journal article,zh,ARCH_DES_HER,T2
CITING-WORK-ED4BC0FCE1DB,成都环城生态区生态价值转化路径研究,钟婷;张垒;阮晨,2020,规划师,,journal article,zh,URBAN_PLAN_GEO,T3
CITING-WORK-6BD81115D9A1,城市道路、生活性服务业与消费促进 ——基于中国2013—2019年地级市面板数据的研究,王磊;张英博,2023,华东经济管理,10.19629/j.cnki.34-1014/f.220622002,journal article,zh,ECON_BUS_CONS,T3
CITING-WORK-7F872946545D,城市更新的4S理论支持：主体-资金-空间-运维,唐燕;殷小勇,2023,北京规划建设,,journal article,zh,URBAN_PLAN_GEO,T3
CITING-WORK-4EDA5817EE89,城市基层公共文化空间的功能融合与业态创新,高同阳,2020,品牌研究,10.3969/j.issn.1671-1009.2020.32.133,journal article,zh,ECON_BUS_CONS,T3
CITING-WORK-62BD8E7FF55F,城市街道空间场景化更新设计研究——以重庆九龙半岛为例,李佳蓬;廖昕芫,2026,城市建筑空间,10.3969/j.issn.2097-1141.2026.01.023,journal article,zh,ARCH_DES_HER,T3
CITING-WORK-AB3FCF000D0E,"城市历史公园""记忆之场""识别、建构与保护更新应用——以重庆市枇杷山公园为例",肖竞;钟海洁;蒋洁茹;等,2023,古建园林技术,,journal article,zh,ARCH_DES_HER,T3
CITING-WORK-D5A03084D756,城市漫步:一场连接人与城市的媒介文化实践,徐樵楚,2025,新媒体研究,10.3969/j.issn.2096-0360.2025.08.024,journal article,zh,CULT_MEDIA,T3
CITING-WORK-AAA5E6E47718,城市实体书店场景建构探析——基于知识交往视角,李淼,2021,中国编辑,,journal article,zh,CULT_MEDIA,T3
CITING-WORK-4A159169E2FB,城市形象的国际传播:文化维度、跨文化传播模型与受众细分,李玥祺;胡青青,2023,新闻知识,10.3969/j.issn.1003-3629.2023.04.005,journal article,zh,CULT_MEDIA,T3
CITING-WORK-FEBEDB60B94D,城市型大遗址社会价值研究,王新文;高建洁;付晓萌,2020,城市发展研究,,journal article,zh,URBAN_PLAN_GEO,T3
CITING-WORK-87DE8A40E4CB,从场所到场景:城市更新中的愿景认同与城市设计转型,边兰春;卓康夫,2024,城市,10.3969/j.issn.1005-278X.2024.01.005,journal article,zh,URBAN_PLAN_GEO,T2
CITING-WORK-735770D4FFF8,从古典体育空间到粤港澳体育空间——城市体育文化的比较研究,杜仲赢;雷学会;叶威武,2026,体育与科学,,journal article,zh,SPORT_LEISURE,T3
CITING-WORK-D70BF75C070C,单位制老旧小区的场景化更新探索——以老山社区更新设计为例,王婷;康北;吕虎臣,2024,住区,10.3969/j.issn.1674-9073.2024.02.004,journal article,zh,ARCH_DES_HER,T3
CITING-WORK-62FF63A5E2DC,反向春运下节庆空间生产机制研究,何威;汪静,2021,青年研究,,journal article,zh,SOC_POLICY,T3
CITING-WORK-54C2CAF17D10,概念、形态与话语:对文化类综艺节目的三重考察,盖琪,2018,电视研究,,journal article,zh,CULT_MEDIA,T3
CITING-WORK-6F928362F858,革命历史题材电影创作的积极探索与审美创新——电影《出发》解析,许明;郭雪颖,2025,电影文学,10.3969/j.issn.0495-5692.2025.12.030,journal article,zh,CULT_MEDIA,T3
CITING-WORK-1A8F0ABED3BA,公共文化服务规划的理论建构与实践逻辑,耿达;田欣,2021,图书馆,10.3969/j.issn.1002-1558.2021.11.001,journal article,zh,INFO_TECH,T3
CITING-WORK-062B2569FD7B,公共文化消费挤出居民文化消费支出了吗——基于面板门槛模型的实证检验,高莉莉;许俊鹏,2018,文化产业研究,,journal article,zh,CULT_MEDIA,T3
CITING-WORK-BC9E314B7C33,共生视角下乡村多类型公共文化空间融合发展研究,文立杰;刘馨阳,2025,图书馆,10.3969/j.issn.1002-1558.2025.10.010,journal article,zh,INFO_TECH,T3
CITING-WORK-94C6448F8EE2,"构建""实践场景""：生活方式绿色转型的组织与动员机制",黄燕华,2026,社会学研究,10.3969/j.issn.1002-5936.2026.01.009,journal article,zh,SOC_POLICY,T3
CITING-WORK-B8C8AD66D74D,关系驱动、资源赋能与空间重构:农民渐进式参与农村公共文化服务研究,袁金辉;梁一梦,2023,江西社会科学,,journal article,zh,INTERDISC_OTHER,T3
CITING-WORK-313AA3FD7161,广州旧工厂文创园工业用地更新满意度影响因素研究,朱一中;李璧君;张倩茹;等,2022,工业建筑,10.13204/j.gyjzG20112503,journal article,zh,ARCH_DES_HER,T3
CITING-WORK-E41456233662,广州文化空间战略编制的探索,罗丽霞;赵迎雪;白晶;等,2022,城市规划学刊,10.16361/j.upf.202207041,journal article,zh,URBAN_PLAN_GEO,T3
CITING-WORK-B9897A79C00C,合法性、戏剧性与真实性:青年街区的场所营造,刘一锐;魏进平,2025,中国青年社会科学,10.3969/j.issn.2095-9796.2025.05.007,journal article,zh,SOC_POLICY,T3
CITING-WORK-2CE6611927ED,"何以最抚凡人心?——城市""烟火气""场景的要素、价值与治理",李康化;刘启航,2023,福建论坛（人文社会科学版）,,journal article,zh,INTERDISC_OTHER,T3
CITING-WORK-BB8964912515,和美乡村建设背景下乡村公共文化空间评价体系的建构,曾薇;赖雨晨;王雨菲,2024,传播与版权,,journal article,zh,CULT_MEDIA,T3
CITING-WORK-3F6AE3D2696F,红色场馆数字化建设的动力机制与实践路径,汤静;侯华怡,2024,四川旅游学院学报,10.3969/j.issn.1008-5432.2024.06.004,journal article,zh,TOUR_HOSP,T3
CITING-WORK-E44802B18109,后精准扶贫时代文化动力作用机制的探析,刘士寻,2020,经济师,,journal article,zh,ECON_BUS_CONS,T3
CITING-WORK-B4D13C29A05E,基层公共文化服务效能困境：成因与破局--基于“三圈理论”的阐释,王雪丽;王瑞文,2020,图书馆工作与研究,,journal article,zh,INFO_TECH,T3
CITING-WORK-F1D9F46FBA17,基于场景理论的大学校园红色文化景观更新设计 ——以复旦大学8号楼室外空间更新为例,黎莹;戴代新,2022,城市建筑,10.19892/j.cnki.csjz.2022.10.47,journal article,zh,ARCH_DES_HER,T2
CITING-WORK-54036198DFA4,基于场景理论的大运河国家文化公园游憩机会谱构建——以北京玉河段为例,覃锦旋;王忠君,2022,中国园林,10.19775/j.cla.2022.S2.0135,journal article,zh,ARCH_DES_HER,T2
CITING-WORK-99AFECBE6810,基于场景理论的高架桥下消极空间优化设计研究——以合肥马鞍山路高架桥为例,靳春燕;韦晓宁;李晓琼,2024,工业设计,10.3969/j.issn.1672-7053.2024.11.023,journal article,zh,ARCH_DES_HER,T2
CITING-WORK-A42B1EAB3E45,基于场景理论的工业遗产型文创园公共空间设计策略探究,李勤;崔净雅;石爽;等,2024,北京规划建设,,journal article,zh,URBAN_PLAN_GEO,T2
CITING-WORK-FBCA4C302F35,基于场景理论的互联网消费金融设计研究,杜娟,2017,商场现代化,,journal article,zh,ECON_BUS_CONS,T2
CITING-WORK-C1DB1798170C,"基于场景理论的连片历史文化街区保护活化""评估—治理""研究——以广州荔湾老城区为例",李洋;许永成;霍子文,2024,中国名城,10.19924/j.cnki.1674-4144.2024.002.005,journal article,zh,URBAN_PLAN_GEO,T2
CITING-WORK-C59BCA9F4DE8,基于场景理论的旅游休闲街区空间优化策略研究——以张家界市七十二奇楼为例,帅凌傲;刘鉴源;杨靖,2025,中外建筑,10.19940/j.cnki.1008-0422.2025.08.004,journal article,zh,ARCH_DES_HER,T2
CITING-WORK-54E2CF864A65,基于场景理论的移动电商信息服务生态系统形成机理研究,许孝君;程光辉;王露;等,2023,情报科学,10.13833/j.issn.1007-7634.2023.10.004,journal article,zh,INFO_TECH,T2
CITING-WORK-1C26F24C1CDA,基于场景理论分析旅游城市建筑群的文化价值观,任秀芹;张佳琪,2022,西部旅游,,journal article,zh,TOUR_HOSP,T2
CITING-WORK-03F02E84AAF8,基于场景升级背景的三星堆镇文旅场景营造研究,赵之铭;练红宇,2022,旅游纵览,10.3969/j.issn.1004-3292.2022.08.015,journal article,zh,TOUR_HOSP,T3
CITING-WORK-2007DFFCE274,基于场景舒适物组合的居住街区社群偏好研究——以白马凼街区为例,许诗凯;许芗斌;庄陶之,2023,华中建筑,,journal article,zh,ARCH_DES_HER,T3
CITING-WORK-88C50A91F5C8,基于场景营造的特色街区公共空间优化策略研究——以成都市为例,周海玲;赵嘉敏;赵翔宇,2023,智能建筑与智慧城市,10.13655/j.cnki.ibci.2023.02.013,journal article,zh,ARCH_DES_HER,T3
CITING-WORK-9DECAFB95479,基于城市针灸的历史城区文化创意产业介入探究——以北京大栅栏为例,胡易知;王少钒,2025,城市建筑,10.19892/j.cnki.csjz.2025.13.12,journal article,zh,ARCH_DES_HER,T3
CITING-WORK-8E4EEEEB2AE0,基于共生理论的未来乡村文化场景营建——以浙江温州许岙村为例,林盈盈;赵秀敏;石坚韧,2025,浙江建筑,10.15874/j.cnki.1008-3707.2025.05.009,journal article,zh,ARCH_DES_HER,T3
CITING-WORK-C6DFE14287A5,基于古籍文化的历史街区微更新设计研究 ——以北京市西城区琉璃厂片区为例,王晔昕;李婧;黄经凤;等,2022,城市建筑空间,10.3969/j.issn.1006-6659.2022.08.011,journal article,zh,ARCH_DES_HER,T3
CITING-WORK-D6D7E29ABEA2,基于决策树模型的商业银行基金客户分类研究,董纪昌;赵铭;纪鹏飞;等,2012,现代管理科学,10.3969/j.issn.1007-368X.2012.04.021,journal article,zh,ECON_BUS_CONS,T3
CITING-WORK-111265A20660,基于空间句法分析的德惠市永生村公共文化空间环境特性优化策略研究,王科奇;王海东,2024,建筑与文化,10.19875/j.cnki.jzywh.2024.07.023,journal article,zh,ARCH_DES_HER,T3
CITING-WORK-4DF4275D413E,基于网络搜索行为的消费者信心指数构建及应用研究,孙毅;吕本富;陈航;等,2014,管理评论,,journal article,zh,ECON_BUS_CONS,T3
CITING-WORK-E697998DE60E,基于文化场景理论的乡村公共文化空间重构策略研究——以成都市新津区张河村为例,高悦彤,2026,江西农业,10.3969/j.issn.1674-4179.2026.05.021,journal article,zh,RURAL_AGRI,T2
CITING-WORK-F19E6171E187,基于信息接受规律的移动图书馆场景重构,王福;刘姝瑾,2018,情报资料工作,,journal article,zh,INFO_TECH,T3
CITING-WORK-CB5CF5B22AFD,基于质性文本分析的乡村公共文化空间多案例研究:要素解构与发展路径,严贝妮;张永兴,2024,图书馆理论与实践,,journal article,zh,INFO_TECH,T3
CITING-WORK-DF231A6A9B60,加强雄安地域历史文化的研究和保护,徐艳,2018,文物鉴定与鉴赏,,journal article,zh,ARCH_DES_HER,T3
CITING-WORK-A3F2A014E576,家长对幼儿园民间音乐文化启蒙教育的态度认识及教育建议,程英,2021,江苏第二师范学院学报,,journal article,zh,EDUCATION,T3
CITING-WORK-99B1AF8A7629,借力微博传播城市文化,潇潇,2019,人民论坛,,journal article,zh,SOC_POLICY,T3
CITING-WORK-04397B9488B2,空间生产视域下基层思想文化建设的创新实践与内在机理——基于寻乌县文明实践的案例分析,王江伟;宋飞燕,2024,行政与法,10.3969/j.issn.1007-8207.2024.12.009,journal article,zh,SOC_POLICY,T3
CITING-WORK-818BEEF11450,空间营造赋能阅读推广的创新实践与探索,邢磊;宋向嵘,2026,图书馆,10.3969/j.issn.1002-1558.2026.02.013,journal article,zh,INFO_TECH,T3
CITING-WORK-481FBCF47B9D,历史街区风貌保护的跨群体认同研究——基于VR眼动跟踪的场景感知,张若曦;张乐敏,2025,新建筑,10.12069/j.na.202406035,journal article,zh,ARCH_DES_HER,T3
CITING-WORK-39ED0B9863CD,旅游市场营销场景化案例教学改革策略研究,周永博,2019,福建茶叶,,journal article,zh,RURAL_AGRI,T2
CITING-WORK-E970B3F5B617,绿色发展视域下城市文化治理的策略与路径,蔡劲松;刘建新,2021,城市发展研究,10.3969/j.issn.1006-3862.2021.04.009,journal article,zh,URBAN_PLAN_GEO,T3
CITING-WORK-2C70A47179DE,论线性文化遗产博物馆的展陈设计理念——以中国长江博物馆为中心,傅才武;李高峰,2024,江汉论坛,10.3969/j.issn.1003-854X.2024.07.002,journal article,zh,INTERDISC_OTHER,T3
CITING-WORK-611DFF60706C,论乡村振兴战略背景下乡村公共文化服务建设的空间转向,张培奇;胡惠林,2018,福建论坛（人文社会科学版）,,journal article,zh,INTERDISC_OTHER,T3
CITING-WORK-674A25043BF5,媒介融合时代下中华体育精神具象化传播的传播机制、时代诉求与路径拓展,孟国正;闫延涛,2025,体育科技,10.3969/j.issn.1003-1359.2025.02.028,journal article,zh,SPORT_LEISURE,T3
CITING-WORK-896FA9BDBC84,美国芝加哥城市转型及其文化力的彰显与启示,何玉珍;林昆勇,2015,城市,10.3969/j.issn.1005-278X.2015.02.017,journal article,zh,URBAN_PLAN_GEO,T3
CITING-WORK-E1FBC379C3A1,面向智慧养老场景的数据资源描述框架研究,索智杨;殷峰;牌艳欣,2023,图书馆建设,10.19764/j.cnki.tsgjs.20230815,journal article,zh,INFO_TECH,T3
CITING-WORK-37CA4007B1C2,农村传统公共文化空间与乡村振兴研究,张理,2020,农业经济,,journal article,zh,RURAL_AGRI,T3
CITING-WORK-E5F8EBA06D05,农村公共文化空间的功能服务与重构探索——以云南省凤庆县鲁史村为例,袁静晗;廖鑫,2019,湖南包装,10.19686/j.cnki.issn1671-4997.2019.03.011,journal article,zh,ARCH_DES_HER,T3
CITING-WORK-89629FA42FE3,农村公共文化空间治理的行动逻辑、价值依归与优化路向——以公平正义为视角,陈瑜,2024,高校图书馆工作,10.3969/j.issn.1003-7845.2024.04.008,journal article,zh,INFO_TECH,T3
CITING-WORK-D686FF1848F9,农村公共阅读空间的效用评价及其优化策略,陈庚;陈媛,2024,图书馆学研究,,journal article,zh,INFO_TECH,T3
CITING-WORK-75AEC11284CB,农村公共阅读空间维度生产及其效用研究,陈庚;何鸿飞;张恩荣,2024,文化软实力研究,10.19468/j.cnki.2096-1987.2024.03.003,journal article,zh,CULT_MEDIA,T3
CITING-WORK-49392F11740A,女性友好社区公共空间的场景感知与营造研究——基于性别视角的眼动实验,王琳婷;袁媛;梁璐,2025,国际城市规划,10.19830/j.upi.2024.689,journal article,zh,URBAN_PLAN_GEO,T3
CITING-WORK-EB373E5AFB75,青年发展型城市建设:老旧社区社会活力再生规划路径研究,许昊;华晨;李咏华,2022,城市规划学刊,10.16361/j.upf.202203013,journal article,zh,URBAN_PLAN_GEO,T3
CITING-WORK-F08AB37AC1CE,青年友好视角下社区公共空间行为调查与优化策略——基于西安市数个社区的社会调查研究,吴瑜;薛宇桐;张绮璇;等,2023,住区,10.3969/j.issn.1674-9073.2023.06.010,journal article,zh,ARCH_DES_HER,T3
CITING-WORK-B6E6C235B3BF,情感与仪式互动社会下的当代乡村公共文化空间塑造,杨龙飞;疏仁华,2023,福建论坛（人文社会科学版）,,journal article,zh,INTERDISC_OTHER,T3
CITING-WORK-3FD9D17E8A13,"情绪传播下的""野性消费"":场景生成、价值观共鸣与风险防控",孟达,2022,中国社会心理学评论,,journal article,zh,SOC_POLICY,T3
CITING-WORK-69029CC73682,区域创新动力系统构建与生成路径研究——以海南自贸港为例,李慧,2026,商业观察,10.3969/j.issn.2096-0808.2026.05.015,journal article,zh,ECON_BUS_CONS,T3
CITING-WORK-C4A3C1DEBB52,日本图书馆与旅游融合的经验与启示,寇垠;何威亚;陈平,2021,图书馆学研究,,journal article,zh,INFO_TECH,T3
CITING-WORK-ED4DC3B684BE,融合出版:数字读物编辑思维创新,郑志亮;吕九海,2021,中国编辑,,journal article,zh,CULT_MEDIA,T3
CITING-WORK-4AC05C679A12,融媒体视域下汉字文化的国际传播,潘晨婧,2025,江西社会科学,10.3969/j.issn.1004-518X.2025.10.018,journal article,zh,INTERDISC_OTHER,T3
CITING-WORK-28E6DCF92CF1,山东大运河的文化空间与场景塑造,范玉刚;许诗怡,2022,中原文化研究,10.3969/j.issn.2095-5669.2022.03.008,journal article,zh,CULT_MEDIA,T2
CITING-WORK-3F000A96CF91,山东省马拉松城市联赛的发展特征、现实困境与优化路径,梁高亮;王宏;蒋争争;等,2025,山东体育科技,10.3969/j.issn.1009-9840.2025.05.005,journal article,zh,SPORT_LEISURE,T3
CITING-WORK-25D41D8A2B0F,嬗变与重构:我国公共文化空间理论研究与实践进展,曾粤亮;李佳愔;吕晓龙,2025,国家图书馆学刊,10.13666/j.cnki.jnlc.2025.0307,journal article,zh,INFO_TECH,T3
CITING-WORK-C5A2FECD3F8B,设计赋能乡村公共文化空间重构,李晓瑜,2022,艺术与设计,,journal article,zh,ARCH_DES_HER,T3
CITING-WORK-6E72FB4ED055,"社会联结纽带:闽南""野球""赛事参与公共文化空间重构的田野调查",张伟;宋陆陆,2023,体育与科学,,journal article,zh,SPORT_LEISURE,T3
CITING-WORK-5D307AF1D7C9,社区体卫融合服务场景营造:逻辑动因、实践样态及推进策略,李德武;孙晋海,2025,中国体育科技,10.16470/j.csst.2024098,journal article,zh,SPORT_LEISURE,T2
CITING-WORK-83E070E9FE6E,社区文化空间重塑中治理逻辑的生成机制 ——以史家胡同为例,刘星,2021,广东行政学院学报,10.13975/j.cnki.gdxz.2021.02.001,journal article,zh,SOC_POLICY,T3
CITING-WORK-753A686E8FD1,生产与编织:场景驱动旅游资源创新的双路径,王学基;庞兆玲;张海洲,2025,自然资源学报,10.31497/zrzyxb.20250903,journal article,zh,URBAN_PLAN_GEO,T2
CITING-WORK-0813EF153F30,生态文明建设战略下公园城市生态价值转化研究动态,肖睿珂;张云路;李雄,2021,中国城市林业,10.12169/zgcsly.2021.05.07.0006,journal article,zh,URBAN_PLAN_GEO,T3
CITING-WORK-F32427C85C4B,市民文明素养指标体系构建探析——以深圳为例,杨建;史敏;谈英,2024,特区实践与理论,10.3969/j.issn.1673-5706.2024.06.009,journal article,zh,SOC_POLICY,T3
CITING-WORK-13F265C5E006,首尔户外图书馆实践调查分析与启示,杨敏,2026,农业图书情报学报,10.13998/j.cnki.issn1002-1248.25-0581,journal article,zh,INFO_TECH,T3
CITING-WORK-E7DD42301172,数字创意产业生态系统的治理逻辑及发展路径,袁侃,2026,特区经济,10.3969/j.issn.1004-0714.2026.02.008,journal article,zh,ECON_BUS_CONS,T3
CITING-WORK-BECA5B73B9B9,数字赋能农村公共阅读空间的机理、场景和路径,金晶,2025,江西农业,10.3969/j.issn.1674-4179.2025.20.011,journal article,zh,RURAL_AGRI,T3
CITING-WORK-5C18C188F440,数字时代青年公共文化空间的商业化实践——对TX淮海年轻力中心的多向度考察,聂磊,2021,当代青年研究,10.3969/j.issn.1006-1789.2021.02.009,journal article,zh,SOC_POLICY,T3
CITING-WORK-9D3CB019920E,数字文创产品设计研究综述,张帆;张家榜;曹天一;等,2023,包装工程,10.19554/j.cnki.1001-3563.2023.12.001,journal article,zh,ARCH_DES_HER,T3
CITING-WORK-2DDBBE1DA0C5,数字文化空间下公共文化服务体系建设的创新方向与改革路径,贺怡;傅才武,2021,国家图书馆学刊,10.13666/j.cnki.jnlc.2021.0209,journal article,zh,INFO_TECH,T3
CITING-WORK-F6CB36362804,数字文旅视域下乡村饮食文化服务系统策略研究,武小静;陈熙,2024,安徽建筑,10.16330/j.cnki.1007-7359.2024.8.09,journal article,zh,ARCH_DES_HER,T3
CITING-WORK-0F478D647631,数字影像时代短视频的怀旧叙事研究,李佳林,2024,新媒体研究,10.3969/j.issn.2096-0360.2024.10.015,journal article,zh,CULT_MEDIA,T3
CITING-WORK-72715A4D8C3E,双循环发展格局下国家文化和旅游消费示范城市对比分析及新探索,马聪玲;张相宜,2022,城市,10.3969/j.issn.1005-278X.2022.07.004,journal article,zh,URBAN_PLAN_GEO,T3
CITING-WORK-3263F5420647,苏州古城历史文化遗产保护与活化的数字孪生方法,杨滔;李晶;李梦垚;等,2024,城市规划学刊,10.16361/j.upf.202401010,journal article,zh,URBAN_PLAN_GEO,T3
CITING-WORK-98321BF111D1,"谈""雄安新区""的英译",丁后银;张顺生,2019,中国科技术语,10.3969/j.issn.1673-8578.2019.03.010,journal article,zh,INFO_TECH,T3
CITING-WORK-247B5F5E3D4B,探寻地方:基于人—媒介—地方关系的城市空间情感想象及发展路径研究——以短视频中的东北早市为例,董丽雪;周维,2024,媒介批评,,journal article,zh,CULT_MEDIA,T3
CITING-WORK-A75331FAC804,陶瓷文化产业视野下国际瓷都复兴研究,郭建晖;李海东,2022,江西社会科学,,journal article,zh,INTERDISC_OTHER,T3
CITING-WORK-74413D88E0C2,体验本真性:北漂青年的社会交往与双重生活,周泽鹏;肖索未,2022,社会,10.3969/j.issn.1004-8804.2022.04.004,journal article,zh,SOC_POLICY,T3
CITING-WORK-7D69606480FE,体验经济视阈下新型公共文化空间实践理路分析,张新娅;刘海丽,2025,图书馆研究与工作,10.3969/j.issn.2096-2363.2025.03.015,journal article,zh,INFO_TECH,T3
CITING-WORK-1A14B0730039,听觉浸润:文化类综艺节目听觉审美探析,姜燕;何雨师,2023,影视制作,10.3969/j.issn.1673-5218.2023.12.003,journal article,zh,CULT_MEDIA,T3
CITING-WORK-9F2F00DD35C0,图书馆公共文化空间建设研究,何盼盼;陈雅,2019,图书馆建设,10.19764/j.cnki.tsgjs.20182448,journal article,zh,INFO_TECH,T3
CITING-WORK-DB409B7E2C6D,图书馆阅读空间的国外实践与发展框架研究,苏福;洪芳林;黄颖燊;等,2021,图书馆学研究,,journal article,zh,INFO_TECH,T3
CITING-WORK-A00BB7008526,网红旅游街区建构的话语研究,曾晓茵;高俊,2023,中国生态旅游,10.12342/zgst-ly.20230058,journal article,zh,TOUR_HOSP,T3
CITING-WORK-E8F603AAA652,未来乡村背景下乡村闲置空间活化利用路径研究,刘妮娜;马洲萍;金城浩,2024,建筑与文化,10.19875/j.cnki.jzywh.2024.07.045,journal article,zh,ARCH_DES_HER,T3
CITING-WORK-FA0DE59532B6,文化场景理论视域下公共图书馆空间建设研究,臧航达;寇垠,2021,图书馆学研究,,journal article,zh,INFO_TECH,T2
CITING-WORK-AB724C3A6706,文化传承视角下的历史街巷业态构成分析——以天津市古文化街为例,陈楠;夏青;刘立钧,2016,天津城建大学学报,10.3969/j.issn.1006-6853.2016.06.001,journal article,zh,ARCH_DES_HER,T3
CITING-WORK-99A724758C3B,"文化创意在建设""公园城市""中的助力作用",范玉刚,2020,中原文化研究,,journal article,zh,CULT_MEDIA,T2
CITING-WORK-008668E2B252,文化氛围:文化和旅游融合测度的核心概念与理论框架探索,张朝枝;徐鼎;王楚涵,2023,旅游论坛,10.15962/j.cnki.tourismforum.202305052,journal article,zh,TOUR_HOSP,T2
CITING-WORK-AAA0D00D1BCB,文化高质量发展视域下乡村公共文化空间指标体系研究,陈波;李晶晶,2021,湖北社会科学,10.3969/j.issn.1003-8477.2021.08.004,journal article,zh,INTERDISC_OTHER,T3
CITING-WORK-6D8E694CA912,文化价值与场景类型——解读漳州古城历史文化街区的新视角,洪邵平;罗涛;何茜倩;等,2026,小城镇建设,10.3969/j.issn.1009-1483.2026.03.018,journal article,zh,URBAN_PLAN_GEO,T2
CITING-WORK-C8B50B7F3C98,"文化体系和生活街区融合视域下的城市街区""微改造""策略:以保定西大街""新颜值""建设为例",杨秀丹;王宁;任常青,2022,燕赵文化研究,,journal article,zh,CULT_MEDIA,T3
CITING-WORK-B5CCF562F3B6,文化消费存在自我强化机制吗——基于文化资本视角的分析,高莉莉,2017,文化产业研究,,journal article,zh,CULT_MEDIA,T3
CITING-WORK-2D59CCE302AC,文化遗产数字孪生理论与场景应用研究,李鑫;曲永欣,2024,设计艺术研究,10.3963/j.issn.2095-0705.2024.01.012,journal article,zh,ARCH_DES_HER,T3
CITING-WORK-C13F4202D177,文化资本导向下的乡村公共文化空间更新研究——以浏阳市竹联村美丽屋场营建为例,罗荩;高美祥;杨瑛;等,2022,西部人居环境学刊,10.13791/j.cnki.hsfwest.20220218,journal article,zh,URBAN_PLAN_GEO,T3
CITING-WORK-243FB48D2A96,文化自信、文化协同与文化创新发展——2017年文化北京研究综述,王林生;金元浦,2018,北京联合大学学报（人文社会科学版）,,journal article,zh,INTERDISC_OTHER,T3
CITING-WORK-021FC754D038,文旅融合背景下图书馆空间服务价值与优化策略,苏欢;王丽雅,2023,山东图书馆学刊,10.3969/j.issn.1002-5197.2023.04.013,journal article,zh,INFO_TECH,T3
CITING-WORK-CF0EE3BBF405,文旅融合场景中的数字化服务:主要类型及用户体验研究,陈则谦;李亚灿,2022,图书与情报,10.11968/tsyqb.1003-6938.2022071,journal article,zh,INFO_TECH,T3
CITING-WORK-62BA5F2D6FD4,文旅融合视域下文化资源的再认识,张晓丹,2023,中国文化产业评论,,journal article,zh,CULT_MEDIA,T3
CITING-WORK-C1F7A295687B,我国房地产价格波动对通货膨胀影响的实证研究,董纪昌;于勇;林睿;等,2012,现代管理科学,10.3969/j.issn.1007-368X.2012.07.002,journal article,zh,ECON_BUS_CONS,T3
CITING-WORK-5BD4FFD9B699,我国房地产金融风险形成机制的演化博弈研究,高鹏;李雪;董纪昌;等,2012,现代管理科学,10.3969/j.issn.1007-368X.2012.05.007,journal article,zh,ECON_BUS_CONS,T3
CITING-WORK-7EF22BF00AEF,乡村传统公共文化空间的复兴与重构——以中山市三乡镇雍陌村郑公祠为例,孔燕喃,2024,现代商贸工业,10.19311/j.cnki.1672-3198.2024.21.008,journal article,zh,ECON_BUS_CONS,T3
CITING-WORK-EE8D722C4443,乡村公共文化空间的生成机制与发展路径——基于扎根理论的云南和顺图书馆的案例研究,耿达,2019,中国农村观察,,journal article,zh,RURAL_AGRI,T2
CITING-WORK-E12D3B91BE15,乡村公共文化空间发展的内在逻辑研究——基于南京市佘村的田野调查,杨媛媛;陈扬,2020,区域治理,10.3969/j.issn.2096-4595.2020.26.017,journal article,zh,SOC_POLICY,T3
CITING-WORK-29FB2C369226,乡村红色文化空间场景化构建研究——基于临沂市常山庄村的实证,赵鹏飞;郭林兵;姚子刚;等,2025,南方建筑,10.3969/j.issn.1000-0232.2025.11.002,journal article,zh,ARCH_DES_HER,T3
CITING-WORK-0FD5CE013871,乡村教师身份认同的区隔及突破——一种文化学的视角,陈振中;曾俊豪;张洪娟,2023,当代教育科学,10.3969/j.issn.1672-2221.2023.11.006,journal article,zh,EDUCATION,T3
CITING-WORK-4113E3BA9347,乡村旅游体验场景对心理恢复的作用机制研究——兼论地方依恋的中介作用,刘卫梅;林德荣,2024,旅游学刊,10.19765/j.cnki.1002-5006.2024.03.014,journal article,zh,TOUR_HOSP,T3
CITING-WORK-05A7AFA41608,乡村振兴视域下农村传统公共文化空间的复兴与重构 ——基于江西莲花县村落祠堂的调研,贺一松;王小雄;贺雨昕;等,2019,农林经济管理学报,10.16195/j.cnki.cn36-1328/f.2019.06.89,journal article,zh,RURAL_AGRI,T3
CITING-WORK-CC9021205513,乡村振兴战略背景下涉农社区公共文化空间重塑研究,杨铱;熊丙全;李谦,2024,农村实用技术,,journal article,zh,RURAL_AGRI,T3
CITING-WORK-63FD71DC5B20,乡村振兴战略背景下乡村公共文化空间重构研究,刘玉堂;高睿霞,2020,江汉论坛,,journal article,zh,INTERDISC_OTHER,T3
CITING-WORK-401BE4AC7AEE,乡村振兴战略中雄安新区文化创新发展研究,齐骥;刘晓菲,2019,西安财经学院学报,10.3969/j.issn.1672-2817.2019.03.008,journal article,zh,ECON_BUS_CONS,T3
CITING-WORK-0CE233C3306B,新疆维吾尔传统民居空间布局与伦理秩序研究——以伊犁与喀什地区为考察对象,曾槟文;魏鹏郦;张睿智,2024,艺术与设计,,journal article,zh,ARCH_DES_HER,T3
CITING-WORK-B16C42656277,新时代文化创意旅游发展的内在逻辑与实践探索,余召臣,2022,四川师范大学学报（社会科学版）,10.13734/j.cnki.1000-5315.2022.02.010,journal article,zh,INTERDISC_OTHER,T3
CITING-WORK-7284CF741F3C,新时代中国乡村公共文化空间的发展趋势,吴焜;李林,2020,上海城市管理,10.3969/j.issn.1674-7739.2020.03.013,journal article,zh,SOC_POLICY,T3
CITING-WORK-1DEA1FEC3BF3,新时代中华武术精神的演进与发展研究,张琳,2022,武术研究,10.3969/j.issn.1004-5643.2022.01.013,journal article,zh,SPORT_LEISURE,T3
CITING-WORK-C83000039918,新型青年自组织与公共空间再造——基于706青年空间的考察,杨春;郭良文,2023,中国青年研究,10.3969/j.issn.1002-9931.2023.01.007,journal article,zh,SOC_POLICY,T3
CITING-WORK-DF687BD013EB,新中国乡村公共文化空间的历史变迁与振兴路径,柯晓兰,2020,成都行政学院学报,,journal article,zh,SOC_POLICY,T3
CITING-WORK-E6C1B92DE667,信息资源管理视角下的场景概念及场景分析模型,秦春秀;马茜茜;马续补;等,2024,图书情报工作,10.13266/j.issn.0252-3116.2024.13.007,journal article,zh,INFO_TECH,T3
CITING-WORK-8D916A490075,"雄安新区""智慧城市""建设基本架构与路径——基于场所和流动空间视角",杨会良;杨秀丹,2018,河北大学学报（哲学社会科学版）,10.3969/j.issn.1005-6378.2018.04.008,journal article,zh,INTERDISC_OTHER,T3
CITING-WORK-034BE16ABBCD,雄安新区城市化过程中乡土文化的建构,刘潇;王宏;熊英,2019,中共石家庄市委党校学报,10.3969/j.issn.1009-0169.2019.03.011,journal article,zh,SOC_POLICY,T3
CITING-WORK-D54CDA452124,休闲学视角下社区公共文化空间优化路径研究,蒋曼曼,2025,品牌研究,10.3969/j.issn.2096-1847.2025.29.044,journal article,zh,ECON_BUS_CONS,T3
CITING-WORK-E5E843AE5E1E,虚拟文化空间场景维度及评价研究——以“云游博物馆”为例,陈波;彭心睿,2021,江汉论坛,10.3969/j.issn.1003-854X.2021.04.018,journal article,zh,INTERDISC_OTHER,T2
CITING-WORK-54C83A65EEE7,学习型乡村场景营造:价值意蕴与推进路径,赵雨;何爱霞,2026,职教论坛,10.3969/j.issn.1001-7518.2026.03.015,journal article,zh,EDUCATION,T3
CITING-WORK-1E2A040B5334,要素赋能与场景营造:乡村民宿产业发展的内在逻辑,杨发祥;李金梦,2025,社会发展研究,,journal article,zh,SOC_POLICY,T3
CITING-WORK-128F1A5FCD67,业态更迭视域下旅游休闲街区场景营造策略研究——以临海紫阳街为例,吴怡;刘敏,2026,西部旅游,10.3969/j.issn.1006-2629.2026.03.014,journal article,zh,TOUR_HOSP,T3
CITING-WORK-9765D486D29A,"移动互联网时代下的""场景理论""研究",苗慧,2019,西部广播电视,10.3969/j.issn.1006-5628.2019.13.001,journal article,zh,CULT_MEDIA,T2
CITING-WORK-2FD9657DFF71,以圈头音乐会为代表的雄安新区非遗传承发展研究,孙潇雨,2020,石家庄学院学报,,journal article,zh,CULT_MEDIA,T3
CITING-WORK-62D4FA067CFD,以文化场景为核心的城市风貌特色研究——以江西省宜丰县中心城区为例,吴昕潞;杨建军,2025,中外建筑,10.19940/j.cnki.1008-0422.2025.02.008,journal article,zh,ARCH_DES_HER,T3
CITING-WORK-B3D324B5843A,"以文化动力驱动杭州""宜居天堂""建设的思考",王志强;邹宏秋,2024,宁波开放大学学报,10.3969/j.issn.1672-3724.2024.01.012,journal article,zh,INTERDISC_OTHER,T3
CITING-WORK-F6201DD8D2F5,异质性空间视角下短视频“地方感”的多重实践,付若岚;周澄,2021,新闻界,,journal article,zh,CULT_MEDIA,T3
CITING-WORK-072F1F116E95,因类施策促进战略性新兴产业集群发展,李欣峰;张晓燕,2019,现代管理科学,10.3969/j.issn.1007-368X.2019.12.009,journal article,zh,ECON_BUS_CONS,T3
CITING-WORK-2D9C8DC8C685,影响中国农村居民文化参与的因素研究——以江西省三村九十户调查为例,陈波;邵羿凌,2018,中国软科学,10.3969/j.issn.1002-9753.2018.12.006,journal article,zh,INTERDISC_OTHER,T3
CITING-WORK-69DDD3DDF521,用文化破解创新困境:以博物馆为例,周冬;焦思恬,2025,产业经济评论,10.19313/j.cnki.cn10-1223/f.20250604.004,journal article,zh,ECON_BUS_CONS,T3
CITING-WORK-DEE941E0DAFB,长春市杨家烧锅村公共文化空间场景建构策略研究,王科奇;胡馨月,2025,安徽建筑,10.16330/j.cnki.1007-7359.2025.6.05,journal article,zh,ARCH_DES_HER,T3
CITING-WORK-0487D7834A9D,政府购买语境下乡村公共文化空间治理创新研究,龚蛟腾;洪芳林,2023,高校图书馆工作,10.3969/j.issn.1003-7845.2023.05.001,journal article,zh,INFO_TECH,T3
CITING-WORK-5B1B73F8446E,职业教育与地域非物质文化遗产传习的融合创新实践,曲再鸣;金淦英,2026,湖州职业技术学院学报,10.13690/j.cnki.hzyxb.issn.1672-2388.2026.01.10,journal article,zh,EDUCATION,T3
CITING-WORK-21D7CF8F1BBB,智慧城市空间理论与规划实践,王飞飞;刘艳梅;张刘引,2021,工程建设与设计,10.13616/j.cnki.gcjsysj.2021.01.204,journal article,zh,ARCH_DES_HER,T3
CITING-WORK-5E160BD2562B,中国乡村公共文化空间研究回顾与展望,苗美娟,2023,农业图书情报学报,10.13998/j.cnki.issn1002-1248.23-0222,journal article,zh,INFO_TECH,T2
CITING-WORK-6605D139644C,主体互惠:平衡乡村公共文化空间生产的标准化与差异化——基于政治机会结构理论的分析,贺芒;简娟凤,2021,北京行政学院学报,10.3969/j.issn.1008-7621.2021.05.005,journal article,zh,SOC_POLICY,T3
CITING-WORK-975F8A0BE91B,作为场景的体育竞赛表演:赛事与城市的互动再定义,徐靖芮;王学实,2020,武汉体育学院学报,,journal article,zh,SPORT_LEISURE,T3
CITING-WORK-3ED1E82EB2D1,作为文化空间的老城区有机更新研究——以淮安为例,刘志刚;赵科印,2024,淮阴师范学院学报（哲学社会科学版）,10.3969/j.issn.1007-8444.2024.06.015,journal article,zh,INTERDISC_OTHER,T3
CITING-WORK-178BC18B9AC5,VR社交驱动新型城市交往实践研究,张为,2020,青年记者,,journal article,zh,CULT_MEDIA,T3
CITING-WORK-F14F849CB20E,Z世代偏好下天目里美术馆的空间生产研究,汤子云;斯震,2025,城市建筑,10.19892/j.cnki.csjz.2025.06.36,journal article,zh,ARCH_DES_HER,T3
CITING-WORK-C6C9094DDDD5,基于场景理论的城市中心区轨道站域公共空间优化策略研究--以重庆嘉州路站点为例,陈幸,2024,重庆大学,,master thesis,zh,ARCH_DES_HER,T3
CITING-WORK-35244EEE12CD,基于场景理论的杭州主题图书馆文化场景建构研究,董天,2023,华中师范大学,,master thesis,zh,CULT_MEDIA,T3
CITING-WORK-C9C60A908C15,场景理论下城市商业综合体公共空间营造的策略研究,杨轶薇,2025,北京交通大学,,thesis,zh,ARCH_DES_HER,T2
CITING-WORK-C5D16BB2B3FB,场景视角下武商集团数智赋能对企业绩效的影响研究,王雪琳,2024,重庆工商大学,,thesis,zh,ECON_BUS_CONS,T2
CITING-WORK-E9436A705A37,基于场景理论的安徽省文旅舒适物空间分布及影响因素研究,曹文佳;王乃举,2026,南京师大学报（自然科学版）,10.3969/j.issn.1001-4616.2026.02.004,journal article,zh,URBAN_PLAN_GEO,T3
CITING-WORK-F99EBF7262B7,基于场景理论的南昌万寿宫历史文化街区旅游业态与优化策略研究,李阳,2025,江西师范大学,,master thesis,zh,TOUR_HOSP,T3
CITING-WORK-DD63067DBC1B,2014年我国房地产市场展望与预测,董志;董纪昌;吴迪;等,2014,中国科学院院刊,10.3969/j.issn.1000-3045.2014.02.012,journal article,zh,ECON_BUS_CONS,T2
CITING-WORK-8D3CF0DCE021,并未消失的地理:场景感知、地理媒介与人地关系变化,尕藏草,2022,数字人文研究,,journal article,zh,CULT_MEDIA,T2
CITING-WORK-93AF1BB5BF1D,参与式设计介入乡村振兴的可为及相关问题思考,李晓瑜,2022,美与时代（上旬刊）,,journal article,zh,ARCH_DES_HER,T3
CITING-WORK-DD49AF6C2F99,蚕种场工业遗产的场景再塑——苏州浒墅关蚕里街区保护性再生设计,陈泳;陶曼丽;刘勇,2024,,,thesis,zh,ARCH_DES_HER,T2
CITING-WORK-7DF64772B9BD,场景赋能红色文化旅游发展的理论逻辑与多维路径,邵明华;杨甜甜,2022,兰州大学学报（社会科学版）,10.13885/j.issn.1000-2804.2022.06.009,journal article,zh,TOUR_HOSP,T3
CITING-WORK-42D7A85EF476,场景理论视域下成都大运会场馆赛后可持续利用研究,李佳歆,2025,文体用品与科技,10.3969/j.issn.1006-8902.2025.19.019,journal article,zh,SPORT_LEISURE,T3
CITING-WORK-3D490C5752D9,场景理论视域下非遗馆建设研究,徐金龙;汪婷婷,2023,长江大学学报（社会科学版）,10.3969/j.issn.1673-1395.2023.06.007,journal article,zh,ARCH_DES_HER,T3
CITING-WORK-F971F9C1BE53,场景理论视域下闽东木拱廊桥的文化传承空间再构,钟伯雄;朱利峰,2025,北京联合大学学报,10.16255/j.cnki.ldxbz.2025.06.008,journal article,zh,ARCH_DES_HER,T2
CITING-WORK-79E114309979,场景理论视域下我国大型体育赛事体育展示构建研究,王峻寅,2024,南京体育学院,,thesis,zh,SPORT_LEISURE,T2
CITING-WORK-113DE831AD85,场景理论下赵王城遗址公园文创的沉浸式设计研究,李子翔,2024,燕山大学,,master thesis,zh,ARCH_DES_HER,T3
CITING-WORK-11DEE98B0EBF,场景视域下乡村旅游目的地文旅融合发展路径——以安徽省黟县宏村为例,张莹;郑颖;李贵,2022,湖北文理学院学报,10.3969/j.issn.1009-2854.2022.08.002,journal article,zh,TOUR_HOSP,T3
CITING-WORK-EACF9480CB5B,沉浸式文旅新业态的场景化创新及价值创造——基于长安十二时辰主题街区的案例研究,畅攀,2024,西安外国语大学,,thesis,zh,TOUR_HOSP,T3
CITING-WORK-EE882F9F0169,城市道路密度能否提升消费活力？-基于OSM和大众点评网的微观检验,王荣,2024,上海财经大学,,master thesis,zh,ECON_BUS_CONS,T2
CITING-WORK-59CDD0EE7E28,"从""田园城市""到""公园城市"" ——城市发展新范式下公众健康导向的人居环境营建",孙秀锋;沈丽萍;田永莲;等,2022,西南大学学报（自然科学版）,10.13718/j.cnki.xdzk.2022.05.025,journal article,zh,URBAN_PLAN_GEO,T2
CITING-WORK-33C43D8F7908,大运河文化遗产与民族国家记忆建构,路璐;许颖,2021,浙江学刊,,journal article,zh,CULT_MEDIA,T3
CITING-WORK-BA87C8B841F1,非遗生态博物馆:理论渊源、内在逻辑与实践路径,贾璐璐;郭永平,2024,中北大学学报（社会科学版）,10.3969/j.issn.1673-1646.2023113,journal article,zh,ARCH_DES_HER,T2
CITING-WORK-9703E49D6848,公共文化空间研究的发展脉络与前沿探讨,耿达;戴颖桢,2025,社会科学动态,,journal article,zh,CULT_MEDIA,T3
CITING-WORK-56D9715042B9,国际消费中心城市评估指标体系构建及广州建设方案研究,张小英,2022,城市观察,10.3969/j.issn.1674-7178.2022.03.002,journal article,zh,ECON_BUS_CONS,T3
CITING-WORK-F3A44B21838B,基于场景理论的城市房地产价值研究,王晨晨,2015,中国科学院大学,,master thesis,zh,ECON_BUS_CONS,T3
CITING-WORK-F40DF73A870D,基于场景理论的大学校园党建文化景观更新设计——以昌吉学院为例,马海龙;杨桂,2024,大众文艺,10.20112/j.cnki.ISSN1007-5828.2024.06.046,journal article,zh,ARCH_DES_HER,T3
CITING-WORK-A38F90B3E5D0,基于场景理论的非遗文创设计策略研究--以宁海传统戏台建造技艺为例,王蓥倩,2024,东华大学,,master thesis,zh,ARCH_DES_HER,T3
CITING-WORK-4CFE5CC7E985,基于场景理论的梁子岛旅游景区品牌形象设计研究,赵炜,2023,湖北工业大学,,master thesis,zh,ARCH_DES_HER,T3
CITING-WORK-779AF9D086EC,基于场景理论的南京纪念性主题公园景观设计研究,倪庆,2022,东南大学,,master thesis,zh,ARCH_DES_HER,T3
CITING-WORK-F62C20E9E5B9,基于场景理论的文创园品牌形象构建研究,吴昱东,2023,大众文艺,10.3969/j.issn.1007-5828.2023.02.072,journal article,zh,CULT_MEDIA,T3
CITING-WORK-7DDDF930B87C,基于agent-based model的住房市场演化问题研究,邓琳;闫妍;朱晓武;等,2015,系统工程理论与实践,,journal article,zh,ECON_BUS_CONS,T2
CITING-WORK-4555C8363E04,论乡村公共文化空间的建构与功能 ——以浙西南平卿村为例,贺少雅,2019,东方论坛,10.3969/j.issn.1005-7110.2019.03.012,journal article,zh,SOC_POLICY,T2
CITING-WORK-D8C39F1CE3EB,人工智能应用场景的界定与开发,李梦薇;徐峰;高芳,2021,中国科技论坛,,journal article,zh,INFO_TECH,T3
CITING-WORK-160BDEF658E9,生态移民安置社区文化舒适物作用机制研究--以淄博市高青县W社区为例,韩雅鑫,2023,山东理工大学,,master thesis,zh,SOC_POLICY,T3
CITING-WORK-F3408F410387,首发经济赋能消费升级的理论逻辑与作用机制,丁任重,2025,广东社会科学,10.3969/j.issn.1000-114X.2025.04.001,journal article,zh,ECON_BUS_CONS,T2
CITING-WORK-F6D0C52682D1,数字化时代的场景主义,夏蜀,2019,文化纵横,10.3969/j.issn.1674-4608.2019.05.010,journal article,zh,ECON_BUS_CONS,T3
CITING-WORK-4245CBFFEE88,"探索""泛在""生活中共享家居设计的契机",王倩慧;方璟;蒋红斌;等,2026,家用电器,10.3969/j.issn.1002-5626.2026.03.010,journal article,zh,ARCH_DES_HER,T3
CITING-WORK-0C8B617B4614,乡村场景化治理的实践策略,向德平;王利娜,2025,社会科学战线,10.3969/j.issn.0257-0246.2025.12.028,journal article,zh,SOC_POLICY,T3
CITING-WORK-85411B90ACA8,乡村公共文化空间的构建分析,陈自满;疏仁华,2023,合肥学院学报（综合版）,10.3969/j.issn.1673-162X.2023.03.014,journal article,zh,SOC_POLICY,T2
CITING-WORK-99084E08AE74,乡村文化空间营造:中国乡村文化治理的空间转向,傅才武;李俊辰,2022,深圳大学学报（人文社会科学版）,10.3969/j.issn.1000-260X.2022.05.001,journal article,zh,CULT_MEDIA,T2
CITING-WORK-8AFA21430C5E,虚拟文化空间叙事主题的意义建构与组织秩序,顾正彤;卢章平,2023,深圳大学学报（人文社会科学版）,10.3969/j.issn.1000-260X.2023.02.007,journal article,zh,CULT_MEDIA,T2
CITING-WORK-8A605B94A79B,虚实相生元宇宙视角下的图书馆特藏建设实践探究,李璟致,2024,信息与管理研究,10.3969/j.issn.2096-2827.2024.05.007,journal article,zh,INFO_TECH,T2
CITING-WORK-0039023C7B7D,移动短视频:视觉文化表征、意识形态图式与未来发展图景,林峰,2019,海南大学学报（人文社会科学版）,,journal article,zh,CULT_MEDIA,T3
CITING-WORK-CB9498F42519,智能算法对铸牢中华民族共同体意识场景的再构研究,马里丫葭;马若驰,2023,民族学刊,10.3969/j.issn.1674-9391.2023.08.005,journal article,zh,CULT_MEDIA,T2
CITING-WORK-EB26987B93F0,Investigating the Creation of Cultural Atmospheres in Physical Bookstores Within the Context of Scene-Based Consumption:A Perspective Based on the Ways of Seeing,Chai Dongdong;He Jiani,2024,当代社会科学（英文版）,10.19873/j.cnki.2096-0212.2024.03.006,journal article,zh,CULT_MEDIA,T3
CITING-WORK-7D2CC5674356,基于景感营造的成都市主城区社区公园景观场景设计研究,曾琴,2024,四川农业大学,,thesis,zh,ARCH_DES_HER,T3
CITING-WORK-82D59668C03E,走向建筑现象学：基于扎根理论的西西弗书店场景传播与场所精神研究,李金正;杜澯一,2024,出版发行研究,10.19393/j.cnki.cn11-1537/g2.2024.09.017,journal article,zh,CULT_MEDIA,T2
CITING-WORK-944D4E62328B,哈尔滨市居民日常户外活动空间的公共艺术设计策略研究,赵薇,2025,哈尔滨工业大学,,master thesis,zh,ARCH_DES_HER,T2
CITING-WORK-19541D373EFA,杭州市下城区公共文化空间演变影响因素与成效评价研究,陈银超,2019,杭州师范大学,,master thesis,zh,INTERDISC_OTHER,T3
CITING-WORK-CD308F6B0453,集体记忆视角下老旧社区空间场景化营造研究--以西安土门庆安街坊为例,景晓婷,2019,"活力城乡 美好人居——2019 中国城市规划年会论文集 …,",,conference paper,zh,URBAN_PLAN_GEO,T2
CITING-WORK-0DA5BFE61E04,农户住房选择行为研究——基于家庭制度视角,焦光前,2022,石河子大学,,doctoral thesis,zh,ECON_BUS_CONS,T2
CITING-WORK-5035B5120E97,天津市主城区老旧小区闲置空间更新改造研究,郭卫兵;胡奥荻,2024,建筑与文化,,journal article,zh,ARCH_DES_HER,T3
CITING-WORK-72C110592ACF,文化企业管理创新的影响因素及其形成机制研究,张振鹏,2023,东岳论丛,10.15981/j.cnki.dongyueluncong.2023.06.012,journal article,zh,ECON_BUS_CONS,T2
CITING-WORK-9F1F947FE06C,文旅融合背景下乡村公共文化空间高质量发展的行动路径——基于慈溪市的调查,吴欣欣;张超民,2025,图书馆界,,journal article,zh,CULT_MEDIA,T3
CITING-WORK-108F5161E1E5,文旅融合视域下景德镇三宝村复合型书店空间场景设计研究,屈铭慧,2025,南昌大学,,thesis,zh,ARCH_DES_HER,T2
CITING-WORK-730E18BB2460,文物资源的国家认同提升机制研究——以文物普查和博物馆免费开放为例,何晓雷,2021,武汉大学,,thesis,zh,SOC_POLICY,T3
CITING-WORK-045631774745,现代公共文化服务体系建设中农民主体性实现机制研究——基于四川省G镇的分析,王腾飞,2023,兰州大学,,master thesis,zh,SOC_POLICY,T2
CITING-WORK-4F98E630E260,乡村振兴视域下公共文化空间的数字化重塑,尹召凯;孟衍旭,2025,出版广角,,journal article,zh,CULT_MEDIA,T2
CITING-WORK-A08E0443A249,消费城市研究：内涵、机制及测评,叶胥,2016,西南财经大学,,thesis,zh,ECON_BUS_CONS,T3
CITING-WORK-D38CBAF2A894,城市文化空间理性内涵与优化路径,赵婉彤,2021,西安电子科技大学,,thesis,zh,SOC_POLICY,T2
CITING-WORK-C0BD465DEFC3,幕布后的表演--场景理论视角下的网络直播,杨冉,2017,安徽大学,,master thesis,zh,CULT_MEDIA,T3
CITING-WORK-D7B1BC6E5831,苏州地方传统生活与手工艺设计发展研究,张彰,2024,中国美术学院,,thesis,zh,ARCH_DES_HER,T2
CITING-WORK-A8CA86C2DB38,中国新消费发展：指数测度、影响因素及政策效果,龙燕妮,2024,西南财经大学,,doctoral thesis,zh,ECON_BUS_CONS,T2
CITING-WORK-AA289818B018,G分行场景化金融业务发展问题研究,劳晨晖,2020,广西大学商学院,,thesis,zh,ECON_BUS_CONS,T2
CITING-WORK-02170E7436B4,场景理论视域下数字化协同办公产品交互设计方法与策略研究,包沁容,2024,东南大学,,master thesis,zh,ARCH_DES_HER,T2
CITING-WORK-D16E628BA2E6,专业镇品牌的突围:场景化营销的实践、困境与突破策略,王宇娟,2025,经济师,,journal article,zh,ECON_BUS_CONS,T3
CITING-WORK-70B8C66FDEF3,“未来乡村”场景传导与规划策略研究,江佳遥;王宇乾;倪彬;陈芳芳;王喆妤,2024,小城镇建设,10.3969/j.issn.1009-1483.2024.07.004,journal article,zh,URBAN_PLAN_GEO,T1
CITING-WORK-5829A3F0A709,数字化时代图书营销策略的转型与创新研究,黎秀军;冉婷婷,2025,电子商务评论,10.12677/ecl.2025.1461957,journal article,zh,ECON_BUS_CONS,T1
CITING-WORK-6E5560FB8E08,网络时代《西游记》同人文艺的创作与传播,雷成佳,2025,艺术学刊,10.62662/ysxk0102001,journal article,zh,CULT_MEDIA,T1
CITING-WORK-933E0C083B3A,数字媒体时代地域的“消失”与“回归”——从梅罗维茨《消失的地域》谈起,邓梦圆,2025,人文学刊,10.71411/rwxk.2025.v1i2.361,journal article,zh,CULT_MEDIA,T1
CITING-WORK-7E703A506607,国内女性游戏玩家刻板印象研究及成因分析,蒋豪,2022,社会科学前沿,10.12677/ass.2022.115236,journal article,zh,CULT_MEDIA,T1
CITING-WORK-FF25EC3BF457,数字孪生应用下大连历史建筑艺术化改造的文旅商业新范式,曲德森,2025,电子商务评论,10.12677/ecl.2025.14123870,journal article,zh,TOUR_HOSP,T1
CITING-WORK-3618FB4DDB3B,中国式现代化视域下红色文化教育创新路径探析,林细莲;蔡泽填;郭卫琳,2024,广东省社会主义学院学报,10.3969/j.issn.1671-6949.2024.02.019,journal article,zh,SOC_POLICY,T1
CITING-WORK-24013EEFC0EA,Spatial Allocation and Optimization of Park Scenarios Based on Public Health Needs,Yu Zheng;Qiuyang Cai;Hong Lin;Ruiyu Xia;Dan Lin;Ruofei Li;Zhipeng Zhu;Siren Lan,2026,Forests,10.3390/f17070819,journal article,en,URBAN_PLAN_GEO,T2
CITING-WORK-12DB31F25921,Study on the Coupling Coordination Relationships and Driving Factors of “Ecology–Humanities–Technology” in Traditional Villages of the Xinjiang Oasis,Zhun Li;Jianming Ye;Yukang Li;Yukang Li;Yingbin Li;Yingbin Li;Mengmeng Zhu,2025,Land,10.3390/land14061249,journal article,en,RURAL_AGRI,T2
CITING-WORK-9244C906563E,Optimized Design of Cultural Space in Wuhan Metro: Analysis and Reflection Based on Multi-Source Data,Zhengcong Wei;Yingsong Hu;Yile Chen;Tianjia Wang,2025,Buildings,10.3390/buildings15132201,journal article,en,ARCH_DES_HER,T2
CITING-WORK-AE6391330057,The Relationship Between Representational Culture of Decorative Walls in Subway Stations and Commuters’ Spatial Perception: A Case Study of Ping’anli Station in Beijing,Zhifen Cheng;Yuliang Guo,2026,Applied Sciences,10.3390/app16021107,journal article,en,ARCH_DES_HER,T2
CITING-WORK-2EE1C4D869EF,"Adaptive Reuse of Industrial Heritage in Mining Towns Based on Scene Theory: A Case Study of Meitanba Town, China",Junyang Wu;Guohui Ouyang;Yi Wang;Feixuan He;Ruitao He,2026,Buildings,10.3390/buildings16071317,journal article,en,ARCH_DES_HER,T2
CITING-WORK-67488835CAD5,All-age-friendly community commercial spaces: analyzing consumption demands and scenario planning in neighbourhood centres,Liang Zhang;Yuyan Wu;Xintian Zhang;Xiangyu Meng;Zhengwei Xia,2026,Journal of Asian Architecture and Building Engineering,10.1080/13467581.2026.2706264,journal article,en,ARCH_DES_HER,T2
CITING-WORK-E73218AA933E,Multidimensional Perception Evaluation and Spatial Reconstruction of Industrial Heritage Tourism Sites Through Scene Theory: Evidence from Dianping UGC at Eight Sites in Wuhan,Hongjie Xie;Shuanglong Chen;Yusu Xu;Wei Zhang,2026,Buildings,10.3390/buildings16173372,journal article,en,ARCH_DES_HER,T2
CITING-WORK-0EFA86A750D4,A Dynamic Model of Housing Wealth Effect: Based on the Diversity of Wealth Expectations,Danxiao Jiao;Di Wu;Xiuting Li;Jichang Dong;Desheng Wu,2014,系统科学与信息学报(英文),10.1515/jssi-2014-0047,journal article,en,ECON_BUS_CONS,T2
CITING-WORK-8D9320A45E94,自我一致性视角下星巴克消费者品牌体验与形成机制,何洁;曹婧;蔡晓梅,2023,旅游学刊,10.19765/j.cnki.1002-5006.2023.10.008,journal article,zh,TOUR_HOSP,T2
CITING-WORK-29ABC31D400E,场景空间景观艺术照明设计研究,唐唯嘉,2020,装饰装修天地,,journal article,zh,ARCH_DES_HER,T3
CITING-WORK-21406E7C502B,剪纸世界的真与幻,单莹莹,2016,工业设计,,journal article,zh,ARCH_DES_HER,T2
CITING-WORK-14E05976A161,羌族火塘设计的文化内涵,张犇,2010,民族艺术研究,10.3969/j.issn.1003-840x.2010.03.021,journal article,zh,CULT_MEDIA,T3
CITING-WORK-02C90EE2F1EC,从审美认同到文化认同:贵州民族地区博物馆铸牢中华民族共同体意识的美学路径,肖丽娅,2026,贵州民族研究,10.13965/j.cnki.gzmzyj10026959.2026.01.008,journal article,zh,CULT_MEDIA,T3
CITING-WORK-7787BCEE8097,"声音中的""烟火气""——武汉花鸟市场的地方记忆与情感空间",陈秋实,2026,北方传媒研究,,journal article,zh,ECON_BUS_CONS,T3
CITING-WORK-A4943FCE4FB3,场景理论视角下的城市文商旅融合机制研究,苏振文,2026,新闻世界,,journal article,zh,URBAN_PLAN_GEO,T3
CITING-WORK-BD971D05C1E6,数智化视角下广州市公共文化服务的转型路径探究,王样,2026,智能城市,10.19301/j.cnki.zncs.2026.01.025,journal article,zh,CULT_MEDIA,T3
CITING-WORK-51DAEA16D692,乡村新型公共文化空间的发展模式与优化路径研究,苗美娟;罗喆;冯偌涵,2026,农业图书情报学报,10.13998/j.cnki.issn1002-1248.26-0097,journal article,zh,INFO_TECH,T2
CITING-WORK-147BD0274B7E,体育赛事举办对市民公共文明行为与综合满意度指数影响的研究,张禾,2010,体育与科学,10.3969/j.issn.1004-4590.2010.06.017,journal article,zh,SPORT_LEISURE,T2
CITING-WORK-D37E24CE1458,经验学习圈理论视域下课前微分享机制研究——基于中共莲都区委党校的实践,林梦佳,2025,贵阳市委党校学报,10.3969/j.issn.1008-780x.2025.06.009,journal article,zh,EDUCATION,T3
CITING-WORK-20D085226E1F,文化生产视角下地域文化元素在品牌包装中的研究与设计 ——以西关大屋为例,康艺方;张超,2022,湖南包装,10.19686/j.cnki.issn1671-4997.2022.01.032,journal article,zh,ARCH_DES_HER,T2
CITING-WORK-E0A09C649CE8,新媒体视域下陕西红拳的传承与创新开发路径研究,宋小乐,2024,文化创新比较研究,10.3969/j.issn.2096-4110.2024.08.016,journal article,zh,CULT_MEDIA,T2
CITING-WORK-D2D71A900FBE,创业认知、创业拼凑与企业家创业发展,龙梅兰,2026,辽宁工程技术大学学报（社会科学版）,10.11955/j.issn.1008-391x.20250160,journal article,zh,ECON_BUS_CONS,T3
CITING-WORK-E1E84D68D742,文化基因视角下的滕州市北台村景观更新设计研究,吴天宇,2025,,,thesis,zh,ARCH_DES_HER,T3
CITING-WORK-CD126CBC9474,景区、园区、社区“三区共建”模式研究--以五莲山文旅片区为例,郑勇山,2025,,,thesis,zh,TOUR_HOSP,T3
CITING-WORK-15559C7AF6A1,宋韵背景下杭州历史文化街区空间营造提升研究--以御街二十三坊为例,许晴,2023,,,thesis,zh,ARCH_DES_HER,T3
CITING-WORK-454D26DDB200,基于情境认知的生态科普AR动画设计研究,邢羽茜,2024,,,thesis,zh,INTERDISC_OTHER,T3
CITING-WORK-F7DA7BA518C1,社区公共空间质量对居民主观福祉的影响机制及政策建议,涂倩怡,2025,,,thesis,zh,URBAN_PLAN_GEO,T3
CITING-WORK-11EB3469947D,新质生产力背景下吉林市冰雪旅游发展现状及策略,佚名,,,,thesis,zh,TOUR_HOSP,T3
CITING-WORK-C4236D01FC4D,数媒时代人工智能、影视与数字博物馆在文旅融合中应用,万迪健,2025,声屏世界,10.3969/j.issn.1006-3366.2025.15.022,journal article,zh,TOUR_HOSP,T3
CITING-WORK-63E61F351A77,小议老旧街区的规划设计和维护更新,崔明,2026,居业,10.3969/j.issn.2095-4085.2026.03.040,journal article,zh,ARCH_DES_HER,T3
CITING-WORK-D82C5510B447,基于场景理论的高校思想政治教育空间建构研究,陶姝成,2023,浙江工商职业技术学院学报,10.3969/j.issn.1671-9565.2023.03.013,journal article,zh,EDUCATION,T3
CITING-WORK-EA8BEB5D9901,从附近出发:城市实体书店在地化场景构建的应然图景与纾困之策,王艳玲;周倩娜;徐冰涛,2025,出版广角,10.16491/j.cnki.cn45-1216/g2.2025.06.015,journal article,zh,CULT_MEDIA,T2
CITING-WORK-C3168BEDBA7A,流量赋能型内容产品的跨场景价值跃迁研究,贾婧,2026,传播力研究,,journal article,zh,CULT_MEDIA,T3
CITING-WORK-6F4333FB929A,邻里中心运营模式对建筑空间效能的影响机理——基于三个案例的研究,朱小雷;肖菁琳,2026,南方建筑,10.3969/j.issn.1000-0232.2026.04.002,journal article,zh,ARCH_DES_HER,T2
CITING-WORK-33E84B5DE5C7,核心素养视域下高校体育教育专业武术普修课课程思政建设研究,张得明,2025,,,thesis,zh,EDUCATION,T3
CITING-WORK-0B36342895A7,新消费业态培育城市经济发展新动能的驱动逻辑、供需结构性矛盾与场景化供给体系构建,张超,2025,改革与战略,10.16331/j.cnki.issn1002-736x.2025.03.037,journal article,zh,ECON_BUS_CONS,T3
CITING-WORK-707A6ACC55B2,“村BA”赋能城乡体育融合发展的机理、困境与路径研究--基于宜春袁州区乡镇实地调查,胡嘉阳,2025,,,thesis,zh,SPORT_LEISURE,T3
CITING-WORK-036BC3203D22,基于CiteSpace的花园城市研究知识图谱可视化分析,李佳怡,2025,农业科技与信息,10.3969/j.issn.1003-6997.2025.10.019,journal article,zh,RURAL_AGRI,T3
CITING-WORK-D4884830F5C6,疗愈经济背景下城市独立书店的盈利模式创新路径,王锦华;信莉丽,2026,出版广角,10.16491/j.cnki.cn45-1216/g2.2026.03.016,journal article,zh,CULT_MEDIA,T2
CITING-WORK-41CF1255C099,生活性保护视域下国内外饮食类非遗研究比较分析——基于科学知识图谱的可视化分析,翟姗姗;徐凤晨;莫佳音,2024,情报科学,10.13833/j.issn.1007-7634.2024.07.017,journal article,zh,INFO_TECH,T2
CITING-WORK-DE3EF355A3E5,张家界市政务微信运营研究,丁诗朗,2020,,,thesis,zh,INTERDISC_OTHER,T3
CITING-WORK-85FF5AC12CCF,非遗符号的消费场景营造——肇庆与广佛商业空间微更新对比,张清;唐芳利,2025,天工,10.3969/j.issn.2095-7556.2025.33.008,journal article,zh,ECON_BUS_CONS,T3
CITING-WORK-F3539127D26F,新媒体视域下脱口秀喜剧综艺节目传播策略探析——以《喜剧之王单口季》为例,芮群思;张飞相,2025,新媒体研究,10.3969/j.issn.2096-0360.2025.15.016,journal article,zh,CULT_MEDIA,T2
CITING-WORK-E736B79CFF9C,2025年社会工作研究年度进展述评,何雪松;于钰;缪妙,2026,社会工作与管理,10.3969/j.issn.2096-7640.2026.02.001,journal article,zh,SOC_POLICY,T3
CITING-WORK-7D4981E1269B,环境育人导向下的中学校园环境设计研究,田佳航,2024,,,thesis,zh,EDUCATION,T3
CITING-WORK-3A5705B48DE5,诗意栖居:数智时代儿童与自然关系的异化和重建,沈婧;严从根,2026,教育学展望,,journal article,zh,EDUCATION,T3
CITING-WORK-6BC3FFB9258B,商业街区的集体记忆空间建构研究——以商城县平安驿逗街项目为例,刘敏;从旺都吉;赵亢瑢,2025,华中建筑,,journal article,zh,ARCH_DES_HER,T2
CITING-WORK-C34BBCAF42EE,智慧城市背景下社区数字化建设研究——基于金华市的调研,胡志明;刘畅;张辰悦,2023,科技创业月刊,10.3969/j.issn.1672-2272.202302014,journal article,zh,INFO_TECH,T3
CITING-WORK-EBF62483C3F8,场景理论视域下乡村体育公共文化空间形塑研究,叶涛,2024,,,thesis,zh,RURAL_AGRI,T3
CITING-WORK-9612B9A5D702,全息成像与实景演出的空间融合技术,严汉增,2025,家庭影院技术,10.3969/j.issn.1008-0945.2025.20.021,journal article,zh,INTERDISC_OTHER,T3
CITING-WORK-6C25DD55D825,公共图书馆茶旅融合的逻辑与发展策略,郭延君,2026,福建茶叶,10.3969/j.issn.1005-2291.2026.03.026,journal article,zh,RURAL_AGRI,T2
CITING-WORK-90E16CDDBE8A,基于地域基因的山城巷旅游感知价值研究,余秋闱,2024,,,thesis,zh,TOUR_HOSP,T3
CITING-WORK-78B7343D6D9B,场景视域下的屏幕再造--以影评人自制短视频为例,文静,2021,,,thesis,zh,CULT_MEDIA,T3
CITING-WORK-BD4BFDB17867,城市商业街色彩体系构成与分层次评价研究,王智慧;路旭;宋函霏,2024,色彩,10.3969/j.issn.1005-555x.2024.03.002,journal article,zh,ARCH_DES_HER,T2
CITING-WORK-AAC584614581,场景创新驱动大理州旅游经济增长的经验研究,佚名,,,,thesis,zh,TOUR_HOSP,T3
CITING-WORK-FDB381008D36,辽西奉国寺南部街区更新设计研究,张艳艳,2024,,,thesis,zh,ARCH_DES_HER,T3
CITING-WORK-FB7AA6637ED0,衢州礼贤未来社区——践行美好生活图景的未来社区多元探索,黄欢,2026,工程建设与设计,10.13616/j.cnki.gcjsysj.2026.02.003,journal article,zh,ARCH_DES_HER,T2
CITING-WORK-58433CFCC644,人文经济学视角下扬州城乡文化资源活化与乡村振兴联动机制探究,王婷,2025,江西农业,10.3969/j.issn.1674-4179.2025.23.060,journal article,zh,RURAL_AGRI,T2
CITING-WORK-6BBD6DDB104A,乡村振兴背景下人工智能驱动农村教师专业能力提升策略研究,马子顺;高怀举,2025,中国成人教育,10.3969/j.issn.1004-6577.2025.13.005,journal article,zh,RURAL_AGRI,T3
CITING-WORK-39CA2CC574A4,肌理整合与叙事建构:园区扩建设计的双重视角——以上海平安后援管理中心3号楼为例,李陈秀,2026,城市建筑,10.19892/j.cnki.csjz.2026.01.46,journal article,zh,ARCH_DES_HER,T2
CITING-WORK-E7B40C73DF0F,基于柯氏模型的国家区域医疗中心输出医院同质化护理培训效果评价,袁淑蕾;熊莉娟;刘义兰,2025,护理学杂志,10.3870/j.issn.1001-4152.2025.21.040,journal article,zh,URBAN_PLAN_GEO,T3
CITING-WORK-3AFF664DD942,供需匹配视角下城乡文化空间格局与优化路径研究——以汉中市为例,张锋;高黎月;李欣格,2026,南方建筑,10.3969/j.issn.1000-0232.2026.03.004,journal article,zh,ARCH_DES_HER,T2
CITING-WORK-FE0A58107A84,经济落后地区网络直播互动机制及其影响研究--以宁夏西吉县为例,王果,2020,,,thesis,zh,ECON_BUS_CONS,T3
CITING-WORK-B3999F9DBB6D,重庆山城巷旅游体验场景与提升对策研究,王仙桃,2025,,,thesis,zh,TOUR_HOSP,T3
CITING-WORK-BF7312997768,基于服务接触点管理的乡村民宿空间配置优化策略研究——经营者与消费者双视角对比分析,金晓雯;卢斯婕,2025,家具与室内装饰,10.16771/j.cn43-1247/ts.2025.12.003,journal article,zh,ARCH_DES_HER,T2
CITING-WORK-14C28CE8C726,俄乌网络舆论战背景下泽连斯基社交媒体展演策略及效果研究,王若男,2025,,,thesis,zh,CULT_MEDIA,T3
CITING-WORK-FB3072FBDC9E,文化遗产数字资源建设发展进程研究——以Europeana实践为基础的研究,周晓英;邵琦;张乐潼,2026,现代情报,10.3969/j.issn.1008-0821.2026.01.001,journal article,zh,ARCH_DES_HER,T3
CITING-WORK-A2817BF9EC07,滨口龙介电影的复调性研究,孙妍,2025,,,thesis,zh,CULT_MEDIA,T3
CITING-WORK-EDBCB235C930,川渝地区工业遗产旅游适宜性评价,陈佳荟,2025,,,thesis,zh,ARCH_DES_HER,T3
CITING-WORK-2F78F2B9505D,山东老城区古典园林的改造与发展——以济南百花洲悦苑酒店为例,国楷;张军;李逸凡,2025,山东林业科技,10.3969/j.issn.1002-2724.2025.05.012,journal article,zh,TOUR_HOSP,T3
CITING-WORK-99038A200AFF,"海外华文媒体在构建""大外宣""格局中的作用研究",李锟鹏,2021,广西社会主义学院学报,10.3969/j.issn.1009-0339.2021.06.013,journal article,zh,CULT_MEDIA,T3
CITING-WORK-48730A35CE75,"""两山""理论中的生态美学思想在未来社区规划设计中的应用探索——以贵安桃源社区为例",王琼,2023,美术文献,,journal article,zh,ARCH_DES_HER,T3
CITING-WORK-1036F13CB71F,具身智能技术驱动下的公共图书馆读者服务研究,张鑫,2025,河南图书馆学刊,10.3969/j.issn.1003-1588.2025.12.016,journal article,zh,INFO_TECH,T3
CITING-WORK-163BEF6F71EF,场景理论视域下科普高质量发展模式研究,王大鹏;曹晶;张利洁,2026,科普研究,10.19293/j.cnki.1673-8357.2026.01.005,journal article,zh,INTERDISC_OTHER,T3
CITING-WORK-C9D9350F4F54,基于乡村振兴的农村公共文化空间建设研究——以信阳市郝堂村为例,张钰爽,2024,,,thesis,zh,RURAL_AGRI,T3
CITING-WORK-BC46F2AC68CC,"""三圈理论""下医院文化创新与新质生产力的融合研究",刘虹林,2024,现代企业文化,,journal article,zh,ECON_BUS_CONS,T3
CITING-WORK-2A0A964A8710,眉山穿越城旅游产品优化研究--基于游客和居民感知差异的实证分析,张修华,2025,,,thesis,zh,TOUR_HOSP,T3
CITING-WORK-606B08D79692,虚拟文化视域下长沙网红景点的界面化生存研究,李秋雨;陈彧,2026,旅游纵览,10.3969/j.issn.1004-3292.2026.03.036,journal article,zh,TOUR_HOSP,T2
CITING-WORK-A0A81FDD2313,场景化思维下消费类电子产品展览展示设计研究,蔡和睿,2024,,,thesis,zh,ECON_BUS_CONS,T3
CITING-WORK-A5CDFF205C0C,电子信息技术赋能电商直播场景化营销路径探索,武韬;李方文;刘默,2025,天津开放大学学报,10.3969/j.issn.1008-3006.2025.03.030,journal article,zh,INFO_TECH,T3
CITING-WORK-4A88817ECCE1,网络集群行为的价值累加--以“刘学州网络寻亲”事件为例,伍丽亚,2022,,,thesis,zh,INFO_TECH,T3
CITING-WORK-A67B91E137AD,基于游客感知的城市漫步休闲体验质量评价研究--以贵阳City Walk为例,罗予弦,2025,,,thesis,zh,TOUR_HOSP,T3
CITING-WORK-DFD6074BE946,新媒体场景下陌生互动中亲密称呼泛化的生成机制及影响研究,李明霞;来新艳,2025,新媒体研究,10.3969/j.issn.2096-0360.2025.19.006,journal article,zh,CULT_MEDIA,T2
CITING-WORK-34F7EA9578D0,数智赋能文旅消费场景创新的逻辑机理与实践路径,张海燕;张胜丽,2026,长沙大学学报,10.3969/j.issn.1008-4681.2026.02.005,journal article,zh,TOUR_HOSP,T3
CITING-WORK-5203158CBBC1,融媒体背景下品牌传播模式分析,吴未,2021,传播力研究,,journal article,zh,ECON_BUS_CONS,T3
CITING-WORK-E269B808BFB8,基于场景理论的住宅公共空间需求研究,佚名,,,,thesis,zh,URBAN_PLAN_GEO,T3
CITING-WORK-FB8DB1B5FBB3,文旅融合视阈下公共图书馆助力乡村振兴策略研究——以威海地区为例,周红波,2025,河南图书馆学刊,10.3969/j.issn.1003-1588.2025.04.015,journal article,zh,TOUR_HOSP,T3
CITING-WORK-0FDF176565FB,集体记忆叙事下传统村落祠堂环境更新设计研究——以宁海县前岙村为例,卢泽琪,2025,,,thesis,zh,RURAL_AGRI,T3
CITING-WORK-0BB7AB74CAAB,基于街景图像的桂林历史街区感知测度及空间分布特征研究,赵欣然;邓春凤,2025,广东园林,10.12233/j.gdyl.2025.04.007,journal article,zh,ARCH_DES_HER,T3
CITING-WORK-7848B8DB94F1,场景理论下未来乡村邻里中心设计研究--以景德镇三宝村为例,薛梦丽,2025,,,thesis,zh,RURAL_AGRI,T3
CITING-WORK-5B7898A582EA,面向乡村文旅的元宇宙数字藏品设计策略研究,束铭;薛骄,2024,创意设计源,10.3969/j.issn.1674-5159.2024.06.002,journal article,zh,TOUR_HOSP,T3
CITING-WORK-B2996CA01121,数字化浪潮中的乡村振兴:农村财务管理信息化的创新,张清娟,2025,河北农机,,journal article,zh,RURAL_AGRI,T3
CITING-WORK-87C055BBFF66,博物馆解说效果对游客文化认同的影响机制研究,徐战,2025,,,thesis,zh,TOUR_HOSP,T3
CITING-WORK-0F603493D33E,互动仪式链理论下职场观察类综艺节目的传播研究--以《令人心动的offer》为例,王子威,2024,,,thesis,zh,CULT_MEDIA,T3
CITING-WORK-C8E02D3C1D50,景观设计中山居思想的解析与应用,林凯真,2024,福建建材,,journal article,zh,ARCH_DES_HER,T3
CITING-WORK-9169E937FADB,基于IPA的重庆市D社区停车空间优化研究,张格,2024,,,thesis,zh,URBAN_PLAN_GEO,T3
CITING-WORK-B506B95C37B5,岳阳博物馆非遗展厅的沉浸式信息交互设计研究,唐碧侠,2025,,,thesis,zh,CULT_MEDIA,T3
CITING-WORK-9D1990989046,内涵、内容与模式:数字时代的场景化教育探析,胡卫星;黄政文,2021,辽宁师范大学学报（社会科学版）,10.16216/j.cnki.lsxbwk.202105102,journal article,zh,EDUCATION,T3
CITING-WORK-6180226798F5,叙事势能与符号表意:城市品牌文化理念的共情传播机制,张福银,2025,长江师范学院学报,10.19933/j.cnki.issn1674-3652.2025.06.011,journal article,zh,ECON_BUS_CONS,T3
CITING-WORK-B074E18A0465,吉林市乌拉街历史街区旅游文化空间生产对策研究,荆嵩怡,2025,,,thesis,zh,ARCH_DES_HER,T3
CITING-WORK-63D6725F622E,基于景观叙事理论的历史文化街区改造设计研究——以赣州郁孤台历史文化街区为例,曾雅云;汪笑楠,2025,工业设计,10.3969/j.issn.1672-7053.2025.08.041,journal article,zh,ARCH_DES_HER,T2
CITING-WORK-45DDD7C7AD83,虚拟现实技术在红色文化传播中的应用研究,佚名,,,,thesis,zh,CULT_MEDIA,T3
CITING-WORK-7458A93BB305,烟台市历史文化街区景观质量评价与优化策略研究,刘泽宇,2025,,,thesis,zh,ARCH_DES_HER,T3
CITING-WORK-A10D1585A949,甘肃红色文化资源开发利用与内容产品创新研究,孙康,2025,中国军转民,10.3969/j.issn.1008-5874.2025.21.062,journal article,zh,CULT_MEDIA,T3
CITING-WORK-6A46015C88F3,"新大众文艺:""讲故事的环境""与""讲述共同体""的构建",叶祝弟,2025,南方文坛,10.3969/j.issn.1003-7772.2025.06.028,journal article,zh,INTERDISC_OTHER,T3
CITING-WORK-38C4AD5F221D,铁路博物馆设计演化与策略研究,吕绪男,2025,,,thesis,zh,CULT_MEDIA,T3
CITING-WORK-E36250312C69,《典籍里的中国》的媒介记忆与文化认同研究,莫樊林,2025,,,thesis,zh,CULT_MEDIA,T3
CITING-WORK-F6A217270581,家庭类短视频的场景建构与情感满足研究,钟书文,2025,,,thesis,zh,CULT_MEDIA,T3
CITING-WORK-5600BC813C23,规则图形边界的三维地理围栏算法研究与应用,张秀娟,2023,,,thesis,zh,INFO_TECH,T3
CITING-WORK-25CC63B2BAC3,国家文化产业创新实验区空间档案构建研究,佚名,,,,thesis,zh,ECON_BUS_CONS,T3
CITING-WORK-ED89D8093A25,基于大数据的新媒体传播效果评估与优化策略探讨,梁超,2025,传播力研究,,journal article,zh,CULT_MEDIA,T3
CITING-WORK-3EEAC3FC371F,基于顾客旅程视角的文化休闲街区服务场景构建策略研究--以1912街区为例的分析,范雪磊,2022,,,thesis,zh,ARCH_DES_HER,T3
CITING-WORK-4CB48995CE9F,新媒体视域下地域文化符号对莆田城市形象传播的影响,黄鑫;卓滢滢;刘志,2025,莆田学院学报,10.3969/j.issn.1672-4143.2025.01.019,journal article,zh,CULT_MEDIA,T3
CITING-WORK-B90F9D8B65AF,系列报道《淮阳泥泥狗：黄泥为底，五彩一生》采编报告,万瑞杰,2025,,,thesis,zh,INTERDISC_OTHER,T3
CITING-WORK-160F82423CC9,社交媒体提醒功能的具身传播研究：基于对“微信拍一拍”功能的考察,王雨晴,2024,,,thesis,zh,CULT_MEDIA,T3
CITING-WORK-85A3E39119B7,文化类综艺节目的传播策略研究—以《诗画中国》为例,王景,2024,,,thesis,zh,CULT_MEDIA,T3
CITING-WORK-2A7C546BFD51,蜜雪冰城营销策略优化研究,李炫奇,2023,,,thesis,zh,INTERDISC_OTHER,T3
CITING-WORK-29F031E8685A,媒介融合视域下古装悬疑类网络剧的类型化特征探析,朱婧雯,2024,新媒体研究,10.3969/j.issn.2096-0360.2024.03.020,journal article,zh,CULT_MEDIA,T2
CITING-WORK-B6BD2872E9B5,面向博物馆新零售场景的服务设计研究,李嵘,2023,,,thesis,zh,CULT_MEDIA,T3
CITING-WORK-FEF4359326AC,数字交互场域建构在博物馆展览中的应用研究,郭昱,2024,,,thesis,zh,CULT_MEDIA,T3
CITING-WORK-0671B2ACA249,数字技术赋能边疆地区公共文化服务高质量发展:内在逻辑、现实梗阻与实践进路,王永明;白嘉玥,2025,内蒙古大学学报（哲学社会科学版）,10.13484/j.cnki.ndxbzsb.20250407,journal article,zh,CULT_MEDIA,T3
CITING-WORK-7256FAA5CCCD,叙事学视域下老年题材剧情片《李保国和王淑花》的人物形象建构研究,王云,2023,,,thesis,zh,INTERDISC_OTHER,T3
CITING-WORK-C04A36D17A40,"短视频阅读推广中的场景构建与价值探析——以抖音""赵健的读书日记""为例",佚名,,,,thesis,zh,CULT_MEDIA,T3
CITING-WORK-7324249A2F79,媒介情境论视域下小红书公益Vlog场景建构研究,张煜祺,2024,,,thesis,zh,CULT_MEDIA,T3
CITING-WORK-88815300C27A,孝感雕花剪纸的活态传承研究,李军,2024,,,thesis,zh,INTERDISC_OTHER,T3
CITING-WORK-6A47EA9CA651,城湖共生”导向下的城市风景湖泊景观规划设计--以青阳县芙蓉湖为例,张阳,2022,,,thesis,zh,ARCH_DES_HER,T3
CITING-WORK-60605EC31ACB,场景理论视角下抖音短视频的场景建构研究--以“乡愁沈丹”为例,贾志叶,2025,,,thesis,zh,CULT_MEDIA,T3
CITING-WORK-16A0F8740867,场景理论视角下“梁子·晒鱼嬉”文旅品牌形象设计研究,刘馨然,2025,,,thesis,zh,TOUR_HOSP,T3
CITING-WORK-46A96C7BB757,基于场景理论的养马岛旅游目的地品质提升策略研究,董丽彤,2025,,,thesis,zh,TOUR_HOSP,T3
CITING-WORK-8B56A4117D53,国家仪式铸牢中华民族共同体意识的生成逻辑,薛念文;魏宗凯,2025,民族学刊,10.3969/j.issn.1674-9391.2025.12.003,journal article,zh,CULT_MEDIA,T2
CITING-WORK-414AA8CEA7CE,试论政治仪式赋能大学生国家认同形塑,严忆涵;袁碧慰,2026,新余学院学报,10.3969/j.issn.2095-3054.2026.01.014,journal article,zh,INTERDISC_OTHER,T3
CITING-WORK-596B1D4BCFEA,基于情感化理论的校园文创产品设计研究,徐蕾,2023,,,thesis,zh,INTERDISC_OTHER,T3
CITING-WORK-568001990481,信息流转视角下的展览物料文化衍生品设计研究,孙文溪,2022,,,thesis,zh,CULT_MEDIA,T3
CITING-WORK-024F2C4912E3,西方音乐历史中的“波希米亚”文化现象研究,毛雅南,2014,,,thesis,zh,CULT_MEDIA,T3
CITING-WORK-45CF09238A25,缪尔热的波西米亚人及其矛盾性——基于缪尔热《波西米亚人的生活情景》,邹小燕,2014,大众文艺,10.3969/j.issn.1007-5828.2014.06.033,journal article,zh,ARCH_DES_HER,T2
CITING-WORK-6A27FECD6D67,乌镇戏剧节与大唐不夜城的文旅融合途径分析,王月彤;鲁小艳,2024,四川戏剧,,journal article,zh,CULT_MEDIA,T2
CITING-WORK-53227EBF80CB,空间生产理论视域下城市形象的建构研究--以西安都市空间的演变与短视频的互文性为例,张小星,2025,,,thesis,zh,CULT_MEDIA,T3
CITING-WORK-12B1CEBC333F,电视真人秀节目的人际关系呈现研究--以《花儿与少年》和《极限挑战》为例,田小春,2016,,,thesis,zh,CULT_MEDIA,T3
CITING-WORK-71AC149D77B4,传播学视域下旅游类真人秀《花儿与少年》节目研究,刘瑞兴,2019,,,thesis,zh,TOUR_HOSP,T3
CITING-WORK-A93605289E7C,基于场景理论的轻户外服装设计研究,黄玉冰;王嘉慧;蒋格雯,2026,包装与设计,10.3969/j.issn.1007-4759.2026.02.005,journal article,zh,ARCH_DES_HER,T2
CITING-WORK-35F96B14F999,基于TIP-FBS理论的户外露营炊具创新设计方法研究,张博帆;黄颖捷;娄一帆,2025,设计,10.3969/j.issn.1003-0069.2025.09.029,journal article,zh,INTERDISC_OTHER,T3
CITING-WORK-B0E2770B9B7B,以学生为中心的高校图书馆空间服务路径探索,唐小姣;叶帆,2025,传播与版权,10.3969/j.issn.2096-8078.2025.23.014,journal article,zh,CULT_MEDIA,T2
CITING-WORK-509CC01EAF94,环境心理学视角下高校图书馆多模态学习空间的构建与创新策略研究,金虹霞;孙晓菲,2025,大学图书馆学报,10.16603/j.issn1002-1027.2025.06.011,journal article,zh,EDUCATION,T3
CITING-WORK-0CE79156A16E,历史文化街区建筑立面灯光照明设计研究,曹慧芳;吴磊,2024,光源与照明,,journal article,zh,ARCH_DES_HER,T3
CITING-WORK-70D3B5F7CE9A,"管窥""尔玛吉""仪式的传承与变迁——基于传承人朱金龙的口述",幸子依;龚婷,2026,阿坝师范学院学报,10.3969/j.issn.2096-1707.2026.01.003,journal article,zh,INTERDISC_OTHER,T3
CITING-WORK-B31D657A12A5,由蚕桑到壮锦:复杂工艺知识体系的数智化表达研究,陈玉茜;李想;陈星宇,2025,广西蚕业,10.19553/j.cnki.1006-1657.2025.04.009,journal article,zh,INTERDISC_OTHER,T3
CITING-WORK-79376BA6ACD2,公共图书馆传统节日活动的公关价值挖掘与传播实践,王艺涵,2026,国际公关,10.3969/j.issn.1673-0445.2026.06.021,journal article,zh,CULT_MEDIA,T3
CITING-WORK-6BA14B5834CD,浅析公共图书馆在推进全民阅读中的作用与策略,张露露,2025,参花,10.3969/j.issn.1008-8407.2025.35.028,journal article,zh,INTERDISC_OTHER,T3
CITING-WORK-4F51669660CC,数字阅读重塑全民阅读生态:基于多维数据的实证研究,佚名,,,,thesis,zh,INFO_TECH,T3
CITING-WORK-E01EE318823A,从功能外迁到场景重构:长春会展中心更新改造策略,何晓妍;李扬;赵要伟,2025,规划师,10.3969/j.issn.1006-0022.2025.z2.018,journal article,zh,URBAN_PLAN_GEO,T2
CITING-WORK-F42EAF272082,场景营造：一个贫困村落的转型与重构--以吉林省长春市M村为例,张光岩,2023,,,thesis,zh,RURAL_AGRI,T3
CITING-WORK-303F5223F0E3,公共文化空间建设政策要素及关联路径研究——以国家文化公园空间建设为例,潘颖;赵秋月;王锰,2026,图书馆学研究,,journal article,zh,INFO_TECH,T2
CITING-WORK-384E87DEA642,内生与协同:艺术介入下公共性建构的价值逻辑与实践路径,金江波;梁君兰,2025,创意与设计,10.3969/j.issn.1674-4187.2025.05.008,journal article,zh,CULT_MEDIA,T3
CITING-WORK-88B76EB7CA80,文旅融合背景下沉浸式戏剧的叙事创新与地方感建构研究——以天津意风区《茶花女》为例,马奕辰;郭炜芃,2026,秦智,10.20122/j.cnki.2097-0536.2026.04.029,journal article,zh,TOUR_HOSP,T3
CITING-WORK-63B7B90B78DF,在线诉讼场景理论的建构,杨继文,2023,法制与社会发展,,journal article,zh,SOC_POLICY,T3
CITING-WORK-5CF037D65BAD,市域社会治理质量的概念建构和多维认识,何得桂;赵倩林,2022,改革与战略,10.16331/j.cnki.issn1002-736x.2022.06.009,journal article,zh,SOC_POLICY,T3
CITING-WORK-79DF38937FFD,场景理论视角下历史文化街区的保护与更新——以镇江市大龙王巷为例,李余;华建业;郑浩,2025,工业设计,10.3969/j.issn.1672-7053.2025.12.040,journal article,zh,ARCH_DES_HER,T2
CITING-WORK-BAC0857E109B,"基于游艺学模式构建的乡村亲子游环境设计研究——以四川夹江石堰村""探秘大千之旅""场景营造为例",张钰鹏;王玮;刘蔚,2026,设计,10.3969/j.issn.1003-0069.2026.03.022,journal article,zh,RURAL_AGRI,T3
CITING-WORK-C2421C5E6AEF,协同创新视角下图书馆参与终身学习体系构建策略,潘玲,2025,继续教育研究,10.3969/j.issn.1009-4156.2025.05.005,journal article,zh,EDUCATION,T3
CITING-WORK-C08BCA76B9D2,学习型公共空间的建设研究——以四平市为例,柴方美,2024,美与时代,,journal article,zh,ARCH_DES_HER,T2
CITING-WORK-AFB4F059BB73,可持续理念下的主题商业空间设计研究,严佳丽,2023,,,thesis,zh,ARCH_DES_HER,T3
CITING-WORK-4F615278171B,河南卫视“中国节日”系列节目的场景呈现与受众感知研究,刘雨婷,2024,,,thesis,zh,INTERDISC_OTHER,T3
CITING-WORK-3EE53E5D2439,"""艺术+商业""模式下的工业遗产改造策略——以哈尔滨西城红场为例",李金羽;胡沈健,2023,城市建筑,10.19892/j.cnki.csjz.2023.06.25,journal article,zh,ARCH_DES_HER,T2
CITING-WORK-719A721DB819,公共艺术介入商业空间的表达特点与设计探析,马云,2022,黑龙江工业学院学报（综合版）,10.3969/j.issn.1672-6758.2022.03.027,journal article,zh,ECON_BUS_CONS,T3
CITING-WORK-CAD42A538EB9,乡村振兴背景下农文旅沉浸式场景体验设计,周琼;倪杨,2025,湖南包装,10.19686/j.cnki.issn1671-4997.2025.06.039,journal article,zh,ARCH_DES_HER,T2
CITING-WORK-9884C040FAE3,自然保护地社会文化空间的分析框架构建与生成机制探讨——以武夷山国家公园为例,谢冶凤;吴炳贤;吴必虎,2026,资源科学,10.18402/resci.2026.02.08,journal article,zh,TOUR_HOSP,T2
CITING-WORK-B15351A647A3,基于场景理论的数字游戏景观设计研究——以《黑神话·悟空》为例,佚名,,,,thesis,zh,ARCH_DES_HER,T3
CITING-WORK-AFE8E08BD93E,听觉转向视域下移动音频平台场景化传播研究,代文鑫,2024,,,thesis,zh,CULT_MEDIA,T3
CITING-WORK-5494B0F9274F,数字时代博物馆叙事逻辑的重构:基于场景理论的视角,张允;张梦心,2020,现代传播,,journal article,zh,CULT_MEDIA,T3
CITING-WORK-1C935B86D577,纪念性建筑空间展陈设计策略研究——以杭州夏衍旧居为例,童瀚莹,2024,,,thesis,zh,ARCH_DES_HER,T3
CITING-WORK-AF5885EE7AE7,基于乘客情感体验的地铁公共艺术设计研究,李志威,2024,,,thesis,zh,CULT_MEDIA,T3
CITING-WORK-273581AAF8B6,文商旅项目融合背景下设计师在全周期服务阶段的参与及实践,袁媛;陈静雅;张明杰,2025,城市建筑空间,10.3969/j.issn.2097-1141.2025.10.013,journal article,zh,ARCH_DES_HER,T2
CITING-WORK-C022A317DFB5,浅析构建场景化创意广告的三大要素,李彦薇,2022,传播与版权,,journal article,zh,CULT_MEDIA,T2
CITING-WORK-5EC602DCB88D,场景化思维下的广告创意,鲁普及,2019,青年记者,,journal article,zh,CULT_MEDIA,T2
CITING-WORK-5BD8F9771B9B,"公共图书馆读行服务的场景化创新路径研究——以南京图书馆""南图带你看世界""活动为例",麻婷,2026,图书馆学刊,10.3969/j.issn.1002-1884.2026.03.010,journal article,zh,INFO_TECH,T2
CITING-WORK-48388073ED8D,心象自然理念下的花园场景营造,李存东;张文竹;史丽秀,2025,建筑实践,10.3969/j.issn.2096-6458.2025.07.005,journal article,zh,ARCH_DES_HER,T3
CITING-WORK-0725B004C479,城市触媒视角下商业综合体公共空间优化设计研究,姜若蕃,2024,,,thesis,zh,ECON_BUS_CONS,T3
CITING-WORK-A7ED96A6D181,基于情境创设的图书馆空间服务模式构建,殷明,2019,,,thesis,zh,INTERDISC_OTHER,T3
CITING-WORK-17706ABAD718,媒介情境理论的图书馆空间及角色转变分析,李金;吴素舫,2018,数字通信世界,10.3969/j.issn.1672-7274.2018.04.196,journal article,zh,CULT_MEDIA,T3
CITING-WORK-E18A0B20E4AA,短视频新闻崛起下记者叙事风格的转变研究,华丽,2025,传播力研究,,journal article,zh,CULT_MEDIA,T3
CITING-WORK-59CA30A36057,智媒时代政务短视频的传播特点与策略探究,高耘颖,2025,大众文艺,10.20112/j.cnki.issn1007-5828.2025.11.013,journal article,zh,ARCH_DES_HER,T2
CITING-WORK-D40658D5178A,基于IPA分析法的广州从化区民宿吸引力提升策略研究,卢凤,2025,,,thesis,zh,INTERDISC_OTHER,T3
CITING-WORK-0AF33EA0D59C,文旅融合视角下乡村民宿评价与设计研究--以五峰村石屋民宿为例,杨晓祎,2025,,,thesis,zh,TOUR_HOSP,T3
CITING-WORK-ECF5E609C10B,基于新浪微博“studyaccount”超级话题社区的用户互动仪式研究,陈子姝,2021,,,thesis,zh,URBAN_PLAN_GEO,T3
CITING-WORK-BDC44943AE66,SMCR模式下农业高校在线开放课程建设对策研究--基于学生视角,张凤娇,2019,,,thesis,zh,RURAL_AGRI,T3
CITING-WORK-CF146DF39396,C市Z镇农村社区网格员职业压力缓解个案研究,解宇新,2024,,,thesis,zh,RURAL_AGRI,T3
CITING-WORK-012B667C1804,"新村何以""自新"":基于CAS理论的工人新村自主更新策略研究",饶毅文,2023,建筑与文化,10.19875/j.cnki.jzywh.2023.10.056,journal article,zh,ARCH_DES_HER,T2
CITING-WORK-76A330B5D911,上海高校图书馆展览服务研究,陈鹏,2025,,,thesis,zh,EDUCATION,T3
CITING-WORK-0A913AA12CCA,高校图书馆展览交互空间需求与供给优化研究——以暨南大学图书馆为例,佚名,,,,thesis,zh,EDUCATION,T3
CITING-WORK-664F934391B0,基于场景营造的老旧社区公共空间更新策略研究——以重庆白马凼街区为例,许芗斌;陈志毅;江曼,2024,新建筑,10.12069/j.na.20231002,journal article,zh,ARCH_DES_HER,T2
CITING-WORK-7778DD04D85C,康养景观在乡村中的应用-以登封何家门村为例,苏杨,2025,,,thesis,zh,ARCH_DES_HER,T3
CITING-WORK-C03B2E3CA0DF,场景理论下历史文化街区景观设计--以济南上新街为例,康辛如,2025,,,thesis,zh,ARCH_DES_HER,T3
CITING-WORK-85160769513E,基于场景理论的社区公共空间设计——以太原市文庙社区为例,白如冰,2024,,,thesis,zh,ARCH_DES_HER,T3
CITING-WORK-3396106BC9C6,基于感官增强交互的智能康养设施适老化设计研究,杨舒,2023,,,thesis,zh,INFO_TECH,T3
CITING-WORK-48C497D1D592,自媒体微博介入刑事司法的路径及其规制,沈梦婕,2020,,,thesis,zh,CULT_MEDIA,T3
CITING-WORK-39CED67D1A75,淮安市政务微博建设问题研究,吕春怡,2020,,,thesis,zh,INTERDISC_OTHER,T3
CITING-WORK-E8C99E225CE8,中国传统文化元素在游戏场景中的应用设计研究——以独乐园场景为例,胡继驰,2024,,,thesis,zh,CULT_MEDIA,T3
CITING-WORK-82D3B92AB707,文旅融合背景下荣成小西村公共文化空间设计研究,高春安,2024,,,thesis,zh,ARCH_DES_HER,T3
CITING-WORK-438163E715D6,新时代博物馆教育与公众文化需求相融合的多元探索,曹静;王丹,2025,中国博物馆,10.3969/j.issn.1002-9648.2025.06.012,journal article,zh,EDUCATION,T3
CITING-WORK-BBAB3CDAD745,平台化与生态化:主流媒体系统性变革的时空转向与重心迁移,王海涛,2025,中国出版,10.3969/j.issn.1002-4166.2025.24.006,journal article,zh,CULT_MEDIA,T3
CITING-WORK-F8DC09CC1A8A,交通安全导向的高架桥下街景要素识别与评价研究,罗盼盼,2025,,,thesis,zh,INTERDISC_OTHER,T3
CITING-WORK-82C9FD6FA0BE,城中村消极空间优化设计研究——以湖州市陈板桥村为例,任秋燕;杨子奇,2026,工业设计,10.3969/j.issn.1672-7053.2026.04.026,journal article,zh,ARCH_DES_HER,T2
CITING-WORK-63094E028150,多维协同与要素替代:乡村新型公共文化空间建设路径fsQCA实证研究,王锰;申羽;郑建明,2025,图书馆学研究,10.3969/j.issn.1001-0424.2025.12.004,journal article,zh,INFO_TECH,T2
CITING-WORK-BE36DD364A3C,新型阅读空间下的阅读公共性重塑研究——以流动书车为例,刘万;丁靖佳,2026,中国数字出版,10.3969/j.issn.2097-356x.2026.02.006,journal article,zh,INFO_TECH,T3
CITING-WORK-84BCDB5B5C01,基于多模态理论的高安元青花数字文创设计研究,熊汝哲,2025,,,thesis,zh,INFO_TECH,T3
CITING-WORK-8CD6ACA8D1E0,非物质文化遗产融入图书馆阅读推广研究,赵丽娜,2026,中国民族博览,10.3969/j.issn.1007-4198.2026.02.057,journal article,zh,ARCH_DES_HER,T3
CITING-WORK-DD9B6D8DD610,钱塘江文明视阔下绍兴古城的保护与发展研究,邹晶;孙以栋,2026,山西建筑,10.13719/j.cnki.1009-6825.2026.09.004,journal article,zh,ARCH_DES_HER,T3
CITING-WORK-A29DA703B893,民族院校助力乡村公共文化振兴路径研究,苏日娜,2025,,,thesis,zh,RURAL_AGRI,T3
CITING-WORK-9F8069CB65AD,新内生视角下乡村公共文化空间治理问题研究--以河南省L村为例,周宇辉,2025,,,thesis,zh,RURAL_AGRI,T3
CITING-WORK-356B0E61DF40,企业型老旧社区公共空间环境适老化改造策略研究--以西安市西航社区为例,樊淼,2024,,,thesis,zh,ECON_BUS_CONS,T3
CITING-WORK-D248D4E6046E,失能老人无为行为积极性与空间场景作用研究——以社区老年人全日照料设施公共空间为例,张娜;张倩;王芳,2026,南方建筑,10.3969/j.issn.1000-0232.2026.02.007,journal article,zh,ARCH_DES_HER,T2
CITING-WORK-F591CA831C10,"多元融合视角下图书馆新型阅读""融空间""创新发展路径研究——以潍坊市新型阅读空间建设实践为例",张立说;陶巧云,2026,图书馆学刊,10.3969/j.issn.1002-1884.2026.01.013,journal article,zh,INFO_TECH,T2
CITING-WORK-D4E78D957457,场景视域下城市新型公共阅读空间建设优化方略,唐江浩,2025,图书馆建设,10.19764/j.cnki.tsgjs.20241915,journal article,zh,INFO_TECH,T2
CITING-WORK-A9CE52D70D6E,生态系统理念下基层公共文化治理共同体建设:缘由、转向及路径,王凤姣;黎天众;龚蛟腾,2026,图书馆理论与实践,10.3969/j.issn.1005-8214.2026.02.004,journal article,zh,INFO_TECH,T2
CITING-WORK-1E8914527C77,乡村虚拟公共文化空间的重构图景:内涵、逻辑与路径,张曼;李露芳;何义珠,2025,新世纪图书馆,10.16810/j.cnki.1672-514x.2025.010.001,journal article,zh,RURAL_AGRI,T3
CITING-WORK-837DA7D8CA82,地域文化视域下民族符号与公共艺术融合研究,许妮琨,2024,E动时尚,,journal article,zh,CULT_MEDIA,T3
CITING-WORK-ABA16A5D416D,跨界电商直播的场景传播策略研究,刘雨静,2021,,,thesis,zh,CULT_MEDIA,T3
CITING-WORK-08CEA5BA6CF3,基于服务设计理念的济南D17青年文化创意产业园设计研究,解晓美,2025,,,thesis,zh,ECON_BUS_CONS,T3
CITING-WORK-F0BA7F18E5CD,文化治理视角下城市文化驿站的空间重构与效能提升——基于L市的实践考察,格桑次仁;贡桑伦珠,2026,决策与信息,10.20206/j.cnki.jcyxx.2026.04.008,journal article,zh,SOC_POLICY,T2
CITING-WORK-8395D907B7AE,场景理论下的IP消费新空间活力提升路径研究,贾雨萱;陈宇;钟晖,2025,中国商论,10.19699/j.cnki.issn2096-0298.2025.09.010,journal article,zh,ECON_BUS_CONS,T3
CITING-WORK-CDE2CFF17DA3,NPC角色在沉浸式夜游设计中的应用研究,刘子玮,2025,艺术科技,10.3969/j.issn.1004-9436.2025.17.066,journal article,zh,CULT_MEDIA,T3
CITING-WORK-8916E82B15EE,共享空间营建背景下沈阳市三台子工人村的保护与更新研究,于奇;金欣阳;金莹,2025,城市建筑,10.19892/j.cnki.csjz.2025.08.05,journal article,zh,ARCH_DES_HER,T2
CITING-WORK-7C675E228A1A,旧工业建筑的社区化更新设计研究--以沈阳电机厂为例,闫雪,2025,,,thesis,zh,ARCH_DES_HER,T3
CITING-WORK-B0E7F1F6FFAD,听觉文化视域下有声书的发展策略研究,邢妍,2024,,,thesis,zh,CULT_MEDIA,T3
CITING-WORK-B40A47442308,基于互联互通时代背景下自助型录音空间在城市推广的可行性研究,李蕊诗;王钰乔;李宛泽,2024,文化创新比较研究,10.3969/j.issn.2096-4110.2024.02.011,journal article,zh,CULT_MEDIA,T2
CITING-WORK-1045B2AE4E0C,基于社区记忆重构的老旧社区景观活化设计研究,于云青,2025,城市建筑,10.19892/j.cnki.csjz.2025.10.53,journal article,zh,ARCH_DES_HER,T2
CITING-WORK-D33A38CE2197,文化自信视域下高校图书馆中华优秀传统文化阅读推广研究,张娟,2025,河南图书馆学刊,10.3969/j.issn.1003-1588.2025.12.024,journal article,zh,INFO_TECH,T2
CITING-WORK-216BEF9D8882,"""三全育人""视域下医学高职院校阅读推广服务育人的实践与研究",徐笛源,2025,现代职业教育,,journal article,zh,EDUCATION,T3
CITING-WORK-9F8209C9290F,陇中黄土丘陵区乡村集市发展演变过程及其驱动机制研究--以甘肃省秦安县为例,穆镁锐,2024,,,thesis,zh,RURAL_AGRI,T3
CITING-WORK-39A2E7F5618D,基于城市更新背景下县域乡村体检工作模式的路径研究,李丹丹;赵容,2024,建筑设计管理,10.3969/j.issn.1673-1093.2024.09.005,journal article,zh,ARCH_DES_HER,T3
CITING-WORK-F6779886B614,大运河国家文化公园研究的知识图谱——基于CiteSpace的文献计量分析,何隽;潘彤,2026,创意与设计,10.3969/j.issn.1674-4187.2026.01.008,journal article,zh,CULT_MEDIA,T2
CITING-WORK-0E17DDD4C9AF,共生理论视域下大运河国家文化公园生态旅游产业体系构建,周凯;冷南羲,2025,中南民族大学学报（人文社会科学版）,10.19898/j.cnki.42-1704/c.20251016.02,journal article,zh,TOUR_HOSP,T3
CITING-WORK-9DFC8C52F7CE,基于空间句法的桂北传统村落公共空间营造研究,王晓楠,2025,,,thesis,zh,RURAL_AGRI,T3
CITING-WORK-76F3E78452FF,基于SNA方法的桂北传统村落文旅空间设计研究,王芊芊,2025,,,thesis,zh,ARCH_DES_HER,T3
CITING-WORK-F8BC1A65AA71,江苏省文旅融合综合体空间格局及其影响因素,肖炎焱;王锴庆;李美慧,2025,江苏师范大学学报（自然科学版）,10.3969/j.issn.2095-4298.2025.03.011,journal article,zh,TOUR_HOSP,T3
CITING-WORK-F279A2FCD64C,文旅融合背景下浙东运河(绍兴段)文创产品设计研究,尹文艳,2026,旅游纵览,10.3969/j.issn.1004-3292.2026.03.020,journal article,zh,TOUR_HOSP,T2
CITING-WORK-D24443A05413,浙东运河线性文化遗产保护传承利用的境遇与路径审视,杨晓辉,2025,绍兴文理学院学报,10.16169/j.issn.1008-293x.2025.01.011,journal article,zh,ARCH_DES_HER,T3
CITING-WORK-1FF445BC92CE,网络思想政治教育视域下我国数字文化建设研究,刘晓琳,2025,,,thesis,zh,EDUCATION,T3
CITING-WORK-5C244A0A6659,《哪吒之魔童闹海》对我国文化产业转型升级的启示,陈卓群;孙钰淇,2026,传媒,10.3969/j.issn.1009-9263.2026.07.022,journal article,zh,ECON_BUS_CONS,T3
CITING-WORK-3BFA51E57353,人民日报“两微一抖”建党百年报道创新研究,刘畅,2022,,,thesis,zh,INTERDISC_OTHER,T3
CITING-WORK-9B4AB3E59BA3,"党报""建党百年""报道特色研究",白玉,2021,全媒体探索,,journal article,zh,CULT_MEDIA,T3
CITING-WORK-82C72D80AF63,社会表演理论视域下文旅类节目主持人的形象塑造策略--以《一现洛城》为例,李嘉铭,2025,,,thesis,zh,TOUR_HOSP,T3
CITING-WORK-90B215ABDB20,文化规训视野下青年女性短视频博主的表演呈现研究,陶金波,2025,,,thesis,zh,CULT_MEDIA,T3
CITING-WORK-FDCD367239CC,2024年度中国工业遗产研究学术报告,韩晗;侯渝宁,2025,文化软实力研究,10.19468/j.cnki.2096-1987.2025.01.011,journal article,zh,CULT_MEDIA,T2
CITING-WORK-31F03B158988,文化景观分层理论视角下矿业遗址的保护修复和开发利用研究:以中国古铜都(铜陵)为例,刘姗姗,2025,中国矿业,10.12075/j.issn.1004-4051.20251511,journal article,zh,ARCH_DES_HER,T3
CITING-WORK-E6E993EAEADE,智能交互时代有声阅读平台的场景化服务及其实现路径研究,杨洋,2022,,,thesis,zh,INFO_TECH,T3
CITING-WORK-2057C7469CB2,微信小程序在图书馆的应用研究,刘洁,2021,,,thesis,zh,INTERDISC_OTHER,T3
CITING-WORK-3C724363BEC6,S公司营销策略优化研究,赵晨迪,2022,,,thesis,zh,INTERDISC_OTHER,T3
CITING-WORK-FF7814E382EA,助农直播中场景和文化嵌入类型对消费者价值共创意愿的影响,吴达敏,2023,,,thesis,zh,ECON_BUS_CONS,T3
CITING-WORK-D61B45C3FF1B,直播间背景类型与产品类别交互对消费者购买意愿的影响研究,虎娜娜,2023,,,thesis,zh,ECON_BUS_CONS,T3
CITING-WORK-8DE6F514393E,"文化自信视域下""三农""短视频助推乡村文化振兴的价值旨归与实践向度",潘思婷,2025,农业产业化,,journal article,zh,RURAL_AGRI,T3
CITING-WORK-F6F9C86BBF4E,"他者化视角下的中华文化再编码研究——以俄罗斯网红""维多利亚夫妇""为例",陈美好,2025,新闻研究导刊,10.26918/j.xwyjdk.2025.10.010,journal article,zh,CULT_MEDIA,T3
CITING-WORK-F97E1AA7CB45,贵州少数民族文化的场景传播研究--以榕江“村超”为主场景,王璐璐,2025,,,thesis,zh,CULT_MEDIA,T3
CITING-WORK-9DC1B077A74E,以筝为媒：空间生产视域下潍坊城市形象传播研究,王成磊,2025,,,thesis,zh,CULT_MEDIA,T3
CITING-WORK-5BF89D69BC31,新媒体环境下县级融媒体的发展策略,张晓敏,2021,传播力研究,,journal article,zh,CULT_MEDIA,T2
CITING-WORK-C72021C5DE3B,场景视域下县级融媒体中心建设的路径分析,陶晶,2021,环球首映,,journal article,zh,CULT_MEDIA,T3
CITING-WORK-E809A6B74FD9,基于SOR理论的田园综合体游客沉浸体验及其满意度研究,赵丹,2025,,,thesis,zh,TOUR_HOSP,T3
CITING-WORK-3CB544477CEF,文化遗产数字化与乡村振兴协同机制构建,潘岩灵;谢伟;杨光,2026,中国经贸导刊,10.3969/j.issn.1007-9777.2026.04.030,journal article,zh,ECON_BUS_CONS,T2
CITING-WORK-B301FD09D578,"""诗城""马鞍山的城市形象传播路径——从""钢城""到""诗城""的文化重塑",周强,2025,西部学刊,,journal article,zh,CULT_MEDIA,T3
CITING-WORK-F4FACE7C3983,看不见的教师--加速时代小学教师角色异化研究,刘敏,2025,,,thesis,zh,INTERDISC_OTHER,T3
CITING-WORK-7F3A69955DF2,“双减”政策背景下中小学教师工作负担异化的生成逻辑与纾解路径研究,张菲,2025,,,thesis,zh,SOC_POLICY,T3
CITING-WORK-DB1AFDA8A432,文化类综艺节目的创新与嬗变——以《非遗里的中国》与《宗师列传·唐宋八大家》为例,陈奕秀,2024,声屏世界,10.3969/j.issn.1006-3366.2024.20.027,journal article,zh,TOUR_HOSP,T2
CITING-WORK-172A14D304B6,传统播音员主持人转型发展策略,贺琪瑶,2024,西部广播电视,10.3969/j.issn.1006-5628.2024.18.039,journal article,zh,CULT_MEDIA,T2
CITING-WORK-09A1E9426507,服饰品牌在小红书的传播研究,丁雯,2025,,,thesis,zh,ECON_BUS_CONS,T3
CITING-WORK-C93D77A76B84,媒介情境视域下知识型营销直播间建构策略研究——以东方甄选直播间为例,禄鋈魁;赵捷;李贵莹,2023,视听,10.3969/j.issn.1674-246x.2023.02.032,journal article,zh,CULT_MEDIA,T3
CITING-WORK-813533EA6F16,"传统媒体""场景化阅读""理论在新媒体平台的实践研究",应立枫,2024,传播力研究,,journal article,zh,CULT_MEDIA,T2
CITING-WORK-510C6917BF0D,AI虚拟场景对直抵新闻现场的冲击及重构路径探析,田雪皎,2025,传播力研究,10.3969/j.issn.2096-3866.2025.32.041,journal article,zh,CULT_MEDIA,T2
CITING-WORK-DFE7BA56B021,新时代党的创新理论传播在移动客户端的表达与呈现--以“学习强国”APP等为例,杨颖,2024,,,thesis,zh,EDUCATION,T3
CITING-WORK-6E35BC3E2067,融媒体时代推进党的创新理论传播:形势、要求与途径,陈晓宏;叶泽平,2024,中共福建省委党校（福建行政学院）学报,10.3969/j.issn.1008-4088.2024.03.009,journal article,zh,CULT_MEDIA,T3
CITING-WORK-635479DE6DD7,知识型营销直播间场景体验对消费者粘性的影响研究,陈劲越,2024,,,thesis,zh,ECON_BUS_CONS,T3
CITING-WORK-48738FEC28BD,无为剔墨纱灯制作技艺的审美价值与创新发展研究,任俊琦;高峰,2023,重庆文理学院学报（社会科学版）,10.19493/j.cnki.issn1673-8004.2023.06.003,journal article,zh,SOC_POLICY,T3
CITING-WORK-74F32C228796,东方甄选抖音号直播售书场景建构研究,巩铃钰,2024,,,thesis,zh,INTERDISC_OTHER,T3
CITING-WORK-5A33A9CA0CB3,用户观看童书营销短视频行为动机研究,彭玺;袁晶晶;杜正文,2024,新媒体研究,10.3969/j.issn.2096-0360.2024.03.013,journal article,zh,CULT_MEDIA,T2
CITING-WORK-66C6EA40D2EB,古镇传统节俗活动的当代展演与家庭关系研究--以山西省晋城市大阳古镇为例,秦佳乐,2023,,,thesis,zh,URBAN_PLAN_GEO,T3
CITING-WORK-B38D2B8C1625,非遗纪录片中情景再现手法的运用研究--基于毕业作品《岭南香火》的创作实践,黄汉章,2024,,,thesis,zh,INTERDISC_OTHER,T3
CITING-WORK-0F37F942E7E5,后生产主义背景下田园综合体更新设计研究--以四川省遂宁市新桥镇乡村为例,唐能,2024,,,thesis,zh,RURAL_AGRI,T3
CITING-WORK-AF1284727D3D,后生产主义乡村:乡村振兴的一个理论视角,刘祖云;刘传俊,2018,中国农村观察,,journal article,zh,RURAL_AGRI,T2
CITING-WORK-4C9FF70A630D,荣誉与尊严:乡村振兴中的基层荣誉体系建设——基于浙江省新乡贤组织的调研,姜亦炜;吴坚;晏志鑫,2019,浙江学刊,,journal article,zh,CULT_MEDIA,T2
CITING-WORK-0E506B91534B,构成艺术在当代建筑设计中的应用与审美,崔瑾,2015,居业,10.3969/j.issn.2095-4085.2015.24.014,journal article,zh,ARCH_DES_HER,T2
CITING-WORK-4FD9C508D712,舞台传播：论以角色为媒介--以陈道明的表演为例,吴岳,2015,,,thesis,zh,CULT_MEDIA,T3
CITING-WORK-423E652609AB,关于高层钢结构住宅的建筑技术及应用研究,朱汝杰,2017,低碳世界,10.3969/j.issn.2095-2066.2017.18.112,journal article,zh,ARCH_DES_HER,T3
CITING-WORK-3855A8939103,“场地-场景-场所”多维视角下的桥梁景观设计研究,周海飞,2023,,,thesis,zh,ARCH_DES_HER,T3
CITING-WORK-4E03571A10E2,场景视域下城市文化活力评估及治理策略研究--以西安市为例,邓雨龙,2023,,,thesis,zh,CULT_MEDIA,T3
CITING-WORK-F9060BA10654,城市空间正义视角下微空间融入公园城市建设的实现路径,安中轩;高洁,2024,北京城市学院学报,10.3969/j.issn.1673-4513.2024.05.008,journal article,zh,URBAN_PLAN_GEO,T3
CITING-WORK-D15043D1CB99,公园城市美学场景下竹构艺术花园营建探索——以成都公园城市国际花园季暨北林国际花园建造周为例,吴俣思;冉语卿;陈明坤,2025,世界竹藤通讯,10.12168/sjzttx.2025.06.25.001,journal article,zh,CULT_MEDIA,T3
CITING-WORK-DE61F7183FD1,主题婚礼装饰设计多元化风格研究,张孟子毅,2023,,,thesis,zh,INTERDISC_OTHER,T3
CITING-WORK-CB3DB29F555B,婚礼布置侵权案分析,付雨微,2024,,,thesis,zh,INTERDISC_OTHER,T3
CITING-WORK-B1A0CEB36016,宋代婚娶礼俗及陈设在现代婚礼中的应用研究,张潇文,2024,,,thesis,zh,INTERDISC_OTHER,T3
CITING-WORK-C3A43415DC3E,基于GIS的齐鲁传统体育非物质文化遗产空间特征及传承研究,许刚,2026,山东商业职业技术学院学报,10.3969/j.issn.1671-4385.2026.02.025,journal article,zh,ARCH_DES_HER,T3
CITING-WORK-5EEE2AB8F75C,基于场景理论下对非物质文化遗产的生活化传承保护--以平遥古城为例,刘耀光,2023,,,thesis,zh,ARCH_DES_HER,T3
CITING-WORK-8CBD2990C005,县级融媒体功能价值的再开发路径探析,魏艳文,2022,新闻前哨,10.3969/j.issn.1003-2827.2022.22.010,journal article,zh,CULT_MEDIA,T3
CITING-WORK-A884099275F3,县级融媒体记者站建设路径思考,刘晓阳,2023,中国报业,,journal article,zh,CULT_MEDIA,T3
CITING-WORK-2F3FFDF29CBF,场景理论视角下近郊型乡村公共空间设计策略研究,刘琪,2024,,,thesis,zh,ARCH_DES_HER,T3
CITING-WORK-520718047474,"绿色发展视野下的""实景—风景—场景"" ——生态场景理论与实践探索",宋秋明;黄建;武晓勇,2020,城市建筑,10.19892/j.cnki.csjz.2020.36.38,journal article,zh,ARCH_DES_HER,T2
CITING-WORK-4C005F066976,冰雪运动普及对区域经济乘数效应的实证分析,朴柳美;贾洪淳;何松博,2026,冰雪运动,10.16741/j.cnki.bxyd.2026.01.008,journal article,zh,ECON_BUS_CONS,T3
CITING-WORK-08039D11BA37,体验经济视域下冰雪民俗体旅创新发展的内在逻辑、现实桎梏与优化路径,徐存敏;李博文,2026,吉林体育学院学报,10.3969/j.issn.1672-1365.2026.01.001,journal article,zh,ECON_BUS_CONS,T3
CITING-WORK-529B3EBE11AE,民族传统冰雪体育铸牢中华民族共同体意识价值意蕴、发展困境与优化路径,崔洁;邢金明;郭家骏,2026,吉林体育学院学报,10.3969/j.issn.1672-1365.2026.01.004,journal article,zh,SPORT_LEISURE,T3
CITING-WORK-94744CD30728,以宠为媒：媒介情境视角下宠物博主的自我呈现研究,罗芸祺,2024,,,thesis,zh,CULT_MEDIA,T3
CITING-WORK-BEABBB3A9703,媒介情境视域下的数字展馆体验设计研究--以红树林生态科普馆为例,朱音洁,2024,,,thesis,zh,CULT_MEDIA,T3
CITING-WORK-63728F575BBA,Keep健身应用程序盈利模式的问题及对策,高鑫焱,2023,西部广播电视,10.3969/j.issn.1006-5628.2023.14.032,journal article,zh,CULT_MEDIA,T2
CITING-WORK-9509C2F28809,"城市体育赛事出圈的生成机制及可持续发展研究——以江苏""苏超联赛""为例",高昕,2025,文体用品与科技,10.3969/j.issn.1006-8902.2025.23.014,journal article,zh,SPORT_LEISURE,T2
CITING-WORK-77342734EBD2,飞盘高尔夫赛事组织体系构建与长效发展路径研究,宋伟鸣,2026,文体用品与科技,10.3969/j.issn.1006-8902.2026.04.063,journal article,zh,SPORT_LEISURE,T2
CITING-WORK-E038F5814373,传播学视野下的“新闻哥”微信公众号的研究,熊双意,2018,,,thesis,zh,CULT_MEDIA,T3
CITING-WORK-7CACB4EF2191,《人民日报》新闻客户端研究,刘星,2018,,,thesis,zh,INTERDISC_OTHER,T3
CITING-WORK-D1C934A2D597,"文化谈话类节目中的""地域消失""现象分析 ——以《非正式会谈》为例",毕明茹,2022,声屏世界,10.3969/j.issn.1006-3366.2022.09.012,journal article,zh,TOUR_HOSP,T2
CITING-WORK-060758FD73D0,临沂市红色景区红色教育发展问题与对策研究,戚婷婷,2022,,,thesis,zh,TOUR_HOSP,T3
CITING-WORK-8B6D886E41BB,"关于探索发展""时空旅行""助推文旅产业转型升级的思考",王瑜婕;岑利,2023,西部旅游,,journal article,zh,TOUR_HOSP,T2
CITING-WORK-129AC3A21ACE,"""NAS""理论视角下沂蒙精神的多维传播路径探究",李洪彩;曹春蕾,2023,沂蒙干部学院学报,,journal article,zh,CULT_MEDIA,T3
CITING-WORK-A281AF82A2D6,城市社区“15分钟健身圈”对居民健康效应的异质性研究,姜帆,2025,,,thesis,zh,SPORT_LEISURE,T3
CITING-WORK-424487904EFF,济南市章丘区社区体育健身现状与发展对策研究,张宇;侯超文;袁珊珊,2025,当代体育科技,10.16655/j.cnki.2095-2813.2025.19.023,journal article,zh,SPORT_LEISURE,T3
CITING-WORK-ECD5B97E55AD,城市公园空间环境对居民活动行为的影响——以长沙市为例,阙华斐,2025,文体用品与科技,10.3969/j.issn.1006-8902.2025.08.007,journal article,zh,SPORT_LEISURE,T2
CITING-WORK-B5F88731A2F6,选“兴盛优选”还是“多多买菜”？--社区团购平台消费者购买意愿影响因素研究,陈卓,2025,,,thesis,zh,ECON_BUS_CONS,T3
CITING-WORK-073AA6463D19,农产品直播中主播形象美颜对消费者购买意愿的影响研究,程枢捦,2025,,,thesis,zh,ECON_BUS_CONS,T3
CITING-WORK-7BF68331FECB,直播电商情境下信号特征对消费者购买意愿的影响研究,邱子倍,2025,,,thesis,zh,ECON_BUS_CONS,T3
CITING-WORK-80526F1586AC,兰州市主城区显隐性消费空间时空演变特征及影响因素分析,钟会,2025,,,thesis,zh,ECON_BUS_CONS,T3
CITING-WORK-F2B782837E2F,基于场景理论的贵州“状元笔”黄茶数字化品牌设计研究,魏可心,2025,,,thesis,zh,ECON_BUS_CONS,T3
CITING-WORK-C891FB2A60AD,"""国潮""背后的都市民俗学之思：传统文化的韧性与价值传承",徐赣丽;刘言,2025,西北民族研究,,journal article,zh,CULT_MEDIA,T3
CITING-WORK-4B23798737C2,湖南省永州市柳子街历史文化街区文化旅游品牌建设研究,唐志超,2025,,,thesis,zh,ARCH_DES_HER,T3
CITING-WORK-8D3D7A327454,基于文化基因场景转译的天津旅游文创产品优化策略研究,王亦敏;张熠;杨咏,2026,包装工程,10.19554/j.cnki.1001-3563.2026.04.036,journal article,zh,ARCH_DES_HER,T2
CITING-WORK-26FA913DFDE1,文旅融合视域下具身认知的博物馆旅游体验设计研究,张世悦;袁晨恋;凃志初,2025,湖南包装,10.19686/j.cnki.issn1671-4997.2025.04.037,journal article,zh,ARCH_DES_HER,T2
CITING-WORK-9C1221290D42,数字经济浪潮下乡村旅游的创新发展路径探究,李筱刚,2026,牡丹江大学学报,10.3969/j.issn.1008-8717.2026.03.002,journal article,zh,TOUR_HOSP,T3
CITING-WORK-A052AFF8A831,场景共创:旅游资源开发的范式转向,孙佼佼,2026,自然资源学报,10.31497/zrzyxb.20260302,journal article,zh,URBAN_PLAN_GEO,T2
CITING-WORK-5E7AE5801585,移动互联网时代家庭传播场景研究,罗轩瑶,2020,,,thesis,zh,CULT_MEDIA,T3
CITING-WORK-71698251C6DF,场景视阈下科学传播创新研究--以“中国科普博览”为例,梁奕宸,2019,,,thesis,zh,CULT_MEDIA,T3
CITING-WORK-0F83FC5A3D8C,符号化的日常生活:观察类真人秀传播范式研究——以《我家那闺女》为例,杜子璇,2019,新媒体研究,10.3969/j.issn.1671-7597.2019.07.057,journal article,zh,CULT_MEDIA,T2
CITING-WORK-7ADB58C0F340,"""打卡""与共谋:校园消费空间的短视频传播与社群认同",门泽超;王明赫,2026,传播与版权,10.3969/j.issn.2096-8078.2026.02.023,journal article,zh,CULT_MEDIA,T2
CITING-WORK-9CA6663E9927,大学生使用数字化红色文化资源的影响因素研究——基于结构方程模型的实证分析,崔向平;唐甜;赵春晖,2025,高等理科教育,10.3969/j.issn.1000-4076.2025.04.012,journal article,zh,EDUCATION,T3
CITING-WORK-9FAB1B7E483D,微信小程序跨平台竞争研究,赖晓凤,2019,,,thesis,zh,INFO_TECH,T3
CITING-WORK-D1B0693D5303,微信小程序的场景应用研究,孙路玲,2021,,,thesis,zh,INTERDISC_OTHER,T3
CITING-WORK-3ABBD764B44D,场景视阈下微信小程序用户使用意愿研究——基于感知价值理论,林紫霞,2019,今传媒（学术版）,,journal article,zh,INTERDISC_OTHER,T3
CITING-WORK-CDB5976AFE13,场景传播视野下新时代文明实践中心功能优化研究,刘金昊,2021,,,thesis,zh,CULT_MEDIA,T3
CITING-WORK-C4A2D2E97669,思想政治教育中的场景运用研究,田广丽,2024,,,thesis,zh,EDUCATION,T3
CITING-WORK-0D15935D6DC7,基于虚拟现实技术的思想政治教育场景研究,徐昕,2024,,,thesis,zh,EDUCATION,T3
CITING-WORK-A52EEFF522D1,场景理论视角下城市高架桥下空间的更新设计策略研究,郝婷婷,2024,,,thesis,zh,URBAN_PLAN_GEO,T3
CITING-WORK-40F434D978CF,场景理论框架下工业遗产装置艺术设计策略研究,蔡文卓,2025,美与时代,10.3969/j.issn.1003-2592.2025.40.021,journal article,zh,ARCH_DES_HER,T2
CITING-WORK-F3EBE9028788,文旅融合视域下的乡村书屋环境设计,盛佳欣,2025,,,thesis,zh,TOUR_HOSP,T3
CITING-WORK-69C0D09BDADC,基于用户思维的县级融媒体中心建设探析,朱标,2020,,,thesis,zh,CULT_MEDIA,T3
CITING-WORK-32B9A36A73CB,新媒体时代房地产品牌传播策略研究--以上海万科为例,刘杨虹,2023,,,thesis,zh,ECON_BUS_CONS,T3
CITING-WORK-AFB093BDC8E5,场景时代下微信小程序的传播策略,马雯婷,2019,新媒体研究,10.3969/j.issn.1671-7597.2019.13.056,journal article,zh,CULT_MEDIA,T2
CITING-WORK-F191FCD2578B,阿拉善骆驼文化新媒体传播研究,楚鲁其其格,2024,,,thesis,zh,CULT_MEDIA,T3
CITING-WORK-BE5823C7FFE2,地方语境下的传说叙事与社会建构--以青岛东流亭社区胡峄阳传说为例,王书琴,2025,,,thesis,zh,URBAN_PLAN_GEO,T3
CITING-WORK-AB29F1234E26,中国民间文学研究2024年度报告,祝鹏程,2025,民间文化论坛,,journal article,zh,CULT_MEDIA,T3
CITING-WORK-2942ADD657DD,山东省新型公共文化空间发展策略研究,王梓鑫,2025,,,thesis,zh,CULT_MEDIA,T3
CITING-WORK-80B3A8E495D2,县域职校何以服务乡村全面振兴——基于西部地区45个案例的质性文本分析,林克松;饶昌鹏,2026,当代职业教育,10.3969/j.issn.1674-9154.2026.01.001,journal article,zh,RURAL_AGRI,T3
CITING-WORK-D3B57A5A396A,乡村社群参与乡村体育赛事的行动逻辑与实践启示——基于晋江市东埔村的个案考察,曾玉兰;许文鑫,2025,西安体育学院学报,10.16063/j.cnki.issn1001-747x.2025.04.008,journal article,zh,RURAL_AGRI,T3
CITING-WORK-E3C445F9AAEE,基于民族认同感的文旅类综艺节目的共情叙事研究,宋诗钰,2025,,,thesis,zh,TOUR_HOSP,T3
CITING-WORK-16D46A52E5C6,东盟纪录片《一湾一世界》的创新策略,王晓旭;张英杰,2024,视听,10.3969/j.issn.1674-246x.2024.08.020,journal article,zh,INTERDISC_OTHER,T3
CITING-WORK-D14750CE3CD8,文化类综艺节目表现形式创新途径,陈梦婷,2024,西部广播电视,10.3969/j.issn.1006-5628.2024.13.024,journal article,zh,CULT_MEDIA,T2
CITING-WORK-72C8F429D484,港口堆场照明远程控制系统的研究与设计,王浩,2019,,,thesis,zh,INTERDISC_OTHER,T3
CITING-WORK-4CA316C7A990,场景理论下非遗短视频在快手平台的传播研究,申晴,2024,,,thesis,zh,CULT_MEDIA,T3
CITING-WORK-3B5B9549176D,腾讯新闻客户端新闻推送的运营策略研究,方丹,2019,,,thesis,zh,INTERDISC_OTHER,T3
CITING-WORK-23342290F7BC,乡村振兴背景下的农田景观设计研究,刘奕灵,2024,花卉,10.3969/j.issn.1005-7897.2024.16.017,journal article,zh,ARCH_DES_HER,T3
CITING-WORK-D4ABB5B07FBD,观光农田景观设计元素表现分析,王晓丽;田治国,2025,现代园艺,10.3969/j.issn.1006-4958.2025.19.038,journal article,zh,ARCH_DES_HER,T2
CITING-WORK-0842426A84D7,"[Unidentified thesis citation; Wanfang target CENSUS-0790, reference 3]",佚名,,,,thesis,unknown,INTERDISC_OTHER,T3
CITING-WORK-B49DDD58A13D,“云相亲”直播的场景传播研究,刘佳,2022,,,thesis,zh,CULT_MEDIA,T3
CITING-WORK-57E7AA70C0AE,少数民族地区网红短视频内容生产研究,朱淑真,2023,,,thesis,zh,CULT_MEDIA,T3
CITING-WORK-E6D269CB206C,论新时代背景下的机场商业高质量发展路径,杨帆,2026,品牌研究,10.3969/j.issn.2096-1847.2026.02.062,journal article,zh,ECON_BUS_CONS,T2
CITING-WORK-EDDD566C0534,购物中心文化场景布局对消费者行为的影响——基于审美愉悦和审美兴趣的中介效应,任卓异;姜凌;刘遗志,2026,商业经济研究,10.3969/j.issn.2095-9397.2026.07.011,journal article,zh,ECON_BUS_CONS,T3
CITING-WORK-7346B096A2E0,场景理论视域下的公共图书馆场景化探究——以24小时公共图书馆的夜读场景为例,杨欣如;王兆伟;杨欣意,2024,山东图书馆学刊,10.3969/j.issn.1002-5197.2024.05.006,journal article,zh,INFO_TECH,T2
CITING-WORK-B60DA5270A6F,公共图书馆场景化构建和运营模式研究——以上海市虹口区图书馆·和平书院为例,王兆伟;杨欣如,2025,图书馆杂志,10.13663/j.cnki.lj.2025.09.007,journal article,zh,INFO_TECH,T2
CITING-WORK-5DA958FA66D7,公共图书馆亲子读者服务模式创新研究,黄彩恋,2025,中国民族博览,10.3969/j.issn.1007-4198.2025.20.081,journal article,zh,ARCH_DES_HER,T2
CITING-WORK-D69223C7D773,基于在线评论的小鹏汽车产品需求识别研究,冯倩铃,2024,,,thesis,zh,INTERDISC_OTHER,T3
CITING-WORK-C77DEF62455D,川江流域传统场镇聚落空间分布特征与影响因素研究,刘舒琴,2024,,,thesis,zh,INTERDISC_OTHER,T3
CITING-WORK-DD36A3F50E79,基于VGI数据的广州从化徒步线路景观意象特征识别研究,陈甜甜,2024,,,thesis,zh,ARCH_DES_HER,T3
CITING-WORK-7C30748F0822,杭州长埭村“未来乡村”场景建设发展策略研究,于杨雨琪,2023,,,thesis,zh,RURAL_AGRI,T3
CITING-WORK-AFC005D533DE,场景理论下苍山世界地质公园品牌形象设计研究,李文玉,2025,,,thesis,zh,ECON_BUS_CONS,T3
CITING-WORK-BAB1586E588F,场景理论视角下的传统村落景观设计研究--以赤壁市中伙铺安丰村为例,浮思洁,2025,,,thesis,zh,ARCH_DES_HER,T3
CITING-WORK-AC5F46D6E683,基于多维层积解析的工业型历史街区保护再生设计策略研究——以沈阳耐火材料厂为例,王园;金承协;王铁博,2025,设计艺术研究,10.3963/j.issn.2095-0705.2025.03.013,journal article,zh,ARCH_DES_HER,T2
CITING-WORK-D684876B3058,微更新视阈下城市老旧社区微空间场景化设计策略与实践——以天津兴隆南里社区为例,孔帅;姜子江;王艺淳,2025,设计艺术研究,10.3963/j.issn.2095-0705.2025.06.008,journal article,zh,ARCH_DES_HER,T2
CITING-WORK-9DAFCC09C107,“JiTT+对分课堂混合教学模式”在中职《民法基本理论与实务》课程中的应用研究,李文秀,2022,,,thesis,zh,EDUCATION,T3
CITING-WORK-AC6702E43E17,粤北坪石华南教育历史研学基地的空间设计策略研究,许斯琳,2022,,,thesis,zh,ARCH_DES_HER,T3
CITING-WORK-710548A67EC6,红色研学赋能高校辅导员和思政课教师协同育人效果,耿云霄,2022,广东职业技术教育与研究,10.3969/j.issn.1672-2744.2022.02.038,journal article,zh,EDUCATION,T3
CITING-WORK-CCDF2F15AA4D,TC在线旅游公司小程序适老化营销策略优化研究,苟刚,2023,,,thesis,zh,TOUR_HOSP,T3
CITING-WORK-FEE19CBAEF92,旅游景点直播中主播与游客的价值共创机制——多案例研究,林开淼;韦佳丽;陈珊珊,2025,管理案例研究与评论,10.7511/jmcs20250608,journal article,zh,TOUR_HOSP,T3
CITING-WORK-7270C27DDECB,"""趣玩er""平台建设与运营研究",肖文;刘念;阮梦勋,2025,现代信息科技,10.19850/j.cnki.2096-4706.2025.16.019,journal article,zh,INFO_TECH,T3
CITING-WORK-40CF0138ED89,场景理论视阈下高校红色档案资源开发利用路径研究,黄嘉琦,2025,机电兵船档案,10.3969/j.issn.1007-1970.2025.06.026,journal article,zh,EDUCATION,T3
CITING-WORK-581C98EEEDE3,公共空间文创企业运营模式创新策略探讨,周庆军,2025,中小企业管理与科技,10.3969/j.issn.1673-1069.2025.20.027,journal article,zh,ECON_BUS_CONS,T3
CITING-WORK-BE7ED93EBE0A,基于迁地保护的非遗场景游客体验评价研究--以南昌万寿宫旅游休闲街区为例,高火玲,2024,,,thesis,zh,ARCH_DES_HER,T3
CITING-WORK-B90D37CCD349,地域文化基因视阈下金秀瑶族文创产品设计路径研究,张亚辉,2024,,,thesis,zh,CULT_MEDIA,T3
CITING-WORK-BDB62A4B6501,聊天记录截屏传播的风险及其法律应对,陈璐伟,2023,采.写.编,10.3969/j.issn.1007-8177.2023.08.042,journal article,zh,CULT_MEDIA,T3
CITING-WORK-2970CAD36B58,聊天截屏跨场景传播的意义赋予与反思,吴翊阳;罗彬,2022,视听,10.3969/j.issn.1674-246x.2022.08.051,journal article,zh,CULT_MEDIA,T3
CITING-WORK-204026D8A882,"截屏社交的""刺猬困境""——聊天记录再传播中隐私边界的游移与重塑",戴颖洁;潘茹雪,2024,台州学院学报,10.13853/j.cnki.issn.1672-3708.2024.01.013,journal article,zh,CULT_MEDIA,T3
CITING-WORK-0370609C914D,图书推荐类短视频的媒介、场景与用户行为研究,董苗苗,2022,,,thesis,zh,CULT_MEDIA,T3
CITING-WORK-51599CEC08A2,李子柒短视频的影像拍摄技巧与美学呈现,韩少蓓;何佳,2022,新媒体研究,10.3969/j.issn.2096-0360.2022.21.026,journal article,zh,CULT_MEDIA,T2
CITING-WORK-797B6DF0F56B,"对外传播视角下""李子柒""自媒体的海外传播路径探讨",秦拓,2022,新闻传播,,journal article,zh,CULT_MEDIA,T3
CITING-WORK-79199D82DA63,基于谨慎更新理论的厦门市城中村改造策略研究,杨建伟,2025,,,thesis,zh,INTERDISC_OTHER,T3
CITING-WORK-3F362C94FA57,公共艺术介入的湖南古城文化旅游社区云平台场景设计机制研究,黄悦;魏彩杰,2024,西部旅游,10.3969/j.issn.1006-2629.2024.18.xbly202418030,journal article,zh,TOUR_HOSP,T2
CITING-WORK-E5FAAC318ECA,宋代艺术符号在现代餐饮空间设计中的应用研究,李雪婷,2021,,,thesis,zh,ARCH_DES_HER,T3
CITING-WORK-3B225F452C59,基于用户情感体验的主题餐饮空间设计,冯小涵,2023,,,thesis,zh,ARCH_DES_HER,T3
CITING-WORK-BA75BCB32C3C,基于复愈性环境理论的瑜伽馆空间设计,陈杏,2022,,,thesis,zh,ARCH_DES_HER,T3
CITING-WORK-CFA7E0F524A2,传统绘画的数字化呈现与表达研究--以互动影像作品《众生相》为例,李扬,2023,,,thesis,zh,INFO_TECH,T3
CITING-WORK-E9BC50111C93,AIGC技术在VR虚拟直播设计中的应用——以苗族刺绣风格迁移为案例的探索,孟静亭;张雪怡;孟海宁,2026,设计,10.3969/j.issn.1003-0069.2026.01.019,journal article,zh,INTERDISC_OTHER,T2
CITING-WORK-B81610A98526,场景视域下的网络社群成员身份建构研究,陈波;杨金泽,2025,新闻与传播评论,10.14086/j.cnki.xwycbpl.2025.05.007,journal article,zh,CULT_MEDIA,T3
CITING-WORK-919206C032BE,社交媒体时代青年截屏传播现象研究--以豆瓣截屏小组为例,杜乐翔,2023,,,thesis,zh,CULT_MEDIA,T3
CITING-WORK-A1B2B421F980,实现与约束：技术可供性视角下截屏公开行为的意义生成,谢睿丽,2023,,,thesis,zh,INTERDISC_OTHER,T3
CITING-WORK-B521AACFFAF4,媒介可供性视角下青年群体截屏公开行为研究--以微信聊天截屏为例,张靖,2025,,,thesis,zh,CULT_MEDIA,T3
CITING-WORK-CE47ED9D6F06,数字技术条件下奥运会开幕式场景叙事研究--以2022年北京冬奥会开幕式为例,李孟哲,2023,,,thesis,zh,INFO_TECH,T3
CITING-WORK-4D7A8D124220,媒介融合下沉浸式新闻的思考与展望,刘春山,2021,中国报业,,journal article,zh,CULT_MEDIA,T3
CITING-WORK-727984078B70,论5G时代主流媒体的沉浸式新闻报道,王晨晨,2023,中国报业,,journal article,zh,CULT_MEDIA,T3
CITING-WORK-0D3CC70C8E16,媒介场景理论视域下哔哩哔哩“云养宠”现象研究,王萱,2025,,,thesis,zh,CULT_MEDIA,T3
CITING-WORK-63CA44A58E4B,弹幕互动中的时间悖论与社交幻觉传播研究,施明华,2026,传播与版权,10.3969/j.issn.2096-8078.2026.01.012,journal article,zh,CULT_MEDIA,T2
CITING-WORK-E6958204842F,媒介变革中的主持传播创新,张宜天;梁劲芸,2023,声屏世界,10.3969/j.issn.1006-3366.2023.16.034,journal article,zh,TOUR_HOSP,T2
CITING-WORK-9EDB6D7080AE,亲情的媒介化？媒介情境视角下的“电子父母”现象研究,吴艳,2025,,,thesis,zh,CULT_MEDIA,T3
CITING-WORK-24EEDC5A8692,数字特效在文博纪录片中的应用分析,林沛萱,2025,西部广播电视,10.3969/j.issn.1006-5628.2025.05.026,journal article,zh,CULT_MEDIA,T2
CITING-WORK-5731EF65F661,基于媒介情境论的《诗经》植物兴象信息可视化设计研究,尚甜甜,2024,,,thesis,zh,CULT_MEDIA,T3
CITING-WORK-3A141619CAE9,社交媒体情境下感知压力对大学生政治新闻回避行为的影响研究,梁晓瑜,2024,,,thesis,zh,CULT_MEDIA,T3
CITING-WORK-33C7ED844CFC,媒介情境论视阈下新媒体情感类音频节目有声语言研究,张梦,2024,,,thesis,zh,CULT_MEDIA,T3
CITING-WORK-A3D28F1459AE,培育理性平和社会心态的现实路径,伍麟,2025,人民论坛,10.3969/j.issn.1004-3381.2025.12.007,journal article,zh,SOC_POLICY,T2
CITING-WORK-C5A3D694D66C,从生活营造到生活性团结:乡村生活治理的超越与发展,吴琼;赵祥云;邢成举,2025,西北农林科技大学学报（社会科学版）,10.13968/j.cnki.1009-9107.2025.06.10,journal article,zh,RURAL_AGRI,T3
CITING-WORK-D049804F7FC1,"超越""端口治理"":乡村生活治理的路径与转向——基于农村人居环境整治的经验分析",雒珊,2025,现代经济探讨,10.3969/j.issn.1009-2382.2025.07.013,journal article,zh,RURAL_AGRI,T3
CITING-WORK-A3213BDF3E81,行政主导农村人居环境整治:形态、逻辑与风险——以苏南Y村为例,何成兵,2025,中共宁波市委党校学报,10.3969/j.issn.1008-4479.2025.05.008,journal article,zh,RURAL_AGRI,T3
CITING-WORK-C9746F021FB0,存量时代下城市非正式绿地活化利用与开放共享路径探索——以北京市梨园镇为例,刘廷炜;蒋佳伶;王欣言,2025,城市发展研究,10.3969/j.issn.1006-3862.2025.08.014,journal article,zh,URBAN_PLAN_GEO,T2
CITING-WORK-6A0DAFC7A040,"多元融合下""公园+""建设的实践探索——以合肥市包河区为例",周小晗,2025,花卉,10.3969/j.issn.1005-7897.2025.24.011,journal article,zh,INTERDISC_OTHER,T3
CITING-WORK-38DF3072527A,探索以用户为中心的新媒体发展模式,徐建华,2021,传媒论坛,10.3969/j.issn.2096-5079.2021.05.021,journal article,zh,CULT_MEDIA,T2
CITING-WORK-344552C60424,浅析场景思维下新媒体深度新闻报道的创新路径,施金果,2022,新闻传播,,journal article,zh,CULT_MEDIA,T3
CITING-WORK-D8F7BC445959,论深度报道理论对客观报道理论的传承与超越——从新闻理念演变看深度报道百年实践,金君俐;孙淼,2022,传媒评论,10.3969/j.issn.1004-9029.2022.08.011,journal article,zh,INTERDISC_OTHER,T3
CITING-WORK-A85ED5EEC418,新媒体时代提升深度报道效果的路径分析,苏木金,2023,新闻研究导刊,10.3969/j.issn.1674-8883.2023.24.027,journal article,zh,CULT_MEDIA,T3
CITING-WORK-A127ECDA4C80,城市实体书店景点化发展的空间设计策略研究,尤佳丽,2023,,,thesis,zh,ARCH_DES_HER,T3
CITING-WORK-B02D77470CBB,基于场景理论的空间设计探究,郑馨;姚磊,2021,现代园艺,10.3969/j.issn.1006-4958.2021.16.025,journal article,zh,ARCH_DES_HER,T2
CITING-WORK-87B6721B6B34,场景理论视角下室内居住空间品质塑造研究,尤佳丽,2024,建筑与装饰,,journal article,zh,ARCH_DES_HER,T3
CITING-WORK-D63FFFC1839C,城市公园周边地区城市设计研究--以沈抚示范区人民文化公园周边地区城市设计为例,季玲慧,2021,,,thesis,zh,ARCH_DES_HER,T3
CITING-WORK-516E075C7160,城市公园的作用与设计原则,李红婷,2023,低碳世界,10.3969/j.issn.2095-2066.2023.06.028,journal article,zh,URBAN_PLAN_GEO,T3
CITING-WORK-7BE8EA303720,产业集聚视域下成都市文化创意产业发展及路径研究,郑正真,2020,决策咨询,,journal article,zh,ECON_BUS_CONS,T3
CITING-WORK-F450ACDB16CE,地域文化在曹县四季河公园景观设计中的应用,孙姝;王鑫,2023,山西建筑,10.13719/j.cnki.1009-6825.2023.06.003,journal article,zh,ARCH_DES_HER,T2
CITING-WORK-471C4261C3BC,游戏陪玩师和玩家的互动仪式研究,陈柯枫,2024,,,thesis,zh,INTERDISC_OTHER,T3
CITING-WORK-D1E0711B9753,全媒体时代下体育赛事传播的新样态 ——以2022北京冬奥会为例,吴婷婷,2023,采.写.编,10.3969/j.issn.1007-8177.2023.01.035,journal article,zh,CULT_MEDIA,T3
CITING-WORK-CC83FB659417,"互动仪式链视角下体育""饭圈""文化研究——以足球迷为例",彭冠迪,2023,科技传播,10.3969/j.issn.1674-6708.2023.23.019,journal article,zh,CULT_MEDIA,T3
CITING-WORK-66C6D16794B4,互动仪式链理论视域下文化访谈节目的情感联结范式与运作机制,牛海波,2023,中国传媒科技,10.19483/j.cnki.11-4653/n.2023.04.026,journal article,zh,CULT_MEDIA,T3
CITING-WORK-538F842ADFF7,都市核心区大尺度绿色空间文化特色塑造路径——以成都市环城生态区为例,付洋;王惠;陈诚,2024,规划师,10.3969/j.issn.1006-0022.2024.01.020,journal article,zh,URBAN_PLAN_GEO,T2
CITING-WORK-D2360A776C7D,基于共享理念的社区公园更新策略研究--以兰州邓园为例,吉香平,2023,,,thesis,zh,URBAN_PLAN_GEO,T3
CITING-WORK-416A195EA74F,文体旅融合视域下佛山南海醒狮高质量发展路径研究,曾小英,2025,,,thesis,zh,INTERDISC_OTHER,T3
CITING-WORK-E1637567844C,数字经济推动文体旅融合发展路径研究——以陕西铜川市为例,常芸,2025,产业创新研究,10.3969/j.issn.2096-4714.2025.17.041,journal article,zh,ECON_BUS_CONS,T3
CITING-WORK-FB2ACAEAF4C8,"文旅体深度融合的系统推进机制、困境与政策创新——以""多彩贵州""文旅体融合新品牌路径建构为例",石培华;张晓萱;王屹君,2026,贵州师范大学学报（社会科学版）,10.16614/j.gznuj.skb.2026.02.003,journal article,zh,TOUR_HOSP,T3
CITING-WORK-7EA95A9C2F49,成都都市圈文体旅产业融合发展水平测度及时空演化研究,张永韬;马超逸;王明涛,2026,决策咨询,10.3969/j.issn.1006-3404.2026.01.013,journal article,zh,ECON_BUS_CONS,T3
CITING-WORK-36E921ACFB5E,城市微型公共空间体验式景观设计——以太原市尖草坪区为例,毛敏,2021,,,thesis,zh,ARCH_DES_HER,T3
CITING-WORK-7A7F269D98B5,地域文化视角下的口袋公园设计研究,宰湘婷,2022,工业设计,10.3969/j.issn.1672-7053.2022.06.056,journal article,zh,ARCH_DES_HER,T2
CITING-WORK-D782CA2347B9,多元化景观设计玛莎·施瓦茨作品探析,王展,2023,山西建筑,10.13719/j.cnki.1009-6825.2023.15.013,journal article,zh,ARCH_DES_HER,T2
CITING-WORK-97FFFC80D6AF,场景营造视域下历史文化街区空间治理研究--以青岛市中山路为例,魏文超,2025,,,thesis,zh,ARCH_DES_HER,T3
CITING-WORK-7F8C3A87E200,历史记忆—象征符号:中华优秀传统文化构筑中华民族共有精神家园的逻辑理路,汤夺先;王雯雯,2026,安徽大学学报（哲学社会科学版）,10.13796/j.cnki.1001-5019.2026.01.013,journal article,zh,CULT_MEDIA,T3
CITING-WORK-238C27403C5F,马克思精神生产理论视域下中华民族共有精神家园的内在机理与构筑路径,魏莉;汪秀梅,2025,北方民族大学学报（哲学社会科学版）,10.20076/j.cnki.64-1065/g4.2025.04.001,journal article,zh,SOC_POLICY,T3
CITING-WORK-31E6ED937CE4,融入日常生活:中华民族共有精神家园的微观建构,郝佳婧,2026,北方民族大学学报（哲学社会科学版）,10.20076/j.cnki.64-1065/g4.2026.01.006,journal article,zh,SOC_POLICY,T3
CITING-WORK-2C5D6C9C9FB7,利他人格和情境因素对大学生网络慈善捐赠的影响,王姗,2018,,,thesis,zh,INFO_TECH,T3
CITING-WORK-B0781E56BAFD,出租车司机群体社会参与中的身体实践研究——以J市出租车司机为个案,刘清玉,2021,,,thesis,zh,SOC_POLICY,T3
CITING-WORK-239DF9D5D447,社会动员视角下儿童阅读推广公益组织研究——基于成都书语公益服务中心的考察,迟天一,2021,,,thesis,zh,SOC_POLICY,T3
CITING-WORK-11DA9304BF92,培养利他行为促进艺术类高校德育提高,牛宇,2015,黑龙江工程学院学报,10.3969/j.issn.1671-4679.2015.05.016,journal article,zh,EDUCATION,T3
CITING-WORK-713CA0ED6206,工程活动中多元主体伦理责任研究--以英国泰大桥事故为例,陈滨琼,2021,,,thesis,zh,INTERDISC_OTHER,T3
CITING-WORK-F35C4A654AF6,工程实践之“是”与“应当”的统一——对工程伦理研究的自然主义方法的反思,何菁;董群,2020,北京理工大学学报（社会科学版）,10.15918/j.jbitss1009-3370.2020.3085,journal article,zh,SOC_POLICY,T3
CITING-WORK-9BC860D98429,中国工程伦理教育的实践创新探析,何菁;丛杭青,2017,江苏高教,10.13236/j.cnki.jshe.2017.06.006,journal article,zh,EDUCATION,T2
CITING-WORK-E43D8F3F58BE,城乡规划工程类课程的思政要素探究,向铭铭;喻明红;彭黎君,2020,教育教学论坛,,journal article,zh,ARCH_DES_HER,T3
CITING-WORK-45DDC19E48FC,公共艺术介入下西安市美丽乡村公共空间营建策略研究--以鄠邑区石井片区为例,王颖,2023,,,thesis,zh,RURAL_AGRI,T3
CITING-WORK-09FED1F2F4CB,社交符号、场景裂变与AI适配:消费主义背景下出版新媒体营销增效路径,隗静秋;袁晶晶;芦思露,2025,出版广角,10.16491/j.cnki.cn45-1216/g2.2025.08.005,journal article,zh,CULT_MEDIA,T2
CITING-WORK-BDD859CBE174,韧性城市理论视域下新型旧书店形塑青年释压空间的质性研究——基于16家书店及其主理人的参与式观察与深度访谈,张萱;邓银铖,2025,出版广角,10.16491/j.cnki.cn45-1216/g2.2025.09.005,journal article,zh,CULT_MEDIA,T2
CITING-WORK-7CCA37AC2404,"再建""巴别塔"":作为文化中介的剧场及其价值生产",万雨思,2025,交响（西安音乐学院学报）,10.3969/j.issn.1003-1499.2025.03.004,journal article,zh,CULT_MEDIA,T3
CITING-WORK-C4002E9A5D85,基于5W模式的新型公共文化空间建设路径探析——以京津冀地区实践为例,王艳玲;徐冰涛;王子文,2026,图书馆工作与研究,,journal article,zh,INFO_TECH,T2
CITING-WORK-240F037F7588,新场景下广播节目主持人角色转型研究,龚芮,2018,,,thesis,zh,INTERDISC_OTHER,T3
CITING-WORK-9D3E0DAA1619,社会维度下网络编辑立体式编辑思维的重要性,韩有业;魏海岩,2018,中国编辑,,journal article,zh,CULT_MEDIA,T2
CITING-WORK-053B7D9C7FE7,政务新媒体语用研究——以微博、微信为例,何英楠,2017,,,thesis,zh,CULT_MEDIA,T3
CITING-WORK-911ADC0A1B00,高校大学生媒介素养教育在心理健康教育工作中的运用研究,吴静芳,2022,山西青年,,journal article,zh,EDUCATION,T3
CITING-WORK-33B44BB8EA3F,"媒介情境论下政务微博在媒介事件中的影响 ——以""昆山龙哥案""为例",淡庆,2019,新闻研究导刊,,journal article,zh,CULT_MEDIA,T3
CITING-WORK-A972D332BE10,爱奇艺OTT设备应用银河奇异果搜索功能交互设计研究及实践,范可馨,2019,,,thesis,zh,INTERDISC_OTHER,T3
CITING-WORK-BB8699D09FAC,文博类综艺节目场景化传播的困境与突围,刘亚平,2022,,,thesis,zh,CULT_MEDIA,T3
CITING-WORK-5C3881D9E371,媒介情境理论视角下微信使用对亲子关系的影响研究,王翠品,2025,,,thesis,zh,CULT_MEDIA,T3
CITING-WORK-DE9786AF3E80,情境空间视角下的五台山文创产品设计研究,管梦焱,2022,,,thesis,zh,INTERDISC_OTHER,T3
CITING-WORK-2770213C0DCB,参与式文化的当代博物馆文创空间设计策略研究,钱浦草,2022,,,thesis,zh,ARCH_DES_HER,T3
CITING-WORK-74361A0E59C1,博物馆数字展陈情境下游客沉浸式学习体验对重游意愿的影响研究——以苏州博物馆西馆为例,吴忠超,2024,,,thesis,zh,TOUR_HOSP,T3
CITING-WORK-B88B3C60CC0E,现代博物馆展示空间设计的新元素分析,王风光,2022,中国建筑装饰装修,10.3969/j.issn.1672-2167.2022.14.027,journal article,zh,ARCH_DES_HER,T3
CITING-WORK-06411D0B0940,新媒体技术对绘画艺术创作与传播的影响,李旭,2019,传媒,,journal article,zh,CULT_MEDIA,T3
CITING-WORK-0EF4033EC009,知识服务的场景化研究,刘智华,2020,东南传播,,journal article,zh,CULT_MEDIA,T3
CITING-WORK-E55744F20CF3,互联网思维下的“媒介经营与管理”案例式教学改革探索,向琳丽,2018,求知导刊,,journal article,zh,EDUCATION,T3
CITING-WORK-603E8E33A3ED,广播媒体场景运营策略——以楚天交通广播FM92.7为例,芦珊珊,2017,新闻与写作,,journal article,zh,CULT_MEDIA,T3
CITING-WORK-D0340DDCB694,古城沉浸式体验对游后行为意向的影响研究——以潮州古城为例,马佳梦,2024,,,thesis,zh,INTERDISC_OTHER,T3
CITING-WORK-FF09E5AF463B,主题公园旅游场景体验对游客游后行为意向影响研究,刘娜娜,2024,,,thesis,zh,TOUR_HOSP,T3
CITING-WORK-98D79A6B6D9A,苏州古城文旅融合场景个案研究,李东晔,2024,,,thesis,zh,TOUR_HOSP,T3
CITING-WORK-787AA4AC9358,文旅融合视域下城市品牌构建与传播策略研究——以沈阳为例,孟杨;张卿侨,2024,美与时代,,journal article,zh,ARCH_DES_HER,T2
CITING-WORK-1F37253C14CF,景村融合理念下乡村公共空间更新策略──以英山县鸭掌树村为例,左艳琳,2025,,,thesis,zh,RURAL_AGRI,T3
CITING-WORK-DD8FB1919E32,"找回""附近"":空间生产何以重塑社区共同体?——以上海市H社区""生境花园""为例",张诚;孙宇;马帅,2026,城市发展研究,10.3969/j.issn.1006-3862.2026.02.011,journal article,zh,URBAN_PLAN_GEO,T2
CITING-WORK-00403502C5D9,新建未来社区公共服务地块规划设计探究——以信阳高铁CAZ北片区未来社区方案设计为例,白一兵,2025,住区,10.26952/j.cnki.issn1674-9073.202506006,journal article,zh,ARCH_DES_HER,T2
CITING-WORK-467E6E3DB467,成都龙潭水乡文旅街区营销策略研究,蒋克难,2023,,,thesis,zh,ARCH_DES_HER,T3
CITING-WORK-2A2E34EF64D0,浅析福州历史文化街区的保护与更新——以三坊七巷、上下杭、烟台山为例,蔡资潇,2023,建筑与文化,10.19875/j.cnki.jzywh.2023.11.072,journal article,zh,ARCH_DES_HER,T2
CITING-WORK-6066D33E185E,"新媒体平台在文旅信息传播中的功能、价值与未来——以""西演space""演艺售票平台为例",陈哲,2024,旅游纵览,10.3969/j.issn.1004-3292.2024.01.048,journal article,zh,TOUR_HOSP,T2
CITING-WORK-3BFAE490741E,消费新场景的生成逻辑、理论内涵与实践进路,叶胥;唐子怡,2025,消费经济,,journal article,zh,ECON_BUS_CONS,T2
CITING-WORK-1D01F00110E9,出版社在阅读推广中的功能与价值考察--以广西四家出版社为例,龙悦,2025,,,thesis,zh,INTERDISC_OTHER,T3
CITING-WORK-7B5052380057,"全民阅读文化活动""八桂书香周""的符号建构与体验传播",张晔,2025,视听,10.3969/j.issn.1674-246x.2025.13.004,journal article,zh,CULT_MEDIA,T3
CITING-WORK-FDDEEA95B7C1,城市新型公共文化空间建设的现实困境及纾解之策,于超宁,2025,新东方,10.3969/j.issn.1004-700x.2025.04.010,journal article,zh,CULT_MEDIA,T3
CITING-WORK-586B0BBFF0ED,探寻社区科技馆建设发展路径——基于社区博物馆文献综述的剖析,王珊珊;饶荣亮;朱叶,2025,自然科学博物馆研究,,journal article,zh,CULT_MEDIA,T3
CITING-WORK-14E97A5CCAD8,武汉老旧小区户外公共空间社区归属感提升机制及景观更新策略研究,高映歆,2023,,,thesis,zh,ARCH_DES_HER,T3
CITING-WORK-E8880D565DC0,洛阳市白鹤镇美丽乡村建设研究,张冰冰,2024,,,thesis,zh,RURAL_AGRI,T3
CITING-WORK-593E83A8B34A,服务视角下岭南乡村墟市空间设计研究,黄艳琳,2025,,,thesis,zh,ARCH_DES_HER,T3
CITING-WORK-6DA13413D538,基于场景化设计的职业启蒙教育基地设计研究--以东基厂为例,丁思瑾,2024,,,thesis,zh,EDUCATION,T3
CITING-WORK-A3CEC7955F6C,基于眼动追踪技术的地铁枢纽站换乘空间寻路行为与空间优化研究,赵梓琦,2025,,,thesis,zh,INTERDISC_OTHER,T3
CITING-WORK-D9455B2B4320,旅游景区抖音短视频孵化“网红场景”--以开封《王婆说媒》为例,石娟环,2025,,,thesis,zh,TOUR_HOSP,T3
CITING-WORK-8D2D075144FA,电梯广告的场景营销策略和效果研究--以成都电梯广告为例,牛伟伦,2020,,,thesis,zh,INTERDISC_OTHER,T3
CITING-WORK-BFC1C9AA9921,网络剧中内生广告的艺术特征及传播策略研究,樊庆雯,2022,,,thesis,zh,CULT_MEDIA,T3
CITING-WORK-DAB62F409468,智能广告交互性对年轻消费者购买意愿的影响研究,丁兰,2024,,,thesis,zh,ECON_BUS_CONS,T3
CITING-WORK-F251D9729E0C,2018-2022年智能广告研究综述,陈齐;甘晨,2023,中国传媒科技,10.19483/j.cnki.11-4653/n.2023.08.003,journal article,zh,INFO_TECH,T3
CITING-WORK-E17584A74A74,物与乡建:日常物视角下的乡建实践探索研究,张聪慧,2022,城市建筑,10.19892/j.cnki.csjz.2022.21.03,journal article,zh,ARCH_DES_HER,T2
CITING-WORK-CA65BFC04FD5,"身体在场与身体缺场的饮食交流研究 ——基于传统社会和""互联网+""时代两个维度",罗夏梓平,2018,楚雄师范学院学报,10.3969/j.issn.1671-7406.2018.06.003,journal article,zh,SOC_POLICY,T3
CITING-WORK-394970FC618D,物的意义生产:以坭兴陶为个案的研究,郝国强;赵新欣,2023,贺州学院学报,10.3969/j.issn.1673-8861.2023.01.008,journal article,zh,INTERDISC_OTHER,T3
CITING-WORK-3AB7123A2ACA,身体性与祛身化:一种关于共同体衰变机制的分析,黄剑,2018,民俗研究,,journal article,zh,INTERDISC_OTHER,T3
CITING-WORK-3D0D2C0E4417,休闲街区沉浸体验对游客行为意向的影响研究--以长安十二时辰主题街区为例,杨文静,2025,,,thesis,zh,ARCH_DES_HER,T3
CITING-WORK-923D4F77C2B5,旅游者打卡网红旅游地的影响因素及意向研究--基于推拉锚定模型,张羿,2025,,,thesis,zh,TOUR_HOSP,T3
CITING-WORK-F31EAA4C4A20,智慧旅游信息对旅游服务感知的影响研究——一个并行中介模型,王儒;余菲,2025,河池学院学报,10.3969/j.issn.1672-9021.2025.05.013,journal article,zh,TOUR_HOSP,T3
CITING-WORK-44C1C1B0AE93,"触""景""护""绿""——湿地旅游场景对游客亲环境行为意向的影响",张琼锐;沈瑜诺;徐颂军,2025,中南林业科技大学学报（社会科学版）,10.14067/j.cnki.1673-9272.2025.06.008,journal article,zh,INTERDISC_OTHER,T2
CITING-WORK-096AE1548846,需求导向下城市退役军人的社区优抚服务优化研究--以Y市社区为例,陈源,2025,,,thesis,zh,URBAN_PLAN_GEO,T3
CITING-WORK-20AAFDB9CC90,家校社协同视域下S市M区小学劳动教育存在问题及优化对策研究,李晓菲,2025,,,thesis,zh,EDUCATION,T3
CITING-WORK-30C89B2137B8,"数字化转型视角下""政-家-校-社""网络协同育人模式研究",佚名,,,,thesis,zh,INFO_TECH,T3
CITING-WORK-F901382656D6,新时代教育强国视域下社区教育师资队伍建设路径研究,关永承,2025,成才之路,10.3969/j.issn.1008-3561.2025.07.013,journal article,zh,EDUCATION,T3
CITING-WORK-2392821E44DE,场景视域下的电商直播传播策略研究,简家伟,2022,,,thesis,zh,CULT_MEDIA,T3
CITING-WORK-B251E1BBB816,空间理论视域下信息流广告的场景化传播研究——以腾讯新闻为例,吴鑫滢,2023,,,thesis,zh,CULT_MEDIA,T3
CITING-WORK-86209596DBBB,"""场景""在移动媒体新闻传播中的应用研究",张璐,2020,北京印刷学院学报,,journal article,zh,CULT_MEDIA,T3
CITING-WORK-850E61792B31,"技术进阶下智媒体的盈利模式分析 ——以""封面新闻""为例",张朝萌,2022,视听,10.3969/j.issn.1674-246x.2022.02.003,journal article,zh,CULT_MEDIA,T3
CITING-WORK-23ECA70EAECF,抖音平台夫妻情侣类短视频的自我呈现研究,王建楠,2021,,,thesis,zh,CULT_MEDIA,T3
CITING-WORK-6D2FA7F4B065,网民在社交媒体上自我呈现的变迁研究,许景璐,2022,,,thesis,zh,CULT_MEDIA,T3
CITING-WORK-8C413125C192,“90后”群体微信与微博自我呈现差异研究,何鸿婷,2020,数字传媒研究,,journal article,zh,INFO_TECH,T3
CITING-WORK-2A0A79863D5A,媒介情境视域下社交媒体用户行为异化研究,冷若冰,2020,新闻研究导刊,,journal article,zh,CULT_MEDIA,T3
CITING-WORK-66EAE191B783,新媒介语境下的现实主义叙事研究,晏丽尧,2025,,,thesis,zh,CULT_MEDIA,T3
CITING-WORK-98030D9295B7,"身体""再文化"":新型阅读空间的阅读实践与社会交往",陈瑞华,2025,编辑之友,10.13786/j.cnki.cn14-1066/g2.2025.2.001,journal article,zh,CULT_MEDIA,T3
CITING-WORK-5864AB63DABA,城市阅读型街区设计研究——以前程里社区设计为例,童晶莹;孙奎利;佟家琪,2026,工业设计,10.3969/j.issn.1672-7053.2026.02.023,journal article,zh,ARCH_DES_HER,T2
CITING-WORK-ED1F0AFD9116,2024年中国出版研究热点综述,段乐川;高铭岳,2025,中国数字出版,,journal article,zh,INFO_TECH,T2
CITING-WORK-B1CB1B18CF31,美食类纪录片《风味人间》跨文化传播的策略研究,陈静怡,2021,,,thesis,zh,CULT_MEDIA,T3
CITING-WORK-F259ADE927DB,东方甄选抖音平台直播带货的传播策略研究,路雨晴,2025,,,thesis,zh,CULT_MEDIA,T3
CITING-WORK-E9A969396E47,新闻移动客户端智能语音优化路径探究,唐玉璟,2022,今传媒（学术版）,10.3969/j.issn.1672-8122.2022.02.004,journal article,zh,INFO_TECH,T3
CITING-WORK-0AA5026B5E39,5G时代下的媒介生态变迁与传播模式创新,邱添,2022,新闻世界,,journal article,zh,URBAN_PLAN_GEO,T2
CITING-WORK-62C703E5B227,协同治理视角下昌宁县秀雅村传统公共文化空间培育路径研究,杨柯,2025,,,thesis,zh,CULT_MEDIA,T3
CITING-WORK-F07D8ED5E70D,连队文化振兴的社会基础与实践路径分析——基于两个团场连队的调研,李齐明;时英杰;张蜜,2025,现代商贸工业,10.19311/j.cnki.1672-3198.2025.20.025,journal article,zh,ECON_BUS_CONS,T2
CITING-WORK-565DCEC58342,广西祠堂建筑的功能演变、空间重构与文化传承机制研究,刘少琨,2026,中国建筑装饰装修,10.3969/j.issn.1672-2167.2026.03.038,journal article,zh,ARCH_DES_HER,T3
CITING-WORK-E3AC06D9FAFA,文明乡风建设中以德化民传统的治理价值与启示研究,于彩妮,2025,,,thesis,zh,SOC_POLICY,T3
CITING-WORK-4AC5395229DF,现代性视域下民俗文化题材动画的创作道路,佚名,,,,thesis,zh,CULT_MEDIA,T3
CITING-WORK-51831C31DC7E,创新与发展:贵州打造现代生活场景推动各民族共同现代化研究,周真刚;李少鹏,2025,西南民族大学学报（人文社会科学版）,10.3969/j.issn.1004-3926.2025.06.003,journal article,zh,SOC_POLICY,T3
CITING-WORK-EDE51078A796,"""十五五""时期航空运动产业发展的理论逻辑、现实形势与优化路径",马蕾,2026,吉林体育学院学报,10.3969/j.issn.1672-1365.2026.01.005,journal article,zh,ECON_BUS_CONS,T3
CITING-WORK-6D9AEC089CF0,低空经济赋能体育新质生产力发展:重点领域、现实壁垒与破解路径,何旭;李卫东;刘宇航,2025,体育科学,10.16469/j.css.2025kx106,journal article,zh,ECON_BUS_CONS,T3
CITING-WORK-C56A0A6E2776,低空经济背景下户外运动产业高质量发展探析,陈强;刘健,2025,体育文化导刊,10.3969/j.issn.1671-1572.2025.10.011,journal article,zh,SPORT_LEISURE,T2
CITING-WORK-B73903BD5EC3,我国各省市低空经济高质量发展政策比较分析,周守亮;姜世洋;付双美,2026,中国商论,10.19699/j.cnki.issn2096-0298.2026.04.023,journal article,zh,ECON_BUS_CONS,T3
CITING-WORK-84A6F6656A16,新媒体背景下网球赛事的传播与发展路径研究,柳永阔,2022,,,thesis,zh,CULT_MEDIA,T3
CITING-WORK-2CF43752DC13,广西高校大学生气排球赛事运作的SWOT分析,杨靠,2024,,,thesis,zh,EDUCATION,T3
CITING-WORK-0EBA3AC9074C,"""个性""与""交互"":新环境下中国足球解说模式的突破与进路",潘子昊,2021,秦智,,journal article,zh,TOUR_HOSP,T2
CITING-WORK-F24DA111D6DD,数字化推动初中足球赛事传播的影响研究,陈凯,2026,文体用品与科技,10.3969/j.issn.1006-8902.2026.01.039,journal article,zh,SPORT_LEISURE,T2
CITING-WORK-7BF423B4908B,城市公共空间的营造与优化,张仕捷,2025,福建开放大学学报,10.3969/j.issn.2097-0412.2025.03.025,journal article,zh,URBAN_PLAN_GEO,T3
CITING-WORK-748503DE8FB3,场景理论视角下城市公园游憩机会谱的构建及设计应用,陈思羽;肖湘东;孙玮泽,2025,现代园艺,10.3969/j.issn.1006-4958.2025.18.039,journal article,zh,ARCH_DES_HER,T2
CITING-WORK-645DAE8490A9,人工智能赋能图书馆阅读推广的路径研究,庄晓娟,2025,科技资讯,10.16661/j.cnki.1672-3791.2504-5042-6806,journal article,zh,INFO_TECH,T3
CITING-WORK-D381B9E87EED,知识生态视阈下辽宁省公共图书馆红色文献服务研究,吴畅,2024,,,thesis,zh,INTERDISC_OTHER,T3
CITING-WORK-76FAEBDE8A1E,“文化润疆”在初中历史教学中的实践路径--基于乌鲁木齐革命文化资源运用的思考,贾文娟,2024,,,thesis,zh,EDUCATION,T3
CITING-WORK-9CA7990F973C,新时代大学生理想信念教育场景化实践机制及其优化路径研究,文庆玲,2025,,,thesis,zh,EDUCATION,T3
CITING-WORK-CC688A3B48E6,新时代少先队红色基因传承研究,张玉田,2024,,,thesis,zh,INTERDISC_OTHER,T3
CITING-WORK-DDC222AE5FA8,李子柒短视频中“匠心精神”的传播符号学研究,王琳珠,2021,,,thesis,zh,CULT_MEDIA,T3
CITING-WORK-568A101BC16A,警察个体影像传播与职业角色认知,张鹤馨,2022,,,thesis,zh,CULT_MEDIA,T3
CITING-WORK-28E477A87873,传播情境的“失调”与“协调”--基于播音员口述史的研究,李洋,2023,,,thesis,zh,CULT_MEDIA,T3
CITING-WORK-1E24114D6ED7,媒介情境论视域下乡村教师在抖音平台的短视频传播策略研究,颜珺,2022,,,thesis,zh,RURAL_AGRI,T3
CITING-WORK-0EDB63735B61,场景、构建、价值：电商直播的发展、问题与反思,王琪琪,2021,,,thesis,zh,INTERDISC_OTHER,T3
CITING-WORK-BFD360098E50,电商直播平台服务场景的塑造策略研究——以淘宝直播平台为例,史可鑫,2022,,,thesis,zh,INFO_TECH,T3
CITING-WORK-8527C7E3622A,电商直播经济发展的现状与策略研究 ——以济南市为例,张讯;徐嘉辰,2022,湖北省社会主义学院学报,10.3969/j.issn.1671-2803.2022.01.017,journal article,zh,ECON_BUS_CONS,T3
CITING-WORK-78561B3AE8C0,广州市银发直播电商发展的问题与对策研究,胡睿;陈少铭;于泽人,2026,现代商业,,journal article,zh,ECON_BUS_CONS,T3
CITING-WORK-F59374F74106,网络微短剧用户付费意愿影响因素研究,许彤,2025,,,thesis,zh,INFO_TECH,T3
CITING-WORK-D7C0DAC0F3E6,触觉交互广告用户使用意愿研究,周芯民,2025,,,thesis,zh,INTERDISC_OTHER,T3
CITING-WORK-C60E53BE3AA8,基于人工智能的直播电商模式发展研究,张鑫,2024,中国电子商务,10.3969/j.issn.1009-4067.2024.14.013,journal article,zh,INFO_TECH,T3
CITING-WORK-2D5301588153,基于价值感知的饲料品牌形象建设机制及传播策略分析,钟金宇,2025,中国饲料,10.15906/j.cnki.cn11-2975/s.20251825,journal article,zh,ECON_BUS_CONS,T3
CITING-WORK-9185FDC3FA5D,沉浸式实景剧《梦境西厢记》场景传播策略研究,李泳青,2024,,,thesis,zh,CULT_MEDIA,T3
CITING-WORK-E51EE0148FDB,媒介可供性视角下“中国节日”系列晚会在B站的传播路径研究,贾宇,2023,,,thesis,zh,CULT_MEDIA,T3
CITING-WORK-F826CF4087E6,场景理论视角下国内移动音频APP品牌传播研究--以四大移动音频APP为例,杨秋芹,2023,,,thesis,zh,ECON_BUS_CONS,T3
CITING-WORK-005EFE8297D0,"新媒体语境下涉台传播的话语建构策略——基于2022年度台海短视频""爆款""创作的分析",邵琦;刘歆昕,2023,东南传播,,journal article,zh,CULT_MEDIA,T3
CITING-WORK-6DB6C7D46835,新冠疫情期间政务舆情事件中的网民情绪引导研究,夏晶晶,2022,,,thesis,zh,INTERDISC_OTHER,T3
CITING-WORK-F32DCF5BC0DA,大学生新冠疫情信息回避行为影响因素研究,吴婷婷,2022,,,thesis,zh,INFO_TECH,T3
CITING-WORK-256D22699B81,后疫情时代民众对疫情流感化宣传的认知模式分析——基于扎根理论的探索,张议文,2023,新闻研究导刊,10.3969/j.issn.1674-8883.2023.14.015,journal article,zh,INTERDISC_OTHER,T3
CITING-WORK-D918E85110F6,媒介情境论视域下相亲直播间情境构建及关系发展研究,王羽,2025,,,thesis,zh,CULT_MEDIA,T3
CITING-WORK-41CCE5D8D4D1,从观看走向共情:共情传播理论下文旅叙事的转型机制与实践路径,张淑华;梁涛,2026,传播与版权,10.3969/j.issn.2096-8078.2026.07.020,journal article,zh,CULT_MEDIA,T2
CITING-WORK-401804DEC0F8,"媒介情境理论视域下皮影文化的数字展览传播研究——以""一梦华胥·中国皮影光影艺术展""为例",张淇森,2025,视听,10.3969/j.issn.1674-246x.2025.17.008,journal article,zh,CULT_MEDIA,T3
CITING-WORK-42002C7ED655,SCP范式下中国移动游戏产业发展研究,王梦琪,2022,,,thesis,zh,ECON_BUS_CONS,T3
CITING-WORK-70A102D4B1EE,驯服与反抗：平台资本规训下移动社交游戏玩家的主体性建构及抵抗实践研究,王坤,2025,,,thesis,zh,INFO_TECH,T3
CITING-WORK-B969FB2E4147,网络游戏嵌入青年亲密关系的三重逻辑,朱福容,2025,,,thesis,zh,INFO_TECH,T3
CITING-WORK-2056C3D89389,农民家庭现代化转型中未成年人手机网络游戏沉迷现象分析,孙敏;夏柱智,2023,传播创新研究,,journal article,zh,CULT_MEDIA,T3
CITING-WORK-AE7C6CAEC0F5,基于SOR理论助农直播对消费者购买行为影响因素研究,朱婕,2025,,,thesis,zh,ECON_BUS_CONS,T3
CITING-WORK-E9C9E19F1C51,直播场景对消费者网购生鲜农产品意愿的影响研究,杨婧怡,2025,,,thesis,zh,ECON_BUS_CONS,T3
CITING-WORK-E278F2E2C5CE,农产品情绪价值对青年消费影响机制研究,谢菡;赵文德,2026,北方经贸,10.3969/j.issn.1005-913x.2026.03.017,journal article,zh,ECON_BUS_CONS,T2
CITING-WORK-5D4AB291214D,乡村振兴视角下农产品市场营销创新案例探讨和建议分析,姚苏洋;苏鑫,2025,现代商业,,journal article,zh,RURAL_AGRI,T3
CITING-WORK-F6CA5EFEB288,访谈节目的媒介情境与角色建构研究--以《十三邀》为例（毕业作品《“毕业”生》）,朱珂,2023,,,thesis,zh,CULT_MEDIA,T3
CITING-WORK-8AE6627B0C6D,乡村留守老人家庭中智能监控的媒介情境研究—以湘中S村为例,胡澳归,2024,,,thesis,zh,RURAL_AGRI,T3
CITING-WORK-A95E2C424062,抖音中白族网红短视频的内容生产策略与中华民族共同体意识建构研究,罗雨竹,2025,,,thesis,zh,CULT_MEDIA,T3
CITING-WORK-3D422452B1F6,摩尔庄园手游情感怀旧传播因素探析,魏情情,2023,中国报业,,journal article,zh,CULT_MEDIA,T3
CITING-WORK-768567F188BC,法国华文媒体中的中国国家形象建构研究—以《欧洲时报》涉华报道为例,张金凤,2024,,,thesis,zh,CULT_MEDIA,T3
CITING-WORK-62967010DB6C,新冠肺炎疫情期间联合早报网中国形象呈现研究,贾景裕,2023,,,thesis,zh,INTERDISC_OTHER,T3
CITING-WORK-3615F08950B9,数字游牧民视角下海外留学青年的视频生产机制——以何香蓓Betty为例,金芷琳,2024,传媒论坛,10.3969/j.issn.2096-5079.2024.14.015,journal article,zh,CULT_MEDIA,T2
CITING-WORK-0B21A016C071,华文媒体增强海外华侨华人民族文化认同的实践路径探究,李锟鹏,2024,新闻研究导刊,10.3969/j.issn.1674-8883.2024.03.012,journal article,zh,CULT_MEDIA,T3
CITING-WORK-D1F6AE3D5473,90后群体社交媒体倦怠现象研究--以微信朋友圈为例,李星,2024,,,thesis,zh,CULT_MEDIA,T3
CITING-WORK-4DAD93BAA5BE,媒介情境论视角下大学生微信朋友圈分享行为研究,靳宇豪,2024,,,thesis,zh,CULT_MEDIA,T3
CITING-WORK-1E9B914E6609,Z世代青年社交媒体中“解除好友”行为研究,程铭,2024,,,thesis,zh,CULT_MEDIA,T3
CITING-WORK-6BD31E3BBBA8,社交媒体新闻评论的形态及其社会文化意味,杨雨昕,2024,,,thesis,zh,CULT_MEDIA,T3
CITING-WORK-5352F459A881,在线诊疗社区用户隐私感知对诊疗信息求助行为的影响研究,潘圆方,2023,,,thesis,zh,INFO_TECH,T3
CITING-WORK-48C78999064D,"基于结构功能主义AGIL模型的""两路""精神传播模式研究——以""泸石红色文化高速公路""建设为例",袁飞云;蒋永林;邢兵,2024,重庆交通大学学报（社会科学版）,10.3969/j.issn.1674-0297.2024.03.007,journal article,zh,CULT_MEDIA,T3
CITING-WORK-5B08AC7A64C3,传统村落舒适物集聚度对游客情感的影响,闫海燕;董蕊;何艳冰,2025,中国生态旅游,10.12342/zgstly.20240114,journal article,zh,TOUR_HOSP,T2
CITING-WORK-FFE266880248,大学生思想政治教育应用“B站”的问题及对策研究,熊杰,2023,,,thesis,zh,EDUCATION,T3
CITING-WORK-9A7C81FA1315,大思政视域下高校思想政治教育隐性教育方式与实施策略,袁瑜菊,2025,六盘水师范学院学报,10.16595/j.1671-055x.2025.05.011,journal article,zh,EDUCATION,T3
CITING-WORK-3F0A2E5F1ED5,智能汽车车载有声读物的阅读生态构建研究,王献娜,2024,,,thesis,zh,INFO_TECH,T3
CITING-WORK-571AAC897C19,有读无类:全民阅读时代的读者观,陈邦武,2023,编辑之友,10.13786/j.cnki.cn14-1066/g2.2023.8.003,journal article,zh,INTERDISC_OTHER,T3
CITING-WORK-E449C85430D2,瓯江山水诗路旅游服务体验的创新设计研究——以大罗山景区为例,吴联凡;吴耀;黄冰蝶,2023,当代美术家,,journal article,zh,TOUR_HOSP,T3
CITING-WORK-4CBCB3423812,"情景体验下的丹寨蜡染""数字化传承""研究",张文莉;杨佳欣,2024,设计艺术研究,10.3963/j.issn.2095-0705.2024.04.018,journal article,zh,ARCH_DES_HER,T2
CITING-WORK-B9223251723B,文旅融合背景下博物馆旅游多模态创新发展路径研究,冯冬艳,2023,漫旅,,journal article,zh,TOUR_HOSP,T2
CITING-WORK-A2BEA94B4B24,转译过程：“小人物”题材纪录片的人物形象塑造研究--以毕业作品《空巢青年》为例,袁霞,2024,,,thesis,zh,INTERDISC_OTHER,T3
CITING-WORK-FFF7B9E6464E,从媒介情境论视域分析21世纪香港体育电影特色（2000-2022）,马海珍,2024,,,thesis,zh,CULT_MEDIA,T3
CITING-WORK-621CE00B7207,文化记忆视阈下非遗题材纪录片的视听语言表达研究--以毕业作品《门楣上的希冀》为例,董方明,2024,,,thesis,zh,CULT_MEDIA,T3
CITING-WORK-66C4BC27A203,抖音传统节日短视频情感传播研究,王雨,2024,,,thesis,zh,CULT_MEDIA,T3
CITING-WORK-54E49A8B3E5A,成都市望平坊特色街区打造的问题与对策研究,姚昀辰,2024,,,thesis,zh,ARCH_DES_HER,T3
CITING-WORK-C3810C342682,"""双循环""新格局下消费中心城市构建路径研究——以粤港澳大湾区协同层城市为视角",黎传熙,2022,湖北经济学院学报,10.3969/j.issn.1672-626x.2022.01.002,journal article,zh,ECON_BUS_CONS,T3
CITING-WORK-EC1835E3C3E7,天府绿道多元场景营造的调查研究,何洋漪;杨慧;李佳,2023,中国集体经济,,journal article,zh,ECON_BUS_CONS,T3
CITING-WORK-8832ABA51A89,艺术乡建中的空间生产异化与主体性重构——以杭州市青山村为例,刘斌;岳文泽;柴子娇,2026,城市规划,10.11819/cpr20260412a,journal article,zh,ARCH_DES_HER,T3
CITING-WORK-79F167DB748A,艺术乡建赋能乡村振兴的理论逻辑与实践探索——以龙游县溪口镇为例,杨巧珍,2025,甘肃农业,10.3969/j.issn.1673-9019.2025.12.017,journal article,zh,RURAL_AGRI,T3
CITING-WORK-55629783D118,非遗融入艺术乡建的有效路径与实践策略,李斯颖;钟雨佳,2026,南宁师范大学学报（哲学社会科学版）,10.16601/j.cnki.issn2096-7349.2026.01.001,journal article,zh,INTERDISC_OTHER,T2
CITING-WORK-F95354EBE1C3,空间生产视域下金华市艺术乡建赋能乡村振兴的机制与路径研究,赵晨璐,2026,智慧农业导刊,10.20028/j.zhnydk.2026.02.032,journal article,zh,RURAL_AGRI,T3
CITING-WORK-77637A1CF49E,人文旅游服务场景对游客冲动性购买行为影响的研究,巩佳琪,2025,,,thesis,zh,TOUR_HOSP,T3
CITING-WORK-DA6B0C262677,Y市图书馆公共文化服务质量提升对策研究,沈莉,2024,,,thesis,zh,CULT_MEDIA,T3
CITING-WORK-B397F43F3937,基于场景的中职《酒店服务礼仪》课程教学设计与实践,孙苑,2025,,,thesis,zh,TOUR_HOSP,T3
CITING-WORK-A550439B2D75,漓江风景名胜区传统村落旅游体验场景对游客行为意向影响研究,孙传印,2025,,,thesis,zh,TOUR_HOSP,T3
CITING-WORK-B9E3BE58F35D,价值共创视角下公共阅读空间文化服务协同机制研究——以杭州书房为例,丁晓,2026,大学图书情报学刊,10.3969/j.issn.1006-1525.2026.01.010,journal article,zh,CULT_MEDIA,T3
CITING-WORK-BBB56A77492F,公共阅读空间动态发展模式研究——基于随机时滞演化博弈视角,王艺;李小龙;杨鹭,2025,情报资料工作,10.12154/j.qbzlgz.2025.06.010,journal article,zh,INFO_TECH,T2
CITING-WORK-019C6E03C1E5,协同治理模型视域下新型公共阅读空间建设研究,周芬芬,2025,四川图书馆学报,10.3969/j.issn.1003-7136.2025.06.011,journal article,zh,SOC_POLICY,T3
CITING-WORK-A69138F367AE,重庆主城区商业步行街体验式景观研究,吴爽,2020,,,thesis,zh,ARCH_DES_HER,T3
CITING-WORK-CDC648AEE576,基于触媒视角的城市街区社会生态系统解析——以杭州湖滨街区为例,从晚婷,2020,,,thesis,zh,ARCH_DES_HER,T3
CITING-WORK-A17D06944FD5,基于视知觉感知量化的特色街区外部空间环境研究--以合肥市罍街为例,马頔,2018,,,thesis,zh,ARCH_DES_HER,T3
CITING-WORK-B16142F1203E,基于地域文化的邵阳县夫夷天街环境景观设计,吴丹丹,2019,,,thesis,zh,ARCH_DES_HER,T3
CITING-WORK-F942D616F275,数字创意设计创新要素网络与模型构建研究,杨欣欣,2023,,,thesis,zh,INFO_TECH,T3
CITING-WORK-48766D0726E9,“青年友好型”社区品牌形象的设计策略研究--以成都玉林为例,袁可,2024,,,thesis,zh,ECON_BUS_CONS,T3
CITING-WORK-20B5D18BFC9B,城市更新与文化传承:老城文化场景构建的逻辑维度与行动要素,魏文坤,2025,东岳论丛,10.3969/j.issn.1003-8353.2025.12.011,journal article,zh,CULT_MEDIA,T2
CITING-WORK-46024A670AC4,基于熵权TOPSIS法的美食文创市场适应性分析,陈宁;孙琨;侯兵,2023,美食研究,10.19913/j.cnki.2095-8730msyj.2023.03.05,journal article,zh,ECON_BUS_CONS,T3
CITING-WORK-703D1C89F5D8,老年智能家居场景设计研究,王雪,2022,,,thesis,zh,INFO_TECH,T3
CITING-WORK-291F8FFC9F4A,成都市老旧院落智慧化改造问题与对策研究,孙玥,2025,,,thesis,zh,INTERDISC_OTHER,T3
CITING-WORK-1E804EA8DE1F,文化符号视域下地方抹茶文旅融合发展路径探析,郑淑慧;沈涵;朱世桂,2025,茶叶,10.3969/j.issn.0577-8921.2025.04.013,journal article,zh,TOUR_HOSP,T3
CITING-WORK-2ADEDEB8AEFE,场景理论下长沙市井文化建筑装饰探析——以长沙超级文和友为例,张为民;张双兰,2026,美与时代,10.3969/j.issn.1003-2592.2026.01.022,journal article,zh,ARCH_DES_HER,T2
CITING-WORK-A764D691E97C,移动端生成式AI产品用户体验评估研究综述,祝潇扬;王巍;杨逸景,2025,包装工程,10.19554/j.cnki.1001-3563.2025.24.009,journal article,zh,ARCH_DES_HER,T2
CITING-WORK-295DF9E64C98,生成式人工智能环境下的搜索即学习:技术路径、行为演化与伦理挑战,施栩婕;袁帆;李佳,2025,农业图书情报学报,10.13998/j.cnki.issn1002-1248.25-0274,journal article,zh,INFO_TECH,T2
CITING-WORK-06F2A787C3FC,面向生成式AI的用户交互路径识别与评价研究,韩龙;郭晋成;盛怡瑾,2025,情报理论与实践,10.16353/j.cnki.1000-7490.2025.07.016,journal article,zh,INTERDISC_OTHER,T3
CITING-WORK-0C06DAB90487,人智交互情境下用户探索式搜索策略及转换模式研究,范昊;朱佳怡,2025,现代情报,10.3969/j.issn.1008-0821.2025.12.004,journal article,zh,ARCH_DES_HER,T2
CITING-WORK-2182652F6A6A,生成式AI对话中的提示词策略有效性探究,周洁;王东毅;代沁泉,2025,数据分析与知识发现,10.11925/infotech.2096-3467.2024.0939,journal article,zh,INTERDISC_OTHER,T3
CITING-WORK-85846AFEFED3,老旧小区改造中社会支持对居民建设性参与影响研究,周庭,2024,,,thesis,zh,SOC_POLICY,T3
CITING-WORK-E5E69CB30627,基于人工智能视觉的特定场景识别系统设计,秦爱梅;丁雨,2017,现代电子技术,10.16652/j.issn.1004-373x.2017.10.008,journal article,zh,INFO_TECH,T3
CITING-WORK-076C5FF2745D,生态审美视域下乡村河道景观设计策略研究,薛贝贝,2024,,,thesis,zh,ARCH_DES_HER,T3
CITING-WORK-5FA1A6A1B8BD,基于冶父山文化的主题酒店设计研究,金昊,2025,,,thesis,zh,TOUR_HOSP,T3
CITING-WORK-AE1E908FA76B,基于地域文化的景观营造——以九龙口淮剧小镇为例,陈婉,2024,中国园林,10.19775/j.cla.2024.s2.0079,journal article,zh,ARCH_DES_HER,T2
CITING-WORK-2BED9C107AC1,基于地域非遗文化的虚拟旅游场景设计策略研究,王建磊,2026,鞋类工艺与设计,10.3969/j.issn.2096-3793.2026-08-030,journal article,zh,TOUR_HOSP,T3
CITING-WORK-2A26B427F2FA,人工智能视域下剧本杀游戏沉浸式体验机制研究,高莹禧,2025,,,thesis,zh,INFO_TECH,T3
CITING-WORK-C5A8758C77CD,高中思想政治课体验式教学路径研究--以《哲学与文化》为例,刘佳乐,2025,,,thesis,zh,EDUCATION,T3
CITING-WORK-94A5CC68BE86,面向数据要素价值化的公共数据场景体系构建及应用研究,吴雅琪,2025,,,thesis,zh,INTERDISC_OTHER,T3
CITING-WORK-12EE7AF77611,"""一站式""学生社区心理健康教育育人探赜",佚名,,,,thesis,zh,EDUCATION,T3
CITING-WORK-33ABEF85C895,S公司智能座舱场景驱动产品创新的案例研究,何雪婷,2025,,,thesis,zh,INFO_TECH,T3
CITING-WORK-153F216A0ECE,数智化趋势背景下的社会创新设计研究综述:跨学科融合与趋势展望,吴春茂;王星雨;王轩,2025,包装工程,10.19554/j.cnki.1001-3563.2025.22.006,journal article,zh,ARCH_DES_HER,T2
CITING-WORK-A221D772E663,虚拟预演系统赋能文艺节目创作的思考,陈昱清;季铁;杨觐梦,2024,电视研究,,journal article,zh,CULT_MEDIA,T2
CITING-WORK-93B8E26FAD36,AIGC赋能视域下文博微短剧数字叙事设计策略,徐延章;李佳宁,2026,视听界,10.3969/j.issn.1004-5171.2026.01.005,journal article,zh,INFO_TECH,T3
CITING-WORK-EE65CFB1B158,再地方化:四川省地市级媒体融合中的全媒体生产模式研究,白迎港,2026,西部广播电视,10.3969/j.issn.1006-5628.2026.01.009,journal article,zh,CULT_MEDIA,T2
CITING-WORK-4F6438665FE6,“双减”政策下公共图书馆中小学阅读推广服务研究,孙震博,2024,,,thesis,zh,SOC_POLICY,T3
CITING-WORK-8400022CD097,我国少儿图书馆智能阅读服务场景研究——以28所一级少儿馆为例,徐军华;陈俐君,2025,国家图书馆学刊,10.13666/j.cnki.jnlc.2025.0403,journal article,zh,INFO_TECH,T2
CITING-WORK-91B7876FB20D,地方公共图书馆面向青少年开展传统文化阅读推广的实践探索,李海燕,2024,河南图书馆学刊,10.3969/j.issn.1003-1588.2024.02.015,journal article,zh,INFO_TECH,T2
CITING-WORK-F3F52DDAD66A,新时代公共图书馆优化青少年社会教育供给的探索与实践——以重庆图书馆为例,张莹露;邓佳雯,2026,晋图学刊,10.3969/j.issn.1004-1680.2026.01.007,journal article,zh,EDUCATION,T3
CITING-WORK-475621BB1A53,公共图书馆的场景式阅读活动对儿童阅读效果的影响——基于互动仪式链理论的实证研究,陈则谦;张博文,2025,图书馆,10.3969/j.issn.1002-1558.2025.08.011,journal article,zh,INFO_TECH,T2
CITING-WORK-A45668A235D0,电商短视频对消费者购买意愿的影响研究,万君;陈伟佳,2025,新媒体研究,10.3969/j.issn.2096-0360.2025.10.009,journal article,zh,CULT_MEDIA,T2
CITING-WORK-96341BE844C8,四川革命老区特色农产品高值化开发研究,张裕鹏;刘洒洒;潘庭杰,2026,合作经济与科技,10.3969/j.issn.1672-190x.2026.07.002,journal article,zh,ECON_BUS_CONS,T3
CITING-WORK-FC0081EA9508,"打造""顶流"":流量经济时代的文旅消费——以大熊猫热潮为例",王皓;王茂福,2025,西北民族大学学报（哲学社会科学版）,10.3969/j.issn.1001-5140.2025.05.012,journal article,zh,TOUR_HOSP,T3
CITING-WORK-25091926A05A,"数字时代的意义迁移:青年""吃谷热""的社会学解释",欧阳跃明,2025,中国青年研究,10.3969/j.issn.1002-9931.2025.09.002,journal article,zh,SOC_POLICY,T2
CITING-WORK-2BBEDD26B731,《密室大逃脱》中原生广告的传播策略研究,王邺,2020,,,thesis,zh,CULT_MEDIA,T3
CITING-WORK-0AFB94C0B914,媒介情境论视域下随行直播的场景适配研究——以广西广播电视台直播实践为例,曾宇佳,2021,,,thesis,zh,CULT_MEDIA,T3
CITING-WORK-EA7960A97DBA,游戏类网络直播的沉浸传播研究,庞雅娟,2021,,,thesis,zh,CULT_MEDIA,T3
CITING-WORK-5F3E08566488,构建科学传播场景--以喜马拉雅科普播客为例,吴庆明,2023,,,thesis,zh,CULT_MEDIA,T3
CITING-WORK-5E989655CAE4,虚拟现实技术与电商直播融合发展研究,史宏,2022,中国教育技术装备,10.3969/j.issn.1671-489x.2022.21.049,journal article,zh,EDUCATION,T3
CITING-WORK-B71DFB09085D,元宇宙技术在图书馆中应用研究,钱瑞,2025,,,thesis,zh,INFO_TECH,T3
CITING-WORK-5A82043226A0,数智时代县级图书馆智慧服务场景建设研究,窦延岭,2026,河南图书馆学刊,10.3969/j.issn.1003-1588.2026.02.030,journal article,zh,INFO_TECH,T2
CITING-WORK-9830E29D91D5,智慧图书馆场景化信息服务发展困境与突破方向,崔晓旭;孙雅馨;高婧雯,2026,数字化传播,10.3969/j.issn.2097-4396.2026.01.042,journal article,zh,CULT_MEDIA,T3
CITING-WORK-0B6914EF36AE,我国一级少年儿童图书馆数字阅读平台建设现状调研,张莹;徐军华,2025,图书馆学研究,,journal article,zh,INFO_TECH,T2
CITING-WORK-9722437BE62C,元宇宙赋能公共图书馆无障碍服务的路径——基于上海临港科技智慧图书馆的案例,杨启星,2025,图书馆研究与工作,10.3969/j.issn.2096-2363.2025.12.011,journal article,zh,INFO_TECH,T2
CITING-WORK-49CE844434FA,基于女性友好度评价的高层住区公共空间优化策略研究——以哈尔滨为例,陈晓倩,2024,,,thesis,zh,URBAN_PLAN_GEO,T3
CITING-WORK-8BB170B2311F,基于韧性分析的沈阳市204住区公共空间优化策略研究,文姝,2024,,,thesis,zh,URBAN_PLAN_GEO,T3
CITING-WORK-FCBBB1B27B59,基于场景营城理念的山地老旧社区公共空间微更新研究,付超,2024,,,thesis,zh,URBAN_PLAN_GEO,T3
CITING-WORK-4EC434B67280,基于场景理论的立交桥下空间更新研究——以重庆杨公桥立交桥为例,朱天豪,2024,城市建筑空间,10.3969/j.issn.1006-6659.2024.06.019,journal article,zh,ARCH_DES_HER,T2
CITING-WORK-B8C5BFC28335,紧凑型城市理念下高密度片区的公共空间效率提升规划,薛令帅,2025,价值工程,10.3969/j.issn.1006-4311.2025.26.015,journal article,zh,ARCH_DES_HER,T3
CITING-WORK-E82BDB029B2B,乡村综艺的参与式文化研究：《种地吧》粉丝的身份再造,王欣怡,2025,,,thesis,zh,RURAL_AGRI,T3
CITING-WORK-0E9878E2D415,"乡村振兴背景下""慢综艺""创新路径及价值研究——以《种地吧》为例",丁雨珅;刘保庆,2024,传媒论坛,10.3969/j.issn.2096-5079.2024.19.019,journal article,zh,CULT_MEDIA,T2
CITING-WORK-6691C56D2951,乡村振兴背景下农业综艺节目的叙事分析与价值表达——以《种地吧》为例,佚名,,,,thesis,zh,RURAL_AGRI,T3
CITING-WORK-713031AEDADB,诗意栖居:国产田园慢综艺产业新业态探究,阮南燕;郑佳宁,2025,文化产业研究,,journal article,zh,CULT_MEDIA,T2
CITING-WORK-87704F0543F9,"[Unidentified thesis citation; Wanfang target CENSUS-0771, reference 5]",佚名,,,,thesis,unknown,INTERDISC_OTHER,T3
CITING-WORK-B6436AC63E3F,B文旅元宇宙项目财务评价研究,任夏楠,2024,,,thesis,zh,TOUR_HOSP,T3
CITING-WORK-75BBC0F0F45D,"粮食安全视角下""元宇宙+农业""的风险及应对",牛月,2026,南都学坛,10.3969/j.issn.1002-6320.2026.03.014,journal article,zh,RURAL_AGRI,T3
CITING-WORK-174BAE88F7DB,农业产业化和元宇宙技术深度融合发展路径研究,王暄迪;朱雨蔷;罗静,2025,南方农业,10.19415/j.cnki.1673-890x.2025.03.032,journal article,zh,RURAL_AGRI,T3
CITING-WORK-929FED61A76E,元宇宙赋能乡村振兴的价值意蕴、发展态势与实践路向,胡奇,2023,中共济南市委党校学报,10.3969/j.issn.1672-6359.2023.04.016,journal article,zh,RURAL_AGRI,T3
CITING-WORK-ECDA2F858CB1,基于恢复性环境理论的沈阳高校公共空间景观设计研究--以东北大学浑南校区为例,朱玉,2025,,,thesis,zh,ARCH_DES_HER,T3
CITING-WORK-D00F9B38473A,乡村民宿的品牌形象提升研究--以张家口市民宿产业为例,孙慧明,2025,,,thesis,zh,RURAL_AGRI,T3
CITING-WORK-B6BA8746D444,具身认知理论下森林康养旅游者感官体验对亲环境行为影响研究,杨一诺,2025,,,thesis,zh,TOUR_HOSP,T3
CITING-WORK-BF6961013D3E,乡村民宿空间重构的设计路径研究——基于扎根理论与AHP的黑麋峰案例验证,盛康;张亚男;王籽洋,2025,家具与室内装饰,10.16771/j.cn43-1247/ts.2025.10.017,journal article,zh,ARCH_DES_HER,T2
CITING-WORK-45CAC61F8CF6,共生理论下乡村景观设计研究--以石头镇乡村未来社区为例,黄舒平,2025,,,thesis,zh,ARCH_DES_HER,T3
CITING-WORK-0E30EB29BB4E,未来社区的场景营造、空间生产与共建共治共享——以长沙市Y社区为例,任大;陈果,2025,城市发展研究,10.3969/j.issn.1006-3862.2025.10.012,journal article,zh,URBAN_PLAN_GEO,T2
CITING-WORK-7B74A442F941,基于质量评价的未来乡村类型识别及优化路径——以江山市为例,赖建强;朱铨;刘益齐,2026,小城镇建设,10.3969/j.issn.1009-1483.2026.02.011,journal article,zh,URBAN_PLAN_GEO,T2
CITING-WORK-773DC610AD89,论面向农业强国的农业经营主体类别及其分化的理论阐释,沈甜玲,2025,现代经济探讨,10.3969/j.issn.1009-2382.2025.11.012,journal article,zh,RURAL_AGRI,T3
CITING-WORK-6BAC025C2242,未来社区建设能够提升城市社区的ESG水平吗?——以杭州市主城区12个未来社区为例,佚名,,,,thesis,zh,URBAN_PLAN_GEO,T3
CITING-WORK-776B00902568,桂林市乡村特色户外运动消费场景转型升级路径研究,黄庭媛,2025,,,thesis,zh,RURAL_AGRI,T3
CITING-WORK-620C34A657C7,场景理论视域下公共文化设施发展路径探究,赵亮,2025,大众文艺,10.20112/j.cnki.issn1007-5828.2025.16.003,journal article,zh,ARCH_DES_HER,T2
CITING-WORK-3FA70FD4D5CD,水稻文化与乡村旅游的融合发展研究,郑竹欣,2025,北方水稻,10.3969/j.issn.1673-6737.2025.06.046,journal article,zh,TOUR_HOSP,T3
CITING-WORK-8348825ECE13,黄河流域传统村落空间形态特征保护研究——以巩义市海上桥村为例,魏贝蕊;吴怀静,2025,美与时代,10.3969/j.issn.1003-2592.2025.48.017,journal article,zh,ARCH_DES_HER,T2
CITING-WORK-23BE1BFD63CE,云南传统村落的文化遗产保护与旅游开发模式探讨,杨可妮,2025,文物鉴定与鉴赏,10.20005/j.cnki.issn.1674-8697.2025.17.040,journal article,zh,ARCH_DES_HER,T2
CITING-WORK-80CC9DBB745A,有声书中文学作品的听觉传播研究--以喜马拉雅FM为例,秦一阁,2023,,,thesis,zh,CULT_MEDIA,T3
CITING-WORK-0DBDCE31A031,传统文化类有声书用户使用行为影响因素研究,徐会茹,2025,,,thesis,zh,CULT_MEDIA,T3
CITING-WORK-0F094D0F6E10,场景理论下图书馆红色阅读推广服务模式研究,王建功,2023,传播与版权,,journal article,zh,CULT_MEDIA,T2
CITING-WORK-582AC16127B9,声音表演与情感设置:有声书融入红色记忆建构的路径选择,郑永涛;胡梦萍,2026,传媒论坛,10.3969/j.issn.2096-5079.2026.01.009,journal article,zh,CULT_MEDIA,T2
CITING-WORK-9946234C4F73,以医院文化建设为导向的职工书屋建设路径,陈临凌;胡香春;毛谦生,2026,中国卫生产业,10.16659/j.cnki.1672-5654.2026.04.119,journal article,zh,ECON_BUS_CONS,T3
CITING-WORK-2C17847BD7FC,数智媒介背景下的乡村社会新变--基于黑龙江省兴华村的调查研究,桑田,2024,,,thesis,zh,RURAL_AGRI,T3
CITING-WORK-913BC0F18537,媒介情境视角下教师角色的重塑--基于对武汉五所中学在线教育的研究,甘元元,2021,,,thesis,zh,EDUCATION,T3
CITING-WORK-72BC3041486C,媒介情境论视域下小学线上教学的困境与对策--以H市小学为例,孙起欣,2023,,,thesis,zh,EDUCATION,T3
CITING-WORK-E7FF3B3698F5,课堂教学中师生互动关系的研究,周小楠,2025,公关世界,10.3969/j.issn.1005-3239.2025.20.027,journal article,zh,EDUCATION,T3
CITING-WORK-17BA14A1F87C,工业遗产类文创园保护与活化设计研究--以铜官山1978文创园为例,丁莫言,2024,,,thesis,zh,ARCH_DES_HER,T3
CITING-WORK-88E1AAE2259E,工业文化资源开发利用的英文文献综述,陈晓清,2025,科技传播,10.3969/j.issn.1674-6708.2025.12.019,journal article,zh,CULT_MEDIA,T3
CITING-WORK-9D4C8C14FF0B,郑州二砂历史文化街区旅游发展存在的问题及对策,侯谣谣;李梦茹,2025,旅游纵览,10.3969/j.issn.1004-3292.2025.10.037,journal article,zh,TOUR_HOSP,T2
CITING-WORK-601F17992F1B,城市更新背景下海口骑楼历史文化街区保护与活化利用策略研究,白颢;刘璟之;王泽玮,2025,建筑与文化,10.19875/j.cnki.jzywh.2025.09.069,journal article,zh,ARCH_DES_HER,T2
CITING-WORK-26F896349FEC,短视频社交媒体使用对山区乡村闲暇生活的时空影响研究——以秦巴山区蒲陈村为例,牛定炜;王录仓;严翠霞,2023,地理科学进展,10.18306/dlkxjz.2023.07.005,journal article,zh,RURAL_AGRI,T3
CITING-WORK-03403038E062,数字乡村治理的圈层式结构——以西部X自然村的12年自建微信群应用为例,张明慧;滕小玲,2024,社会治理,,journal article,zh,RURAL_AGRI,T3
CITING-WORK-13E76B273087,驯化:山东D村村民的抖音实践,徐仁翠,2022,新闻记者,10.16057/j.cnki.31-1171/g2.2022.03.006,journal article,zh,INTERDISC_OTHER,T3
CITING-WORK-BF75B5735643,复杂社会中的新探索:中国互联网人类学的10年研究与发展,孙信茹;王智勇,2023,传媒观察,,journal article,zh,SOC_POLICY,T3
CITING-WORK-538DB5C4DD27,从高音喇叭到低声微信群:乡村公共性再生产与社会治理转型——基于一个华北村庄的田野调查,吴振其;郭诚诚,2023,中国农村观察,,journal article,zh,RURAL_AGRI,T2
CITING-WORK-972ADB62A3D0,古代玺印博物馆改造设计,徐明聪,2023,,,thesis,zh,CULT_MEDIA,T3
CITING-WORK-3FCE07F4F9A6,中国传统小木作工具数字化传播设计研究,沈汀,2024,,,thesis,zh,CULT_MEDIA,T3
CITING-WORK-84845F705C95,基于场景理论的成都地区博物馆旅游体验设计研究,徐方媛;练红宇;李忠权,2023,漫旅,,journal article,zh,TOUR_HOSP,T2
CITING-WORK-20491A5A81E0,公益短视频共情叙事研究,刘梦然,2025,,,thesis,zh,CULT_MEDIA,T3
CITING-WORK-ECFEA6BD4FAF,吴忠早茶文化促进各民族交往交流交融研究,马程浩,2025,,,thesis,zh,CULT_MEDIA,T3
CITING-WORK-E190AE43E2E0,“新邯郸”APP太极拳文化传播对邯郸城市形象的建构研究,李佳佳,2025,,,thesis,zh,CULT_MEDIA,T3
CITING-WORK-B1273D78745E,“可沟通城市”视角下南京红色文化传播研究--以南京红色教育基地为例,徐蓉,2025,,,thesis,zh,EDUCATION,T3
CITING-WORK-F52476CFEC99,短视频营销对西安城市文旅形象的塑造与传播研究,杨怡人,2025,公关世界,10.3969/j.issn.1005-3239.2025.15.011,journal article,zh,TOUR_HOSP,T3
CITING-WORK-24C333349DF2,新媒体背景下历史文化资源的活化路径研究——以《典籍里的中国》为例,张璟,2024,,,thesis,zh,CULT_MEDIA,T3
CITING-WORK-E01DE4D196CD,高中思政课教学中学生媒介素养培育路径研究,孙耿悦,2025,,,thesis,zh,EDUCATION,T3
CITING-WORK-FD967F78799C,媒介情境理论视域下传统民居的数字化传播创新——基于纪录片《凝固的诗·探秘中国民居之美》的分析,卢珊,2025,新媒体研究,10.3969/j.issn.2096-0360.2025.10.018,journal article,zh,CULT_MEDIA,T2
CITING-WORK-C8AA2E6A7AF0,乡村公共文化空间的建设困境与优化路径研究——以湖北省M村为例,代陈琳,2022,,,thesis,zh,RURAL_AGRI,T3
CITING-WORK-ABD311EC49D5,地方性博物馆数字文化空间生产研究--以湖南博物院为例,周虹君,2024,,,thesis,zh,CULT_MEDIA,T3
CITING-WORK-08747F770360,中国商业综合体中的艺术展陈研究,宋嘉禾,2025,,,thesis,zh,ECON_BUS_CONS,T3
CITING-WORK-B795E569D65E,公共文化空间何以助力新时代文明实践中心建设?,孔维凤;李启生,2022,国际公关,,journal article,zh,CULT_MEDIA,T2
CITING-WORK-69646542D2E3,公共文化空间研究的重点主题与前沿热点——基于CiteSpace知识图谱的可视化分析,杨绘荣;宁杨斌,2024,图书馆学刊,10.3969/j.issn.1002-1884.2024.06.025,journal article,zh,INFO_TECH,T2
CITING-WORK-B80450E3E320,上海高校图书馆数字资源推广研究,戴靖桐,2023,,,thesis,zh,EDUCATION,T3
CITING-WORK-8092045D4F5B,用户体验视域下智慧图书馆场景化服务研究,张旭,2023,,,thesis,zh,INTERDISC_OTHER,T3
CITING-WORK-BAEB1F0A74D8,数字赋能的图书馆阅读推广场景化服务模式研究,徐慧,2022,河南图书馆学刊,10.3969/j.issn.1003-1588.2022.11.002,journal article,zh,INFO_TECH,T2
CITING-WORK-F1D086684E1A,图书馆阅读推广短视频平台场景化服务构建研究,邱毅华,2024,河南图书馆学刊,10.3969/j.issn.1003-1588.2024.02.042,journal article,zh,INFO_TECH,T2
CITING-WORK-7AE2049DC008,新工科背景下高校图书馆服务路径与发展对策,张兴,2023,商洛学院学报,10.13440/j.slxy.1674-0033.2023.01.014,journal article,zh,EDUCATION,T3
CITING-WORK-F326B91B3070,乡村中国的转型使者--《人民日报》对“赤脚医生”的媒介再现（1968-1985）,叶欢欢,2023,,,thesis,zh,RURAL_AGRI,T3
CITING-WORK-BC3F3BDA560C,真人秀节目中医务人员的媒介形象建构--以《令人心动的offer》第三季为例,李思潼,2024,,,thesis,zh,CULT_MEDIA,T3
CITING-WORK-6E5482769F3C,国产医疗纪录片的叙事研究,邓凯俊,2024,,,thesis,zh,INTERDISC_OTHER,T3
CITING-WORK-D439F1469F6D,纪录片中视障人士媒介形象的呈现研究--兼谈毕业设计《暗夜寻光》,李爽,2025,,,thesis,zh,CULT_MEDIA,T3
CITING-WORK-7222A2AE92BF,CCTV--17涉农专题栏目中的“新农人”媒介形象研究,王莉,2024,,,thesis,zh,CULT_MEDIA,T3
CITING-WORK-39A8006AB558,电视综艺节目主持中的表演元素应用研究,赵莉,2010,,,thesis,zh,CULT_MEDIA,T3
CITING-WORK-E8AEA66B3D84,“媒介情境论”视角下真人秀电视节目冲突制造研究--解读《少女进化论》,李佳颖,2013,,,thesis,zh,CULT_MEDIA,T3
CITING-WORK-76387822C5ED,探析户外真人秀节目冲突元素建构——以湖南卫视《花儿与少年》为例,张卓,2016,今传媒（学术版）,10.3969/j.issn.1672-8122.2016.05.046,journal article,zh,INTERDISC_OTHER,T3
CITING-WORK-C51239D08456,试析播音主持的语言艺术特征,陈李赢,2015,新闻研究导刊,,journal article,zh,CULT_MEDIA,T3
CITING-WORK-1D3CE545F9E1,基于媒介情境论的播音员主持人角色转换与转型研究,韩瑞聪,2022,中国广播,10.3969/j.issn.1004-9061.2022.02.008,journal article,zh,CULT_MEDIA,T3
CITING-WORK-78A71868B3A9,民宿体验与旅游目的地形象感知的影响研究--基于旅游体验的视角,陈柳静,2018,,,thesis,zh,TOUR_HOSP,T3
CITING-WORK-817C48CAA401,湖南同程亲和力旅游国际旅行社发展战略研究,许英,2019,,,thesis,zh,TOUR_HOSP,T3
CITING-WORK-163C3F8339A6,海南冼夫人文化遗产旅游资源调查评价与保护开发,陈凯,2023,,,thesis,zh,ARCH_DES_HER,T3
CITING-WORK-CCBB78D9C278,工业遗产型文化产业园旅游开发策略研究,房芳,2023,北方经贸,,journal article,zh,ECON_BUS_CONS,T2
CITING-WORK-FB02E64DE025,扎根理论视角下文化产业园旅游开发路径研究,房芳,2022,经济论坛,10.3969/j.issn.1003-3580.2022.11.007,journal article,zh,TOUR_HOSP,T3
CITING-WORK-39BF663F3BCF,健康议题公众的线上自我呈现--以“戒烟”群体为例,丁馨,2023,,,thesis,zh,INTERDISC_OTHER,T3
CITING-WORK-746074415C8E,当代青年线上居家健身的阈限空间生成与主体性回归,廖宇峰,2024,,,thesis,zh,SPORT_LEISURE,T3
CITING-WORK-7B6A0B02EEBA,媒介化语境下青年健身实践的身体叙事研究,刘秀娟,2024,,,thesis,zh,CULT_MEDIA,T3
CITING-WORK-CC90A4636A87,三维重构：健身群体的数字空间实践研究,钟一恒,2025,,,thesis,zh,INFO_TECH,T3
CITING-WORK-BA65A84BB545,青年的健身矛盾与自我认同：以“95后”高校生为例,宋展飞,2022,,,thesis,zh,EDUCATION,T3
CITING-WORK-408246D5E4AB,“健身潮”的媒介建构与女性身体规训研究,黄芳,2024,,,thesis,zh,CULT_MEDIA,T3
CITING-WORK-A5584D3F4974,魏晋南北朝志怪小说夜间故事叙述研究,黄琳,2020,,,thesis,zh,INTERDISC_OTHER,T3
CITING-WORK-BC2127F36F7A,“三言二拍”的女性空间书写研究,刘桂青,2023,,,thesis,zh,INTERDISC_OTHER,T3
CITING-WORK-25895E57521F,唐人小说夜间叙事研究,唐思,2024,,,thesis,zh,INTERDISC_OTHER,T3
CITING-WORK-07F248674EF2,叙事中的评论干预研究,桑迪欢,2014,,,thesis,zh,INTERDISC_OTHER,T3
CITING-WORK-25E4FC394286,"风月无边:论明清小说戏曲插图中的女性""叠腿跷足""图式",陈曾媛,2024,内江师范学院学报,10.13603/j.cnki.51-1621/z.2024.11.002,journal article,zh,INTERDISC_OTHER,T3
CITING-WORK-42E457729CC0,“恶之花”:清末民初上海夜花园与女学生的“黑幕叙事”,黄湘金,2016,中山大学学报（社会科学版）,10.13471/j.cnki.jsysusse.2016.01.003,journal article,zh,SOC_POLICY,T3
CITING-WORK-8D53309F8305,场景符号与网红经济:武汉东湖大李村的艺术化更新路径研究,陈可欣;胡哲,2026,城市建筑,10.19892/j.cnki.csjz.2026.02.14,journal article,zh,ARCH_DES_HER,T2
CITING-WORK-16DC16418831,基层公务员执行力对县域信誉消费场景建设的影响分析,陈叶玲;熊高升,2026,黄冈师范学院学报,10.3969/j.issn.2096-7020.2026.02.018,journal article,zh,ECON_BUS_CONS,T3
CITING-WORK-17D5B8569DC2,基于多源异构数据的网红街道识别及建成环境的影响分析:以上海为例,俞屹东;曹馨丹;蒋希冀,2025,空间与社会评论,,journal article,zh,SOC_POLICY,T3
CITING-WORK-7EF1B768BDDB,传统文化符号在文旅体验场景中的运用-以山西晋祠与应县木塔为例,李姝琪;董雯,2026,室内设计与装修,10.3969/j.issn.1005-7374.2026.04.026,journal article,zh,ARCH_DES_HER,T2
CITING-WORK-DC8346C1DEB7,规训与抵抗之间:青年媒介化消费的主体性追寻,雷朋;李瑞宁,2026,天府新论,10.3969/j.issn.1004-0633.2026.02.010,journal article,zh,ECON_BUS_CONS,T3
CITING-WORK-9D583FE28288,"城乡融合视角下""圈子文化""与乡村旅游融合发展的调查——以恩施市三岔镇莲花池村""燊和自然之家""为例",王剑;李雨萱,2025,怀化学院学报,10.3969/j.issn.1671-9743.2025.01.005,journal article,zh,TOUR_HOSP,T3
CITING-WORK-DABA5C5FBC07,新技术背景下的消费新模式和新增长点研究,刘鹤,2025,中国集体经济,10.3969/j.issn.1008-1283.2025.35.012,journal article,zh,ECON_BUS_CONS,T3
CITING-WORK-626547E57E74,"""数商兴农""背景下海南农产品电商直播发展策略探究",吴星,2024,中国商论,10.19699/j.cnki.issn2096-0298.2024.23.069,journal article,zh,INTERDISC_OTHER,T3
CITING-WORK-F6A5052C52F4,新消费时代品牌构建核心竞争力研究——基于数字化转型、创新驱动与可持续发展,陈赢,2025,中国商论,10.19699/j.cnki.issn2096-0298.2025.12.067,journal article,zh,ECON_BUS_CONS,T3
CITING-WORK-36CD81BEE498,新质生产力赋能文旅业消费场景创新与实现路径研究,乌兰;王来喜,2025,中国商论,10.19699/j.cnki.issn2096-0298.2025.14.009,journal article,zh,TOUR_HOSP,T3
CITING-WORK-3EDA0CE8F0A8,浙江高姥山大湖山村“村-产-景”融合规划研究,刘慧婷,2021,,,thesis,zh,ARCH_DES_HER,T3
CITING-WORK-20C3D735680F,场景理论背景下TOD社区发展模式的研究,熊韵,2023,,,thesis,zh,URBAN_PLAN_GEO,T3
CITING-WORK-493C6D0255EA,城市更新中设计现状与对策的思考,梁兆铭,2021,建材与装饰,10.3969/j.issn.1673-0038.2021.27.028,journal article,zh,URBAN_PLAN_GEO,T3
CITING-WORK-AB0942DC347F,"基于集体记忆和场景理论的老旧社区公共空间更新营造策略研究——以成都市""新二村-庆宪村""片区为例",曾锌;吴潇;赵春兰,2023,住区,10.3969/j.issn.1674-9073.2023.02.006,journal article,zh,ARCH_DES_HER,T2
CITING-WORK-D6E4D99E0592,面向企业的信息需求场景分析研究,白晨曦,2018,,,thesis,zh,ECON_BUS_CONS,T3
CITING-WORK-63B3E5E4C578,湖南交通频道新闻节目创新研究,高可欣,2019,,,thesis,zh,INTERDISC_OTHER,T3
CITING-WORK-2692A9C868CF,“互联网+”时代电视媒体的场景构建研究,谭舒洁,2017,,,thesis,zh,CULT_MEDIA,T3
CITING-WORK-48056DEE6E45,基于信息接受情境的移动图书馆场景构建,毕达天;王福,2018,情报理论与实践,10.16353/j.cnki.1000-7490.2018.06.003,journal article,zh,INFO_TECH,T3
CITING-WORK-E32C9393C683,全国两会报道中的产品创新,余军;张米卡;李砚青,2017,新闻前哨,,journal article,zh,INTERDISC_OTHER,T3
CITING-WORK-02717432DD1E,全过程工程咨询模式在历史街区保护与更新中的应用,王俊东;林忠德,2025,山西建筑,10.13719/j.cnki.1009-6825.2025.20.009,journal article,zh,ARCH_DES_HER,T2
CITING-WORK-70A5C951DE60,基于场景理论的南岳古镇历史文化街区更新策略研究,易家骏;肖燕翔;余芬,2026,山西建筑,10.13719/j.cnki.1009-6825.2026.05.003,journal article,zh,ARCH_DES_HER,T2
CITING-WORK-85A54952F696,客家围屋空间叙事与文化记忆活化研究,马林;陈婉倩,2025,文化学刊,10.3969/j.issn.1673-7725.2025.12.025,journal article,zh,CULT_MEDIA,T2
CITING-WORK-00AF2449C76A,基于空间句法的历史文化街区公共空间包容性设计更新研究,叶昊熠;翟宇,2026,住区,10.26952/j.cnki.issn1674-9073.202601005,journal article,zh,ARCH_DES_HER,T2
CITING-WORK-3A981F7DB84C,涵化理论视角下新媒体舞蹈语境现状与涵化策略研究,魏琳桐,2024,,,thesis,zh,CULT_MEDIA,T3
CITING-WORK-9C17AD732E2C,在线旅游产品信息对旅游者在线决策过程影响研究,刘颖,2024,,,thesis,zh,TOUR_HOSP,T3
CITING-WORK-7FFC47E75230,线上话剧离散化观看行为研究,陈子龙,2024,,,thesis,zh,INTERDISC_OTHER,T3
CITING-WORK-491F1B8E9126,SGY剧院儿童剧票务营销策略优化研究,陈佳希,2024,,,thesis,zh,INTERDISC_OTHER,T3
CITING-WORK-130D136BC3A1,数字技术赋能中国原创音乐剧发展的价值意蕴、现实困境与实践路径,郑招娣,2025,韶关学院学报,10.3969/j.issn.1007-5348.2025.12.012,journal article,zh,INFO_TECH,T3
CITING-WORK-9228218C9921,我国国民体质监测体系建设的历史发展、现存问题与改革路径,冯强;范超群;王晶晶,2026,北京体育大学学报,10.19582/j.cnki.11-3785/g8.2026.01.010,journal article,zh,SPORT_LEISURE,T3
CITING-WORK-76E1E2FC35EC,公共价值视域下体卫融合健康治理:理论遵循、现实困囿及行动方略,李德武;贾琳,2025,河北体育学院学报,10.3969/j.issn.1008-3596.2025.04.003,journal article,zh,SPORT_LEISURE,T3
CITING-WORK-217A1A2D547E,河北省城市社区体卫融合公共服务供给研究,高玉英;田乃元;耿元文,2025,合作经济与科技,10.3969/j.issn.1672-190x.2025.14.046,journal article,zh,ECON_BUS_CONS,T3
CITING-WORK-42D8132BC433,新质生产力驱动体卫融合的作用机理、现实困境与实践路径,段星宇,2025,体育科技文献通报,10.19379/j.cnki.issn.1005-0256.2025.06.062,journal article,zh,SPORT_LEISURE,T2
CITING-WORK-A420448439FF,"""健康中国""战略下西北地区""体卫融合""复合型人才培养现实困境与纾解对策",夏文禹;张奥博;马福海,2025,体育科技文献通报,10.19379/j.cnki.issn.1005-0256.2025.09.016,journal article,zh,SPORT_LEISURE,T2
CITING-WORK-282A225B1D14,重庆中心商圈步行街场景可意象性研究,唐露嘉,2023,,,thesis,zh,INTERDISC_OTHER,T3
CITING-WORK-AD31B2EA871B,成都市双流区社区规划师制度探索与社区营造实践,董冠震,2024,,,thesis,zh,ARCH_DES_HER,T3
CITING-WORK-1108DE2B80C0,未来社区语境下的古桑洲景观改造设计,邓雨婷,2025,,,thesis,zh,ARCH_DES_HER,T3
CITING-WORK-002752DE7228,基于适老化理论的社区餐饮空间桌椅设计研究,曹雪,2024,,,thesis,zh,URBAN_PLAN_GEO,T3
CITING-WORK-5E048C82F827,交往在书圈：社区书房的多元公共空间建构--以合肥市悦·书房为例,王海玲,2024,,,thesis,zh,URBAN_PLAN_GEO,T3
CITING-WORK-937E9AEFBB57,新型公共文化空间可持续发展路径的组态分析,贾芮雪,2026,图书馆理论与实践,10.3969/j.issn.1005-8214.2026.02.006,journal article,zh,INFO_TECH,T2
CITING-WORK-7B81BB6CA884,从文旅融合角度论公共图书馆拓展服务场景创新——以高速公路服务区与地铁等车站场景服务为例,周玮;丁勇,2025,新世纪图书馆,10.16810/j.cnki.1672-514x.2025.07.006,journal article,zh,RURAL_AGRI,T2
CITING-WORK-40E00FEA92BC,抖音短视频中四川乡村形象的建构研究,王朝霞,2024,,,thesis,zh,RURAL_AGRI,T3
CITING-WORK-A08F7B2CF794,异地恋青年恋爱交往的微信实践研究,姜文悦,2024,,,thesis,zh,INTERDISC_OTHER,T3
CITING-WORK-5F34043FC98E,乡村短视频情感传播研究--以抖音平台东北地区乡村短视频为例,刘仪阑,2025,,,thesis,zh,RURAL_AGRI,T3
CITING-WORK-CD325CCA7D11,抖音“洋网红”短视频对中国农村形象建构研究,刘美琪,2025,,,thesis,zh,RURAL_AGRI,T3
CITING-WORK-93C607762596,乡村综艺《种地吧》中乡村形象的媒介建构与解读,李秋月,2025,,,thesis,zh,RURAL_AGRI,T3
CITING-WORK-99ED6D35EC9A,短视频对影视制作理论的创新运用探究,陈伟星,2024,艺术评鉴,,journal article,zh,CULT_MEDIA,T3
CITING-WORK-536CB98E427F,红色故事育人功能研究,罗妍茜,2025,,,thesis,zh,INTERDISC_OTHER,T3
CITING-WORK-0F5AF1C256EF,红色文化融入高校班级管理的价值与路径,陈秋生,2025,安庆师范大学学报（社会科学版）,10.13757/j.cnki.cn34-1329/c.2025.05.011,journal article,zh,EDUCATION,T3
CITING-WORK-0DB6D44DF9C1,场景化传播赋能高校思想政治教育的价值表现、出场逻辑与实践路径,姜志祥,2025,广州开放大学学报,10.3969/j.issn.1672-0385.2025.04.003,journal article,zh,EDUCATION,T3
CITING-WORK-4DEFE50264CF,新媒体视域下红色文化浸润与退役军人大学生思政育人融合研究,范成新;夏旻雯,2025,黄金时代,,journal article,zh,CULT_MEDIA,T3
CITING-WORK-9F9374B3FE56,红色引领 非遗赋能:新闻传播类课程思政的主体转向与创新实践,郑带利,2025,新闻世界,10.3969/j.issn.1005-5932.2025.12.035,journal article,zh,URBAN_PLAN_GEO,T2
CITING-WORK-B7E843BACFA7,场景理论视域下公共图书馆阅读空间建设研究,佚名,,,,thesis,zh,INTERDISC_OTHER,T3
CITING-WORK-C5DF8FA6A3EE,基于场景化的中学校园综合体空间设计研究--以武汉市洪山中学为例,舒欣,2024,,,thesis,zh,ARCH_DES_HER,T3
CITING-WORK-E52D2B5D1A36,综合档案馆档案文化资源场景化服务研究,罗梦,2025,,,thesis,zh,CULT_MEDIA,T3
CITING-WORK-4AA10F97CDEA,基于场景理论的城市书房建设研究,范云梦,2024,,,thesis,zh,URBAN_PLAN_GEO,T3
CITING-WORK-DCD4321FD309,文化场景视域下遗址类博物馆场景传播研究,刘思辰,2025,,,thesis,zh,CULT_MEDIA,T3
CITING-WORK-FDADC4B20F6C,高校图书馆特色文化空间场景化服务模式构建及应用研究,马广月,2025,,,thesis,zh,EDUCATION,T3
CITING-WORK-F6D8FA1C7F3F,"作为媒介的""江华轮"":物质性的生成、转义与影响",孙保营;李卓为,2026,信阳师范大学学报（哲学社会科学版）,10.3969/j.issn.2097-5821.2026.02.019,journal article,zh,CULT_MEDIA,T3
CITING-WORK-A8AB4CB73B37,自媒体“后浪”的生存镜像——基于自媒体人小Y典型个案的分析,梁雪莲,2021,,,thesis,zh,CULT_MEDIA,T3
CITING-WORK-2BB23C783454,关系、情境对微信群传播效果的影响研究——以NC市家庭教育类微信群为例,张珍,2021,,,thesis,zh,EDUCATION,T3
CITING-WORK-1AC9A108FD57,媒介情境理论下主流媒体在网络问答社区的传播研究--以新华社入驻知乎为例,何艳,2022,,,thesis,zh,CULT_MEDIA,T3
CITING-WORK-FF2B466C647C,CCTV5体育记者职业意识研究,朱亚男,2021,,,thesis,zh,SPORT_LEISURE,T3
CITING-WORK-BC50997CFE66,人机协作背景下新闻从业者职业认同研究,马瑞伶,2025,,,thesis,zh,INTERDISC_OTHER,T3
CITING-WORK-425304D906BA,从新闻业内外视角探析液态化的新闻边界,毛榆菲,2022,传播力研究,,journal article,zh,CULT_MEDIA,T2
CITING-WORK-6B9001FC1B8E,乡村振兴背景下农家书屋建设与服务效能提升研究--基于天水市麦积区20个行政村的田野考察,张鑫,2025,,,thesis,zh,RURAL_AGRI,T3
CITING-WORK-20237703D2EC,文化治理视角下新型公共阅读空间的治理机制研究——基于扎根理论的探索,王婷,2025,国家图书馆学刊,10.13666/j.cnki.jnlc.2025.0309,journal article,zh,INFO_TECH,T2
CITING-WORK-72E22F86F583,乡村振兴中的文化驱动:多功能公共文化空间的设计与实践,王录伟;徐颢,2024,广西糖业,10.3969/j.issn.2095-820x.2024.04.018,journal article,zh,RURAL_AGRI,T3
CITING-WORK-FC6CEF028F63,农村居民公共阅读参与程度及其影响因素研究——基于2 302位农村居民的调查分析,陈庚;覃思,2025,图书馆建设,10.19764/j.cnki.tsgjs.20241319,journal article,zh,INFO_TECH,T2
CITING-WORK-5DE1B481EF5D,农村图书馆推动优质文化资源直达基层的实践要素研究——基于L市农村图书馆的田野调查,骆红梅,2025,图书馆研究与工作,10.3969/j.issn.2096-2363.2025.09.013,journal article,zh,INFO_TECH,T2
CITING-WORK-7A948627726D,互动博弈视角下公共阅读服务制度创新的动力机制研究——以武汉市江汉区金桥书吧为例,陈世香;吴逸菲,2025,图书情报工作,10.13266/j.issn.0252-3116.2025.21.006,journal article,zh,INFO_TECH,T2
CITING-WORK-8061EEC37455,传播学视角下沉浸式实景演绎的创新升级——以《北洋歇洛克》为例,刘彦怡,2023,E动时尚,,journal article,zh,CULT_MEDIA,T2
CITING-WORK-3F190A372114,后柳古镇景观空间优化设计研究,闫坤,2024,,,thesis,zh,ARCH_DES_HER,T3
CITING-WORK-C6898244A9B0,洛阳历史文化街区语言景观调查研究,刘倩囡,2025,,,thesis,zh,ARCH_DES_HER,T3
CITING-WORK-416330CD13E4,上海古镇语言景观调查研究--以七宝、朱家角、枫泾古镇为例,李佳润,2025,,,thesis,zh,ARCH_DES_HER,T3
CITING-WORK-82A0FB310235,沉浸理论视域下乡村振兴纪录片中主持人的角色建构,许婧文,2025,,,thesis,zh,RURAL_AGRI,T3
CITING-WORK-B51C82D38D40,平遥古城文旅融合水平测度与优化策略研究,武沂,2025,,,thesis,zh,TOUR_HOSP,T3
CITING-WORK-F9C37B9CF46E,空间媒介赋能红色文旅创新发展的理论逻辑与实践路径,张窈;龙雨菲,2025,传媒,10.3969/j.issn.1009-9263.2025.01.006,journal article,zh,TOUR_HOSP,T3
CITING-WORK-77E01E7A15F2,以剧本杀为媒:红色文化引领下乡村历史遗址的场景再生,余城宏;黄雨露;胡雨濛,2025,浙江理工大学学报,10.3969/j.issn.1673-3851(s).2025.04.008,journal article,zh,INTERDISC_OTHER,T2
CITING-WORK-6E21753E560A,眉山市D区夜间经济特色街区政府管理中存在的问题与对策研究,梁熊,2024,,,thesis,zh,ARCH_DES_HER,T3
CITING-WORK-094750C22763,空间正义视角下陇东台塬型小城市公共空间优化研究,杨子,2024,,,thesis,zh,URBAN_PLAN_GEO,T3
CITING-WORK-4127737185F1,大熊猫国家公园与民族社区协同发展下的场景营造——基于生态旅游,张芷娴,2025,四川建筑,10.3969/j.issn.1007-8983.2025.03.017,journal article,zh,ARCH_DES_HER,T2
CITING-WORK-1460E335984E,基于场景理论视角的城市老旧街区更新研究——以成都猛追湾为例,陈婕,2024,上海建材,10.3969/j.issn.1006-1177.2024.03.001,journal article,zh,ARCH_DES_HER,T3
CITING-WORK-F6322241A957,五峰县栗子坪村公共文化空间优化研究,李张曼,2024,,,thesis,zh,CULT_MEDIA,T3
CITING-WORK-A232B9EB2AEF,四川省渠县城市社区养老服务供给问题与对策研究,周川,2024,,,thesis,zh,URBAN_PLAN_GEO,T3
CITING-WORK-9546CC2F367D,可供性理论视角下社区养老文化空间设计研究--以江西省南昌市为例,沈子煜,2025,,,thesis,zh,ARCH_DES_HER,T3
CITING-WORK-7D2600DA39A4,基于认知症老人ERG需求的日间照料设施室内优化设计研究,毛阿香,2024,,,thesis,zh,INTERDISC_OTHER,T3
CITING-WORK-B80D0A8390F6,郑州市老年人公共文化服务需求与供给研究,丁毅,2025,,,thesis,zh,CULT_MEDIA,T3
CITING-WORK-76CA369B09AD,基于表情识别的文娱节目效果评价方法研究,滕伟楠,2025,,,thesis,zh,INTERDISC_OTHER,T3
CITING-WORK-FE6D11E6F054,"好书书目的推荐功用及阅读推广方略——以近五年""好书中的好书——年度好书榜""为例",徐雁;陈晓茹;李苏黔,2023,出版广角,10.16491/j.cnki.cn45-1216/g2.2023.09.003,journal article,zh,CULT_MEDIA,T2
CITING-WORK-482CBD186FF6,"图书馆地方文化阅读推广叙事模式探究——以""寻踪万里茶道 探秘晋商风华""为例",郭淑敬;韩淑芬,2025,国家图书馆学刊,10.13666/j.cnki.jnlc.2025.0510,journal article,zh,INFO_TECH,T2
CITING-WORK-F68359196DDB,公共图书馆夜间活动选择策略分析——以青岛市图书馆为例,孙鹏飞,2025,图书馆研究与工作,10.3969/j.issn.2096-2363.2025.10.011,journal article,zh,INFO_TECH,T2
CITING-WORK-CA1DAA5B3DCB,场景理论下长视频平台信息流广告发展策略研究,杨璐,2021,,,thesis,zh,INFO_TECH,T3
CITING-WORK-2F8F905CA166,短视频情景广告植入下用户接受意愿和产品购买意愿研究,王京磊,2023,,,thesis,zh,CULT_MEDIA,T3
CITING-WORK-FE5E2AFD2A76,《向往的生活》植入广告传播研究,邓俊豪,2023,,,thesis,zh,CULT_MEDIA,T3
CITING-WORK-878144FD6A22,基于ROI理论的“创意中插广告”研究,陆样,2021,,,thesis,zh,INTERDISC_OTHER,T3
CITING-WORK-0A8AE7FECC9F,网络小剧场广告效果实证研究,徐增展,2021,现代传播,10.3969/j.issn.1007-8770.2021.10.025,journal article,zh,CULT_MEDIA,T2
CITING-WORK-FF348097D36A,场景营城在广阳湾TOD片区详细城市设计中的运用路径,曹璨;李洁莹;贾力,2025,花卉,10.3969/j.issn.1005-7897.2025.21.034,journal article,zh,ARCH_DES_HER,T3
CITING-WORK-627D30A63817,"""新烟火""下的城中村生活型街市空间优化设计研究",李熇婕;丁可,2026,中国建筑装饰装修,10.3969/j.issn.1672-2167.2026.07.002,journal article,zh,ARCH_DES_HER,T3
CITING-WORK-1F89779824D2,旅游休闲街区游客感知、体验价值对其行为意向的影响研究--以沈阳中街旅游休闲街区为例,赵美琪,2025,,,thesis,zh,ARCH_DES_HER,T3
CITING-WORK-617C35484387,广州上下九历史文化街区的保护与旅游开发研究,郑泽棉,2025,,,thesis,zh,ARCH_DES_HER,T3
CITING-WORK-DD08B1D0509B,苏州古城街景要素的感知评价与优化——基于眼动追踪的实验研究,刘梦飞;刘长春;金雨蒙,2025,南方建筑,10.3969/j.issn.1000-0232.2025.12.011,journal article,zh,ARCH_DES_HER,T2
CITING-WORK-B5608EDFCA4C,新时代高职院校美育研究的特点、实践路径与趋势展望,李铭辉;李俊,2025,广州城市职业学院学报,10.3969/j.issn.1674-0408.2025.02.001,journal article,zh,URBAN_PLAN_GEO,T3
CITING-WORK-BC98DC3707F2,新时代高校生态美育跨学科融合的实践路径,刘晓丽,2025,教书育人,10.3969/j.issn.1008-2549.2025.27.006,journal article,zh,EDUCATION,T3
CITING-WORK-D415B6C02186,高职院校浸润式美育实施困境与实践路径,汪欢;赵赞,2026,科教文汇,10.16871/j.cnki.kjwh.2026.01.033,journal article,zh,INTERDISC_OTHER,T3
CITING-WORK-921565F01029,数字孪生技术赋能下的高职美育浸润:基于虚实融合的创新美育模式构建及其实践,李林林;陈想,2025,美术教育研究,10.3969/j.issn.1674-9286.2025.12.034,journal article,zh,ARCH_DES_HER,T2
CITING-WORK-2DC86F40F520,信息化背景下美育数字资源的开发与应用研究,董郭英,2026,中国新通信,10.3969/j.issn.1673-4866.2026.02.015,journal article,zh,INFO_TECH,T3
CITING-WORK-14EDB49ADCD3,美育赋能职业教育新质人才培养的价值彰显、关键挑战与发展方略,张利海;周化光;郝鑫岐,2025,职业技术教育,10.3969/j.issn.1008-3219.2025.14.008,journal article,zh,EDUCATION,T3
CITING-WORK-60DAAEF9D693,互动仪式链视角下老年博主与青年群体互动研究--以B站五位老年美食up主为例,张萌萌,2023,,,thesis,zh,INTERDISC_OTHER,T3
CITING-WORK-0B441CF03312,数字亲密行为对家庭代际关系的影响研究,罗思雯,2024,,,thesis,zh,INFO_TECH,T3
CITING-WORK-34917AF518E5,新时代都市题材电视剧中青年形象建构研究,闫瑾,2024,,,thesis,zh,CULT_MEDIA,T3
CITING-WORK-AFC7B4C7B3BF,冲突与调适：农村大学生家庭代际冲突的传播型构研究,王冰冰,2025,,,thesis,zh,RURAL_AGRI,T3
CITING-WORK-05AC1FA889CB,返乡剧的代际互动研究,涂雨霏,2025,,,thesis,zh,INTERDISC_OTHER,T3
CITING-WORK-4300F80F883F,"抗争下的平衡:微信用户""在线沉默""现象审思",赵梦;黄柏菊,2025,新媒体研究,10.3969/j.issn.2096-0360.2025.02.006,journal article,zh,CULT_MEDIA,T2
CITING-WORK-CF522F1C212F,基于场景理论的乡村文化景观营造探究——以南安市官桥镇漳州寮村为例,林旭程;廖欢;张依濛,2024,广东蚕业,10.3969/j.issn.2095-1205.2024.03.45,journal article,zh,ARCH_DES_HER,T3
CITING-WORK-B0B9D9A790C5,“亲密神话”：陌生人社交平台的程序修辞研究,梁灿,2024,,,thesis,zh,INFO_TECH,T3
CITING-WORK-5F572AD4D7D9,可供性视角下小红书与用户数字劳动的互构研究,张士桦,2024,,,thesis,zh,INFO_TECH,T3
CITING-WORK-7DA38CC4B443,诗词情境视域下的虚拟现实空间疗愈与智慧交互设计研究,孔帅;王艺淳;何理,2025,包装工程,10.19554/j.cnki.1001-3563.2025.14.048,journal article,zh,ARCH_DES_HER,T2
CITING-WORK-35A83CD4C3B4,"作为技术""风景""和听觉""景观"":杜比全景声数字电影技术在中国",杨蕊茗;庄君,2024,电影文学,10.3969/j.issn.0495-5692.2024.23.021,journal article,zh,CULT_MEDIA,T2
CITING-WORK-0C57AD31A9EF,空间计算重构下博物馆游戏化学习方式的探索,高钰惠,2025,科学教育与博物馆,10.3969/j.issn.2096-0115.2025.02.004,journal article,zh,EDUCATION,T3
CITING-WORK-52D8645AC0EB,"""活生生""的艺术:数字媒体艺术的本质形态考察",李栋宁;朱钧宇,2024,南京艺术学院学报（美术与设计版）,10.3969/j.issn.1008-9675.2024.02.024,journal article,zh,CULT_MEDIA,T3
CITING-WORK-E958D732EF13,城市老旧厂区向文创产业转型的路径研究--以ZC共享城为例,谢飞宇,2023,,,thesis,zh,ECON_BUS_CONS,T3
CITING-WORK-158EF2865B42,江苏省旧厂房改造成体育空间的优化路径及推进策略研究,郑叁杉,2023,,,thesis,zh,SPORT_LEISURE,T3
CITING-WORK-12ACA4010AA4,城镇废弃厂房在地性改造：空间关怀与历史延续,张智,2025,,,thesis,zh,INTERDISC_OTHER,T3
CITING-WORK-3668996BC7C2,场景理论视域下乡村工业遗产的维度建构与更新策略,范长存;张中波,2023,人文天下,10.3969/j.issn.2095-3690.2023.07.009,journal article,zh,ARCH_DES_HER,T3
CITING-WORK-2264EA1919C7,农村废弃民居再利用背景下的秀山县大寨村公共文化空间设计研究,张鑫,2021,,,thesis,zh,ARCH_DES_HER,T3
CITING-WORK-CDBA9D202322,鲁楚坡村公共文化空间构建研究,张胜男,2020,,,thesis,zh,CULT_MEDIA,T3
CITING-WORK-EF4931230C04,在地化乡村公共文化空间重构设计研究--以宿迁市蔡集镇牛角村为例,王雅倩,2020,,,thesis,zh,RURAL_AGRI,T3
CITING-WORK-5738082981AD,产业振兴导向下的农村环境设计,肖艳会;易建芳;许立洁,2021,湖南包装,10.19686/j.cnki.issn1671-4997.2021.02.029,journal article,zh,ARCH_DES_HER,T2
CITING-WORK-9D40363ED094,乡村振兴背景下农村公共空间环境提升研究,孙自广;王秦,2021,湖南包装,10.19686/j.cnki.issn1671-4997.2021.04.038,journal article,zh,ARCH_DES_HER,T2
CITING-WORK-C793038E18CA,江南农村民居单体设计对保温隔热性能的影响研究,席飞;阮雪君;张乘风,2020,家具与室内装饰,10.16771/j.cn43-1247/ts.2020.10.004,journal article,zh,ARCH_DES_HER,T2
CITING-WORK-DABF4B195E10,清漪园室外陈设传统设计元素在现代公共家具设计中的应用与重构,吴琛;邢慧璇,2022,家具与室内装饰,10.16771/j.cn43-1247/ts.2022.12.006,journal article,zh,ARCH_DES_HER,T2
CITING-WORK-8BD9ADB931D1,“四个体系”视域下上海市区级档案馆公共文化服务现状研究--以徐汇区、静安区为例,张怡,2025,,,thesis,zh,CULT_MEDIA,T3
CITING-WORK-A31579B9F48E,黑龙江将军衙门档案知识图谱构建研究,彭秀湘,2025,,,thesis,zh,INTERDISC_OTHER,T3
CITING-WORK-C01D1BFCBC4C,档案馆视野下的图档博（LAM）三馆协同发展研究,柯永曶,2025,,,thesis,zh,INTERDISC_OTHER,T3
CITING-WORK-BD65666AD90D,场景视域下档案参与公共文化空间营造的实践与思考——以泉州侨批文化空间为例,谭必勇;王亦婷;袁晓川,2025,档案学通讯,,journal article,zh,CULT_MEDIA,T3
CITING-WORK-8BFC1C829C11,出圈与破圈:数字经济时代档案文创产品营销策略,郝伟斌;李家晴;高玉婷,2025,浙江档案,10.3969/j.issn.1006-4176.2025.8.zjda202508007,journal article,zh,ECON_BUS_CONS,T3
CITING-WORK-C128F34331C0,红色文化遗产传播对于上海城市形象建构的意义及对策研究,杨雨晗,2023,,,thesis,zh,ARCH_DES_HER,T3
CITING-WORK-788D2E36B61F,文旅融合视域下上海红色历史资源元宇宙开发策略探究,雷亚伦;王川,2023,旅游纵览,10.3969/j.issn.1004-3292.2023.15.030,journal article,zh,TOUR_HOSP,T2
CITING-WORK-85A9AC6AD70A,基于特里·克拉克场景理论的遗址改造设计研究——以南京大校场为例,林哲娜;姚翔翔,2024,美术文献,,journal article,zh,ARCH_DES_HER,T2
CITING-WORK-87EF3A83E24C,潮汕侨乡公共文化空间设计研究——以陈慈黉故居为例,刘炜仪,2024,,,thesis,zh,ARCH_DES_HER,T3
CITING-WORK-34365CEFE883,桂北红色文化纪念性景观体验与评价研究,艾诗语,2025,,,thesis,zh,ARCH_DES_HER,T3
CITING-WORK-7A93D0BC7172,基于叙事学理论的纪念性景观优化策略研究--以南昌方志敏烈士纪念园为例,叶乐乐,2025,,,thesis,zh,ARCH_DES_HER,T3
CITING-WORK-30EDA67A265B,场所精神视角下南昌汉代海昏侯国考古遗址公园景观优化设计研究,耿雨桐,2025,,,thesis,zh,ARCH_DES_HER,T3
CITING-WORK-B16CBDEB3E3C,文化地理学视角下黄河题材纪录片的景观叙事研究--以《大河流日夜》为例,吴浩晨,2025,,,thesis,zh,ARCH_DES_HER,T3
CITING-WORK-A9D3C868D793,地域文化视角下博览会场馆建筑的设计研究-以威海市国际博览中心设计为例,孟德良,2025,,,thesis,zh,ARCH_DES_HER,T3
CITING-WORK-5463FF2B89C7,场所记忆视角下城市传统农贸市场空间更新设计研究,张桐,2025,,,thesis,zh,ECON_BUS_CONS,T3
CITING-WORK-7892842F50F5,基于场所精神的上海养老院认知症照护活动空间设计研究,邹媛媛,2025,,,thesis,zh,ARCH_DES_HER,T3
CITING-WORK-2380DAC67153,红色记忆视角下马路湾新华书店场所精神营造,马博华;周磊;王俊岩,2025,美与时代,10.3969/j.issn.1003-2592.2025.44.002,journal article,zh,ARCH_DES_HER,T2
CITING-WORK-6BA71324461B,中西方期刊界对生成式人工智能参与科研论文写作的风险治理比较分析,李金正;李德,2025,中国科技期刊研究,10.11946/cjstp.202504210399,journal article,zh,INFO_TECH,T3
CITING-WORK-166A818581BF,湖南省政务微信建设现状及发展对策研究,蒋珊珊,2017,,,thesis,zh,INTERDISC_OTHER,T3
CITING-WORK-89EC41FD8FF3,地方政务微信公众号创新传播研究--以“陇南发布”为例,马睿君,2019,,,thesis,zh,CULT_MEDIA,T3
CITING-WORK-5FDB800201A3,龙山县电子政务公共服务发展研究,黎霞,2019,,,thesis,zh,SOC_POLICY,T3
CITING-WORK-F35E9EC67FE3,地方政府公共危机管理中的政务新媒体应用研究-基于四川L县的案例分析,陈媛,2019,,,thesis,zh,CULT_MEDIA,T3
CITING-WORK-D74B4737E2B1,文旅融合背景下陕西旅游政务公众号传播研究,王晓彤,2022,,,thesis,zh,TOUR_HOSP,T3
CITING-WORK-C8A1F2DA9B38,文旅类政务公众号城市形象内容生产策略研究——以“武汉市?化和旅游局”为例,张雪莹,2024,,,thesis,zh,TOUR_HOSP,T3
CITING-WORK-5F86A4BDD11C,青年群体在线健身话题参与与媒介行动--基于PLSA主题聚类模型的话语分析,刘雨沁,2025,,,thesis,zh,CULT_MEDIA,T3
CITING-WORK-21BEA0E50AF6,"气氛即""场景"":伯梅气氛性场景营造下的电影美学",代敏;田丰硕,2025,电影文学,10.3969/j.issn.0495-5692.2025.19.013,journal article,zh,CULT_MEDIA,T2
CITING-WORK-5ECF8FD203C3,数字空间生产与创新:文化消费场景的生产逻辑与模式探索,赵海霞;刘旭蕊,2025,文化数字化,,journal article,zh,ECON_BUS_CONS,T3
CITING-WORK-1269A913BC68,文化新质生产力与文化消费新趋势,林晓珊,2025,新视野,10.3969/j.issn.1006-0138.2025.03.006,journal article,zh,ECON_BUS_CONS,T3
CITING-WORK-D9B974C5D858,新型公共文化空间可持续发展能力:框架构建与组态路径,冉连;吴铭洋,2025,图书与情报,10.11968/tsyqb.1003-6938.2025040,journal article,zh,INFO_TECH,T2
CITING-WORK-1C5ED734AADC,"空间生产理论下县域文化消费新场景构建机制研究——以贵州""村超""和湖南""村厨村艺大晒""为例",李俊锋,2026,艺术科技,10.3969/j.issn.1004-9436.2026.04.060,journal article,zh,ECON_BUS_CONS,T3
CITING-WORK-F63534B00B64,“双修”理念下京张铁路遗产张家口主城区段保护更新研究,张亚军,2024,,,thesis,zh,ARCH_DES_HER,T3
CITING-WORK-431B3D1DF10B,2023年度中国工业遗产研究学术报告,韩晗;孙崇辕,2024,文化软实力研究,10.19468/j.cnki.2096-1987.2024.02.009,journal article,zh,CULT_MEDIA,T2
CITING-WORK-9F3FE271DA58,基于AHP和百度API的铁路遗产活化利用与乡村聚落发展研究——以滇越铁路昆宜段乡村站点为例,车震宇;梁栋;郑溪,2024,中国名城,10.19924/j.cnki.1674-4144.2024.010.013,journal article,zh,URBAN_PLAN_GEO,T2
CITING-WORK-5F3CAF734F59,基于场景营造视角的组团绿道网络选线研究——以张家界为例,刘鉴源;帅凌傲;杨靖,2025,中外建筑,10.19940/j.cnki.1008-0422.2025.08.010,journal article,zh,ARCH_DES_HER,T2
CITING-WORK-9348A9612C65,场景理论视角下社区文化空间评价与营造策略研究,尹淙卉,2023,,,thesis,zh,CULT_MEDIA,T3
CITING-WORK-2BC816757BBB,基于IPA分析法的成都市老旧社区公共空间适老化改造研究,冯珍,2023,,,thesis,zh,URBAN_PLAN_GEO,T3
CITING-WORK-9BD7A899B511,北方滨海城市老旧小区景观评价及提升策略研究--以青岛市市南区为例,孟田,2024,,,thesis,zh,ARCH_DES_HER,T3
CITING-WORK-F1299070D7FA,"现代化治理背景下我国城市更新后评估研究述评——基于""类型—尺度""的整体视角",黄瓴;刘祖康;骆骏杭,2025,西部人居环境学刊,,journal article,zh,URBAN_PLAN_GEO,T2
CITING-WORK-D882EB02B834,商业空间中的艺术场景化设计研究--以成都市天府新区锦江商业体为例,赵莹颖,2024,,,thesis,zh,ECON_BUS_CONS,T3
CITING-WORK-7D7E90DD19C7,场景理论在我国欠发达地区保护性乡村转型中的应用——以福建省双福村为例,林云菲;宋明星;曹珊,2024,城市建筑,10.19892/j.cnki.csjz.2024.17.22,journal article,zh,ARCH_DES_HER,T2
CITING-WORK-03CF8774C099,意大利中央市场理念在我国市场改造中的应用研究,朱雪非,2024,,,thesis,zh,ECON_BUS_CONS,T3
CITING-WORK-2C9172011DDC,乡村旅游背景下盱眙县大桐村镇集市空间改造设计,杨安彤,2024,,,thesis,zh,TOUR_HOSP,T3
CITING-WORK-F2B7EA371970,基于主题叙事的城市菜市场室内空间设计研究,王艳芳,2024,,,thesis,zh,ARCH_DES_HER,T3
CITING-WORK-83C92C738263,基于模块化思维的菜市场空间设计研究——以上钢集贸市场为例,王璐,2024,,,thesis,zh,ARCH_DES_HER,T3
CITING-WORK-20F7AED5E1E7,民族图志“百苗图”英译研究,苏竹筠,2022,,,thesis,zh,INTERDISC_OTHER,T3
CITING-WORK-B6247407DA07,生活史视角下清中期至民国湘西苗族传统民居空间形态及其演进研究,裴芝圆,2023,,,thesis,zh,INTERDISC_OTHER,T3
CITING-WORK-43E304441827,晚清《百苗图》图像叙事研究,张华雨,2025,,,thesis,zh,INTERDISC_OTHER,T3
CITING-WORK-485BBA7A0822,基于历史图像的明清苏州古城阊门地区空间形态研究,胡文杰,2022,,,thesis,zh,INTERDISC_OTHER,T3
CITING-WORK-82A2B590E2C2,基于空间--行为互动理论的明清苏州西郊游踪空间形态研究,徐恒斌,2023,,,thesis,zh,INTERDISC_OTHER,T3
CITING-WORK-CEB5457E5F2A,仪式场景视角下的传统聚落公共空间研究 ——以闽西芷溪祠庙群为例,李婷;李晓峰,2021,新建筑,10.12069/j.na.202101104,journal article,zh,ARCH_DES_HER,T2
CITING-WORK-006EF6C820FB,"西南民族图志与""云贵走廊""的关系研究",梁昭莉,2025,西南学术,,journal article,zh,INTERDISC_OTHER,T3
CITING-WORK-ECBD4A4549DF,集体记忆视角下的南昌市企业型单位社区公共空间更新策略研究,苗文华,2024,,,thesis,zh,ECON_BUS_CONS,T3
CITING-WORK-34DC1FDE93FA,城镇低效用地识别及整理对策研究--以永宁县为例,祁红红,2025,,,thesis,zh,INTERDISC_OTHER,T3
CITING-WORK-52B22909148F,城市体检视角下城镇低效用地识别与功能唤醒研究,黄佳莉,2023,,,thesis,zh,URBAN_PLAN_GEO,T3
CITING-WORK-63993723C692,消费视角下青洲山工业遗产的场景创新与保护研究,佚名,,,,thesis,zh,ARCH_DES_HER,T3
CITING-WORK-09232B7A2707,历史地段认定标准与保护利用研究——以四川省三线建设文化遗产为例,唐密;李若凡;蒲文,2024,中国名城,10.19924/j.cnki.1674-4144.2024.007.005,journal article,zh,URBAN_PLAN_GEO,T2
CITING-WORK-504BB09480B6,基于场景理论的澳门益隆炮竹厂保护与发展研究,佚名,,,,thesis,zh,INTERDISC_OTHER,T3
CITING-WORK-0327AA45ECA6,小组工作介入提升老年群体数字服务可及性研究,唐颀,2024,,,thesis,zh,INFO_TECH,T3
CITING-WORK-779FB8210E4E,“四治融合”对乡村共同富裕的影响--以浙江桐乡油车桥村为例,皇琴,2024,,,thesis,zh,RURAL_AGRI,T3
CITING-WORK-C0CE16947712,嵌入性理论视域下居民学习共同体融入基层社区治理的路径研究,江颖;田许明,2024,终身教育研究,10.13425/j.cnki.jjou.2024.06.011,journal article,zh,EDUCATION,T3
CITING-WORK-4DEFB9FF74DF,回顾与展望:2023年我国成人教育理论研究概况——基于对2023年人大复印报刊资料《成人教育学刊》的统计分析,乐传永;叶长胜,2024,中国成人教育,10.3969/j.issn.1004-6577.2024.01.002,journal article,zh,RURAL_AGRI,T2
CITING-WORK-32FFAC4D478D,基于多重理论耦合的未来社区教育场景构建价值与行动路径,饶冠俊,2024,职教论坛,,journal article,zh,EDUCATION,T2
CITING-WORK-009AE0E8B443,乡村振兴背景下成人文化技术学校的发展现状与对策研究,佚名,,,,thesis,zh,RURAL_AGRI,T3
CITING-WORK-23D1FCAF543D,嘉绒藏族居住地区小众空间消费场景营造策略研究,杨苗;彭亮,2024,西部旅游,,journal article,zh,TOUR_HOSP,T2
CITING-WORK-7FEA92846887,沉浸式体验对游客文化认同的影响研究--以台儿庄古城为例,魏依依,2025,,,thesis,zh,TOUR_HOSP,T3
CITING-WORK-51D37D456EB9,A景区沉浸式体验营销策略研究,于英男,2025,,,thesis,zh,TOUR_HOSP,T3
CITING-WORK-A2785B5DB90A,文旅融合视域下综艺节目《乐在旅途》的价值旨归,张曦文;付焱;李鑫宇,2026,传媒论坛,10.3969/j.issn.2096-5079.2026.03.022,journal article,zh,CULT_MEDIA,T2
CITING-WORK-447EB9FE9B3D,数字化技术对淮安传统音乐传播与文旅推广的促进作用,郝忆,2025,旅游纵览,10.3969/j.issn.1004-3292.2025.13.042,journal article,zh,TOUR_HOSP,T2
CITING-WORK-CBE592EB68A4,基于Logistic模型的音乐节消费者参与行为影响因素分析,谢文迪;覃嘉俐,2025,现代商业,,journal article,zh,ECON_BUS_CONS,T3
CITING-WORK-8C1739AE3029,"文旅融合背景下广彩瓷文创的沉浸式体验设计策略——基于""五感""体验与数字技术的创新路径",佚名,,,,thesis,zh,TOUR_HOSP,T3
CITING-WORK-E5AA48F370C4,新农人短视频对乡村景观的媒介建构研究,苏娇娇,2024,,,thesis,zh,ARCH_DES_HER,T3
CITING-WORK-FB927267EE62,抖音平台“洋网红”乡村短视频的叙事研究,王文杰,2024,,,thesis,zh,RURAL_AGRI,T3
CITING-WORK-E63D6BD87BC4,景观社会理论视阈下儿童“吃播”短视频的生产与消费研究,赵萌,2024,,,thesis,zh,ARCH_DES_HER,T3
CITING-WORK-EF8523A608EE,桂林漓水人家景区营销策略研究——基于地域性景观重构视角,佚名,,,,thesis,zh,ARCH_DES_HER,T3
CITING-WORK-6EF17F397B81,数字乡村背景下新农人的媒介化路径研究,张园野,2025,新媒体研究,10.3969/j.issn.2096-0360.2025.17.018,journal article,zh,CULT_MEDIA,T2
CITING-WORK-2851123EEFE6,新媒介赋权下乡村主体间的互动关系研究——基于L县直播带货的田野调查,吴昭千梦;余清楚;王嘉昀,2024,新闻大学,,journal article,zh,RURAL_AGRI,T3
CITING-WORK-AFAE2A2012A1,我国省级公共图书馆文创产品开发利用研究,季木子,2024,,,thesis,zh,INTERDISC_OTHER,T3
CITING-WORK-63A63D1358BB,公共图书馆文创产品IP化构建路径探究,佚名,,,,thesis,zh,INTERDISC_OTHER,T3
CITING-WORK-686DCD2F82A8,地域文化传承:地方文献IP化路径探索,佚名,,,,thesis,zh,CULT_MEDIA,T3
CITING-WORK-AF18ECE12663,符号学视域下图书馆文化IP构建与传播研究,陈昊;谢姣,2025,国家图书馆学刊,10.13666/j.cnki.jnlc.2025.0408,journal article,zh,INFO_TECH,T2
CITING-WORK-9AD5E9FD01F9,果类食品IP形象视觉体验研究,伍奇瀚;周睿,2025,粮油食品科技,10.16210/j.cnki.1007-7561.2025.01.012,journal article,zh,INTERDISC_OTHER,T3
CITING-WORK-9F677B0A81E7,"公共图书馆文化IP建设研究——以湖南图书馆""难得湖图""文化IP运营为例",陈昊,2024,山东图书馆学刊,10.3969/j.issn.1002-5197.2024.03.016,journal article,zh,INFO_TECH,T2
CITING-WORK-A27D9371F794,以需求为导向的基层阅读推广精准服务路径——基于三亚2025读书季活动的案例分析,周翔;杨庆庆,2026,图书馆学刊,10.3969/j.issn.1002-1884.2026.02.013,journal article,zh,INFO_TECH,T2
CITING-WORK-A1C84B4CF892,国家文化公园主题图书出版与传播策略研究,朱性佳,2025,,,thesis,zh,CULT_MEDIA,T3
CITING-WORK-BF699F846FC1,可供性视角下农技推广短视频的生成机制研究,孙思宁,2025,,,thesis,zh,CULT_MEDIA,T3
CITING-WORK-3751F54129BA,基于UTAUT2模型的南京先锋书店场景营销策略研究,郑建华,2025,,,thesis,zh,INTERDISC_OTHER,T3
CITING-WORK-25F72CF3637D,从智慧阅读到超级阅读:技术赋能阅读的价值进路与风险应对,高坚;万笑;张浩,2025,出版广角,10.16491/j.cnki.cn45-1216/g2.2025.01.001,journal article,zh,CULT_MEDIA,T2
CITING-WORK-3B27B4689CDC,"激活""场景可供性"":人工智能场景中的阅读实践新变与阅读推广转型",林一民;邓香莲,2025,出版广角,10.16491/j.cnki.cn45-1216/g2.2025.04.002,journal article,zh,CULT_MEDIA,T2
CITING-WORK-ABF1F2856019,从流量博弈到场景共生:全域营销时代少儿出版营销创新,佚名,,,,thesis,zh,INTERDISC_OTHER,T3
CITING-WORK-980C14421DC3,全民阅读语境下我国城市书展的读者中心策略,周国清;张嘉妮,2026,出版广角,10.16491/j.cnki.cn45-1216/g2.2026.03.006,journal article,zh,CULT_MEDIA,T2
CITING-WORK-F8332CDFA65B,全龄友好的老旧社区运动空间更新设计--成都新鸿社区为例,文铎杰,2023,,,thesis,zh,SPORT_LEISURE,T3
CITING-WORK-A353B57AB8D5,南京南湖片区生活性街道建成环境与场所感关联研究,赵心语,2024,,,thesis,zh,INTERDISC_OTHER,T3
CITING-WORK-896DD1FC3758,微更新视角下老旧社区公共空间重构,佚名,2024,室内设计与装修,10.3969/j.issn.1005-7374.2024.02.029,journal article,zh,ARCH_DES_HER,T2
CITING-WORK-40ED0D0AB6C7,共享理念下的老旧社区公共空间更新优化策略,范羽鑫;李房英,2023,时尚设计与工程,,journal article,zh,URBAN_PLAN_GEO,T3
CITING-WORK-DDC40E3A766B,陶溪川文创街区的发展启示——基于场景理论的视角,童敏慧;盛成龙;黎晶,2023,陶瓷研究,10.3969/j.issn.1000-9892.2023.02.027,journal article,zh,ARCH_DES_HER,T3
CITING-WORK-D853B64F1D90,全民阅读背景下移动音频平台用户持续使用意愿研究,孙妮,2024,,,thesis,zh,INFO_TECH,T3
CITING-WORK-71AA292A8469,Y广电公司5G产品营销策略研究,王悦,2025,,,thesis,zh,INTERDISC_OTHER,T3
CITING-WORK-79BB875049C9,GD公司5G手机号卡业务营销策略研究,代国强,2024,,,thesis,zh,INTERDISC_OTHER,T3
CITING-WORK-E6E91D07E223,文化全球化背景下体育传播的效能建构分析——以杭州亚运会为例,刘晨星,2025,当代体育科技,10.16655/j.cnki.2095-2813.2025.08.043,journal article,zh,CULT_MEDIA,T3
CITING-WORK-BB7E1BD2EFC9,"""央央好物""的融合创新与可持续发展探析",张剑;罗思思,2025,融媒,,journal article,zh,INTERDISC_OTHER,T3
CITING-WORK-17BD590A3C6A,新视听语境下中国动画电影写意美学的数字表达创新——以《哪吒之魔童闹海》为例,李官博,2025,四川戏剧,10.3969/j.issn.1003-7500.2025.08.019,journal article,zh,CULT_MEDIA,T2
CITING-WORK-6C0BE77EDC51,人工智能技术与电视行业的融合观察与趋势分析,李甜,2024,新闻研究导刊,10.3969/j.issn.1674-8883.2024.02.040,journal article,zh,CULT_MEDIA,T3
CITING-WORK-63E4ABC1C693,农家书屋在农村思想政治教育中的应用研究--以M县为例,胡玉贤,2025,,,thesis,zh,RURAL_AGRI,T3
CITING-WORK-FF6A819245AA,基于场景化思维的乡村阅读空间设计策略研究,孔帅;王艺淳;那宇,2025,家具与室内装饰,10.16771/j.cn43-1247/ts.2025.04.011,journal article,zh,ARCH_DES_HER,T2
CITING-WORK-B692EB6D0839,我国农村公共阅读服务精准供给研究:特征、维度与展望,严贝妮;汪荣;李迎归,2026,图书馆理论与实践,10.3969/j.issn.1005-8214.2026.01.008,journal article,zh,INFO_TECH,T2
CITING-WORK-03F9B391C525,空间生产与重构:数字农家书屋建设的逻辑与路径,刘萍;崔超;胡广锐,2026,图书馆理论与实践,10.3969/j.issn.1005-8214.2026.02.007,journal article,zh,INFO_TECH,T2
CITING-WORK-349E83CBFD69,人工智能赋能数字农家书屋建设的三维审视,闫秀莹;薛丹,2025,乡村科技,10.19345/j.cnki.1674-7909.2025.22.008,journal article,zh,RURAL_AGRI,T3
CITING-WORK-AA05566338D4,目的国贸易便利化对我国文化产品出口质量的影响研究--基于“一带一路”沿线国家分析,梁攀攀,2023,,,thesis,zh,CULT_MEDIA,T3
CITING-WORK-2CECFC0944A6,培育信息产业新业态对数字经济空间格局的影响研究,林挺,2023,当代财经,,journal article,zh,ECON_BUS_CONS,T3
CITING-WORK-0DEF5F33293A,新经济地理视角下地区生产效率、质量投入与产业集聚,张天骄;薛领,2023,工业技术经济,10.3969/j.issn.1004-910x.2023.01.014,journal article,zh,ECON_BUS_CONS,T3
CITING-WORK-553B0C0E0DCD,产业结构服务化对人力资本集聚的空间溢出效应——以对北京、上海、广东的SpVAR分析为例,泥霓,2023,技术经济,10.3969/j.issn.1002-980x.2023.01.015,journal article,zh,ECON_BUS_CONS,T3
CITING-WORK-02A8853E92B8,区际运输成本、城市空间成本与产业空间格局演化——新经济地理学自由企业家模型拓展,何雄浪;王诗语,2026,西南民族大学学报（人文社会科学版）,10.3969/j.issn.1004-3926.2026.02.011,journal article,zh,ECON_BUS_CONS,T3
CITING-WORK-BCF2C56FCAEA,From Regional Competition to Coordinated Development: Promoting Core Technology Innovation in Key Fields by Building a Unified National Market,MAO Yichong;ZHU Lile;WU Fuxiang,2025,中国高等学校学术文摘（经济学）,10.3868/s060-020-025-0018-0,journal article,unknown,EDUCATION,T3
CITING-WORK-C277B5AB7F16,竞争到协同:以统一大市场建设推动关键核心技术创新,毛毅翀;竺李乐;吴福象,2024,中国经济问题,10.19365/j.issn1000-4181.2024.01.04,journal article,zh,ECON_BUS_CONS,T3
CITING-WORK-19AD7D0CD469,有效“卷”还是无效“卷”？文旅局长主播形象对观众旅游意愿的影响研究,马丽慧,2024,,,thesis,zh,TOUR_HOSP,T3
CITING-WORK-AFAB828FE731,基于Kano模型的教育类数字出版产品用户需求研究,赵文慧,2024,,,thesis,zh,EDUCATION,T3
CITING-WORK-DFCAD0F07A09,慢直播受众的心理过程及其对出游意愿的影响,沈宏洁;张高军;周雨函,2025,旅游论坛,10.15962/j.cnki.tourismforum.202502012,journal article,zh,TOUR_HOSP,T2
CITING-WORK-62C2D23DD622,旅游直播在文化传承与旅游推广中的应用探索,刘曼,2023,西部旅游,,journal article,zh,TOUR_HOSP,T2
CITING-WORK-792D611351A2,服务质量感知导向下高校旅游直播人才培养路径研究,沈修庆,2026,西部旅游,10.3969/j.issn.1006-2629.2026.05.029,journal article,zh,TOUR_HOSP,T2
CITING-WORK-774663F5CCE5,场景赋能乡村文旅融合的基本逻辑与创新路径,李文雯;董慧,2025,湖北文理学院学报,10.3969/j.issn.1009-2854.2025.08.004,journal article,zh,TOUR_HOSP,T2
CITING-WORK-5CBFB671A495,我国城市社区活动存在的问题及治理对策研究,肖博瑞,2024,,,thesis,zh,URBAN_PLAN_GEO,T3
CITING-WORK-A480930A5526,资源标准化供给下城乡老年数字教育效能分化的协同治理机制研究——基于济南市实践的实证分析,韦娜,2025,北京宣武红旗业余大学学报,10.3969/j.issn.1008-6668.2025.04.010,journal article,zh,EDUCATION,T3
CITING-WORK-60A330D65766,行动者网络理论视域下职业本科创新创业教育建设路径探析,林洁;张文;李松,2024,高教论坛,10.3969/j.issn.1671-9719.2024.09.018,journal article,zh,EDUCATION,T3
CITING-WORK-64A0408D24C4,老有所学:互惠模式下老年学习小组的社会工作实务应用研究——以智能手机学习小组为例,张菁,2024,黑河学刊,10.3969/j.issn.1009-3036.2024.04.018,journal article,zh,EDUCATION,T3
CITING-WORK-D35EF516C69E,"老年数字游民教育需求研究:基于""候鸟式养老""群体的跨地域学习支持路径构建",王珂;姜春艳,2025,陕西开放大学学报,10.3969/j.issn.1008-4649.2025.03.001,journal article,zh,EDUCATION,T3
CITING-WORK-9131D34D86C9,基于环境心理学的图书馆老年读者学习空间设计策略,陈婧;唐莉,2024,图书馆学研究,,journal article,zh,INFO_TECH,T2
CITING-WORK-45F9EE7A4D33,基于场景理论的空气净化设备优化设计研究,刘琳,2023,,,thesis,zh,INTERDISC_OTHER,T3
CITING-WORK-5C68D0D56200,品牌虚拟偶像设计开发策略研究,刘潇艺,2023,,,thesis,zh,ECON_BUS_CONS,T3
CITING-WORK-28C5FB83A4C6,我国虚拟偶像类节目的身体美学研究,唐琳,2024,,,thesis,zh,INTERDISC_OTHER,T3
CITING-WORK-594282B05C11,注视线索对消费者购买意愿的影响机制研究：信任和面孔特征的作用,成金璇,2024,,,thesis,zh,ECON_BUS_CONS,T3
CITING-WORK-65026AAD3C05,"情感·参与·体验:互动仪式赋能""非遗数字藏品""经济",张婧艺;宋琳琳,2023,新媒体研究,10.3969/j.issn.2096-0360.2023.12.018,journal article,zh,CULT_MEDIA,T2
CITING-WORK-5B8007248DCC,广播电视文艺节目综析(2021-2022),梁风婷,2023,新闻研究导刊,10.3969/j.issn.1674-8883.2023.18.043,journal article,zh,CULT_MEDIA,T3
CITING-WORK-5FA80720617A,河北省饮食类非遗旅游资源价值评价及开发策略研究,叶婷,2024,,,thesis,zh,TOUR_HOSP,T3
CITING-WORK-7C833BD081EF,齐鲁饮食类非遗传承现状及创意保护研究,杜冠群,2024,E动时尚,,journal article,zh,CULT_MEDIA,T2
CITING-WORK-91CBB249FD75,物联网技术在非遗工艺保护与创新应用中的深度整合研究,李映锦,2025,佳木斯职业学院学报,10.3969/j.issn.1000-9795.2025.9.jmsjyxyxb202509033,journal article,zh,INTERDISC_OTHER,T3
CITING-WORK-FE82DFC7C938,河西走廊饮食类非遗与旅游融合发展路径,卢丹丹;赵宏亮,2025,旅游纵览,10.3969/j.issn.1004-3292.2025.23.048,journal article,zh,TOUR_HOSP,T2
CITING-WORK-94C7A752BCE7,产业融合视角下饮食类非遗赋能乡村振兴的新模式探讨——以鹤城花生产业为例,边云岗;吴一坤;刘佳琪,2024,四川旅游学院学报,10.3969/j.issn.1008-5432.2024.05.006,journal article,zh,TOUR_HOSP,T2
CITING-WORK-0BBC6138A6EB,人工智能在非物质文化遗产保护中的应用研究——以缙云烧饼为例,周法剑;严利强,2025,四川旅游学院学报,10.3969/j.issn.1008-5432.2025.02.006,journal article,zh,TOUR_HOSP,T2
CITING-WORK-627058282319,数字化视角下我国非物质文化遗产保护研究综述,佚名,,,,thesis,zh,ARCH_DES_HER,T3
CITING-WORK-889B78DC2530,数智赋能文旅场景下的游客幸福感生成机制研究——以成都夜游锦江项目为例,张琰飞;李欣雨;朱海英,2025,四川师范大学学报（社会科学版）,10.13734/j.cnki.1000-5315.2025.0406,journal article,zh,TOUR_HOSP,T2
CITING-WORK-4303ACBFC895,AI赋能场景式公共信息服务的供需匹配:内在机制、过程框架与实现路径,朱红灿;郑恺迪;余莹,2025,图书馆论坛,10.3969/j.issn.1002-1167.2025.05.019,journal article,zh,INFO_TECH,T2
CITING-WORK-6E047E30AA1A,沉浸式公共文化服务:内涵、要素与服务框架,肖梓培;吴丹,2026,图书馆论坛,10.3969/j.issn.1002-1167.2026.04.001,journal article,zh,INFO_TECH,T2
CITING-WORK-A8D947AAF63F,新质生产力驱动下的区域文旅融合路径研究——以粤港澳大湾区为例,佚名,,,,thesis,zh,TOUR_HOSP,T3
CITING-WORK-B4D969634678,微空间文化生产中群体文化感知印象形成机理——以青少年游览中国大运河博物馆为例,谢峰,2025,盐城师范学院学报（人文社会科学版）,10.16401/j.cnki.ysxb.1003-6873.2025.06.072,journal article,zh,CULT_MEDIA,T3
CITING-WORK-70B816A0CBE6,从消费互联网到智能化生态:文旅产业生态跃迁的动力演进,王经绫,2025,治理现代化研究,,journal article,zh,TOUR_HOSP,T3
CITING-WORK-FC831E3ED748,农村信息贫困的精准扶贫,吕娜,2019,,,thesis,zh,RURAL_AGRI,T3
CITING-WORK-AAE982D3393C,信息贫困视域下农村妇女信息行为研究--以川北地区为例,何凤,2023,,,thesis,zh,RURAL_AGRI,T3
CITING-WORK-101A3FB9D9F4,宁夏地区乡镇、村图书馆服务发展路径研究 ——原州区乡镇、村图书馆服务现状调查,王岗;张明乾;李刚,2019,图书馆理论与实践,,journal article,zh,INFO_TECH,T2
CITING-WORK-F8CD1C4F4A47,小世界情境下云南人口较少民族的日常信息实践及其影响因素,朱明;周倩;廖熙铸,2019,图书馆论坛,,journal article,zh,INFO_TECH,T2
CITING-WORK-38B86D4D96DC,国外少数族裔信息行为研究进展,舒宝淇;龚稳稳;王晋,2020,图书馆论坛,,journal article,zh,INFO_TECH,T2
CITING-WORK-EA86602B9620,小世界情境下云南人口较少民族的信息搜寻,朱明;刘宇,2020,图书馆杂志,10.13663/j.cnki.lj.2020.08.003,journal article,zh,INFO_TECH,T2
CITING-WORK-9E33A0E6F32A,易地扶贫搬迁云南人口较少民族日常信息搜寻影响因素研究,佚名,,,,thesis,zh,INFO_TECH,T3
CITING-WORK-7450B89E9FA6,信息化对区域贫困治理的影响,张聪颖;畅倩;霍学喜,2021,中国人口（资源与环境）,10.12062/cpre.20200923,journal article,zh,INFO_TECH,T3
CITING-WORK-C09C3579928E,“文脉赓续”：文化记忆理论视域下安阳仓巷街文化传播路径研究,杨璐,2022,,,thesis,zh,CULT_MEDIA,T3
CITING-WORK-C47BC85BB58E,“网红空间”虚实特征与实际热度的关联性研究,周喆旻,2024,,,thesis,zh,INTERDISC_OTHER,T3
CITING-WORK-D58042D20170,场景理论视域下长沙超级文和友餐饮空间研究,李昱伶;刘树老,2023,城市建筑,10.19892/j.cnki.csjz.2023.23.07,journal article,zh,ARCH_DES_HER,T2
CITING-WORK-FC2572DA5A00,景观社会视角下的网红建筑解构——浅谈当代建筑的礼仪规训,何宇皓,2024,华中建筑,,journal article,zh,ARCH_DES_HER,T2
CITING-WORK-1580591F523D,合成景观--审美变迁下的重庆洋人街,李铃玉,2022,,,thesis,zh,ARCH_DES_HER,T3
CITING-WORK-6C14F726DBEA,文化消费对城市空间的意义生产——以诚品生活苏州为场景的个案考察,郑佳,2024,,,thesis,zh,ECON_BUS_CONS,T3
CITING-WORK-6EA75D81099C,重庆市永川博物馆敦煌壁画适儿化展示空间设计,黎彦利,2025,,,thesis,zh,ARCH_DES_HER,T3
CITING-WORK-6C01D64DF7C1,场景理论视域下主题公园沉浸式体验评价体系研究,张培铭,2022,郑州大学,,thesis,zh,INTERDISC_OTHER,T3
CITING-WORK-B138EAA753C0,场景理论视角下徽州传统村落文旅融合策略研究--以黄山市西溪南村为例,黄琳琳,2024,,,thesis,zh,TOUR_HOSP,T3
CITING-WORK-D474C292ACE7,岭南文化精神的虚拟空间构建与IP打造策略,李鹏飞,2025,丝网印刷,10.20084/j.cnki.1002-4867.2025.10.033,journal article,zh,CULT_MEDIA,T3
CITING-WORK-91EABDCA8671,微信群媒介情境与人际交往相互影响研究,任姝芳,2020,,,thesis,zh,CULT_MEDIA,T3
CITING-WORK-0DF2672009F0,“职转家”全职宝妈抖音平台上的自我呈现研究,陈满源,2023,,,thesis,zh,INFO_TECH,T3
CITING-WORK-0B2D6E51D603,媒介情境理论视角下Z世代搭子社交研究,张洁,2025,,,thesis,zh,CULT_MEDIA,T3
CITING-WORK-04B817A4C69F,大学生群体在社交媒体上的自我呈现研究--以微博和微信作为研究对象,甄稳波,2019,,,thesis,zh,CULT_MEDIA,T3
CITING-WORK-740D7CE39918,"从情境崩溃到情境再分离:社会-关系情境中的用户社交媒介实践——基于微信朋友圈""仅三天可见""的研究",张杰;马一琨,2022,国际新闻界,,journal article,zh,CULT_MEDIA,T3
CITING-WORK-C42B5AFB0808,社交媒体时代大学生异地恋人亲密关系研究,张良悦;李锦辉,2020,传媒观察,,journal article,zh,CULT_MEDIA,T3
CITING-WORK-8C21CEC1B715,社交媒体对大学生的影响研究,朱霞;滕玮;陆鑫,2022,扬州职业大学学报,10.3969/j.issn.1008-3693.2022.03.013,journal article,zh,CULT_MEDIA,T3
CITING-WORK-A0941B9537DC,基于LDA主题模型的三线工业遗产场景感知维度及改造策略研究--以中西部4个案例为例,何沁,2024,,,thesis,zh,ARCH_DES_HER,T3
CITING-WORK-F86E5D6DB3C8,文旅场景理论内涵与研究方向,张旭辉;黄震方;程东亚,2024,地理科学进展,10.18306/dlkxjz.2024.10.012,journal article,zh,TOUR_HOSP,T3
CITING-WORK-1A6CFC3EC9CB,我国三线工业遗产场景感知维度框架建构与提升策略,张睿;何沁;刘建军,2024,规划师,10.3969/j.issn.1006-0022.2024.10.005,journal article,zh,URBAN_PLAN_GEO,T2
CITING-WORK-BB3856DF9F69,云南红色庭院戏剧融入党建文化建设的案例研究,肖家倩,2023,,,thesis,zh,CULT_MEDIA,T3
CITING-WORK-E7FC68ABD449,当代中国自媒体艺术传播的“生活转向”研究,于晴,2024,,,thesis,zh,CULT_MEDIA,T3
CITING-WORK-54BF1900E2CE,场景理论视域下博物馆公共文化的空间呈现及意义表达研究——以河南博物院为例,李田田,2024,,,thesis,zh,CULT_MEDIA,T3
CITING-WORK-37095F947072,基于眼动追踪的社区商业空间视觉偏好解析与优化设计,师宽;周欣慰,2025,包装工程,10.19554/j.cnki.1001-3563.2025.24.044,journal article,zh,ARCH_DES_HER,T2
CITING-WORK-AC35B164D213,场景理论视域下文化消费空间的场景构型及其效应,徐望,2024,甘肃理论学刊,10.3969/j.issn.1003-4307.2024.03.014,journal article,zh,ECON_BUS_CONS,T3
CITING-WORK-DF00172E2638,人机传播视角下人类与人工智能音乐的新型社交逻辑研究--以“AI本兮”为例,熊蕊,2025,,,thesis,zh,CULT_MEDIA,T3
CITING-WORK-ADF7FC07CBF0,具身认知视域下汽车智能座舱交互设计,华雪,2025,,,thesis,zh,INFO_TECH,T3
CITING-WORK-FCAF6F624800,大模型时代传媒业的变革全景:生产、传播、商业与未来发展,郭全中;彭子滔,2024,出版广角,10.16491/j.cnki.cn45-1216/g2.2024.22.001,journal article,zh,CULT_MEDIA,T2
CITING-WORK-E36C3435345D,融合智能汽车技术的水稻生产智能监控系统设计,陈航,2025,北方水稻,10.3969/j.issn.1673-6737.2025.06.050,journal article,zh,INFO_TECH,T3
CITING-WORK-42C40F1A74F7,功能·关系·哲学:人机传播视域下用户与智能车载语音的互动研究,刘新勇,2026,视听,10.3969/j.issn.1674-246x.2026.03.029,journal article,zh,CULT_MEDIA,T3
CITING-WORK-53F0CA7C2557,文化产业驱动文化强国建设的逻辑跃迁、实践突破与趋势演进,张振鹏,2025,行政管理改革,10.3969/j.issn.1674-7453.2025.09.002,journal article,zh,SOC_POLICY,T2
CITING-WORK-DDC5854AF0F7,智能感知电子节拍器的多模态交互系统构建,程洁,2025,自动化与仪器仪表,10.14016/j.cnki.1001-9227.2025.11.216,journal article,zh,INFO_TECH,T2
CITING-WORK-60CBC49B2D19,具身智能赋能车载网络音视频的核心特质与范式新变,郭子淳;孟宪宁,2026,中国电视,10.3969/j.issn.1002-4751.2026.03.006,journal article,zh,CULT_MEDIA,T3
CITING-WORK-6C1CDC44DC9A,基于场景理论的杨柳青木版年画衍生品设计研究,郑植,2024,,,thesis,zh,INTERDISC_OTHER,T3
CITING-WORK-0BAAD9F7611E,空间叙事理论视角下非遗博物馆的展示设计策略研究,周荣,2025,,,thesis,zh,CULT_MEDIA,T3
CITING-WORK-ED90C6CE90DF,南昌汉代考古遗址公园展示项目文化认同提升成效研究,张德武,2025,,,thesis,zh,CULT_MEDIA,T3
CITING-WORK-5FB2F9C6EB30,"遇见""蓝大将军"":场景理论视野下的漳溪畲族非遗活化",周建新,2025,地方文化研究,10.3969/j.issn.1008-7354.2025.02.008,journal article,zh,CULT_MEDIA,T3
CITING-WORK-D2B330E863F7,"""红非融合"":红色旅游非遗化的价值转化路径探究",龚晶晶,2025,旅游纵览,10.3969/j.issn.1004-3292.2025.09.001,journal article,zh,TOUR_HOSP,T2
CITING-WORK-6921B5C6FDC9,公园城市理念下的丰城杨柳湖社区公园规划设计,余思凡,2023,,,thesis,zh,ARCH_DES_HER,T3
CITING-WORK-F5009245186D,新媒体视角下西蜀园林中盆景场景营造研究,孙颖姝,2023,,,thesis,zh,CULT_MEDIA,T3
CITING-WORK-534BBFA284F4,突发公共卫生事件影响下的西安社区公园恢复性景观设计研究,苗佳伟,2024,,,thesis,zh,ARCH_DES_HER,T3
CITING-WORK-C4E9E5781EBB,基于社区归属感的社区公园景观更新设计研究--以苏州市白洋湾街道富强社区为例,宋欣怡,2025,,,thesis,zh,ARCH_DES_HER,T3
CITING-WORK-6C02B02128FB,城市公园附近社区户外活动空间的适老化研究,李恩广;王哲;李国祥,2023,城市建筑,10.19892/j.cnki.csjz.2023.18.11,journal article,zh,ARCH_DES_HER,T2
CITING-WORK-2DAE8EDF7A61,儿童友好型公园城市亲子游憩空间设计探索 ——基于游艺学的视角,王玮;冯紫涵;王喆,2022,设计艺术研究,10.3963/j.issn.2095-0705.2022.06.016,journal article,zh,ARCH_DES_HER,T2
CITING-WORK-836ED1425503,"基于""场景营城""理念的城市公园场景营造研究——以泸州市为例",吴澄琦;戴浩;余进,2025,砖瓦世界,10.3969/j.issn.1002-9885.2025.01.075,journal article,zh,URBAN_PLAN_GEO,T3
CITING-WORK-61ADAFDA4CA3,都市农业视角下城市老旧社区更新探究,陈国锋;曹武;罗仲程,2024,现代园艺,10.3969/j.issn.1006-4958.2024.13.046,journal article,zh,ARCH_DES_HER,T2
CITING-WORK-CCBDC6F121DC,传统村落旅游活化与民生福祉提升协同融通路径及机制,麻学锋;廖月映,2026,地理学报,10.11821/dlxb202602016,journal article,zh,TOUR_HOSP,T3
CITING-WORK-96256F44C192,基于场景理论的乡村聚落景观感知评价研究——以嵩口镇为例,林志森;王莘捷;洪婷婷,2025,建筑与文化,10.19875/j.cnki.jzywh.2025.07.038,journal article,zh,ARCH_DES_HER,T2
CITING-WORK-ECC184B997D0,参与式集体经济:迈向共同富裕的新内源性路径研究——基于浙江B村个案分析,张庆贺,2025,农业经济问题,,journal article,zh,RURAL_AGRI,T3
CITING-WORK-04CB0A4C7A6A,场景理论下传统村落公共空间评价与更新策略研究,李清;方遥;孙冉,2026,小城镇建设,10.3969/j.issn.1009-1483.2026.01.016,journal article,zh,URBAN_PLAN_GEO,T2
CITING-WORK-4822FF3D239E,基于活态性评价的传统村落分异特征与保护利用机制——以北京市26个中国传统村落为例,韩刘伟;李健;赵之枫,2026,自然资源学报,10.31497/zrzyxb.20260403,journal article,zh,URBAN_PLAN_GEO,T2
CITING-WORK-DB51B6C3CEE1,拼装视角下乡村旅游消费空间的生成及机制——以北京市传统村落柳沟村为例,刘梦瑶;王鹏飞;樊立惠,2026,自然资源学报,10.31497/zrzyxb.20260411,journal article,zh,URBAN_PLAN_GEO,T2
CITING-WORK-00D798315D83,跨代设计视阈下公共交流产品设计研究与实践,解惠媛,2025,,,thesis,zh,INTERDISC_OTHER,T3
CITING-WORK-E5F6148F2C92,文旅新质生产力的时代价值与推进路径,李泽华,2024,山东社会科学,,journal article,zh,TOUR_HOSP,T3
CITING-WORK-30C6CBF2B082,人本人工智能视域下智慧图书馆构建路径与服务模式,杨金庆;李嘉琦;程秀峰,2025,图书馆工作与研究,10.3969/j.issn.1005-6610.2025.2.tsggzyyj202502009,journal article,zh,INFO_TECH,T2
CITING-WORK-BF99C667C0E2,基于价值共创的公共图书馆文旅融合：机理、形态与路径,李泽华,2024,图书馆学研究,,journal article,zh,INFO_TECH,T2
CITING-WORK-43C761970569,公共图书馆文旅营销的价值共创机理与路径探索,李泽华;李雨昊,2025,图书馆学研究,,journal article,zh,INFO_TECH,T2
CITING-WORK-116606C27BE8,新场景驱动下智慧阅读服务的模式、框架和实施路径,蔡畯;陈艳;黄佩芳,2025,图书情报工作,10.13266/j.issn.0252-3116.2025.11.002,journal article,zh,INFO_TECH,T2
CITING-WORK-A81AE8E60A06,公共图书馆空间重构与业态重塑——以山西省图书馆长风馆和上海图书馆淮海路馆为例,闵克香,2024,图书馆,10.3969/j.issn.1002-1558.2024.11.003,journal article,zh,INFO_TECH,T2
CITING-WORK-F41ADFC9A040,沈阳七二四地区东基文化宫历史风貌区社区化更新设计研究,王欢,2024,,,thesis,zh,CULT_MEDIA,T3
CITING-WORK-ABE2464CD94E,多元协同视角下工业遗存社区化功能配置研究,王婵玉,2024,,,thesis,zh,URBAN_PLAN_GEO,T3
CITING-WORK-66685DD50455,鞍山红楼街区改建社区化中小企业产业园设计研究,董立峰,2024,,,thesis,zh,ARCH_DES_HER,T3
CITING-WORK-90022FBB14E2,可供性理论视角下的工业遗存社区化更新研究--以安徽造纸厂为例,霍雨璐,2025,,,thesis,zh,URBAN_PLAN_GEO,T3
CITING-WORK-67E1FB8884B8,基于场所记忆的四川齿轮厂景观更新设计研究,余耀,2023,,,thesis,zh,ARCH_DES_HER,T3
CITING-WORK-2F28AD2AD16A,乡村旅游发展中的政府行为优化研究——以呼和浩特市恼包村为例,郝杰,2024,,,thesis,zh,TOUR_HOSP,T3
CITING-WORK-55623C373A01,公共服务感知绩效对居民获得感的影响研究,董梦迪,2025,,,thesis,zh,SOC_POLICY,T3
CITING-WORK-198DA5ED65D5,国家与社会关系视角下城市社区治理共同体建构研究,申树欣,2024,,,thesis,zh,URBAN_PLAN_GEO,T3
CITING-WORK-54E72B40C36A,多跨场景设计生成的实践路径研究,刘涛;崔颖;刘小林,2025,信息通信技术与政策,10.12267/j.issn.2096-5931.2025.09.005,journal article,zh,INFO_TECH,T3
CITING-WORK-6E65923471B4,新质生产力助力全民健身服务场景质量升级的内在机理与实现通路,汤舒涵;李荣日,2026,体育学刊,10.3969/j.issn.1006-7116.2026.01.015,journal article,zh,SPORT_LEISURE,T3
CITING-WORK-51F5FD431650,数智技术赋能城市社区公共体育服务共同生产研究,胡若晨;朱菊芳,2024,体育与科学,,journal article,zh,SPORT_LEISURE,T2
CITING-WORK-4B82BB2CCE52,网络短视频平台中小镇青年的身份认同异化研究——基于快手APP的考察,曹天露,2021,,,thesis,zh,CULT_MEDIA,T3
CITING-WORK-9311F7A7B033,兰州市流动儿童社交媒体中的自我呈现研究——以兰州市S小学为例,孙永超,2022,,,thesis,zh,CULT_MEDIA,T3
CITING-WORK-44560A967FD3,哔哩哔哩Vlog对用户社会角色影响机制分析--基于媒介情境理论视角,张璐,2022,,,thesis,zh,CULT_MEDIA,T3
CITING-WORK-F9A9B025B869,媒介情境论视角下三农带货短视频场景建构研究——以“乡愁”抖音账号为例,刘阳,2024,,,thesis,zh,CULT_MEDIA,T3
CITING-WORK-5763B214EA66,尼日利亚和中国社交媒体在公众科学参与中的应用的比较研究,BOLATITO SODIQ KOREDE,2025,,,thesis,zh,CULT_MEDIA,T3
CITING-WORK-998100AB9DC7,媒介情境论视域下主流舆论阵地建设研究,陈文耀,2022,新媒体研究,10.3969/j.issn.2096-0360.2022.17.016,journal article,zh,CULT_MEDIA,T2
CITING-WORK-BC5E90CF0EE5,用户主动规避社交媒体痕迹行为的影响因素探析,唐静雯,2023,科技传播,10.3969/j.issn.1674-6708.2023.06.020,journal article,zh,CULT_MEDIA,T3
CITING-WORK-D40F93DCD707,基于扎根理论的乡村新型公共文化空间建设研究,刘泉瑜,2024,,,thesis,zh,RURAL_AGRI,T3
CITING-WORK-EFAFFD1047AD,“第三空间”理论视域下“村改居”社区文化空间重塑研究,游鑫,2025,,,thesis,zh,CULT_MEDIA,T3
CITING-WORK-1A20054BB000,济南华不注山节庆文化空间景观设计研究,孔江焕,2025,,,thesis,zh,ARCH_DES_HER,T3
CITING-WORK-7D3FA157AB4A,沉浸式文化旅游空间形成要素及路径研究——基于价值共创理论与扎根理论分析,马聪玲;滕菲菲;李翎维,2025,重庆社会科学,10.19631/j.cnki.css.2025.006.006,journal article,zh,TOUR_HOSP,T3
CITING-WORK-F544CFC00F03,"""氛围""视域下城市文旅空间的叙事研究——以济南为例",孙杨;李鹏,2024,黑龙江生态工程职业学院学报,10.3969/j.issn.1674-6341.2024.04.03,journal article,zh,TOUR_HOSP,T3
CITING-WORK-EBC7213A0F32,中国日常生活研究范式、实践与路径探究,佚名,,,,thesis,zh,INTERDISC_OTHER,T3
CITING-WORK-E19C15EC71E5,场景理论下历史城区城市漫步空间评价与优化策略研究--以济南“一园十二坊”为例,马晓莉,2025,,,thesis,zh,URBAN_PLAN_GEO,T3
CITING-WORK-C78DB9AF6983,主客观交互视角下的十堰市三线工业遗产景观价值评价研究,李欣钰,2025,,,thesis,zh,ARCH_DES_HER,T3
CITING-WORK-A021DC67C4F6,"基于网络数据的工业遗产空间感知研究——以成都""东郊记忆""为例",唐利蓉;刘弘涛,2025,华中建筑,10.3969/j.issn.1003-739x.2025.12.030,journal article,zh,ARCH_DES_HER,T2
CITING-WORK-39C5B6C6AD9E,工业遗产重构中的空间适应与性能提升路径研究,脱颖;许欢,2025,自动化与仪器仪表,10.14016/j.cnki.1001-9227.2025.10.232,journal article,zh,INFO_TECH,T2
CITING-WORK-42A909AB5B5C,公共文化新空间视域下工业遗存型创意园区优化路径研究,彭芳;陈匀杉,2025,中华手工,10.3969/j.issn.1672-6766.2025.16.022,journal article,zh,CULT_MEDIA,T3
CITING-WORK-5F04D97997B1,深圳都市圈的城镇借用规模效应及机制研究,赖彦君,2023,,,thesis,zh,INTERDISC_OTHER,T3
CITING-WORK-43EDB31794E4,区内通勤成本、区际运输成本与产业集聚效应:理论分析与经验证据,何雄浪;王诗语,2026,重庆大学学报（社会科学版）,10.11835/j.issn.1008-5831.jg.2025.09.005,journal article,zh,ECON_BUS_CONS,T3
CITING-WORK-C61568664096,基于CiteSpace和SATI可视化分析的中国都市圈建设研究现状、热点与趋势,刘晓东;李俊杰;王永刚,2024,东华大学学报（社会科学版）,10.19883/j.1009-9034.2024.0347,journal article,zh,SOC_POLICY,T3
CITING-WORK-267736142B4E,"""双碳""目标下郑州推进全面绿色转型研究",郝斌丽,2023,海峡科技与产业,10.3969/j.issn.1006-3013.2023.05.005,journal article,zh,ECON_BUS_CONS,T3
CITING-WORK-204BACBFACF9,长株潭都市圈商贸流通业时空特征及其驱动因素,尹元元;刘张,2026,经济地理,10.15957/j.cnki.jjdl.2026.02.015,journal article,zh,ECON_BUS_CONS,T3
CITING-WORK-E049F7FA98A0,地方品质与城市创业活跃度:影响机制与空间差异,张超;李倩;何红丽,2025,经济与管理研究,10.13502/j.cnki.issn1000-7636.2025.12.006,journal article,zh,ECON_BUS_CONS,T3
CITING-WORK-101EED743E35,都市圈促进区域共同富裕研究——以成渝地区双城经济圈为例,唐玉峨;倪鹏飞;贾佳,2023,山西师大学报（社会科学版）,,journal article,zh,ECON_BUS_CONS,T3
CITING-WORK-133B7AA470D8,轨道交通与北京社区空间品质分异研究,肖怡然;吕国玮;蔡玉梅,2025,铁道运输与经济,10.16668/j.cnki.issn.1003-1421.2025.05.06,journal article,zh,ECON_BUS_CONS,T3
CITING-WORK-1D4FF22E98E7,媒介情境论视角下“云同看”的观看实践研究,张郁涵,2024,,,thesis,zh,CULT_MEDIA,T3
CITING-WORK-459655144121,亲而不密，孝而不顺：媒介化时代青年农民工的代际关系实践,程露露,2024,,,thesis,zh,CULT_MEDIA,T3
CITING-WORK-31AA701B0CB9,家庭沟通媒介化与媒介驯化：社交媒介和异地家庭的互动与实践逻辑,陈露方,2025,,,thesis,zh,CULT_MEDIA,T3
CITING-WORK-F1ED896CBD4B,基于扎根理论的游戏中亲密关系媒介化的用户研究,李思琪,2025,,,thesis,zh,CULT_MEDIA,T3
CITING-WORK-E34AA30A5D8C,媒介化视域下异地家庭的数字化亲密关系建构研究,张威,2025,,,thesis,zh,CULT_MEDIA,T3
CITING-WORK-6E4934C5BEAA,媒介情境视角下成人初显期家庭社交媒体使用与代际互动研究,李琳琳,2025,,,thesis,zh,CULT_MEDIA,T3
CITING-WORK-3ACB7647A72E,基于场景理论的艺术博物馆沉浸式体验设计研究,杨帆,2023,,,thesis,zh,CULT_MEDIA,T3
CITING-WORK-2491F46E070E,"文旅融合背景下""非遗+旅游""实践模式及发展路径探析——以天津市非遗文旅为例",佚名,,,,thesis,zh,TOUR_HOSP,T3
CITING-WORK-0685704FD777,"""新文科""背景下科技艺术学演进路径探究",佚名,,,,thesis,zh,CULT_MEDIA,T3
CITING-WORK-A70DFB89A861,基于艺术与科技耦合机制的高校艺术设计实验室建设路径,林盟初;王华琳,2023,实验室研究与探索,10.19927/j.cnki.syyt.2023.05.058,journal article,zh,EDUCATION,T3
CITING-WORK-E2FE3326186F,融媒体背景下普通高校艺术设计教育的反思与重构,刘洪帅,2020,文教资料,,journal article,zh,EDUCATION,T2
CITING-WORK-C619850CBBE1,2019年艺术学理论学科发展报告,李心峰;秦佩;张新科,2020,艺术百家,,journal article,zh,CULT_MEDIA,T2
CITING-WORK-0C05C61A69C4,艺术与科技融合对人类生活的改变分析,刘琳,2023,艺术科技,10.3969/j.issn.1004-9436.2023.06.079,journal article,zh,CULT_MEDIA,T3
CITING-WORK-3A52617E6797,新媒体视域下搭子社交对青年群体主观幸福感的影响研究,钟瑞浩馨,2024,,,thesis,zh,CULT_MEDIA,T3
CITING-WORK-A878C0B61EA6,银发网红的内容生产与受众认知研究,张盛颖,2024,,,thesis,zh,INTERDISC_OTHER,T3
CITING-WORK-FAF8CF5A1A48,基于火塘文化下的“围炉煮茶”茶食店设计研究,易金伟,2024,,,thesis,zh,CULT_MEDIA,T3
CITING-WORK-6502B64F46D7,南丝路（西南段）传统炉具设计承续研究,刘宇欣,2024,,,thesis,zh,INTERDISC_OTHER,T3
CITING-WORK-548F65140DC6,青年友好视角下成都城市公园亲自然游憩体验质量研究,陈俊,2024,,,thesis,zh,URBAN_PLAN_GEO,T3
CITING-WORK-AA29160CDE00,青年群体社会交往中的身份认同研究--以MBTI人格测试流行现象为例,陈守双,2025,,,thesis,zh,SOC_POLICY,T3
CITING-WORK-5ABA8DBB59E6,数字社群在线下交往中的边界调适--基于青年社群“Y社群”的田野调查,边存,2025,,,thesis,zh,INFO_TECH,T3
CITING-WORK-82C70D440D6E,Z世代青年搭子型社交关系建立及发展研究,邬昕悦,2025,,,thesis,zh,INTERDISC_OTHER,T3
CITING-WORK-8074287EABEE,城市漫游:青年群体的新型文旅样态与媒介社交场景建构,战令琦;牛蕊蕊,2024,传媒论坛,10.3969/j.issn.2096-5079.2024.23.006,journal article,zh,CULT_MEDIA,T2
CITING-WORK-4F0C8AD580BB,乡村新型公共阅读空间建构的关键要素识别研究,朱美霖,2022,,,thesis,zh,RURAL_AGRI,T3
CITING-WORK-2505B7EBE972,乡村振兴背景下乡村公共文化空间重构研究--以贵州省M县若干村为例,王丽敏,2021,,,thesis,zh,RURAL_AGRI,T3
CITING-WORK-015083FABD1D,文化治理理论下X镇新乡贤参与乡村文化空间治理研究,王兴尧,2023,,,thesis,zh,RURAL_AGRI,T3
CITING-WORK-8EC0DFB12E21,村落共同体理论下乡村公共空间设计策略研究——以苏州市吴江区开弦弓村为例,付佳旭,2022,,,thesis,zh,ARCH_DES_HER,T3
CITING-WORK-DECE6F636CD3,基于共享理念的旅游型乡村会客厅设计——以原平上社村为例,刘曦璟,2024,,,thesis,zh,TOUR_HOSP,T3
CITING-WORK-DB68AC162AA5,“三圈理论”视域下乡村公共文化空间式微的成因及对策研究--以C市S区X村为例,冯泽昂,2025,,,thesis,zh,RURAL_AGRI,T3
CITING-WORK-E52790C86B59,遮蔽与再现：乡村振兴视域下村落文化空间再生产研究,张画画,2024,,,thesis,zh,RURAL_AGRI,T3
CITING-WORK-D98E1ED7B57D,乡村振兴战略下湖南浏阳公共文化空间构建研究,胥丛笑,2022,,,thesis,zh,RURAL_AGRI,T3
CITING-WORK-4F6F5EF792AB,新型公共文化空间赋能乡村振兴:理论机制、制约条件与实施策略,何义珠,2024,图书馆,10.3969/j.issn.1002-1558.2024.05.002,journal article,zh,INFO_TECH,T2
CITING-WORK-5E9A6C46DA6F,基于知识图谱和Kano模型的妈祖文化创意产品设计,王哲苇,2025,,,thesis,zh,CULT_MEDIA,T3
CITING-WORK-E1FDED0FA9D7,胶东辞灶节视觉元素提取与文创设计研究,徐嘉荣,2025,,,thesis,zh,INTERDISC_OTHER,T3
CITING-WORK-68AB8D9FBB4D,基于文化再生产的品牌形象升级设计实践与研究,王蕾,2025,设计,10.3969/j.issn.1003-0069.2025.01.023,journal article,zh,INTERDISC_OTHER,T2
CITING-WORK-0D75C83C592D,基于春秋青铜纹饰的博物馆文创设计转译探究——以莲鹤方壶为例,黄照生;章海虹,2025,设计,10.3969/j.issn.1003-0069.2025.15.020,journal article,zh,INTERDISC_OTHER,T2
CITING-WORK-6D4A8F119B08,童话云和文化场域视角下的文创产品参数化设计研究,廖灵菲;肖金花,2025,设计,10.3969/j.issn.1003-0069.2025.20.018,journal article,zh,INTERDISC_OTHER,T2
CITING-WORK-ED351C1CF1FD,基于场景理论的AR剧本游文旅体验设计研究——以台州十里长街为例,车栩青;包德福;罗琳淇,2026,设计,10.3969/j.issn.1003-0069.2026.03.008,journal article,zh,INTERDISC_OTHER,T2
CITING-WORK-369CD09832CC,从丝路沿线城市管窥设计如何为文旅产业赋能,黄宇萱;李文杰,2025,艺术教育,,journal article,zh,TOUR_HOSP,T3
CITING-WORK-EF976B105DF1,新零售下智能推荐对消费者购买意愿的影响研究,王晔,2021,,,thesis,zh,ECON_BUS_CONS,T3
CITING-WORK-3446C6FAAF66,新零售背景下M连锁超市营销策略研究,李斓,2021,,,thesis,zh,INTERDISC_OTHER,T3
CITING-WORK-13E1EE196741,基于顾客旅程分析的美妆零售商业模式创新研究--以G集团为例,陈舒辰,2022,,,thesis,zh,ECON_BUS_CONS,T3
CITING-WORK-33E06D1545A5,重庆YH超市线上到家业务营销策略研究,杜莉岩,2023,,,thesis,zh,INTERDISC_OTHER,T3
CITING-WORK-6FFF45F08407,新零售背景下S市B超市营销策略研究,解硕,2023,,,thesis,zh,INTERDISC_OTHER,T3
CITING-WORK-F64727565F30,网络营销趋势下家居零售企业营销策略优化研究--以EH公司为例,云蕾,2024,,,thesis,zh,ECON_BUS_CONS,T3
CITING-WORK-0BBDE397219F,网络环境下智能广告特性对消费者购买意愿影响的研究,李亦欣,2024,,,thesis,zh,ECON_BUS_CONS,T3
CITING-WORK-BF6D831B072A,基于大数据与GIS地图的外来务工人员聚集区域场景识别与探究,计潇怡;魏国华;张玉红,2023,长江信息通信,10.3969/j.issn.1673-1131.2023.05.009,journal article,zh,INFO_TECH,T3
CITING-WORK-39E734E1815D,云实训室信息化数据智能推荐技术,梁伟鹏;邱小琼,2023,信息技术,10.13274/j.cnki.hdzj.2023.02.023,journal article,zh,INFO_TECH,T3
CITING-WORK-334C09B8F648,城市建筑展览作为城市更新的催化剂——以深圳·香港城市\建筑双城双年展为例,于烔,2018,,,thesis,zh,ARCH_DES_HER,T3
CITING-WORK-FAC2DE60023F,基于场景理论的设计类品牌会展空间评价与设计策略研究--以ADM亚洲生活创新展为例,方明媚,2023,,,thesis,zh,ECON_BUS_CONS,T3
CITING-WORK-1A559B419C92,文化创意产业在城市文化品牌建设中的作用机制研究--以南宁市为例,何玉珍,2016,,,thesis,zh,ECON_BUS_CONS,T3
CITING-WORK-4D3E930DAEE5,城市空间的三重属性与中国城市现代化的内在逻辑,胡晓鹏,2024,经济纵横,10.16528/j.cnki.22-1054/f.202412042,journal article,zh,ECON_BUS_CONS,T3
CITING-WORK-FC925DC8B3CA,芝加哥多中心模式对中国城市转型的启示,陆小成;冯刚;侯祥,2015,平顶山学院学报,10.3969/j.issn.1673-1670.2015.05.023,journal article,zh,URBAN_PLAN_GEO,T3
CITING-WORK-793149BE26A0,构建以国际先进城市为基准的深圳文化品牌体系,刘金祥;刘行健,2016,特区实践与理论,10.3969/j.issn.1673-5706.2016.02.016,journal article,zh,SOC_POLICY,T2
CITING-WORK-270D661A7037,美国芝加哥文化规划及对上海的启示,缪艳萍,2016,中外建筑,,journal article,zh,ARCH_DES_HER,T2
CITING-WORK-CE09E344476B,基于地域文化视角下历史街区微更新研究--以合肥淮河路撮造山北油坊巷为例,钱子瑶,2023,,,thesis,zh,ARCH_DES_HER,T3
CITING-WORK-92F87186A2BF,场景理论视域下乡村公共文化空间建构的设计介入策略研究,李宇,2023,,,thesis,zh,RURAL_AGRI,T3
CITING-WORK-634187E37B49,城市公共文化空间的营造实践与优化路径——以安徽合肥市为例,李若婧,2025,安徽开放大学学报,10.3969/j.issn.2097-0625.2025.03.015,journal article,zh,CULT_MEDIA,T3
CITING-WORK-5707CA76AB30,河北省地域特色文旅街区传播力提升策略研究——以唐山市河头老街为例,于博艺;巩建宇,2026,唐山学院学报,10.16160/j.cnki.tsxyxb.2026.02.011,journal article,zh,ARCH_DES_HER,T3
CITING-WORK-D8A546FDDCB2,交往行为理论下的公共空间设计策略研究——以创意产业园重庆金山意库为例,李蕾,2023,,,thesis,zh,ARCH_DES_HER,T3
CITING-WORK-7D52DB2104BB,基于AVC理论对创意产业园外部景观特征的评价——以成都市东郊记忆创意产业园为例,胡韵琳;施卫省,2023,住区,10.3969/j.issn.1674-9073.2023.02.015,journal article,zh,ARCH_DES_HER,T2
CITING-WORK-7B4C820618E0,艺术产业赋能下的乡村公共空间更新策略研究,徐瑾,2024,建筑与文化,10.19875/j.cnki.jzywh.2024.09.085,thesis,zh,RURAL_AGRI,T3
CITING-WORK-A19A53B557A0,基于游客感知的甘肃省博物馆旅游吸引力提升策略研究,张馨予,2024,,,thesis,zh,TOUR_HOSP,T3
CITING-WORK-CA775D86E230,媒介情境论视角下的组织化媒介——《中国青年报》与“共青团中央”新媒体矩阵的比较研究,黄炳蔚,2020,,,thesis,zh,CULT_MEDIA,T3
CITING-WORK-3D754522E954,基于微信朋友圈分组设置的多重自我社交研究,陈宛琳,2019,,,thesis,zh,INTERDISC_OTHER,T3
CITING-WORK-F368C302CAA8,真人秀的建构、控制与交互——基于《小巨人运动会》参与式观察,范誉丹,2021,,,thesis,zh,SPORT_LEISURE,T3
CITING-WORK-B771E6568C23,网络情境下情绪对时间知觉的影响,蔡雨萌,2023,,,thesis,zh,INFO_TECH,T3
CITING-WORK-39D9C6C533B1,特质移情和大学生网络利他行为的关系：道德判断的中介作用与情境风险的调节作用,黄雅芬,2024,,,thesis,zh,INFO_TECH,T3
CITING-WORK-DB9742E5ADFD,考虑季节情境因素的旅游景点主题模型及应用研究,王青,2017,,,thesis,zh,TOUR_HOSP,T3
CITING-WORK-A1CBA36C7838,"媒介情境论视角下的""昆山龙哥事件""探析",马小雲,2019,视听,10.3969/j.issn.1674-246x.2019.11.110,journal article,zh,CULT_MEDIA,T3
CITING-WORK-3AA1D1EEAD9F,移动直播中传受双方的行为分析,郗颖,2017,新闻研究导刊,,journal article,zh,INTERDISC_OTHER,T3
CITING-WORK-142A0B38AC58,新媒体语境下人们的线上印象管理,许佳欣,2018,新闻研究导刊,,journal article,zh,CULT_MEDIA,T3
CITING-WORK-4DBE8AAF9D55,基于外卖骑手行为分析的智能头盔设计,王晓亚,2018,,,thesis,zh,INFO_TECH,T3
CITING-WORK-7A8FE66B094E,面向工业设计的机械机构辅助设计技术研究,王旭东,2019,,,thesis,zh,INTERDISC_OTHER,T3
CITING-WORK-7D713B8F7B4A,针对盲童社会适应能力的桌面游戏设计研究,王泓娇,2021,,,thesis,zh,SOC_POLICY,T3
CITING-WORK-8E99D0767DD5,基于用户心智模型的智慧校园服务类产品交互设计研究,刘莲,2022,,,thesis,zh,INTERDISC_OTHER,T3
CITING-WORK-718D2AA83BE9,基于族群生活形态的文教产品适老化设计研究,彭琪,2023,,,thesis,zh,INTERDISC_OTHER,T3
CITING-WORK-E655E77DCE48,基于服务设计的屈光手术科空间设计研究--以武汉艾格眼科医院为例,刘文君,2023,,,thesis,zh,ARCH_DES_HER,T3
CITING-WORK-4C5A5C80D78B,基于SAPAD的智慧物流冷链运输服务设计研究,胡世海,2024,,,thesis,zh,INTERDISC_OTHER,T3
CITING-WORK-23738B7CDF90,基于AHP的机构型适老家具设计评价研究,陈一涟,2022,,,thesis,zh,INTERDISC_OTHER,T3
CITING-WORK-93BBEA6D8BB9,车载三角警示器功能优化设计,寇成龙;姚君,2024,机电产品开发与创新,10.3969/j.issn.1002-6673.2024.04.017,journal article,zh,INTERDISC_OTHER,T3
CITING-WORK-48D90B7A71FC,基于乡村振兴的漳河镇柑橘文创IP设计与应用,吴文轩,2024,,,thesis,zh,RURAL_AGRI,T3
CITING-WORK-A734B12069DB,VR沉浸式文旅体验的数字空间设计,涂文,2024,,,thesis,zh,ARCH_DES_HER,T3
CITING-WORK-101539260855,乡村振兴背景下“农文旅”融合服务设计研究,张淑敏,2025,,,thesis,zh,TOUR_HOSP,T3
CITING-WORK-AA13844C39E7,场景理论下广州市文旅元宇宙的文化传播,蒋妍嘉;詹炀冰;申诺冰,2024,西部广播电视,10.3969/j.issn.1006-5628.2024.11.003,journal article,zh,CULT_MEDIA,T2
CITING-WORK-E31F75995692,服务设计理念下文旅数字化情境体验研究,姚景远,2025,西部旅游,10.3969/j.issn.1006-2629.2025.21.035,journal article,zh,TOUR_HOSP,T2
CITING-WORK-AA270EAAB2FC,基于双定制模式与NeRF技术的乡村文旅数字化平台设计研究,陈冠霖;杨弃,2025,艺术研究,10.3969/j.issn.1673-0321.2025.04.045,journal article,zh,TOUR_HOSP,T3
CITING-WORK-49611DE768AB,公园式情境体验在工业空间再生中的应用--以长春水园15栋设计实践为例,杜佳徽,2024,,,thesis,zh,INTERDISC_OTHER,T3
CITING-WORK-1A972EECA714,场所精神视角下的黄石东钢工业遗址景观更新设计研究,熊超文,2025,,,thesis,zh,ARCH_DES_HER,T3
CITING-WORK-3BC67F7BF00E,基于增强现实技术的矿业遗产展示空间设计研究--以马来西亚霹雳锡矿工业遗产为例,余信润,2024,,,thesis,zh,ARCH_DES_HER,T3
CITING-WORK-4E6FBC97C296,多层级建筑遗产保护认定中的空间分布驱动机制研究——以福建为例,顾琰;张若曦;王浩任,2025,新建筑,10.12069/j.na.20240332,journal article,zh,ARCH_DES_HER,T2
CITING-WORK-1440291210E2,场景视域下的游戏内嵌广告构成要素关系研究,郑昌茂,2020,,,thesis,zh,INTERDISC_OTHER,T3
CITING-WORK-B60F82BF9169,传播学视角下短视频音乐场景的构建研究——以抖音为例,周航宇,2023,,,thesis,zh,CULT_MEDIA,T3
CITING-WORK-456B95B13FD9,“海南警方”普法短视频叙事策略研究,王萌萌,2024,,,thesis,zh,CULT_MEDIA,T3
CITING-WORK-8E724B26F822,自媒体时代街访类短视频的传播策略研究,贾佳,2021,,,thesis,zh,CULT_MEDIA,T3
CITING-WORK-91C7CB64D120,场景理论视域下高速服务区广告媒介资源开发研究--以河南高速服务区为例,董明明,2022,,,thesis,zh,CULT_MEDIA,T3
CITING-WORK-7F531CECC515,短视频的美学表达与场景创意探析,陈小琼,2021,新闻研究导刊,10.3969/j.issn.1674-8883.2021.19.014,journal article,zh,CULT_MEDIA,T3
CITING-WORK-E1A5FDBADF76,杭州文广信息精准扶贫的创新融媒探索与实践,陆怡然,2020,,,thesis,zh,INFO_TECH,T3
CITING-WORK-053F9103AF7E,主流媒体对外传播的新媒体路径创新研究——以中央广播电视总台为例,迟超,2020,,,thesis,zh,CULT_MEDIA,T3
CITING-WORK-7F9251AAB26E,抖音短视频信息流广告的服务场景搭建服务,李聪慧,2023,,,thesis,zh,CULT_MEDIA,T3
CITING-WORK-145474805122,基于SIVA理论的博物馆IP传播策略研究--以三星堆博物馆为例,刘人宁,2023,,,thesis,zh,CULT_MEDIA,T3
CITING-WORK-A654C64CC46D,"融媒成果何以""加持""特别两会 ——以人民日报社新媒体中心两会报道为例",王英男;夏从亚,2021,传媒,10.3969/j.issn.1009-9263.2021.09.023,journal article,zh,CULT_MEDIA,T3
CITING-WORK-822DCC859C26,场景传播与渠道变革:广州电商直播业态发展分析,周懿瑾;张志安;冯嘉欣,2020,城市观察,10.3969/j.issn.1674-7178.2020.05.005,journal article,zh,ECON_BUS_CONS,T2
CITING-WORK-2BC412212163,网络购物情境中品牌体验对购买意愿的影响研究,张颖,2020,,,thesis,zh,ECON_BUS_CONS,T3
CITING-WORK-1AF4A62EC8D6,新媒体背景下大学生思想政治教育传播意愿的影响因素研究,王亭亭,2022,,,thesis,zh,EDUCATION,T3
CITING-WORK-252733D90433,汉彻公司在线理财培训课程网络营销策略研究,赵东旭,2022,,,thesis,zh,INFO_TECH,T3
CITING-WORK-B54B78A52AC8,农产品直播中匹配对消费者购买意愿的影响研究,郑茜,2024,,,thesis,zh,ECON_BUS_CONS,T3
CITING-WORK-58F177C22865,在线社交网络舆情传播研究,李友元,2024,,,thesis,zh,CULT_MEDIA,T3
CITING-WORK-188879C4F46A,服务补救策略对消费者宽恕的影响研究,马滢,2022,,,thesis,zh,ECON_BUS_CONS,T3
CITING-WORK-EC44C492D2F6,东阿阿胶品牌专卖店体验营销策略研究,迟静霖,2025,,,thesis,zh,ECON_BUS_CONS,T3
CITING-WORK-57051AB4BE25,社交媒体情境下旅游舆情传播路径研究 ——基于信息认知与情感渗透的耦合视角,王苗;张冰超,2020,财经问题研究,10.19654/j.cnki.cjwtyj.2020.07.010,journal article,zh,TOUR_HOSP,T3
CITING-WORK-77520FBAF16B,间接互动对在线知识社区知识共享意愿影响研究——基于价值共创和价值共毁的整合视角,王海花;谭钦瀛;李烨,2022,软科学,10.13956/j.ss.1001-8409.2022.10.19,journal article,zh,URBAN_PLAN_GEO,T3
CITING-WORK-7B39C2803586,基于新媒体语境的视频创作研究--以重庆非遗传统技艺系列为例,高攀,2024,,,thesis,zh,CULT_MEDIA,T3
CITING-WORK-D61A6E9BF899,短视频在高中思想政治课中的应用,林妙澜,2024,,,thesis,zh,CULT_MEDIA,T3
CITING-WORK-A0A11C35577E,媒介场景理论下贵州乡村短视频内容生产研究,田程,2024,,,thesis,zh,RURAL_AGRI,T3
CITING-WORK-81246AB0853E,场景理论视域下纺织非遗数字化展示的形态嬗变研究,王子璇,2025,,,thesis,zh,INFO_TECH,T3
CITING-WORK-F07282070E37,大学生“云健身”使用动机及场景建构的优化研究--基于媒介场景理论,曲云鹏,2025,,,thesis,zh,CULT_MEDIA,T3
CITING-WORK-4E8B404DCA7E,徽州汪满田鱼灯民俗体育文化的保护传承与发展研究,奚娅,2024,,,thesis,zh,CULT_MEDIA,T3
CITING-WORK-4C01B7DA1F19,短视频在电视新闻报道中的创新应用,魏鲁南,2024,电视技术,10.16280/j.videoe.2024.02.027,journal article,zh,CULT_MEDIA,T3
CITING-WORK-E4EB14276043,邻里场景下的青年社区公共空间设计研究,胡贝娜,2025,,,thesis,zh,ARCH_DES_HER,T3
CITING-WORK-D0A047E2777E,青年环保组织的新媒体共意动员研究--以“科莱美特气候青年”为例,赵丽娜,2025,,,thesis,zh,CULT_MEDIA,T3
CITING-WORK-6C4E5598A84C,青年发展型城市的空间响应与规划策略——以东莞为例,霍子文;李亚洲;贺辉文,2024,规划师,10.3969/j.issn.1006-0022.2024.01.003,journal article,zh,URBAN_PLAN_GEO,T2
CITING-WORK-7AD4C896FB35,欧美都市地区青年友好城区的演化类型与建设路径,王昆;孟惟,2025,国际城市规划,10.19830/j.upi.2023.192,journal article,zh,URBAN_PLAN_GEO,T2
CITING-WORK-1D82C78F5602,作为生活策略的青年共居,庄皓琰,2026,青年研究,10.3969/j.issn.1008-1437.2026.01.004,journal article,zh,SOC_POLICY,T2
CITING-WORK-F368D2FCC23A,未竟的身份：中国式数字游民身份的媒介化制造与协商,张文娟;张菱珂,2024,新闻与写作,10.3969/j.issn.1002-2295.2024.07.010,journal article,zh,CULT_MEDIA,T3
CITING-WORK-BC584F00C940,共创视角下青年社会组织的运作逻辑研究——基于粤港澳大湾区的多案例分析,缪小清;唐佳正;何蕊希,2024,青少年研究与实践,10.3969/j.issn.2095-9303.2024.03.012,journal article,zh,SOC_POLICY,T3
CITING-WORK-0B4DBA681A5B,拼贴城市理论下二砂历史文化街区的空间视觉再设计研究,张彤,2025,,,thesis,zh,ARCH_DES_HER,T3
CITING-WORK-1EF160251162,基于场景理论的智能化车载救护担架设计研究,梅泽雯,2025,,,thesis,zh,INFO_TECH,T3
CITING-WORK-A0CC424298AB,场景理论下乡村旅游地游客重游意愿的影响因素研究,董苗,2025,,,thesis,zh,TOUR_HOSP,T3
CITING-WORK-AD559B1B4547,面向铸牢中华民族共同体意识宣传教育的文化空间再生产研究,何银春;夏思晴,2026,长沙大学学报,10.3969/j.issn.1008-4681.2026.02.002,journal article,zh,TOUR_HOSP,T2
CITING-WORK-F168D62D4A71,文化遗产景区不同旅游场景对游客文化认同影响的实证研究,林轶;黄柳春;黄缤锐,2026,黑龙江生态工程职业学院学报,10.3969/j.issn.1674-6341.2026.02.06,journal article,zh,ARCH_DES_HER,T3
CITING-WORK-940439991293,基于场景理论的人文经济学叙事逻辑与模态分析,许琳梓,2026,江苏社会科学,10.3969/j.issn.1003-8671.2026.01.006,journal article,zh,ECON_BUS_CONS,T3
CITING-WORK-BE52D276FA04,城市街道空间景观情感化设计策略探究,李中原,2025,美与时代,,journal article,zh,ARCH_DES_HER,T2
CITING-WORK-2DAA8D13DE86,新赛道、新模式、新品牌：电商晚会《小芒种花夜》营销模式研究,张琳,2022,,,thesis,zh,ECON_BUS_CONS,T3
CITING-WORK-9F19E01995A1,场景视域下的音乐app“一起听”社交行为研究,粟秋雯,2023,,,thesis,zh,INTERDISC_OTHER,T3
CITING-WORK-A4ED411B67A9,河南卫视“中国节日”系列节目的场景传播研究,朱虹洁,2023,,,thesis,zh,CULT_MEDIA,T3
CITING-WORK-6C8B3F66E36B,场景理论视角下B站学习直播受众学习效果研究,兰嘉明,2024,,,thesis,zh,EDUCATION,T3
CITING-WORK-5E8F48A693E8,推进融合:传统电视媒体的小屏化探索,常博,2021,视听,10.3969/j.issn.1674-246x.2021.12.006,journal article,zh,CULT_MEDIA,T3
CITING-WORK-A8CD9ECE643D,媒体融合背景下广播电视工程技术的发展研究,刘岩;何健,2022,新一代信息技术,10.3969/j.issn.2096-6091.2022.05.006,journal article,zh,CULT_MEDIA,T3
CITING-WORK-F754CEA2D894,网络技术在融媒体广电工程技术中的应用分析,肖风刚,2022,新一代信息技术,10.3969/j.issn.2096-6091.2022.06.033,journal article,zh,CULT_MEDIA,T3
CITING-WORK-5FEC95F32154,三峡库区移民社区空间活力评价与提升策略研究——以涪陵为例,吴斯妤,2022,,,thesis,zh,URBAN_PLAN_GEO,T3
CITING-WORK-AB4B45B6D344,符号介入:体育文化场景构筑与空间生产研究——以花木兰体育公园为例,陈治;屈晨旭,2022,广州体育学院学报,10.13830/j.cnki.cn44-1129/g8.2022.04.010,journal article,zh,CULT_MEDIA,T3
CITING-WORK-CF579AE39460,潍坊市涉外企业商务人才助力城市文化对外传播现状研究,樊宇,2023,河北企业,,journal article,zh,ECON_BUS_CONS,T3
CITING-WORK-5575344B0DE5,Web 3.0时代古籍数字出版知识服务价值探究——以《考工记》为例,王楠,2025,编辑学刊,,journal article,zh,INFO_TECH,T3
CITING-WORK-7E753491B54E,文化传承视域下出版知识服务平台的创新构建,尹达;杨海平,2024,出版广角,10.16491/j.cnki.cn45-1216/g2.2024.12.001,journal article,zh,CULT_MEDIA,T2
CITING-WORK-FF9B5372C1D5,迈向智慧出版:元宇宙下内容生产和流动的变革,吴江;陈佩;陶成煦,2023,出版科学,10.3969/j.issn.1009-5853.2023.03.002,journal article,zh,INFO_TECH,T3
CITING-WORK-DA6FC5E28550,出版深度融合背景下出版企业的内容建设及营销模式研究,谢慧瑜,2023,传播与版权,,journal article,zh,CULT_MEDIA,T2
CITING-WORK-FC1B23DE3837,浅谈读者需求场景化的思维与方法,张旭,2022,科技与出版,,journal article,zh,CULT_MEDIA,T2
CITING-WORK-319E56C29F17,"内生型数字农家书屋""乡村场景化""构建策略和实践路径",尹章池;李心悦,2024,科技与出版,,journal article,zh,CULT_MEDIA,T2
CITING-WORK-E36776CCDE07,场景视域下职业教育教材数字化出版框架、路向及策略,曾艳;徐春梅,2023,南宁职业技术学院学报,10.3969/j.issn.1009-3621.2023.03.010,journal article,zh,EDUCATION,T3
CITING-WORK-A6DAF53D683D,面向国家战略的产业竞争情报场景化智慧服务模式研究,郑荣;王晓宇;高志豪,2024,情报学报,10.3772/j.issn.1000-0135.2024.02.006,journal article,zh,ECON_BUS_CONS,T3
CITING-WORK-1DEABEFE44F2,隐性知识深度服务体系架构及其协同机制,张建华;张淑唯;温丹丹,2024,情报杂志,10.3969/j.issn.1002-1965.2024.04.025,journal article,zh,INTERDISC_OTHER,T3
CITING-WORK-9F7801B2C388,数字化阅读时代好书推荐榜研究--基于“新京报年度阅读推荐”榜单（2013-2022）的分析,王欣欣,2023,,,thesis,zh,INFO_TECH,T3
CITING-WORK-DB48498D8AE5,老年有声阅读平台的建设与研究--以“乐龄听书”为例,崔景辉,2024,,,thesis,zh,INFO_TECH,T3
CITING-WORK-C5C9F3CE4400,满天星乡村儿童公益阅读推广特色模式研究,喻成章,2023,,,thesis,zh,RURAL_AGRI,T3
CITING-WORK-848781178330,城市低幼儿童亲子阅读中的ICT介入研究,张宝莹,2023,,,thesis,zh,URBAN_PLAN_GEO,T3
CITING-WORK-1776D8F9476E,"拥抱""儿童性"":基于人本取向中国原创绘本的价值共创机制及路径",王波伟,2023,编辑之友,10.13786/j.cnki.cn14-1066/g2.2023.6.004,journal article,zh,INTERDISC_OTHER,T3
CITING-WORK-DA8F418044D7,家长在家庭阅读教育中的可为、难为与应为,刘慧琴;邓佳维;沈薇薇,2023,贵州工程应用技术学院学报,10.3969/j.issn.2096-0239.2023.06.014,journal article,zh,EDUCATION,T3
CITING-WORK-A2B71824A586,基于知识图谱的我国智慧公共文化服务研究现状、热点及趋势分析,窦金花;李畅,2023,包装工程,10.19554/j.cnki.1001-3563.2023.20.011,journal article,zh,ARCH_DES_HER,T2
CITING-WORK-E0206B8F3518,"""双减""视域下少年儿童文化产品的供需困境与优化路径",田卉;刘姝秀,2024,文化创新比较研究,10.3969/j.issn.2096-4110.2024.02.022,journal article,zh,CULT_MEDIA,T2
CITING-WORK-C228D069DEFF,“场景”即生活世界--媒介化社会视野中的“场景”传播研究,阎峰,2018,,,thesis,zh,CULT_MEDIA,T3
CITING-WORK-54CFAD481A6C,思想政治教育价值观生成论,冉琴,2021,,,thesis,zh,EDUCATION,T3
CITING-WORK-1CD9C56779BD,虚拟社会的主体异化研究,尹秀娟,2020,,,thesis,zh,SOC_POLICY,T3
CITING-WORK-164D316C493E,数字化时代虚拟实践困境的现实症结及消解路径,刘芹,2024,安康学院学报,10.16858/j.issn.1674-0092.2024.01.019,journal article,zh,INFO_TECH,T3
CITING-WORK-30AC3455E6BD,网络社会及其社会本体论诠释,唐魁玉,2014,哈尔滨工业大学学报（社会科学版）,,journal article,zh,INFO_TECH,T3
CITING-WORK-21A35277581E,试论网络社会下人的虚拟生存与全面发展,王丽鸽;李炳毅,2017,兰州大学学报（社会科学版）,,journal article,zh,TOUR_HOSP,T2
CITING-WORK-1E99FAA2B5E2,虚拟与现实空间中大学生角色冲突特征及调适,聂洪辉,2015,上饶师范学院学报,10.3969/j.issn.1004-2237.2015.02.020,journal article,zh,INTERDISC_OTHER,T3
CITING-WORK-D5614132C1CE,新时代网络文明建设的认知路向,王丽鸽,2021,思想.理论.教育,,journal article,zh,EDUCATION,T3
CITING-WORK-57A08EEF05EC,网络背景下大学生虚拟生存问题研究,王莉;孙建华,2013,中国成人教育,,journal article,zh,RURAL_AGRI,T2
CITING-WORK-80E8B1542DA1,网络信息时代人生存的矛盾困境,贾英健,2012,中共济南市委党校学报,10.3969/j.issn.1672-6359.2012.03.013,journal article,zh,INFO_TECH,T3
CITING-WORK-BA5A0C11B924,展览空间内的中文文本易读性设计研究,陈铮,2022,,,thesis,zh,INTERDISC_OTHER,T3
CITING-WORK-BF6693F63D18,场所记忆理论下保定宴饮食博物馆空间设计研究,武凯昕,2023,,,thesis,zh,ARCH_DES_HER,T3
CITING-WORK-BD2490FAB75F,从观看到体验——当代艺术作品与空间关系研究,陈钇宁,2024,,,thesis,zh,CULT_MEDIA,T3
CITING-WORK-698A3E7C2025,城市滨水展览类建筑设计策略研究—海河公共文化中心设计为例,胡梦依,2022,,,thesis,zh,ARCH_DES_HER,T3
CITING-WORK-5D49E1456293,展览空间的场所营造——以四川建川博物馆为例,门丽君,2025,城市建筑,10.19892/j.cnki.csjz.2025.14.35,journal article,zh,ARCH_DES_HER,T2
CITING-WORK-BB7F88E13A03,云南现代重彩画造型元素在展览空间设计中的应用,沈荣荣;徐钊,2022,湖南包装,10.19686/j.cnki.issn1671-4997.2022.01.045,journal article,zh,ARCH_DES_HER,T2
CITING-WORK-79865CDFE64A,智慧教学空间类型与家具功能配置策略研究,柯清;陈绍禹,2022,家具与室内装饰,10.16771/j.cn43-1247/ts.2022.02.003,journal article,zh,ARCH_DES_HER,T2
CITING-WORK-78FECE92BB73,基于住居学的后疫情时期住宅室内设计研究,许继峰;张姝;曾丽雅,2022,家具与室内装饰,10.16771/j.cn43-1247/ts.2022.06.007,journal article,zh,ARCH_DES_HER,T2
CITING-WORK-A6C4DB056DF0,非物质文化遗产展示设计 ——以台儿庄运河文化展为例,刘凌蓓;张丹;赵金龙,2023,美与时代,,journal article,zh,ARCH_DES_HER,T2
CITING-WORK-5FD13F96B177,空间生产理论视域下展览型交互影像三重空间建构策略研究,梁菲红,2025,艺术科技,10.3969/j.issn.1004-9436.2025.05.048,journal article,zh,CULT_MEDIA,T3
CITING-WORK-7F064C48033A,移动网络广播媒介场景营造及其指导意义,郭常伟,2017,,,thesis,zh,CULT_MEDIA,T3
CITING-WORK-79144B56B72F,手机社交媒体场景的建构与影响,宋树萍,2018,,,thesis,zh,CULT_MEDIA,T3
CITING-WORK-67037DDD8C2A,融媒体时代广播节目主持人的角色转型与重构,许晨,2024,,,thesis,zh,CULT_MEDIA,T3
CITING-WORK-E7DF3A1A08E0,基于技术视角的移动媒介场景研究,褚肖依,2019,,,thesis,zh,CULT_MEDIA,T3
CITING-WORK-AE916616C18A,从场景建构看综艺节目中公共领域与私人领域的融合--以恋爱观察类节目为例,唐明月,2019,,,thesis,zh,INTERDISC_OTHER,T3
CITING-WORK-3041016DB52F,2015年中国广播电视研究的十个关键词,陈力丹;王冲,2016,声屏世界,10.3969/j.issn.1006-3366.2016.01.004,journal article,zh,TOUR_HOSP,T2
CITING-WORK-7A8C68298404,场景价值再重构——交通广播融合转型的新动力,梁浩,2018,新闻研究导刊,10.3969/j.issn.1674-8883.2018.08.061,journal article,zh,INTERDISC_OTHER,T3
CITING-WORK-D301D287235C,旅游广播的现状、问题及创新,王宇;刘哲铭,2017,中国广播,,journal article,zh,TOUR_HOSP,T3
CITING-WORK-47B947E6148F,喜马拉雅FM场景构建的路径与启示,易图强;钟贞慧,2019,中国编辑,,journal article,zh,CULT_MEDIA,T2
CITING-WORK-C98DBF99195E,景德镇传统民居装饰元素在书店空间中的应用研究——以藏书坊为例,吴霜,2021,,,thesis,zh,INTERDISC_OTHER,T3
CITING-WORK-0134249083A6,基于竞合理论的乡村书店发展策略研究,张璇,2022,,,thesis,zh,RURAL_AGRI,T3
CITING-WORK-E10E513CF2CC,城市公共文化空间视域下济南市实体书店发展研究,陈旭,2024,,,thesis,zh,CULT_MEDIA,T3
CITING-WORK-9C68FC685730,共生理念下的复合型书店空间设计研究—以浙江龙泉旧厂房改造为例,丁良瑜,2024,,,thesis,zh,ARCH_DES_HER,T3
CITING-WORK-AA02AE840F4D,基于情境理论的复合型书店服务设计策略及实践研究,杨潇,2021,,,thesis,zh,INTERDISC_OTHER,T3
CITING-WORK-D929822F2E6F,场景理论视域下实体书店顾客消费意愿的影响因素与机制研究,吴申伦;刘欣,2024,出版广角,10.16491/j.cnki.cn45-1216/g2.2024.24.008,journal article,zh,CULT_MEDIA,T2
CITING-WORK-70C82B4B0EA4,"新型城市文化空间服务的建设与完善研究——以合肥市""悦·书房""建设为例",张超民,2021,巢湖学院学报,10.12152/j.issn.1672-2868.2021.04.006,journal article,zh,CULT_MEDIA,T3
CITING-WORK-CD5C428DB9AC,城市文化消费空间复合化生产与消费者空间体验,梁增贤;徐海超;梁秀萍,2025,世界地理研究,10.3969/j.issn.1004-9479.2025.10.20240127,journal article,zh,URBAN_PLAN_GEO,T2
CITING-WORK-6E6B9C4CCAA9,数字经济对居民文化消费的影响研究,石志如,2023,,,thesis,zh,ECON_BUS_CONS,T3
CITING-WORK-34338716BDB5,文化消费活动中的“自我建构”问题研究,阮玮薇,2024,,,thesis,zh,ECON_BUS_CONS,T3
CITING-WORK-82786947AE48,数字经济发展对文化消费的空间溢出效应研究,黎学潘,2024,,,thesis,zh,ECON_BUS_CONS,T3
CITING-WORK-7F329B847B61,财政金融政策协同促进农业绿色低碳发展的效应分析,樊茜月,2024,,,thesis,zh,RURAL_AGRI,T3
CITING-WORK-FFB65B0FECE9,新质生产力赋能文化消费升级的逻辑框架、价值旨归与实践进路,周宣辰;黄明理,2025,经济问题,,journal article,zh,ECON_BUS_CONS,T3
CITING-WORK-49B36B60D7AF,Z世代消费行为特征下国货化妆品情感共鸣营销策略研究,孙杨;李巍巍,2026,商业经济,10.3969/j.issn.1009-6043.2026.03.016,journal article,zh,ECON_BUS_CONS,T3
CITING-WORK-272F6F423147,"文旅融合背景下山西""沉浸式""文旅发展思路探究",左现娟;王叶,2023,山西广播电视大学学报,10.3969/j.issn.1008-8350.2023.04.024,journal article,zh,TOUR_HOSP,T3
CITING-WORK-5D1A1C199635,"""新文科""背景下我国文化产业学科的困境与出路",明琰;傅才武,2023,同济大学学报（社会科学版）,10.3969/j.issn.1009-3060.2023.01.004,journal article,zh,ARCH_DES_HER,T2
CITING-WORK-BE1DF12F95F0,AIGC驱动下的数字文化消费:困境透视与纾解路径,陈思函;解学芳,2024,新疆社会科学（汉文版）,10.20003/j.cnki.xjshkx.2024.04.014,journal article,zh,ECON_BUS_CONS,T3
CITING-WORK-721AA3F7E86D,基于新发展格局下陶瓷艺术品经纪人发展思考,李璐瑶;张纯,2022,中国市场,10.13939/j.cnki.zgsc.2022.18.076,journal article,zh,TOUR_HOSP,T2
CITING-WORK-F136A31B6860,新质生产力助推成都市体育消费高质量发展的理论与实施路径研究,陈维超,2025,,,thesis,zh,ECON_BUS_CONS,T3
CITING-WORK-F4C7F3DF0B9F,网络直播广告影响成渝青年消费者购买行为研究,张丽,2025,,,thesis,zh,ECON_BUS_CONS,T3
CITING-WORK-C00C48D7277F,休闲体育与体育产业融合发展的路径研究,王小强,2024,当代体育科技,10.16655/j.cnki.2095-2813.2024.20.020,journal article,zh,ECON_BUS_CONS,T3
CITING-WORK-C5E4FBFFF327,健康中国背景下成都市城镇居民体育服务性消费的可持续分析,佚名,,,,thesis,zh,ECON_BUS_CONS,T3
CITING-WORK-D099E3CA1611,产业融合视域下大学城体育产业新功能外延探索、困境与路径分析,刘姚成;陈恒兴;陈泺行,2024,吉林体育学院学报,,journal article,zh,ECON_BUS_CONS,T3
CITING-WORK-0EB381666893,以新质生产力推进中国式消费现代化:理论逻辑与实践路径,陈文新;谢春玲,2024,成都师范学院学报,10.3969/j.issn.2095-5642.2024.03.011,journal article,zh,ECON_BUS_CONS,T3
CITING-WORK-EC09DFA9AA37,新质生产力赋能经济高质量发展:理论逻辑、作用机制与推进路径,施文华;戴建华,2024,成都师范学院学报,10.3969/j.issn.2095-5642.2024.04.012,journal article,zh,ECON_BUS_CONS,T3
CITING-WORK-0EA1FAF3CEEA,新质生产力赋能数字体育产业高质量发展的推进路径,佚名,,,,thesis,zh,ECON_BUS_CONS,T3
CITING-WORK-89EA236FF159,新质生产力赋能女性体育消费升级的内涵、困囿与路径,谈敏,2025,文体用品与科技,10.3969/j.issn.1006-8902.2025.15.014,journal article,zh,SPORT_LEISURE,T2
CITING-WORK-D66C45AC2EDE,新质生产力对体育事业高质量发展的驱动机制与实施路径,朱亚成,2025,湖北科技学院学报,10.3969/j.issn.1006-5342.2025.05.014,journal article,zh,SPORT_LEISURE,T3
CITING-WORK-F050D4F1BFC5,场景之变：山西省郭道村女性短视频使用的田野调查,武江民,2020,,,thesis,zh,CULT_MEDIA,T3
CITING-WORK-8C0CD81D90E4,面向老年用户的公共图书馆场景化健康信息服务研究,郝洁晨,2021,,,thesis,zh,INFO_TECH,T3
CITING-WORK-5DBCCD04DC41,基于媒介情境理论的弹幕研究,黎川茜,2021,,,thesis,zh,CULT_MEDIA,T3
CITING-WORK-FC11B0BF07C2,抖音短视频赋能农村文化建设研究,张恺,2024,,,thesis,zh,RURAL_AGRI,T3
CITING-WORK-9B9C8BC6BF32,媒介情境论视野下网络缩写的屏幕社交价值,闫文君;贠瑞静,2022,出版广角,10.16491/j.cnki.cn45-1216/g2.2022.11.016,journal article,zh,CULT_MEDIA,T2
CITING-WORK-18F18ACB67D2,基手空间改造的图书馆场景式阅读推广服务研究,马江宝;赵苹,2018,图书馆研究,10.3969/j.issn.2095-5197.2018.06.010,journal article,zh,INFO_TECH,T2
CITING-WORK-098FCCB1D195,媒介环境学视阈下红色主题图书馆建设研究——以中共党史文献中心为例,史云;王彦妍,2024,情报资料工作,10.12154/j.qbzlgz.2024.03.011,journal article,zh,INFO_TECH,T2
CITING-WORK-43E24FF39689,图书馆空间形态的变革与未来趋向,程慧,2018,山西档案,,journal article,zh,INTERDISC_OTHER,T3
CITING-WORK-2B32F40143EF,智慧时代图书馆知识传播的中心重构,王顺箐,2018,图书馆研究与工作,10.3969/j.issn.2096-2363.2018.04.002,journal article,zh,INFO_TECH,T2
CITING-WORK-7311F4475EB1,平遥南大街商业共生空间的历史演变与形成机制研究,陈义炜,2024,,,thesis,zh,ECON_BUS_CONS,T3
CITING-WORK-D03EB34EA84E,大数据视角下主城区商业中心空间特征及优化研究--以乌鲁木齐市为例,芦仕儒,2024,,,thesis,zh,ECON_BUS_CONS,T3
CITING-WORK-76A8CE147172,基于集对分析的湖北省城市发展水平综合评价实证研究,马异观;朱祥波;肖斌,2023,城市建筑,10.19892/j.cnki.csjz.2023.17.16,journal article,zh,ARCH_DES_HER,T2
CITING-WORK-95479ED68ED0,基于空间句法的传统村落街巷空间布局分析——以湖州市吴兴区潞村为例,金乃玲;蒋新宇,2024,沈阳建筑大学学报（社会科学版）,10.11717/j.issn.1673-1387.2024.03.03,journal article,zh,ARCH_DES_HER,T3
CITING-WORK-0A7EE33253CA,桂林市主城区游客空间感知与情感地图研究,胡金龙;韦一莹;王影雪,2025,沈阳建筑大学学报（社会科学版）,10.11717/j.issn.1673-1387.2025.03.05,journal article,zh,ARCH_DES_HER,T3
CITING-WORK-F3BD45664CFF,合肥住宅项目公建化外立面与绿色建材协同应用,熊鑫,2026,中国住宅设施,10.3969/j.issn.1672-5093.2026.01.019,journal article,zh,INTERDISC_OTHER,T3
CITING-WORK-E15DB66171AC,基于场景视角的视频书出版研究——以人民出版社视频书为例,李俊,2024,,,thesis,zh,INTERDISC_OTHER,T3
CITING-WORK-2ACD93A7C6FE,“图书+短视频”的链路结构和互利共生,徐海龙,2020,出版发行研究,,journal article,zh,CULT_MEDIA,T2
CITING-WORK-BF55D782AE98,2019年出版研究综论,周国清;唐永亮,2020,出版广角,10.16491/j.cnki.cn45-1216/g2.2020.01.007,journal article,zh,CULT_MEDIA,T2
CITING-WORK-E1F19EEBD1EF,融合出版背景下编辑角色的变化与能力提升路径,许桂芬;赵宏源,2024,出版广角,10.16491/j.cnki.cn45-1216/g2.2024.01.013,journal article,zh,CULT_MEDIA,T2
CITING-WORK-BFD0D7BD8C57,生成式人工智能对青少年阅读心理的影响与数字出版对策,佚名,,,,thesis,zh,INFO_TECH,T3
CITING-WORK-EE43F4B1625F,数字出版选题策划的战略方向选择,易图强;汪俊洁,2021,新媒体研究,10.3969/j.issn.2096-0360.2021.06.002,journal article,zh,CULT_MEDIA,T2
CITING-WORK-BA79DB8F2983,移动出版智能推荐时代编辑思维的革新——基于场景理念视角,卢杰;孙艳华,2025,青岛科技大学学报（社会科学版）,10.3969/j.issn.1671-8372.2025.04.008,journal article,zh,INFO_TECH,T3
CITING-WORK-7C010191B6A7,场景服务创新:移动网络信息治理的场景化转型,刘晗,2020,学习与实践,,journal article,zh,EDUCATION,T3
CITING-WORK-E66B9F624DE2,图书出版中视频转化策略研究,程思凡;林凌,2025,中国出版,10.3969/j.issn.1002-4166.2025.09.013,journal article,zh,CULT_MEDIA,T2
CITING-WORK-D4EBDE3A6D98,场景传播视角的红色档案资源开发与传播,聂勇浩;牟胜男,2022,浙江档案,,journal article,zh,CULT_MEDIA,T3
CITING-WORK-6994C1217AE2,游戏化元素对移动阅读App用户黏性的影响研究,邢梅枝,2022,,,thesis,zh,INTERDISC_OTHER,T3
CITING-WORK-7E5725FE87E0,高校网络思政平台学生用户黏性提升策略研究,张鹏鹏,2022,,,thesis,zh,EDUCATION,T3
CITING-WORK-B57EC0C5648C,大学生红色阅读对其政治效能感的影响探析,胡佳敏,2023,,,thesis,zh,INTERDISC_OTHER,T3
CITING-WORK-C26BAA8D79CC,数智化背景下移动阅读APP营销策略研究,代佩娟,2023,,,thesis,zh,INTERDISC_OTHER,T3
CITING-WORK-CB1FC0970A39,移动阅读平台用户粘性影响因素研究--以微信读书APP为例,孔伟,2024,,,thesis,zh,INFO_TECH,T3
CITING-WORK-B6DD10A6A93F,跨媒介叙事下网络文学IP有声读物用户黏性影响因素研究,康楠,2024,,,thesis,zh,CULT_MEDIA,T3
CITING-WORK-6BBB21E301D0,我国移动阅读研究热点及趋势的可视化分析,高晓晶,2022,晋图学刊,10.3969/j.issn.1004-1680.2022.06.012,journal article,zh,INTERDISC_OTHER,T3
CITING-WORK-F73402D94EDD,新一代信息技术环境下的阅读服务国内外研究综述,施雨;茆意宏,2023,图书馆杂志,10.13663/j.cnki.lj.2023.06.010,journal article,zh,INFO_TECH,T2
CITING-WORK-F2B0D073669E,“文化空间”视域下豫东回族武术发展研究,马志昊,2025,,,thesis,zh,CULT_MEDIA,T3
CITING-WORK-2EFBD08AB33D,"系统动力学视角下""村BA""发展多方参与机制及效应分析",赵宸磊;周君华,2024,湘南学院学报,10.3969/j.issn.1672-8173.2024.02.012,journal article,zh,INTERDISC_OTHER,T3
CITING-WORK-083A8717BE2F,新时代推进乡村公共文化治理的多维空间功能及其路径,张超民;刘经竹;朱新原,2025,图书馆研究,10.3969/j.issn.2095-5197.2025.04.005,journal article,zh,INFO_TECH,T2
CITING-WORK-5609320049B9,民族体育赛事铸牢中华民族共同体意识的价值、机理与路径,邓星华;鸦新颖;蒲毕文,2025,体育学刊,,journal article,zh,SPORT_LEISURE,T3
CITING-WORK-A865D100A9D4,"""吃新"":论乡村振兴中的""民俗竞技圈""——来自黔东南州巴拉河流域""村BA""的田野考察",佚名,,,,thesis,zh,RURAL_AGRI,T3
CITING-WORK-E53EA37603E4,跨域流动人口体育活动参与中的社会资本建构——一个生命历程视域下的动态转化分析,任自攀;康益豪;杨海晨,2025,体育与科学,,journal article,zh,SPORT_LEISURE,T2
CITING-WORK-075F0CB869F5,提升村民社会资本的体育赛事路径研究,袁青,2024,文体用品与科技,10.3969/j.issn.1006-8902.2024.20.016,journal article,zh,SPORT_LEISURE,T2
CITING-WORK-0FE8D0F6A690,全龄友好视域下乡村公共空间营建研究,李慧;邝良锋,2025,新东方,10.3969/j.issn.1004-700x.2025.02.011,journal article,zh,RURAL_AGRI,T3
CITING-WORK-739643852A77,文旅融合背景下广西旅游集散中心公共文化空间建设研究,张业祺;曾令俊,2024,中国商论,10.19699/j.cnki.issn2096-0298.2024.11.126,journal article,zh,TOUR_HOSP,T3
CITING-WORK-7DD3E7FEE86B,实体书店公共文化传播与商业模式融合探究——以广州方所为例,刘怡雯,2020,,,thesis,zh,ECON_BUS_CONS,T3
CITING-WORK-87491E37C6FF,实体书店的新零售商业模式研究——以南昌衷琴局·樊登书店为例,衣彤,2022,,,thesis,zh,ECON_BUS_CONS,T3
CITING-WORK-11DEBFE7EE3E,基于空间生产理论的中国实体书店转型发展研究,王婧露,2022,,,thesis,zh,INTERDISC_OTHER,T3
CITING-WORK-1138B6961BEC,实体书店场景化陈列营销研究——以成都市文化综合体式书店为例,闫培培,2022,,,thesis,zh,CULT_MEDIA,T3
CITING-WORK-AD882DB089E0,移动互联时代实体书店的社群化营销传播研究,张瑜,2021,,,thesis,zh,CULT_MEDIA,T3
CITING-WORK-BBEFA77F051A,数字经济背景下实体书店的战略调整研究--以西西弗书店为例,许丽叶,2022,,,thesis,zh,ECON_BUS_CONS,T3
CITING-WORK-544FC39DE7E1,儿童绘本场景营销策略研究,王雁莹,2023,,,thesis,zh,INTERDISC_OTHER,T3
CITING-WORK-E0B7EBCB85AF,基于读者体验的实体书店转型现状调研与优化策略研究——以长株潭三地实体书店为例,罗雪英,2022,档案学刊,10.3969/j.issn.1672-3627.2022.04.011,journal article,zh,INTERDISC_OTHER,T3
CITING-WORK-CD5A75DB6830,"""文旅+阅读""视野下城市书馆的融合发展探析",李淼,2023,图书馆,10.3969/j.issn.1002-1558.2023.09.015,journal article,zh,INFO_TECH,T2
CITING-WORK-0F8258E3B5C7,国家级“非遗”四川江安竹刻的创新性传承研究,蒋宇秋,2024,,,thesis,zh,INTERDISC_OTHER,T3
CITING-WORK-5C183B720DD3,锡林浩特市蒙镶手工技艺研究,程晓璐,2024,,,thesis,zh,INTERDISC_OTHER,T3
CITING-WORK-4CAC170903F5,基于空间叙事理论的酒店民宿室内设计研究——以灵台县百里镇为例,谭慧洁,2024,,,thesis,zh,TOUR_HOSP,T3
CITING-WORK-132F18DAB259,基于多元主体视角下曲村地坑院传统村落发展策略研究,王培姣,2024,,,thesis,zh,RURAL_AGRI,T3
CITING-WORK-4F0F50269C0E,传承与变通：传统技艺类非遗项目活态传播现状、问题与对策研究,王英华,2025,,,thesis,zh,CULT_MEDIA,T3
CITING-WORK-8A58E0721078,以体育促进铸牢中华民族共同体意识:内在逻辑、价值意蕴与实践路径,罗柳宁;江涛,2025,民族教育研究,,journal article,zh,EDUCATION,T3
CITING-WORK-68F9CC69B02B,科技赋能文化遗产:南粤古驿道的VR+小程序创新模式研究,路春辉,2024,工程技术研究,10.19537/j.cnki.2096-2789.2024.22.068,journal article,zh,ARCH_DES_HER,T3
CITING-WORK-B2B3EA6FDD24,融合与新变:非遗手工艺融入文创设计的方法与策略,郑家义,2024,艺术探索,10.13574/j.cnki.artsexp.2024.06.011,journal article,zh,CULT_MEDIA,T3
CITING-WORK-33DB8593D604,文旅融合视域下乡村景观优化设计研究--以聊城市七一村为例,王俊轲,2024,,,thesis,zh,ARCH_DES_HER,T3
CITING-WORK-476018C32DCE,场景视域下非遗文化展示设计研究--以蜀绣纹样在展示设计中的运用为例,王伊芬,2024,,,thesis,zh,CULT_MEDIA,T3
CITING-WORK-1E290A99984F,"文化""两创""视域下山东运河文化传承与发展研究",佚名,,,,thesis,zh,CULT_MEDIA,T3
CITING-WORK-BCE0F5DB147E,大运河文化场景构建研究——基于文化类新闻数据挖掘的视野,冷南羲;桑耘,2023,经济与社会发展,10.3969/j.issn.1672-2728.2023.04.010,journal article,zh,ECON_BUS_CONS,T3
CITING-WORK-F7E370002369,人工智能时代高校思想政治辅导员的角色挑战与价值重构,杨杰,2024,中学政治教学参考,,journal article,zh,EDUCATION,T3
CITING-WORK-7FB04BA2729A,传播仪式观视角下体育综艺节目传播研究--以《男生女生向前冲》为例,吴雁鸣,2025,,,thesis,zh,CULT_MEDIA,T3
CITING-WORK-5C8CDED640D5,中国式现代化进程中书香城市建设与创新路径研究,苏奕姣,2025,大学图书情报学刊,10.3969/j.issn.1006-1525.2025.06.007,journal article,zh,URBAN_PLAN_GEO,T3
CITING-WORK-E46CA20594E2,公共图书馆阅读市集服务研究,刘艳,2024,国家图书馆学刊,10.13666/j.cnki.jnlc.2024.0409,journal article,zh,INFO_TECH,T2
CITING-WORK-9B37A4AA529A,"作为公共阅读空间的阅读市集:系统要素与建构逻辑——以""城市客厅唤醒计划""为例",刘艳,2024,情报资料工作,10.12154/j.qbzlgz.2024.05.012,journal article,zh,INFO_TECH,T2
CITING-WORK-0DBBFC580279,公共图书馆领读人阅读推广模式研究,刘艳,2021,图书馆工作与研究,,journal article,zh,INFO_TECH,T2
CITING-WORK-C6E4C6C69D1F,阅读推广中的领读人研究:涵义、传播方式、关键要素与启示,刘艳,2022,图书馆建设,10.19764/j.cnki.tsgjs.20210791,journal article,zh,INFO_TECH,T2
CITING-WORK-B9247B2447C5,生活类短视频现状、火爆原因及发展对策,张亚玲,2022,西部广播电视,10.3969/j.issn.1006-5628.2022.13.013,journal article,zh,CULT_MEDIA,T2
CITING-WORK-C282D56AFE03,传播仪式观视域下综艺《戏剧新生活》的传播研究,许怡静;王珊,2022,新闻研究导刊,10.3969/j.issn.1674-8883.2022.19.010,journal article,zh,CULT_MEDIA,T3
CITING-WORK-440D37B1626D,媒介可供性对数字游民场景化生存行为的影响研究--基于技术接受模型视角,郑彦宇,2025,,,thesis,zh,CULT_MEDIA,T3
CITING-WORK-7087196A36B1,社区数字化网格治理效果及对策研究--以南京市X社区为例,倪青玲,2025,,,thesis,zh,INFO_TECH,T3
CITING-WORK-151D3D667044,“再域化”：城市社区传播中的地方再造--基于合肥市3个社区的田野调查,李萱,2024,,,thesis,zh,CULT_MEDIA,T3
CITING-WORK-CC33763E9A1C,媒介学视角下快递参与社区关系建构的研究--以唐轩首府社区为例,孙华蔓,2024,,,thesis,zh,CULT_MEDIA,T3
CITING-WORK-2FDB39BDC50F,全民阅读的推进逻辑:城市—界面视角下的阅读场景创新研究,曹钺,2024,编辑之友,10.13786/j.cnki.cn14-1066/g2.2024.7.001,journal article,zh,URBAN_PLAN_GEO,T3
CITING-WORK-64EC50E83C14,区分理论视域下用户情怀成因研究——以《灌篮高手》The First Slam Dunk为例,周翔;徐昕,2024,今传媒,10.3969/j.issn.1672-8122.2024.04.026,journal article,zh,INTERDISC_OTHER,T3
CITING-WORK-EDB6DEFDD621,流地方:网红城市的场景化与沟通力,谢静;张勋铭,2026,南京社会科学,10.15937/j.cnki.issn1001-8263.2026.03.011,journal article,zh,INTERDISC_OTHER,T2
CITING-WORK-353B7F6FCB9A,场景驱动的高校图书馆数据治理:发展理念、实践体系与实现进路,龚蛟腾;张康,2025,图书馆学研究,,journal article,zh,INFO_TECH,T2
CITING-WORK-DAC94FE67383,智能传播时代媒体深度融合的理论向度与实践落点,丁和根;李威,2024,传媒观察,,journal article,zh,CULT_MEDIA,T3
CITING-WORK-95F73015DD0C,数字技术赋能生态文明建设:-以城市生活垃圾分类为例,刘曼琴;尹今格;李玲玲,2024,中国软科学,10.3969/j.issn.1002-9753.2024.06.007,journal article,zh,INTERDISC_OTHER,T2
CITING-WORK-670A7C264198,文化认同视角下“滇西小哥”短视频跨文化传播研究,袁金龙,2025,,,thesis,zh,CULT_MEDIA,T3
CITING-WORK-608D2B5F5132,空间经济学视域下保定文旅发展的优势、瓶颈与对策,佚名,,,,thesis,zh,TOUR_HOSP,T3
CITING-WORK-6853030A728A,虚拟文化空间视域下非遗手工艺数字化传播策略研究——以古陶瓷修复技艺为例,明月;于昊鑫,2025,包装与设计,10.3969/j.issn.1007-4759.2025.05.042,journal article,zh,ARCH_DES_HER,T2
CITING-WORK-C23641CCEA48,大运河河北段非遗文化精神标识提炼与数字化传播研究,刘笑言;郭晓月,2025,传播力研究,10.3969/j.issn.2096-3866.2025.31.008,journal article,zh,CULT_MEDIA,T2
CITING-WORK-49A5215A2A5E,"场景理论下空间类NFT美学价值研究——以""异世界""游戏为例",陈波;张贝凝,2025,艺术百家,10.3969/j.issn.1003-9104.2025.01.007,journal article,zh,CULT_MEDIA,T2
CITING-WORK-4655A2C29602,基于空间正义视角下安阳市城乡初中体育教学资源均衡化发展研究,杜雨丰,2023,,,thesis,zh,EDUCATION,T3
CITING-WORK-BD597F86394B,基于木兰文化背景下武汉木兰花乡景区景观设计研究,张姝娟,2024,,,thesis,zh,ARCH_DES_HER,T3
CITING-WORK-3374D42E8D3D,长江中游城市群体育公园空间分布特征及影响因素研究,杨新其;吴腾飞;熊辉,2025,湖北体育科技,10.20185/j.cnki.1003-983x.2025.06.017,journal article,zh,SPORT_LEISURE,T3
CITING-WORK-E661EA07B946,基于Cite Space的我国城市公共体育空间研究进展与展望,韩沁雨;李荣日,2024,吉林体育学院学报,,journal article,zh,ECON_BUS_CONS,T2
CITING-WORK-963B537E1044,从权力逻辑到民主逻辑:城市体育空间正义风险化解路径,周媛;徐伟哲;王佳,2025,辽宁体育科技,10.3969/j.issn.1007-6204.2025.06.004,journal article,zh,SPORT_LEISURE,T2
CITING-WORK-DD897B294B52,"大学生""精致运动""现象的透视、成因及其引导",胡正然,2026,宁德师范学院学报（哲学社会科学版）,10.3969/j.issn.2095-3682.2026.01.013,journal article,zh,SPORT_LEISURE,T3
CITING-WORK-581BCCB556DA,体育空间研究的全球知识图谱与本土化研究路径,黄晓薇;熊欢,2025,体育科学,10.16469/j.css.2025kx049,journal article,zh,ECON_BUS_CONS,T2
CITING-WORK-EFC2284B2D71,高质量建设践行新发展理念的城市体育公园:意蕴、困境与路径,李健;李煜;李佳杰,2025,体育师友,10.3969/j.issn.1006-1487.2025.02.018,journal article,zh,SPORT_LEISURE,T3
CITING-WORK-AF714B87A0F2,"何以·以何·如何:基于共情理论的贵州""村BA""跨圈层传播机制研究",张宇;欧铸伟;姜慧,2025,体育师友,10.3969/j.issn.1006-1487.2025.03.010,journal article,zh,CULT_MEDIA,T3
CITING-WORK-FA11B2C6B084,场景理论视域下体育非物质文化遗产的文化传承空间建构,罗佳宁;罗亮;石雪菲,2024,体育文化导刊,10.3969/j.issn.1671-1572.2024.08.002,journal article,zh,SPORT_LEISURE,T2
CITING-WORK-6A5D158B61B0,空间生产视角下多尺度大遗址文化空间构建研究,孙澹静,2021,,,thesis,zh,CULT_MEDIA,T3
CITING-WORK-5D05CB322630,淄博市齐文化资源的产业开发研究,崔健,2022,,,thesis,zh,ECON_BUS_CONS,T3
CITING-WORK-39BF76BF692D,历史文化街区中自发性空间形式对商业活力影响研究--以昙华林街区为例,何聪,2023,,,thesis,zh,ARCH_DES_HER,T3
CITING-WORK-DE2290E6654A,基于文化韧性提升的城市老旧社区空间优化研究--以成都市为例,杨历青,2023,,,thesis,zh,CULT_MEDIA,T3
CITING-WORK-020110E260DC,我国旅游休闲街区的审美化空间营造研究,吴元浩,2025,,,thesis,zh,ARCH_DES_HER,T3
CITING-WORK-4C2D8A8A772C,文化产业研究现状、特点和趋势——《文化创意产业》(2018-2021)选载论文分析,闫烁;祁述裕,2023,山东大学学报（哲学社会科学版）,10.19836/j.cnki.37-1100/c.2023.03.007,journal article,zh,INTERDISC_OTHER,T2
CITING-WORK-5F7C9B341B9F,乡村振兴战略下乡村文化建设探析——以长治市S区为例,洪玲玉,2022,,,thesis,zh,RURAL_AGRI,T3
CITING-WORK-8E079953C3E6,新时代文明实践中心建设存在的问题及对策研究--以临漳县为例,曹宇,2025,,,thesis,zh,INTERDISC_OTHER,T3
CITING-WORK-68CDC5EFD12B,四川省蒲江县明月村公共文化空间建设研究,陈亚丽,2022,,,thesis,zh,CULT_MEDIA,T3
CITING-WORK-593742EE67B8,黄河国家文化公园空间生产机理及其场景表达研究,陈波;庞亚婷,2022,武汉大学学报（哲学社会科学版）,10.14086/j.cnki.wujss.2022.05.006,journal article,zh,INTERDISC_OTHER,T2
CITING-WORK-9F2A259C9D4E,基于文化场景营造的潘家园街区公园更新设计研究,郭晓婕;丁可,2023,中国建筑装饰装修,10.3969/j.issn.1672-2167.2023.21.027,journal article,zh,ARCH_DES_HER,T2
CITING-WORK-95673DB8089A,拆改结合类未来社区项目资金自平衡方案研究,赖俊榕,2022,,,thesis,zh,URBAN_PLAN_GEO,T3
CITING-WORK-46CB7E848DF7,项目群视角下未来社区收益实现管理研究,李雅静,2022,,,thesis,zh,URBAN_PLAN_GEO,T3
CITING-WORK-E03E888C1E28,社区公共服务供给过程与价值共创研究——以瓜沥七彩未来社区为例,徐铭婕,2022,,,thesis,zh,URBAN_PLAN_GEO,T3
CITING-WORK-D450C654D0C5,乡村教育在地化场景规划设计研究——以绍兴市新昌县镜岭村为例,李航,2024,,,thesis,zh,ARCH_DES_HER,T3
CITING-WORK-7590D72B694C,未来社区探索研究 ——以浙江省衢州高铁新城鹿鸣社区实施方案为例,王子鹏;李颖玥;叶璐,2022,城市住宅,10.3969/j.issn.1006-6659.2022.01.036,journal article,zh,URBAN_PLAN_GEO,T3
CITING-WORK-AE3DD58B7119,未来社区智慧服务平台建设——以浙江省S未来社区为例,廖丽霞;欧念坤;廖水林,2025,测绘与空间地理信息,10.3969/j.issn.1672-5867.2025.10.012,journal article,zh,INFO_TECH,T3
CITING-WORK-BCA200FBA9F3,未来乡村教育场景构建——以诸暨五泄十四都村为例,俞如婷;李闻杰;郭超,2024,现代园艺,10.3969/j.issn.1006-4958.2024.15.038,journal article,zh,ARCH_DES_HER,T2
CITING-WORK-44D08D6CFF79,专业艺术高校美育资源融入社区美育路径研究,闫垒垒,2024,时代报告,,journal article,zh,EDUCATION,T3
CITING-WORK-7C4483DC032E,以龙源社区为例探索移民安置型未来社区的建设,李聆睿,2024,山西建筑,10.13719/j.cnki.1009-6825.2024.03.010,journal article,zh,ARCH_DES_HER,T2
CITING-WORK-11F7350EF758,教育社区的内涵、价值与展望,叶延武,2023,中国教育科学（中英文）,,journal article,zh,EDUCATION,T3
CITING-WORK-5DE8F88CDEA6,未来社区视域下乡村(社区)青少年宫建设初探——以余村为例,蔡玉婷,2023,青少年研究与实践,10.3969/j.issn.2095-9303.2023.02.016,journal article,zh,SOC_POLICY,T2
CITING-WORK-130D3D3E9BEB,地域文化视角下古村落景观设计研究——以登封市白石岩村为例,张静静,2024,,,thesis,zh,ARCH_DES_HER,T3
CITING-WORK-7979096A6C2C,乡村旅游视角下露营地景观设计研究--以峨眉山市福田村为例,付明宇,2024,,,thesis,zh,ARCH_DES_HER,T3
CITING-WORK-48EA2AD29BDC,基于空间句法的黔江传统村落公共空间活化设计研究--以金洞乡凤台村为例,陈杉杉,2025,,,thesis,zh,RURAL_AGRI,T3
CITING-WORK-2D0192AFAE96,济南市翟庄农业主题公园规划设计研究,马豪廷,2024,,,thesis,zh,ARCH_DES_HER,T3
CITING-WORK-129F2855642F,基于地域文化的新徽派版画文创产品开发与设计研究,孟春艳,2025,池州学院学报,10.13420/j.cnki.jczu.2025.02.024,journal article,zh,CULT_MEDIA,T3
CITING-WORK-F945F8785B4E,基于农文旅融合背景下的乡村景观设计初探,佚名,,,,thesis,zh,ARCH_DES_HER,T3
CITING-WORK-2E4396A41F3D,以文旅融合助推湖湘民俗体育发展的有效路径,唐志;王东东,2024,旅游纵览,10.3969/j.issn.1004-3292.2024.17.009,journal article,zh,TOUR_HOSP,T2
CITING-WORK-5DCAAC655414,乡村旅游视角下豫南地区特色乡村院落景观优化研究,李延克;王慧,2024,南阳理工学院学报,10.16827/j.cnki.41-1404/z.2024.04.016,journal article,zh,ARCH_DES_HER,T3
CITING-WORK-E23A5379A781,地域文化视域下的乡村IP形象设计及应用——以延安市赵家岸村为例,郭照丽,2025,玩具世界,,journal article,zh,RURAL_AGRI,T3
CITING-WORK-CD0BCA3F8780,文旅融合背景下的乡村文旅场景化设计创新研究——以鼎湖区小㘵村为例,李玉彬;田可人;孔苑嫔,2025,西部旅游,10.3969/j.issn.1006-2629.2025.24.025,journal article,zh,TOUR_HOSP,T2
CITING-WORK-85B7169FFEDB,乡村观光旅游空间序列调研——以广西宾阳为例,万海露,2024,智慧农业导刊,10.20028/j.zhnydk.2024.07.017,journal article,zh,RURAL_AGRI,T2
CITING-WORK-196076BE9DBA,政务新媒体的内容生产与传播研究-以“共青团中央”为例,徐行行,2020,,,thesis,zh,CULT_MEDIA,T3
CITING-WORK-1B012A3A5CC3,公安类政务抖音传播效果影响因素研究,邹雅婕,2020,,,thesis,zh,CULT_MEDIA,T3
CITING-WORK-175AA4022FB9,政务抖音“中国长安网”的政治传播研究,陈苏洁,2020,,,thesis,zh,CULT_MEDIA,T3
CITING-WORK-A27C20D44E92,短视频健康传播的经验及思考——以抖音号“丁香医生”为例,蒋美霞,2020,,,thesis,zh,CULT_MEDIA,T3
CITING-WORK-77DD3995BAC7,平台社会语境下公安类短视频内容生产研究,王敏,2022,,,thesis,zh,CULT_MEDIA,T3
CITING-WORK-0681DAF6DB83,5G时代网络主流意识形态传播力提升路径研究,黄艳君,2022,,,thesis,zh,CULT_MEDIA,T3
CITING-WORK-62692202D59A,移动视频平台用户体验影响因素实证分析,彭鑫媛;程诺;裴蕊,2021,包装工程,10.19554/j.cnki.1001-3563.2021.12.022,journal article,zh,ARCH_DES_HER,T2
CITING-WORK-CDEA76DEC631,如何提升平台型媒体使用体验——基于用户视角的体验质量影响因素的实证研究,叶文瑶,2022,新媒体研究,10.3969/j.issn.2096-0360.2022.18.011,journal article,zh,CULT_MEDIA,T2
CITING-WORK-EF02ECE51F1A,虚拟聚合与精准解码:农村广播大喇叭在突发疫情传播中的政治功能,郭淼;郝静,2021,新闻与传播评论,10.14086/j.cnki.xwycbpl.2021.02.009,journal article,zh,CULT_MEDIA,T2
CITING-WORK-9FB9E0F8F2E7,融媒体时代家庭代际信息流通研究,卢旭,2020,,,thesis,zh,CULT_MEDIA,T3
CITING-WORK-597DD38AE8D8,远距家庭沟通中微信使用对亲子关系的影响研究,王月,2020,,,thesis,zh,INTERDISC_OTHER,T3
CITING-WORK-5BD00E2711E1,大学生家庭代际关系中数字反哺效果的影响因素研究,黄灵,2022,,,thesis,zh,INFO_TECH,T3
CITING-WORK-ECE35DC072C9,家庭代际权力的让渡研究——以豫南Z村的诞生仪礼为例,乔楠,2022,,,thesis,zh,INTERDISC_OTHER,T3
CITING-WORK-B9FA340DB046,新媒体环境下农村留守儿童家庭代际关系研究,章含菁,2023,,,thesis,zh,RURAL_AGRI,T3
CITING-WORK-0FE9A9475B50,跨代数字反哺的影响因素研究,杨?欣,2024,,,thesis,zh,INFO_TECH,T3
CITING-WORK-6B6F59F5E6F4,家庭微信群互动行为对亲子关系的影响,曹心怡,2024,,,thesis,zh,INTERDISC_OTHER,T3
CITING-WORK-EF61E1379B89,抵抗、调适与重建：基于青年子代抑郁症的家庭传播研究,宋宝玥,2024,,,thesis,zh,CULT_MEDIA,T3
CITING-WORK-660EC64C7FD0,长老权力与时势权力的消长:数字时代的代际关系,杨菊华,2022,学术月刊,,journal article,zh,INFO_TECH,T3
CITING-WORK-C1DB47302CBD,沉浸式新闻的场景分析,张馨文,2021,,,thesis,zh,INTERDISC_OTHER,T3
CITING-WORK-8530A32F6437,读者出版集团数字出版业务发展策略研究,侯瑞新,2024,,,thesis,zh,INFO_TECH,T3
CITING-WORK-48919188BA9E,场景传播视域下微信读书App与用户关系研究,唐博莹,2021,,,thesis,zh,CULT_MEDIA,T3
CITING-WORK-60640C6EF1C5,5G技术条件下主流媒体参与沉浸式新闻生产研究,李明德;王晴,2022,北京工业大学学报（社会科学版）,10.12120/bjutskxb202205013,journal article,zh,CULT_MEDIA,T3
CITING-WORK-C91452F2CD25,虚拟现实(VR)如何参与教育?——用户体验视角下的VR教育产品研究,李倩;刘茜;孟帅,2022,传媒经济与管理研究,,journal article,zh,EDUCATION,T3
CITING-WORK-995D0B165182,数据新闻场景化传播探析,黎澜;谢晓枫,2021,记者观察,10.3969/j.issn.1004-3799(s).2021.33.038,journal article,zh,CULT_MEDIA,T3
CITING-WORK-ADDA521DE671,5G环境下信息流广告的创新发展路径,徐明巧;杨蓓蓓,2021,科技传播,10.3969/j.issn.1674-6708.2021.14.064,journal article,zh,CULT_MEDIA,T2
CITING-WORK-2B1010A7248B,场景驱动下的温州瓯柑特色农业产业创新发展研究,徐刚;吕康婷;王云阁,2026,农村经济与科技,10.3969/j.issn.1007-7103.2026.01.016,journal article,zh,RURAL_AGRI,T3
CITING-WORK-7FFBCB6F4818,从场景理论到氛围理论:文化经济模态的新阐释体系,张铮;许馨月,2024,南京社会科学,10.15937/j.cnki.issn1001-8263.2024.01.014,journal article,zh,INTERDISC_OTHER,T2
CITING-WORK-63D9F3441796,基于空间正义理论的场景传播伦理研究,牛静;朱政德,2021,新闻与写作,10.3969/j.issn.1002-2295.2021.09.012,journal article,zh,CULT_MEDIA,T2
CITING-WORK-4CC6EE2F2137,安徽省本科高校图书馆红色文化阅读推广调查与研究,何晶晶,2024,,,thesis,zh,EDUCATION,T3
CITING-WORK-8F1DE87E5B46,基于知识图谱的公共图书馆红色文化服务模式与提升策略研究,房旭辉,2024,,,thesis,zh,CULT_MEDIA,T3
CITING-WORK-C6AE4CBB6F8B,人工智能视域下高校图书馆红色文化服务开展路径研究,白占俊;程然,2024,河南图书馆学刊,10.3969/j.issn.1003-1588.2024.06.021,journal article,zh,INFO_TECH,T2
CITING-WORK-784924B08296,数字学术环境下高校师生数字与纸质阅读偏好及影响因素研究,朱前东,2023,科技传播,10.3969/j.issn.1674-6708.2023.24.008,journal article,zh,CULT_MEDIA,T2
CITING-WORK-74D60B6646F5,新时代中学图书馆阅读推广影响因素及策略研究——基于马莱茨克大众传播模式的视角,施发富,2025,情报探索,10.3969/j.issn.1005-8095.2025.12.017,journal article,zh,CULT_MEDIA,T3
CITING-WORK-F4440F61A6CC,京津冀高校图书馆红色文献阅读推广实践优化路径,薛调,2025,四川图书馆学报,10.3969/j.issn.1003-7136.2025.01.009,journal article,zh,SOC_POLICY,T2
CITING-WORK-FE1A4C44707A,分级视角下红色阅读服务研究,陆洋,2025,华东纸业,10.3969/j.issn.1674-6937.2025.10.042,journal article,zh,INTERDISC_OTHER,T3
CITING-WORK-5657D32CD456,云南地区图书馆阅读推广助力乡村文化振兴——基于阅读文化场景的透视,李海洋,2024,云南农业大学学报,10.12371/j.ynau(s).202405034,journal article,zh,RURAL_AGRI,T3
CITING-WORK-E0E22A17AA3D,德州城市社区公共文化服务供给问题研究,苑菁菁,2024,,,thesis,zh,CULT_MEDIA,T3
CITING-WORK-A20E6F3EF6C5,城市社区公共文化服务精准化供给问题及策略——基于德州市的实地调研,曾水英;苑菁菁,2023,关东学刊,,journal article,zh,CULT_MEDIA,T3
CITING-WORK-AE3CCB62116F,场景赋能文化空间建设——以东湖楚文化体验区为例,王发堂;程冰,2024,华中建筑,,journal article,zh,ARCH_DES_HER,T2
CITING-WORK-990867814E33,消费主义语境下电商直播中影视明星的形象研究,蒋芷寒,2022,,,thesis,zh,ECON_BUS_CONS,T3
CITING-WORK-D4588611A702,头部主播网络直播带货与粉丝消费者认同研究,刘芸汐,2022,,,thesis,zh,ECON_BUS_CONS,T3
CITING-WORK-24706F660E9D,电商直播情境中的符号化传播,于芬婷,2023,,,thesis,zh,CULT_MEDIA,T3
CITING-WORK-DCFDA6D5A440,情境危机传播理论视角下直播带货企业危机对话策略研究,曹洁,2024,,,thesis,zh,ECON_BUS_CONS,T3
CITING-WORK-E761151DC0FF,直播电商在线服务失败影响消费者负面口碑评价的复合机制,彭宇泓,2024,财经论丛（浙江财经学院学报）,10.3969/j.issn.1004-4892.2024.05.010,journal article,zh,ECON_BUS_CONS,T3
CITING-WORK-DFAAA5C82865,直播电商服务失败的结构维度与量表开发,彭宇泓;江燕伶;郝辽钢,2024,管理学报,10.3969/j.issn.1672-884x.2024.09.013,journal article,zh,INTERDISC_OTHER,T3
CITING-WORK-A7C4AA2C79FF,AI电商时代带货主播的竞争力提升策略研究,李梦楠,2024,今传媒,10.3969/j.issn.1672-8122.2024.12.017,journal article,zh,INTERDISC_OTHER,T2
CITING-WORK-051147994B24,直播电商服务失败与顾客流失:基于消费者思维认知方式和直播平台类型的调节,彭宇泓;赵娜亨,2024,信息系统学报,,journal article,zh,ECON_BUS_CONS,T3
CITING-WORK-12FBDD6C4432,特定受众视角下差异化直播带货模式研究,许爱丽,2023,中国商论,10.19699/j.cnki.issn2096-0298.2023.20.046,journal article,zh,ECON_BUS_CONS,T2
CITING-WORK-62B22D18CF4B,黄河文化档案文创产品开发与推广研究,王智赢,2023,,,thesis,zh,CULT_MEDIA,T3
CITING-WORK-5D7351CBEA42,抖音短视频中武汉“网红城市”形象的场景化塑造,姚雨薇,2023,,,thesis,zh,CULT_MEDIA,T3
CITING-WORK-1B1C3FFFAB62,非遗数字藏品购买意愿影响因素研究,江子彧,2024,,,thesis,zh,INFO_TECH,T3
CITING-WORK-1268BCC40B5E,传统乐器在短视频平台的场景化传播研究——以古筝短视频博主“碰碰彭碰彭”为例,雷晓晴,2024,,,thesis,zh,CULT_MEDIA,T3
CITING-WORK-E2A8A8956F12,黄河文化短视频内容生产的时代特点、动力机制与实践进路研究,张伟,2024,新媒体研究,10.3969/j.issn.2096-0360.2024.22.016,journal article,zh,CULT_MEDIA,T2
CITING-WORK-AAAA34F53FD0,文化新质生产力赋能黄河流域文化保护传承创新,郭守福,2025,黄河文明与可持续发展,,journal article,zh,CULT_MEDIA,T3
CITING-WORK-7A4CB8195D17,黄河流域文化符号推进河南省文旅文创融合发展的策略研究,佚名,,,,thesis,zh,TOUR_HOSP,T3
CITING-WORK-5AA92D76CC53,文化育人视角下讲好黄河故事的当代价值与实践路径,陈利红;李风娇,2024,水文化,,journal article,zh,CULT_MEDIA,T3
CITING-WORK-AA5BC3838CD0,"智能的""相遇"":符号表演下文创品牌的场景化互动与沟通想象建构",张福银,2025,温州职业技术学院学报,10.13669/j.cnki.33-1276/z.2025.013,journal article,zh,ECON_BUS_CONS,T3
CITING-WORK-0ADC8681DE17,孔子博物馆《大哉孔子》展中的儒家叙事研究,刘清源,2023,,,thesis,zh,CULT_MEDIA,T3
CITING-WORK-97C07E36CEED,数字时代博物馆空间叙事性应用研究,吕翠,2023,,,thesis,zh,CULT_MEDIA,T3
CITING-WORK-B2E5595614EF,文脉传承视阈下非遗白酒文化展陈空间设计研究——以忠县乌杨白酒基地为例,赵若愚,2023,,,thesis,zh,ARCH_DES_HER,T3
CITING-WORK-366BFC459747,基于情境认知理论的数字化展厅研究——以中国大运河傅物馆为例,曹雪静,2024,,,thesis,zh,INFO_TECH,T3
CITING-WORK-DD7EE7CB5735,多场景视角下的展示空间设计--以哈尔滨亚冬会运动文化展馆为例,刘越,2025,,,thesis,zh,ARCH_DES_HER,T3
CITING-WORK-529D55ECCA17,博物馆资源的思政育人功能研究,魏宜辰,2024,,,thesis,zh,CULT_MEDIA,T3
CITING-WORK-7F6896E3D98C,基于情感化设计理论的秦绣主题展示空间设计研究,杨惠珺;李晋;谭玉玺,2025,家具与室内装饰,10.16771/j.cn43-1247/ts.2025.01.012,journal article,zh,ARCH_DES_HER,T2
CITING-WORK-4ED9AD1B2FF3,城市形象传播视角下博物馆展示设计研究——以苏州博物馆西馆为例,杨锦云;魏洁,2024,设计,10.3969/j.issn.1003-0069.2024.16.043,journal article,zh,INTERDISC_OTHER,T2
CITING-WORK-997F1819958A,国际视野下的中医药文化遗产保护与传承,陆兆嘉;陈丽云,2023,时珍国医国药,10.3969/j.issn.1008-0805.2023.07.43,journal article,zh,ARCH_DES_HER,T3
CITING-WORK-9BDF4FCE3C26,"基于""修旧如初""理念的纺织品数字化复原措施初探——以平纹为例",于晓洋;陈大公;刘愿,2024,艺术与设计,,journal article,zh,ARCH_DES_HER,T2
CITING-WORK-FB5F6D958875,主题餐厅服务场景对顾客重复消费意愿的影响研究,白雪,2024,,,thesis,zh,ECON_BUS_CONS,T3
CITING-WORK-C4FBDFFB4604,增城区农家书屋农民文化需求研究,王亚茹,2024,,,thesis,zh,CULT_MEDIA,T3
CITING-WORK-C669543486CD,政策网络视角下农村图书馆建设研究,骆红梅,2024,,,thesis,zh,RURAL_AGRI,T3
CITING-WORK-84778196B26F,供需平衡视角下曲靖市农家书屋运行困境和策略研究,丁晋港,2025,,,thesis,zh,INTERDISC_OTHER,T3
CITING-WORK-A1E83AE6C8E8,基于公众需求的农家书屋服务供给现状及其优化研究--以潍坊市滨海区为例,程晓婕,2023,,,thesis,zh,INTERDISC_OTHER,T3
CITING-WORK-0CE313CF6355,运动休闲特色小镇文体旅融合场景的价值关涉与叙事路径——以莫干山漫运动小镇为中心的考察,佚名,,,,thesis,zh,SPORT_LEISURE,T3
CITING-WORK-216F34B32536,我国新型公共文化空间服务场景构建研究,朱雨萌;陈雅,2025,图书馆理论与实践,10.3969/j.issn.1005-8214.2025.05.004,journal article,zh,INFO_TECH,T2
CITING-WORK-6BD030DB4CD0,新时代农家书屋创新发展的实现机制研究——基于扎根理论的多案例探索,熊春林;孙玉凤,2023,图书馆学研究,,journal article,zh,INFO_TECH,T2
CITING-WORK-B3918B83E947,公共文化数字化战略背景下数字农家书屋服务效能影响因素与提升路径研究,王晓宇;郑荣;陈玉,2025,图书馆学研究,,journal article,zh,INFO_TECH,T2
CITING-WORK-8B3BE8A43E36,GLAM机构参与数字记忆项目开发:兴起背景、实践意蕴与实现路径,张旭;张斌,2025,图书情报工作,10.13266/j.issn.0252-3116.2025.15.009,journal article,zh,INFO_TECH,T2
CITING-WORK-AFA78724804E,数据资产与企业新质生产力:基于全要素生产率视角,陈培祯;龚晓叶;詹湘东,2025,创新科技,10.19345/j.cxkj.1671-0037.2025.5.2,journal article,zh,ECON_BUS_CONS,T3
CITING-WORK-7998320F420D,试探性治理视域下省域科技创新策源能力提升的多元路径研究,杨坤;殷涛;王琲,2025,创新科技,10.19345/j.cxkj.1671-0037.2025.6.5,journal article,zh,SOC_POLICY,T3
CITING-WORK-B172BE605E9C,新质生产力在制造业职业技能大赛中的体现与实践,钱鹏,2025,产业与科技论坛,10.3969/j.issn.1673-5641.2025.17.034,journal article,zh,ECON_BUS_CONS,T3
CITING-WORK-627CFDAD24D2,数据要素驱动农业新质生产力:作用机制与实证检验,钱力;赵婷婷;方雨瑶,2025,东北农业大学学报（社会科学版）,10.3969/j.issn.1672-3805.2025.01.001,journal article,zh,RURAL_AGRI,T3
CITING-WORK-60098448DC34,数据要素能否提升企业投资效率——来自中国上市公司的证据,孙乐凤;鲁统宇;梁硕嘉,2025,华北金融,10.3969/j.issn.1007-4392.2025.11.003,journal article,zh,ECON_BUS_CONS,T3
CITING-WORK-F49655BE458F,"未来产业的""高地效应""发挥与现代产业链建设",佚名,,,,thesis,zh,ECON_BUS_CONS,T3
CITING-WORK-5893A591AA41,"数据要素赋能新质生产力""三新""要素的法律适用困境与出路",王雪琪,2025,科技进步与对策,10.6049/kjjbydc.q202407219,journal article,zh,INTERDISC_OTHER,T3
CITING-WORK-4419FC84F121,高铁物流促进现代物流新质生产力发展的机制与路径研究,谢立伟;席江浩;王荧荧,2025,区域经济评论,10.3969/j.issn.2095-5766.2025.06.007,journal article,zh,ECON_BUS_CONS,T3
CITING-WORK-95FDCEC0E3F7,数据要素对企业新质生产力的影响效应研究,惠宁;史小蓉,2025,西北大学学报（哲学社会科学版）,10.16152/j.cnki.xdxbsk.2025-03-008,journal article,zh,ECON_BUS_CONS,T3
CITING-WORK-E58CE0354B85,新质生产力背景下高职院校学生职业素养培养体系的优化路径,徐玉珍,2025,湖北职业技术学院学报,,journal article,zh,INTERDISC_OTHER,T3
CITING-WORK-913B4562FCE3,新会计法下的高校财务管理,杨一君,2025,中国乡镇企业会计,10.3969/j.issn.1004-8480.2025.11.037,journal article,zh,EDUCATION,T3
CITING-WORK-9B35A4B0A976,手机游戏诱导性分享行为及社会责任引导,谢天,2019,,,thesis,zh,SOC_POLICY,T3
CITING-WORK-E8937875F7B7,成就性动机对竞技类端游玩家游戏行为的影响——以《英雄联盟》为例,张梓颜,2020,,,thesis,zh,INTERDISC_OTHER,T3
CITING-WORK-96157584BD20,手机游戏对大学生的人际交往影响研究——以手游《王者荣耀》为例,张书朋,2021,,,thesis,zh,INTERDISC_OTHER,T3
CITING-WORK-5AC73326A97D,加速：网络游戏的时间规范与认知异化——基于游戏《王者荣耀》的考察,陈堃,2022,,,thesis,zh,INFO_TECH,T3
CITING-WORK-593A25C4D9A4,《王者荣耀》手游玩家虚拟社交研究,段晨思,2022,,,thesis,zh,INTERDISC_OTHER,T3
CITING-WORK-86BE7B90BA00,网络、规范与信任：手游对大学生社会资本构建的影响研究,李志鹏,2022,,,thesis,zh,INFO_TECH,T3
CITING-WORK-56CAA00E1E9D,电子竞技类手游用户持续使用意愿研究--以《王者荣耀》为例,季旭旻,2023,,,thesis,zh,INTERDISC_OTHER,T3
CITING-WORK-C0DF6B4C56BC,《王者荣耀》游戏视频在B站的传播效果调研报告,朱玲玲,2023,,,thesis,zh,CULT_MEDIA,T3
CITING-WORK-2F3D1D56903D,在场与虚拟：剧本杀线下游戏玩家群体的具身传播研究,吴优,2022,,,thesis,zh,CULT_MEDIA,T3
CITING-WORK-D7012DE90B62,互联网语境下亚文化青年群体的民俗学考察--以“王者荣耀”玩家为例,杨培元,2021,,,thesis,zh,CULT_MEDIA,T3
CITING-WORK-11FEAE874923,互动理论视角下手机暴力游戏对青少年的消极影响研究--以Z市高中生为例,陈星辰,2021,,,thesis,zh,INTERDISC_OTHER,T3
CITING-WORK-4C1B37CF6CF3,新媒体社交中用户的娱乐需求探究,明珠,2019,视听,10.3969/j.issn.1674-246x.2019.06.074,journal article,zh,CULT_MEDIA,T2
CITING-WORK-545D5D4A34D2,网络文学社交阅读用户行为特征研究,连婷婷,2023,,,thesis,zh,INFO_TECH,T3
CITING-WORK-A3E0D0E4A01D,人机交互视域下人工智能对当代电影的重塑,谭剑,2023,北京电影学院学报,,journal article,zh,CULT_MEDIA,T3
CITING-WORK-667265F589CD,对话式阅读3.0:生成式智能阅读的内在机理、外在表现与素养体系,陈雪薇,2024,出版发行研究,10.3969/j.issn.1001-9316.2024.10.011,journal article,zh,CULT_MEDIA,T2
CITING-WORK-4B16AC778021,智能时代的阅读革命:AI阅读运行机制转换与意义生成嬗变,向志强;陈露菡,2025,出版发行研究,10.3969/j.issn.1001-9316.2025.04.002,journal article,zh,CULT_MEDIA,T2
CITING-WORK-CE4B7FF44D52,"学术期刊新媒体传播的差异化建设路径——基于""2020年度中国期刊公众号20强""的实证研究",许彤彤,2022,出版与印刷,10.19619/j.issn.1007-1938.2022.00.047,journal article,zh,CULT_MEDIA,T3
CITING-WORK-F47C17D9EAB9,全景式阅读场景下数据驱动的学生阅读素养评价的内涵、方法及实现路径,许哲;徐和祥,2022,电化教育研究,10.13811/j.cnki.eer.2022.10.011,journal article,zh,EDUCATION,T3
CITING-WORK-194F214E3A96,人工智能技术应用于图书馆儿童绘本阅读的模式研究,廖玲,2020,河南图书馆学刊,,journal article,zh,INFO_TECH,T2
CITING-WORK-1C2CD1B1A340,AI赋能阅读新体验:构建多元化阅读生态研究,申悦,2025,河南图书馆学刊,10.3969/j.issn.1003-1588.2025.11.032,journal article,zh,INFO_TECH,T2
CITING-WORK-BDE5F67F017C,教育数字化背景下的数智阅读场景:内涵演进、服务框架、实践策略,许哲,2025,教育传播与技术,,journal article,zh,EDUCATION,T3
CITING-WORK-3650339CE57E,从线性沉浸到交互适配:智能体介入下的阅读生态重构与潜在风险研究,佚名,,,,thesis,zh,INFO_TECH,T3
CITING-WORK-B98B9BCA6AA1,人工智能在语文阅读教学中的应用策略,李东平;赛汗托娅,2021,文学教育（上）,,journal article,zh,EDUCATION,T3
CITING-WORK-665025572D28,数智时代阅读实践中的标签赋能,蔡骐;蔡湘灵,2025,中国编辑,10.3969/j.issn.1671-9220.2025.11.008,journal article,zh,CULT_MEDIA,T2
CITING-WORK-869D366364D5,基于网络文本分析的龙胜龙脊民族村寨旅游目的地形象研究,刘家宇,2025,,,thesis,zh,TOUR_HOSP,T3
CITING-WORK-351E6280D555,乡村旅游地舒适性的多维特征、影响机理与建构路径研究,汪忠列,2025,,,thesis,zh,TOUR_HOSP,T3
CITING-WORK-F00C0699E267,活态传承与产业赋能：乡村振兴中非遗传承新路径--以甘谷麻鞋为例,杜雯,2025,,,thesis,zh,RURAL_AGRI,T3
CITING-WORK-78A79601373B,岭南滨海渔村旅游场景测度及类型研究,吴高雅,2025,,,thesis,zh,TOUR_HOSP,T3
CITING-WORK-DF9F3EB370C0,文旅综合体品牌形象传播及其效果评价研究--基于西安唐城游客评论的数据挖掘,杨博雷,2025,,,thesis,zh,TOUR_HOSP,T3
CITING-WORK-400F00548A4D,场景理论视域下民族村寨旅游沉浸式体验生产机制研究,宋育典;孙小龙;秦彬朦,2024,安顺学院学报,10.3969/j.issn.1673-9507.2024.05.007,journal article,zh,INTERDISC_OTHER,T2
CITING-WORK-CEC5414FA5FC,"从""她力量""激活到""她时代""构建:女性参与群众体育赛事的经验与镜鉴——以贵州""姑妈篮球赛""为例",罗乔有;罗赣;田祖国,2025,广州体育学院学报,10.13830/j.cnki.cn44-1129/g8.2025.06.006,journal article,zh,CULT_MEDIA,T2
CITING-WORK-192C9D4B77F5,贵州少数民族村寨空间分布特征及影响机制,史珊;刘康,2025,西南大学学报（自然科学版）,10.13718/j.cnki.xdzk.2025.08.015,journal article,zh,RURAL_AGRI,T2
CITING-WORK-44BB8F894B7F,乡村旅游视角下传统制浆造纸手工艺非遗文化传承研究,韩畅;赵娇,2024,造纸科学与技术,10.19696/j.issn1671-4571.2024.5.034,journal article,zh,TOUR_HOSP,T3
CITING-WORK-0B2F563F724F,政府信息宣传、社会信任与企业管理者和投资者决策——基于社交媒体的经验证据,玄宇豪,2022,,,thesis,zh,ECON_BUS_CONS,T3
CITING-WORK-5E964EB93E56,数字时代下政务微博绩效评估及其影响因素探究--基于293个地级市的数据分析,刘伟,2023,,,thesis,zh,INFO_TECH,T3
CITING-WORK-CD1BA9FE767B,健康类政务短视频传播效果影响因素研究--基于“健康中国”的模糊集定性比较分析,张超,2023,,,thesis,zh,CULT_MEDIA,T3
CITING-WORK-26D0154D97C4,新媒体环境下南京市政府形象塑造研究,崔梦娜,2023,,,thesis,zh,CULT_MEDIA,T3
CITING-WORK-B0875872C074,乡村留守儿童的手机使用与代际沟通研究--基于开州区六个村落的考察,刘从瑶,2024,,,thesis,zh,RURAL_AGRI,T3
CITING-WORK-3C4C2EB1CCAB,官方回应与次生型高校负面舆情的生成及防范研究,谢芬,2023,,,thesis,zh,EDUCATION,T3
CITING-WORK-B817DA3F3CB8,基于对话理论的旅游政务微信公众号传播力提升研究,艾萧萧,2023,,,thesis,zh,TOUR_HOSP,T3
CITING-WORK-D9FE8900144F,微博新闻实践中的对话研究,胡琼华;韦紫懿,2023,新媒体研究,10.3969/j.issn.2096-0360.2023.07.003,journal article,zh,CULT_MEDIA,T2
CITING-WORK-99AA7A076398,基于对话理论的在线健康知识共创模型研究,邓卫华;李鑫;易明,2023,情报科学,10.13833/j.issn.1007-7634.2023.01.003,journal article,zh,INFO_TECH,T2
CITING-WORK-F1E1B32723A8,"对话理论视域下""国家反诈中心""政务抖音号研究",张莹,2024,新闻世界,,journal article,zh,URBAN_PLAN_GEO,T2
CITING-WORK-82D8593E9C3D,自然灾害情境下属地政务微博的话题标签使用与效果,宫贺;董旭,2024,新闻大学,,journal article,zh,RURAL_AGRI,T2
CITING-WORK-484D1953E3C6,文化舒适物视角下南京创新空间的空间生产与传播研究,郑诺娅,2022,,,thesis,zh,CULT_MEDIA,T3
CITING-WORK-845F285B7941,潮州市农村社会治安群众满意度及影响因素研究,吕禾,2023,,,thesis,zh,RURAL_AGRI,T3
CITING-WORK-55C0B00626DA,动画《摇曳露营》中城市形象建构研究,吉盛杰,2023,,,thesis,zh,URBAN_PLAN_GEO,T3
CITING-WORK-0AFF6F1EA09C,当前形势下我国社会治安评估指标体系的再认识,卢国显,2024,河南警察学院学报,,journal article,zh,SOC_POLICY,T3
CITING-WORK-0B8BA671DD5D,社交媒体时代口红广告内容生产研究,谷金月,2022,,,thesis,zh,CULT_MEDIA,T3
CITING-WORK-BCFA16123194,移动电商场景营销对消费者行为意愿的影响研究,宋晨明,2022,,,thesis,zh,ECON_BUS_CONS,T3
CITING-WORK-F88E3FDFE3F4,湖南博物院的场景化传播研究,焦一丹,2023,,,thesis,zh,CULT_MEDIA,T3
CITING-WORK-B1BBCD2B7F7E,小红书用户“特种兵式旅游”打卡自我呈现研究,纪啸轩,2024,,,thesis,zh,TOUR_HOSP,T3
CITING-WORK-1AAB035BE53B,智能网联汽车信息娱乐用户接受与场景构建研究,金豆豆,2022,,,thesis,zh,INFO_TECH,T3
CITING-WORK-DE9DE1DA67DB,智能传播时代全媒体出版路径探析 ——基于场景的视角,郝红霞;严三九,2022,编辑之友,10.13786/j.cnki.cn14-1066/g2.2022.6.002,journal article,zh,INTERDISC_OTHER,T2
CITING-WORK-60F92DD9EC49,基于场景交互的爬山用户智能应用设计研究,冯轩冉;吕竞文;李永昌,2024,包装工程,10.19554/j.cnki.1001-3563.2024.22.017,journal article,zh,ARCH_DES_HER,T2
CITING-WORK-074599163175,基于5G边缘计算的全场景智慧校园建设,王博;王超,2022,数字技术与应用,10.19695/j.cnki.cn12-1369.2022.01.02,journal article,zh,INFO_TECH,T3
CITING-WORK-CEC4EFDE9C3F,"自媒体短视频""讲好中国故事""的现实镜像与优化路径",周本红;邱天,2023,中国出版,10.3969/j.issn.1002-4166.2023.06.008,journal article,zh,CULT_MEDIA,T2
CITING-WORK-9424E5DAC09E,数字时代智能媒体5G消息对出版深度融合发展的作用与价值,卢迪;王喆;李宽,2024,中国编辑,,journal article,zh,CULT_MEDIA,T2
CITING-WORK-BB145900121D,第三方债务催收中被催收人个人信息权益保护问题研究,龚锰锰,2022,,,thesis,zh,INFO_TECH,T3
CITING-WORK-C2536BC31A9E,智媒时代受众深度阅读行为的影响因素研究,郭淑怡,2023,,,thesis,zh,INTERDISC_OTHER,T3
CITING-WORK-D16ADE8E2004,微信用户的隐私关注及其影响因素研究,胥婷,2022,,,thesis,zh,INTERDISC_OTHER,T3
CITING-WORK-20C3A3E9D8EE,场景消费金融中的个人信息保护研究,龙晓莲,2025,,,thesis,zh,ECON_BUS_CONS,T3
CITING-WORK-7BEA7A896900,敏感个人信息的界定及其完善,莫琳,2023,财经法学,10.16823/j.cnki.10-1281/d.2023.02.003,journal article,zh,INFO_TECH,T3
CITING-WORK-5068B983D5E0,"""场景-目的一致性"":个人信息传播""断裂""与""连续""中的恒定参照",佚名,,,,thesis,zh,CULT_MEDIA,T3
CITING-WORK-1C7ABFD279A4,论大数据时代个人信息在新闻报道中的合理使用,朱楠楠,2024,经济研究导刊,10.3969/j.issn.1673-291x.2024.13.033,journal article,zh,ECON_BUS_CONS,T3
CITING-WORK-FE955C022E19,数据智能参与知识生产的实践机理与法治机制——以ChatGPT为例,娄超;申文君,2024,情报资料工作,10.12154/j.qbzlgz.2024.04.005,journal article,zh,INFO_TECH,T2
CITING-WORK-BD92EAB653AE,智能传播研究的当下焦点与未来拓展,安孟瑶;彭兰,2022,全球传媒学刊,10.16602/j.gjms.20220004,journal article,zh,CULT_MEDIA,T3
CITING-WORK-41E535C6AEAC,大数据时代个人信息保护的行政监管立场及其智慧化转型,袁博,2022,西南民族大学学报（人文社会科学版）,10.3969/j.issn.1004-3926.2022.06.013,journal article,zh,SOC_POLICY,T2
CITING-WORK-DC553B2E0DB9,外来务工人员子女的城市社会认同--以珠海市某中学为例,薛笑甜,2012,,,thesis,zh,URBAN_PLAN_GEO,T3
CITING-WORK-646010C44AE3,山西省农民工子女社会适应性研究,姚澍,2014,,,thesis,zh,SOC_POLICY,T3
CITING-WORK-393D42B4F40D,“守望”抑或“逃离”--流动儿童的城市身份认同与身份建构,苏靖巍,2011,,,thesis,zh,URBAN_PLAN_GEO,T3
CITING-WORK-430E26AC3100,城市新移民子女身份认同研究--以上海市M公立中学为例,王丹丹,2011,,,thesis,zh,URBAN_PLAN_GEO,T3
CITING-WORK-5DBB31141DD6,农民工子女城市融入困境研究,李益峰,2013,,,thesis,zh,URBAN_PLAN_GEO,T3
CITING-WORK-C964D47D5DDD,流动儿童性别意识、社会身份认同与心理健康问题研究,程慧娟,2014,,,thesis,zh,SOC_POLICY,T3
CITING-WORK-7B427C547FB4,流动儿童社会融入的社会支持研究,王敬,2023,,,thesis,zh,SOC_POLICY,T3
CITING-WORK-837356A224EB,流动儿童城市融入困境及其情感支持路径探究,李素梅,2017,阜阳师范学院学报（社会科学版）,10.14096/j.cnki.cn34-1044/c.2017.06.20,journal article,zh,URBAN_PLAN_GEO,T3
CITING-WORK-B8F865FBD21D,流动儿童社会身份认同状况研究,刘杨;方晓义,2011,国家行政学院学报,10.3969/j.issn.1008-9314.2011.03.011,journal article,zh,SOC_POLICY,T3
CITING-WORK-751FFE4C5F40,流动儿童城市印象研究——以63份访谈资料为主要参照,梁子浪;王毅杰,2011,河海大学学报：哲学社会科学版,10.3969/j.issn.1671-4970.2011.03.013,journal article,zh,URBAN_PLAN_GEO,T3
CITING-WORK-A74CF158093B,利益相关群体视角中的流动儿童学校教育,王毅杰;史秋霞,2012,南京人口管理干部学院学报,10.3969/j.issn.1007-032x.2012.02.004,journal article,zh,EDUCATION,T3
CITING-WORK-71241578F582,结构赋予与个体分化:校企联合模式下职校生的身份认同,丁百仁;成萍;王毅杰,2019,青年研究,,journal article,zh,SOC_POLICY,T2
CITING-WORK-786F39639847,父母身份认同促进行为、家庭环境与流动儿童身份认同的关系,刘杨;陈舒洁;袁晓娇,2013,中国特殊教育,10.3969/j.issn.1007-3728.2013.07.011,journal article,zh,EDUCATION,T3
CITING-WORK-1906754A4736,移动互联网环境下网购平台的营销策略研究--以聚美优品为例,许月娇,2017,,,thesis,zh,INFO_TECH,T3
CITING-WORK-0BE5F3D1C715,杜蕾斯微博海报文案研究,刘路雪,2018,,,thesis,zh,INTERDISC_OTHER,T3
CITING-WORK-D2A9518FFE4B,聚美优品品牌传播策略研究,李星,2021,,,thesis,zh,ECON_BUS_CONS,T3
CITING-WORK-E63768250593,浅析媒介情境理论下的自媒体广告传播--以新浪微博为例,马海,2013,,,thesis,zh,CULT_MEDIA,T3
CITING-WORK-8D409026DE40,聚美优品广告投放策略研究,胡昳,2014,,,thesis,zh,INTERDISC_OTHER,T3
CITING-WORK-CC8468CB58CF,福安葡萄的自媒体传播策略研究,陈财贵,2017,,,thesis,zh,CULT_MEDIA,T3
CITING-WORK-9FF747E4929D,JM网购平台的营销策略研究,赵子予,2018,,,thesis,zh,INFO_TECH,T3
CITING-WORK-C7D8907BC5CF,从传播过程及要素分析聚美陈欧和网红滕雨佳的微博营销,王琛琳,2017,传播与版权,,journal article,zh,CULT_MEDIA,T2
CITING-WORK-F253171F5D71,“陈欧体”广告之传播效果解读,王丽萍,2014,传媒,,journal article,zh,CULT_MEDIA,T2
CITING-WORK-DB0AE7526F13,电商企业的营销策略优化研究,朱加进,2019,福建质量管理,,journal article,zh,ECON_BUS_CONS,T3
CITING-WORK-A7D1B0E2A9A9,自媒体背景下中小服装电商营销机遇研究,孙超,2018,哈尔滨学院学报,10.3969/j.issn.1004-5856.2018.07.012,journal article,zh,CULT_MEDIA,T3
CITING-WORK-07EA4A14E4C7,"""互联网+""视角下的价值创造与传播推广模型研究——以""互联网+""企业孵化与大学生创业教育为例",杨蕾;刘赵淼;张怡岚,2015,新闻界,,journal article,zh,CULT_MEDIA,T2
CITING-WORK-6B778A3A64C4,双向溢出效应对原生广告传播的影响机制研究,吴丹;赵江,2018,艺术研究,10.3969/j.issn.1673-0321.2018.01.020,journal article,zh,TOUR_HOSP,T2
CITING-WORK-41EDF8F1BC83,海尔集团融通创新的价值创造研究,魏英婕,2024,,,thesis,zh,INTERDISC_OTHER,T3
CITING-WORK-619C6DF01C11,基于SICAS模型的唐山弘米食品有限公司品牌关系优化研究,么帅,2024,,,thesis,zh,ECON_BUS_CONS,T3
CITING-WORK-ED403FBA9730,M公司商用净水产品营销策略研究,王博潇,2024,,,thesis,zh,INTERDISC_OTHER,T3
CITING-WORK-E1D29558573D,数字乡村建设对农村居民消费升级的影响研究,路莹莹,2025,,,thesis,zh,RURAL_AGRI,T3
CITING-WORK-CBC9C0A6C251,物联网平台服务收费模式影响制造商创新策略的机理研究,李秀峰;浦徐进;耿雪义,2025,管理学报,10.3969/j.issn.1672-884x.2025.11.014,journal article,zh,INFO_TECH,T3
CITING-WORK-3A0F100AE2A1,场景驱动高校图书馆文献信息资源建设模式创新研究,刘小凤;龚金国;李蓉平,2025,江苏科技信息,10.3969/j.issn.1004-7530.2025.09.018,journal article,zh,EDUCATION,T3
CITING-WORK-6D2A9FA9E135,基于TOE框架的企业场景营销高绩效的组态路径研究,马茜,2025,科技和产业,10.3969/j.issn.1671-1807.2025.04.008,journal article,zh,ECON_BUS_CONS,T3
CITING-WORK-B179B20E4C31,老字号如何借助场景驱动的创新重塑竞争优势,孟朝月;邵伟;杜建刚,2025,南开管理评论,10.3969/j.issn.1008-3448.2025.10.015,journal article,zh,INTERDISC_OTHER,T3
CITING-WORK-0D1466EA2C28,以场景驱动创新模式提升企业竞争力的对策建议,李广进;庞京成,2024,山东宏观经济,,journal article,zh,ECON_BUS_CONS,T3
CITING-WORK-5DA79A7E3F9C,组态视角下高新技术企业场景化创新路径研究,武笛;杨坤,2026,时代经贸,10.3969/j.issn.1672-2949.2026.03.022,journal article,zh,ECON_BUS_CONS,T3
CITING-WORK-CBFA6D2370C8,基于BERTopic模型的产品需求演化与功能映射应用研究,强威;罗向东;张希莹,2025,数据与计算发展前沿,10.11871/jfdc.issn.2096-742x.2025.05.016,journal article,zh,INTERDISC_OTHER,T3
CITING-WORK-F3BFBDACD083,中国式现代化的文化动力研究,秦亚伟,2023,,,thesis,zh,CULT_MEDIA,T3
CITING-WORK-9E2AC257A524,乡村振兴背景下山东乡村美育发展研究,宋静,2023,,,thesis,zh,RURAL_AGRI,T3
CITING-WORK-7274B8D33F86,场景理论视角下的乡村旅游景观,李宏然;赵红霞,2025,现代园艺,10.3969/j.issn.1006-4958.2025.23.035,journal article,zh,ARCH_DES_HER,T2
CITING-WORK-D0E438FA0A72,乡村振兴中的文化场景构建研究——基于场景理论的视角,齐慧姝;郑芳,2022,吉林艺术学院学报,,journal article,zh,RURAL_AGRI,T3
CITING-WORK-981400843C4A,场景化设计:社区数字化学习路径重构,宋亦芳,2022,职教论坛,,journal article,zh,EDUCATION,T2
CITING-WORK-C388405008E2,独立书店介入乡村公共文化空间重构研究--以“大南坡方所”为例,王惠,2022,,,thesis,zh,RURAL_AGRI,T3
CITING-WORK-0FCA03E058B9,场景理论下网红文旅小镇空间品质感知评价,陈笑雨,2023,,,thesis,zh,TOUR_HOSP,T3
CITING-WORK-65A10E249150,场景理论视角下农村居民文化参与提升策略研究--以荥阳市王村镇为例,翟晓艺,2023,,,thesis,zh,RURAL_AGRI,T3
CITING-WORK-CBB9CE1A138C,文旅融合背景下乡村新型公共文化空间设计研究——以温州山根村为例,林奕汝,2024,,,thesis,zh,ARCH_DES_HER,T3
CITING-WORK-78FCC027C249,乡村公共文化空间建设模式与实施策略研究,朱妮娜,2024,,,thesis,zh,RURAL_AGRI,T3
CITING-WORK-9A505BAA7D4F,基于游牧思想的现代办公空间弹性设计,刘苏云;诸葛阳,2026,时尚设计与工程,,journal article,zh,URBAN_PLAN_GEO,T2
CITING-WORK-E5651B2554BA,乡村振兴背景下乡村公共文化空间的重构路径,张艺献;诸葛阳,2026,时尚设计与工程,,journal article,zh,URBAN_PLAN_GEO,T2
CITING-WORK-74FA3AE498F2,珠三角城市群三生功能协同演化模拟及优化研究,周星汝,2023,,,thesis,zh,URBAN_PLAN_GEO,T3
CITING-WORK-6E1953EF7607,基于场景理论的老旧社区空间活力评价研究,熊域逍,2024,,,thesis,zh,URBAN_PLAN_GEO,T3
CITING-WORK-2C67E830F706,基于长三角城市群的碳排放空间关联结构及其影响因素研究,谢路泽,2024,,,thesis,zh,URBAN_PLAN_GEO,T3
CITING-WORK-C1D8EECA0A83,智慧街道三元融合场景的模块化设计方法——以华强北未来街道概念设计为例,刘泉;陈瑶瑶;黄丁芳,2023,城市规划学刊,10.16361/j.upf.202302013,journal article,zh,URBAN_PLAN_GEO,T2
CITING-WORK-12582B655257,国家科技安全场景驱动国家战略科技创新的理论与案例探析——以北斗卫星导航系统为例,杨莹;杨奕参;黄振羽,2023,高科技与产业化,,journal article,zh,ECON_BUS_CONS,T3
CITING-WORK-4E48D1F14E34,智慧城市场景的概念解读与特征认知,刘泉;史懿亭;赖亚妮,2025,国际城市规划,10.19830/j.upi.2022.389,journal article,zh,URBAN_PLAN_GEO,T2
CITING-WORK-36EB484A5440,粤港澳大湾区科技创新合作的研究热点与前沿——基于CiteSpace的可视化分析,耿旭;李洪浩;邱惠亭,2023,科技创新发展战略研究,10.3969/j.issn.2096-5095.2023.05.007,journal article,zh,INTERDISC_OTHER,T3
CITING-WORK-577FC309BC5E,城市群国土空间生态修复区域诊断——以粤港澳大湾区为例,唐正宇;冯舒;俞露,2023,热带地理,10.13284/j.cnki.rddl.003641,journal article,zh,URBAN_PLAN_GEO,T2
CITING-WORK-8569C86672A3,场景营城:以地点美学营造美好生活之城——以成都为例,吴军;营立成;武旋;朱赫;华怡,2024,西部人居环境学刊,10.13791/j.cnki.hsfwest.20240602,journal article,zh,URBAN_PLAN_GEO,T1
CITING-WORK-A9CF56E1B030,基于多源数据的里下河地区城乡复合生态系统空间活力评价及耦合调控研究,龚亚西,2023,,,thesis,zh,INTERDISC_OTHER,T3
CITING-WORK-53FA222531EF,济南市主城区消费空间格局演变及影响因素研究,冯凡,2025,,,thesis,zh,ECON_BUS_CONS,T3
CITING-WORK-29AF98193BAE,青年友好视角下苏州历史城区文化消费空间评价及更新模式研究,刘青青,2024,,,thesis,zh,ECON_BUS_CONS,T3
CITING-WORK-9A1F12E9EDC7,文化产业数字化对城乡文化消费差距的影响研究,章文勤,2025,,,thesis,zh,ECON_BUS_CONS,T3
CITING-WORK-9D476B790A67,文化消费中心城市建设模式与经验研究——兼论对粤港澳大湾区的启示,王先庆;陈喜强;郭兴荣,2025,城市观察,10.3969/j.issn.1674-7178.2025.04.002,journal article,zh,ECON_BUS_CONS,T2
CITING-WORK-57444F77493C,文旅融合背景下推动城市高质量发展路径探析——以重庆渝中区为例,张伟进,2023,新西部,,journal article,zh,TOUR_HOSP,T3
CITING-WORK-DB6534497705,多媒体阅读语境下书籍数字资源的设计研究,张莹,2020,,,thesis,zh,CULT_MEDIA,T3
CITING-WORK-B91C6178B0C4,我国成人解谜游戏书出版现状及发展对策探析,尚佳茵,2024,,,thesis,zh,INTERDISC_OTHER,T3
CITING-WORK-F5956AA1F4F2,融合出版背景下互动解谜游戏书的出版研究,王聪,2023,,,thesis,zh,INTERDISC_OTHER,T3
CITING-WORK-6C37A61F57A1,解谜书出版策略研究--以故宫出版社《谜宫》系列为例,王若妍,2024,,,thesis,zh,INTERDISC_OTHER,T3
CITING-WORK-792A495D920F,互动解谜游戏书众筹出版业态初探,莫慧怡,2020,出版广角,10.16491/j.cnki.cn45-1216/g2.2020.11.012,journal article,zh,CULT_MEDIA,T2
CITING-WORK-25A4210537E1,媒介融合背景下互动解谜游戏书的出版研究,亢姿爽,2020,出版广角,10.16491/j.cnki.cn45-1216/g2.2020.20.010,journal article,zh,CULT_MEDIA,T2
CITING-WORK-7AC656163853,互动解谜游戏书的出版现状与提升策略,王学鹏,2021,出版广角,10.16491/j.cnki.cn45-1216/g2.2021.07.010,journal article,zh,CULT_MEDIA,T2
CITING-WORK-5CE566F7C63E,数字出版融合传统出版发展方向的研究,张静,2020,传媒论坛,,journal article,zh,CULT_MEDIA,T2
CITING-WORK-620BC320B709,数字出版时代书刊自由版式设计的后现代性研究,杨帆,2023,传媒论坛,10.3969/j.issn.2096-5079.2023.16.029,journal article,zh,CULT_MEDIA,T2
CITING-WORK-879031A1CBE6,游戏化视角下博物馆重构观众关系的路径研究,邓又溪;柴秋霞,2024,东南文化,10.3969/j.issn.1001-179x.2024.04.014,journal article,zh,CULT_MEDIA,T3
CITING-WORK-12F37485F091,媒介融合环境下《谜宫》系列互动解谜图书内容创新探析与启示,郭昊雯;陈子龙,2020,科技传播,,journal article,zh,CULT_MEDIA,T2
CITING-WORK-5453979DA925,基于数字孪生(DT)的少数民族档案文化创新实践与启示,陈茫,2024,图书馆,10.3969/j.issn.1002-1558.2024.04.014,journal article,zh,INFO_TECH,T2
CITING-WORK-A6832084008F,库车传统手工艺纪念品旅游者购买行为的影响因素研究,刘伟,2025,,,thesis,zh,TOUR_HOSP,T3
CITING-WORK-13C2857CEDBE,福州三坊七巷历史文化街区旅游体验质量提升策略研究,邱淑婷,2025,,,thesis,zh,ARCH_DES_HER,T3
CITING-WORK-F660C9B0389B,忻州古城游客旅游动机、感知价值与行为意愿研究,王亚彬,2025,,,thesis,zh,TOUR_HOSP,T3
CITING-WORK-081371414205,茉莉文化氛围对横州旅游目的地形象影响研究,闭新英,2025,,,thesis,zh,TOUR_HOSP,T3
CITING-WORK-1712BA846DD4,游客价值共创行为对景区品牌资产的影响研究,刘锦懿,2025,,,thesis,zh,TOUR_HOSP,T3
CITING-WORK-185C6DAA399F,交旅融合背景下城市轨道交通与旅游地多尺度融合研究--以苏州地铁为例,王宇环,2025,,,thesis,zh,TOUR_HOSP,T3
CITING-WORK-7F5BFA851BEA,旅游宣传片对旅游消费行为的影响研究--以桂林市为例,盛鹏瑾,2025,,,thesis,zh,TOUR_HOSP,T3
CITING-WORK-DC91661440D6,四川省建川博物馆文化氛围对游客行为意向影响研究,马丹,2025,,,thesis,zh,TOUR_HOSP,T3
CITING-WORK-8FEF8B96486A,游客体验视角下文化仪式融入夜间旅游内在机理研究,吴盈熙,2025,,,thesis,zh,TOUR_HOSP,T3
CITING-WORK-888630493505,康养旅游产业高质量发展探索:评价体系、因素识别与创新路径,刘民坤;刘晓怡;梁建华,2026,贵州财经大学学报,10.3969/j.issn.2095-5960.2026.02.013,journal article,zh,TOUR_HOSP,T3
CITING-WORK-240524219792,旅游城市游憩空间优化与文旅消费热点培育研究——以自贡市为例,成军帅;杨双瑜,2026,现代商业,,journal article,zh,ECON_BUS_CONS,T2
CITING-WORK-9A6600E3F78D,基于具身理论的多感官体验对夜市消费意愿的影响机制,李艳;王曼;崔建勋,2025,商业经济研究,10.3969/j.issn.2095-9397.2025.23.016,journal article,zh,ECON_BUS_CONS,T2
CITING-WORK-C4EBB63556BC,新时代中国数字乡村建设研究,张彬熠,2024,,,thesis,zh,RURAL_AGRI,T3
CITING-WORK-8C5F3AA3DE39,新时代数字乡村建设赋能乡村振兴的路径研究,许思致,2024,,,thesis,zh,RURAL_AGRI,T3
CITING-WORK-97128D5B16DB,智慧城市信息服务终端用户感知研究,杜晓蒙,2024,,,thesis,zh,INFO_TECH,T3
CITING-WORK-2051489CE88E,新发展阶段乡村数字生活建设研究,王宇星,2024,,,thesis,zh,RURAL_AGRI,T3
CITING-WORK-1AAF7F39220B,云南省数字经济对城乡融合的影响研究,鲁晶,2025,,,thesis,zh,ECON_BUS_CONS,T3
CITING-WORK-9F5D0EB719B2,中国地级市数字经济发展对碳排放的影响研究,王晶晶,2024,,,thesis,zh,ECON_BUS_CONS,T3
CITING-WORK-4BA5D14FF926,数字经济推动吉林省城乡融合高质量发展路径研究,李帅;吕路军,2024,产业与科技论坛,10.3969/j.issn.1673-5641.2024.19.007,journal article,zh,ECON_BUS_CONS,T3
CITING-WORK-19FAF8CE93C0,场景创新推进新型产城融合发展的典型路径和实施建议,胡穆;张佳宁,2024,信息通信技术与政策,10.12267/j.issn.2096-5931.2024.09.004,journal article,zh,INFO_TECH,T2
CITING-WORK-76D43CBD64C8,数智赋能乡村振兴的路径,李颖,2024,农村经济与科技,10.3969/j.issn.1007-7103.2024.22.052,journal article,zh,RURAL_AGRI,T3
CITING-WORK-907A98B5E187,数字乡村赋能农民主体性提升的突破路径,王一安;吴玲,2024,现代农业研究,10.3969/j.issn.1674-0653.2024.05.005,journal article,zh,RURAL_AGRI,T3
CITING-WORK-61BAF482737A,面向数字正义的城乡数字经济融合发展风险演化逻辑与制度设计,杨骏;时润哲,2024,宁夏党校学报,10.3969/j.issn.1008-2921.2024.05.016,journal article,zh,ECON_BUS_CONS,T3
CITING-WORK-83C7551DCF1E,迈向中国式现代化的数字乡村建设:内在理路与转型路径,汪波;周其鑫,2025,西北农林科技大学学报（社会科学版）,10.13968/j.cnki.1009-9107.2025.02.01,journal article,zh,RURAL_AGRI,T2
CITING-WORK-E3A2B0D2842C,城乡融合发展研究热点分析,田维凤,2024,智慧农业导刊,10.20028/j.zhnydk.2024.16.008,journal article,zh,RURAL_AGRI,T2
CITING-WORK-62BBC0BD6E83,大学生的微信拉黑行为研究,袁红,2023,,,thesis,zh,INTERDISC_OTHER,T3
CITING-WORK-9C8A73E7C7C7,屏幕的本质与演化：技术文化史的阐释,齐一放,2023,,,thesis,zh,CULT_MEDIA,T3
CITING-WORK-8869360CEEAB,“小手表，大世界”：电话手表对儿童交往实践的影响研究,秦蕊,2024,,,thesis,zh,INTERDISC_OTHER,T3
CITING-WORK-589BDB6E4EB2,电话手表对儿童社会交往的影响研究,宋晓晓,2024,,,thesis,zh,SOC_POLICY,T3
CITING-WORK-6D9B150A94D5,媒介情境视域下青年群体“云养娃”行为研究,袁天云,2024,,,thesis,zh,CULT_MEDIA,T3
CITING-WORK-750748E69BF9,媒介哲学视阈下的人与屏幕关系研究,龚力,2024,,,thesis,zh,CULT_MEDIA,T3
CITING-WORK-C5B9B357AE5B,连锁酒店数字化运营对顾客价值影响的案例研究,杨奥,2024,,,thesis,zh,TOUR_HOSP,T3
CITING-WORK-1BF2682F1B7B,触动、沉浸、认同:情感传播视角下短视频传播实践,项玲,2025,采.写.编,10.3969/j.issn.1007-8177.2025.09.029,journal article,zh,CULT_MEDIA,T2
CITING-WORK-DC045C62DA00,互嵌、共现与突围:元宇宙场景下社会交往的新探索,何文霞,2023,视听,10.3969/j.issn.1674-246x.2023.04.025,journal article,zh,CULT_MEDIA,T2
CITING-WORK-E3FB5F3D854D,区域创新促进大众创业吗?——基于经验数据的实证分析,周子琳,2020,,,thesis,zh,URBAN_PLAN_GEO,T3
CITING-WORK-BE77F8F83D39,新经济企业的应用场景研究,张小梅,2021,,,thesis,zh,ECON_BUS_CONS,T3
CITING-WORK-CF619E384157,“一带一路”下柬埔寨人创业政策感知对创业动力的影响研究,苏丽丹,2019,,,thesis,zh,SOC_POLICY,T3
CITING-WORK-7ED2D6C80F3E,创新能否促进大众创业 ——基于微观调查与地级市匹配数据的实证研究,唐家龙;周子琳;张兴国,2021,中国科技论坛,,journal article,zh,INFO_TECH,T2
CITING-WORK-98FE71670F86,中关村创业大街创新创业空间演变研究,吴锦昱;钱云,2019,住区,10.3969/j.issn.1674-9073.2019.05.019,journal article,zh,ARCH_DES_HER,T2
CITING-WORK-6A605AA117B9,习近平美育观研究,刘琪,2022,,,thesis,zh,INTERDISC_OTHER,T3
CITING-WORK-365ECF0AD94A,基于社区美育的双江古镇文创设计研究,代晓,2022,,,thesis,zh,URBAN_PLAN_GEO,T3
CITING-WORK-611654E685B1,基于未来社区理念的社区商业室内空间设计研究,班悦茹,2025,,,thesis,zh,ARCH_DES_HER,T3
CITING-WORK-5ABCA4D5393D,美育价值在未来社区中的设计与实践,徐俊健,2021,城市住宅,10.3969/j.issn.1006-6659.2021.06.048,journal article,zh,URBAN_PLAN_GEO,T3
CITING-WORK-141A592F2BDD,新型城市社区美育功能研究,倪静静,2021,大众文艺,10.3969/j.issn.1007-5828.2021.24.101,journal article,zh,ARCH_DES_HER,T2
CITING-WORK-1EBBDDD74B6E,新文科背景下走出校园的高中美术鉴赏课程探究,蓝学会,2023,大众文艺,10.3969/j.issn.1007-5828.2023.09.070,journal article,zh,ARCH_DES_HER,T2
CITING-WORK-D16DBD6063AC,湘西地区社区教育茶艺课程美育实践路径初探,佚名,,,,thesis,zh,EDUCATION,T3
CITING-WORK-C85F4BC0E459,新时代社区美育的价值意蕴与实践探索,胡晨晨,2022,吉林艺术学院学报,,journal article,zh,CULT_MEDIA,T3
CITING-WORK-1A99D554117E,健康宜居视角下老旧社区更新策略研究 ——以青岛市为例,吕腾;刘学贤;栾学臻,2022,建筑与文化,10.19875/j.cnki.jzywh.2022.03.057,journal article,zh,ARCH_DES_HER,T2
CITING-WORK-4F080888864B,"作为""在地知觉""的美育——容桂东风社区艺术与社区营造计划",袁泽强,2025,美术学报,10.3969/j.issn.1004-1006.2025.04.013,journal article,zh,CULT_MEDIA,T3
CITING-WORK-81954DF37E2A,儿童友好城市视域下社区美育工作坊教具设计与教学反馈研究,赵艺创;赵琦;王西托,2024,美术教育研究,10.3969/j.issn.1674-9286.2024.13.028,journal article,zh,ARCH_DES_HER,T2
CITING-WORK-5D9AFA47F214,从生态伦理观与自然美的角度看未来社区环境景观设计,张可松,2021,美术文献,,journal article,zh,ARCH_DES_HER,T2
CITING-WORK-4ECDEFBB881D,高校社区美育的基本内涵、价值意蕴与实践路径,佚名,,,,thesis,zh,EDUCATION,T3
CITING-WORK-915AE6CC2AF1,未来社区概念对于新社区建筑设计的指导作用,陈琛,2021,中国住宅设施,,journal article,zh,INTERDISC_OTHER,T2
CITING-WORK-3F30B89C46EC,三江源国家公园治理的社区参与动力机制研究,李世铭,2021,,,thesis,zh,URBAN_PLAN_GEO,T3
CITING-WORK-7FFBF2B094CE,民族地区乡村文化振兴的动力机制及路径研究,陈燕,2023,,,thesis,zh,RURAL_AGRI,T3
CITING-WORK-DDD1BA8FD033,需求溢出视角下社区公共空间营造路径研究--以成都市Y社区公共空间为例,马晓峰,2024,,,thesis,zh,URBAN_PLAN_GEO,T3
CITING-WORK-5357445C0130,参与式视角下中老年人城市社区智慧更新机制研究,郭小开,2024,,,thesis,zh,URBAN_PLAN_GEO,T3
CITING-WORK-8A169959B4E7,城市健康社区建设评价及影响因素研究——以西安市长安区郭杜街道典型社区为例,张得康,2023,,,thesis,zh,URBAN_PLAN_GEO,T3
CITING-WORK-A46793AF4F49,自觉的实践者：异国街头“国风”博主短视频场景传播研究,李澳丹,2025,,,thesis,zh,CULT_MEDIA,T3
CITING-WORK-7999314C5834,利益相关者视角下漓江流域传统村落景观活化设计研究,黄宇婷,2025,,,thesis,zh,ARCH_DES_HER,T3
CITING-WORK-1D316CF0821F,新内生发展视角下乡村旅游产业复合治理研究--以S乡旅游产业为例,陈灵思,2024,,,thesis,zh,TOUR_HOSP,T3
CITING-WORK-F7638528851B,新质生产力背景下公共图书馆文创产品开发战略研究,胡茂莹,2025,,,thesis,zh,INTERDISC_OTHER,T3
CITING-WORK-2E64E869B6D4,地域文化传承下的旅游型乡村场景设计,吴嘉越,2023,建筑与文化,10.19875/j.cnki.jzywh.2023.12.082,journal article,zh,ARCH_DES_HER,T2
CITING-WORK-5B94D3626501,乡村振兴背景下的古村落研学旅行开发设计——以韶关市夏富村为例,邓链;罗雯淇;周宇铭,2024,农村经济与科技,10.3969/j.issn.1007-7103.2024.11.038,journal article,zh,RURAL_AGRI,T3
CITING-WORK-0B15E48D4FDC,群文活动与旅游业融合发展的路径探析,盖文雯,2024,中国民族博览,10.3969/j.issn.1007-4198.2024.16.023,journal article,zh,ARCH_DES_HER,T2
CITING-WORK-3DFED72B674C,关于栖贤山景区保护开发的思考,郭保庚;陈灵燕,2025,中共南昌市委党校学报,10.3969/j.issn.1672-4445.2025.04.016,journal article,zh,TOUR_HOSP,T3
CITING-WORK-58E7F2F1AE6B,文脉传承下的济南历史街区阅读空间设计研究--以芙蓉街-百花洲为例,信慧言,2023,,,thesis,zh,ARCH_DES_HER,T3
CITING-WORK-3E21CFD50DE0,新型公共阅读空间场景化服务研究——以温州市为例,孟爽,2023,,,thesis,zh,INTERDISC_OTHER,T3
CITING-WORK-F92986F40432,西西弗书店品牌场景传播研究,彭锦函,2023,,,thesis,zh,ECON_BUS_CONS,T3
CITING-WORK-6C0F080A577D,数字时代Y银行对公客户场景营销策略研究,叶昀倩,2023,,,thesis,zh,INFO_TECH,T3
CITING-WORK-8BD28E02978B,我国省级公共图书馆空间建设研究,达昊,2025,,,thesis,zh,INTERDISC_OTHER,T3
CITING-WORK-4AFDA1A19562,合肥城市阅读空间公众持续使用意愿影响因素研究,杨晓,2024,,,thesis,zh,URBAN_PLAN_GEO,T3
CITING-WORK-70C926152F9E,重构、适应、再生--乡村振兴背景下凉山中所镇老街公共空间演变研究,余浪,2024,,,thesis,zh,RURAL_AGRI,T3
CITING-WORK-FEAD0BC901EC,城市公共阅读空间的读者感知与优化研究——基于扎根理论的分析,邓时;陈波,2025,图书馆学研究,,journal article,zh,INFO_TECH,T2
CITING-WORK-997D6DFDD8BE,国内高校图书馆场景驱动创新的现状与路径探索,王少薇;钱国富;蔡春柳,2025,图书馆学研究,,journal article,zh,INFO_TECH,T2
CITING-WORK-DD5D5CE4EFC3,大学生抖音印象管理实证研究,申雪,2020,,,thesis,zh,INTERDISC_OTHER,T3
CITING-WORK-FF296F08A8DA,抖音平台上的人民军队形象传播研究,王晓晴,2020,,,thesis,zh,CULT_MEDIA,T3
CITING-WORK-B8AED8712076,数字文化视域下短视频符号生产、传播与商品化探析——以“李佳琦Austin”、“李子柒”抖音账号为例,张施闻,2021,,,thesis,zh,CULT_MEDIA,T3
CITING-WORK-5F8F90526397,省级电视媒体短视频新闻的特征和发展策略研究——以“钱江视频”为例,陈宇燕,2020,,,thesis,zh,CULT_MEDIA,T3
CITING-WORK-FF570975936D,新媒体宠物网红现象专题片《萌宠“网红”之殇》创作研究,彭颖琦,2021,,,thesis,zh,CULT_MEDIA,T3
CITING-WORK-DA9808A4C9B1,场景视域下抖音协同设计研究,谢慧,2021,,,thesis,zh,INTERDISC_OTHER,T3
CITING-WORK-BFBEC6C84B58,政务新媒体的人格化传播——以“中国消防”抖音号为例,张慧,2022,,,thesis,zh,CULT_MEDIA,T3
CITING-WORK-150C26AD5CC0,剖析科普“网红”：科学传播中的角色与策略,郭嘉艺,2022,,,thesis,zh,CULT_MEDIA,T3
CITING-WORK-40EFE2F46991,短视频营销对私立幼儿园消费者购买意愿影响研究--基于感知价值的中介作用,寇丽,2022,,,thesis,zh,ECON_BUS_CONS,T3
CITING-WORK-9220799AC88D,"拟剧理论视域下""精装朋友圈""现象解析与生成机制",佚名,,,,thesis,zh,INTERDISC_OTHER,T3
CITING-WORK-5F4B08248025,网络直播购物情境下的拟剧化营销——基于抖音直播平台的分析与诠释,朱逸;尹卫华,2021,上海对外经贸大学学报,10.16060/j.cnki.issn2095-8072.2021.02.009,journal article,zh,INFO_TECH,T3
CITING-WORK-7EFE17F47E5B,基于抖音直播营销对消费者购买意愿影响因素的研究,杨百慧;赵燕妮,2020,现代商业,,journal article,zh,ECON_BUS_CONS,T2
CITING-WORK-FEAF31003630,基层情感治理的实践形态与优化路径研究--以重庆市S县为例,秦亚楠,2025,,,thesis,zh,SOC_POLICY,T3
CITING-WORK-459154E2EDB5,多元主体协同下乡村治理共同体构建逻辑与运行机制研究--基于贵州省M县“寨管家”的案例分析,熊云梅,2025,,,thesis,zh,RURAL_AGRI,T3
CITING-WORK-D566EA6A68B6,上海乡村治理共同体建设路径研究——以奉贤区六墩村为例,高亦可,2025,,,thesis,zh,RURAL_AGRI,T3
CITING-WORK-7D8E1E3A2037,村干部领导力对农户公共事务参与的影响和机制研究,徐冠清,2025,,,thesis,zh,INTERDISC_OTHER,T3
CITING-WORK-51C7CE4F3017,情感和秩序:农村集体经济激励农户公共参与路径,徐冠清;王永强,2025,北京社会科学,10.13262/j.bjsshkxy.bjshkx.250408,journal article,zh,RURAL_AGRI,T3
CITING-WORK-9D667EACD031,物业进村、生活治理与新型乡村共同体建构,佘国梁;匡梦叶,2025,华南农业大学学报（社会科学版）,10.7671/j.issn.1672-0202.2025.05.010,journal article,zh,RURAL_AGRI,T3
CITING-WORK-6119A5C8F9AA,"流动时代农村青年""留守宝妈""的情感困境与观照理路",胡德庆,2025,华中农业大学学报（社会科学版）,10.13300/j.cnki.hnwkxb.2025.04.015,journal article,zh,RURAL_AGRI,T3
CITING-WORK-9E32C81838F8,情动计算:一种主体性治理的新形式,张樯,2025,理论与改革,10.13553/j.cnki.llygg.2025.03.008,journal article,zh,SOC_POLICY,T3
CITING-WORK-F964BF07F105,公共法律服务:乡村治理现代化的法治方式,朱瑞,2025,青海社会科学,,journal article,zh,RURAL_AGRI,T3
CITING-WORK-989E2C8EA32A,"共同体视域下农村留守儿童关爱志愿服务实践模式研究——以江西省X村""童心港湾""项目为例",佚名,,,,thesis,zh,RURAL_AGRI,T3
CITING-WORK-1705C44E235E,乡村精英助推农村互助养老价值共创:实践策略与理论逻辑,马海韵;秦泽文,2026,现代经济探讨,10.3969/j.issn.1009-2382.2026.02.013,journal article,zh,RURAL_AGRI,T2
CITING-WORK-89937F59B609,重识老龄传播:空间、身体与老人的再社会化,宣长春;侯雨飞,2024,厦门大学学报（哲学社会科学版）,10.3969/j.issn.0438-0460.2024.06.011,journal article,zh,CULT_MEDIA,T3
CITING-WORK-B8F1AAAA5C64,"互动仪式如何促进乡村治理共同体的形成?——基于派潭""村晚""活动的过程追踪研究",李利文;吴淑芬,2025,岳麓公共治理,10.20158/j.cnki.ylggzl.2025.03.006,journal article,zh,RURAL_AGRI,T3
CITING-WORK-ED5D63A56A08,超越身份：自媒体时代个体叙述的角色僭越与解读失误探究,何文霞,2021,,,thesis,zh,CULT_MEDIA,T3
CITING-WORK-E625EC7E4B3F,拟剧论视角下的旅游者表演研究——以微信朋友圈为“新舞台”,胡谍,2022,,,thesis,zh,TOUR_HOSP,T3
CITING-WORK-BBAD8EB18DA6,众包社区中创客虚拟工作嵌入对其创新绩效的影响研究,张珺,2022,,,thesis,zh,URBAN_PLAN_GEO,T3
CITING-WORK-070AF8D294EE,懂球帝APP网络足球趣缘群体话语冲突研究,苗文韬,2022,,,thesis,zh,INFO_TECH,T3
CITING-WORK-D6DD32C17C99,文化记忆视域下孝感雕花剪纸非物质文化遗产传播研究,张银虎,2024,,,thesis,zh,ARCH_DES_HER,T3
CITING-WORK-41EDFC0F4DD5,场景传播视角下高校新闻传播创新人才培养路径研究,潘君,2023,传播与版权,,journal article,zh,CULT_MEDIA,T2
CITING-WORK-C05C3C12F1F1,"新媒体时代新闻传播的""社交性""价值探究",崔炜;王立新,2022,传媒,10.3969/j.issn.1009-9263.2022.23.030,journal article,zh,CULT_MEDIA,T2
CITING-WORK-508A296477F9,社交媒体算法对公众舆论形成与演变的影响机制研究,王铭麟,2024,大众文艺,10.20112/j.cnki.issn1007-5828.2024.20.034,journal article,zh,ARCH_DES_HER,T2
CITING-WORK-F8B3FD489056,作茧自缚:青年社交媒体极化的负面影响及管控策略,郭鹏;王敏,2023,技术与创新管理,10.14090/j.cnki.jscx.2023.0214,journal article,zh,CULT_MEDIA,T3
CITING-WORK-7EC259B4E542,从现实个体到虚拟社群:网络音频媒体的场景化联动机制,赵儒焜,2026,全媒体探索,10.3969/j.issn.2097-048x.2026.02.040,journal article,zh,CULT_MEDIA,T2
CITING-WORK-872D69DBB746,直播带货的互动仪式链与用户粘性研究,高烁;江富婷;常玉苗,2023,商业经济,10.3969/j.issn.1009-6043.2023.05.028,journal article,zh,ECON_BUS_CONS,T2
CITING-WORK-D82576E72D37,公共知识空间与公共文化空间的融合——中国科学院文献情报中心融入公共文化服务体系的探索,杨琳;郭加美;曲云鹏,2020,图书情报工作,10.13266/j.issn.0252-3116.2020.24.005,journal article,zh,INFO_TECH,T2
CITING-WORK-7C1E139A64C0,用户视角下知识类微博信息质量评价模型构建及实证研究,尤瑾;朱学芳,2023,图书情报工作,10.13266/j.issn.0252-3116.2023.13.013,journal article,zh,INFO_TECH,T2
CITING-WORK-10E6030DCBA7,基于SES分析框架的顺德区“工改工”型村级工业园改造机制研究,田河,2024,,,thesis,zh,INTERDISC_OTHER,T3
CITING-WORK-349A8290D51C,场景理论视域下青岛历史文化街区外立面视觉设计研究,唐沁元,2025,,,thesis,zh,ARCH_DES_HER,T3
CITING-WORK-2A4B35B4C2D4,断裂与融合:历史文化街区内外保护与发展的一体化逻辑——以重庆磁器口为例,冉云松;戴彦,2025,城乡规划,10.12049/j.urp.202502010,journal article,zh,URBAN_PLAN_GEO,T2
CITING-WORK-B305E995E39F,阆中古城街区更新下的文旅产业创新模式研究,薄玮;张玉泉,2026,产业创新研究,,journal article,zh,ECON_BUS_CONS,T2
CITING-WORK-DBDC7D753A93,基于价值导向的遗产影响评估指标体系构建研究——以青岛中山路及周边区域保护更新实践为例,林青青;金超,2024,中国名城,10.19924/j.cnki.1674-4144.2024.008.009,journal article,zh,URBAN_PLAN_GEO,T2
CITING-WORK-9094388BA72A,场景理论视角下历史文化街区更新策略研究——以扬州仁丰里历史文化街区为例,潘梦瑶,2025,中国名城,10.19924/j.cnki.1674-4144.2025.006.003,journal article,zh,URBAN_PLAN_GEO,T2
CITING-WORK-AEF1687BAB2C,文化符号与城市形象构建的互动机制研究,郎鹏鹏;苏珊影,2026,中国名城,10.19924/j.cnki.1674-4144.2026.004.009,journal article,zh,URBAN_PLAN_GEO,T2
CITING-WORK-970A781D57C2,基于不同功能定位的历史文化街区评估方法探讨,陶巍,2025,中外建筑,10.19940/j.cnki.1008-0422.2025.01.013,journal article,zh,ARCH_DES_HER,T2
CITING-WORK-7A850518A5B3,基于文化感知视角下的衡水市安平县汉王公园景观改造设计,范玉莲,2024,,,thesis,zh,ARCH_DES_HER,T3
CITING-WORK-1C371F03A5E9,场景理论视角下哈尔滨南岗历史地段感知评价及优化策略,王悦,2024,,,thesis,zh,INTERDISC_OTHER,T3
CITING-WORK-338BA3505A90,美好生活理念下成都市城市公园治理困境及对策研究,张珊璐,2023,,,thesis,zh,URBAN_PLAN_GEO,T3
CITING-WORK-AC9889F0DCFA,基于数字孪生的城市公园空间生成研究,顾佳,2024,,,thesis,zh,INFO_TECH,T3
CITING-WORK-9EA365B539EA,文化基因视角下的京杭大运河苏州段望亭运河公园设计,卢恒煦,2023,,,thesis,zh,CULT_MEDIA,T3
CITING-WORK-3F58386028FF,公园城市理念下成都乡村风貌规划管控引导方法探究,付洋;李永华;杨振兴,2023,城乡规划,10.12049/j.urp.202301006,journal article,zh,URBAN_PLAN_GEO,T2
CITING-WORK-474AA35CAD35,尊重现状·结合产业·创新设计——归崃林盘建筑设计,冯昆,2024,四川建筑,10.3969/j.issn.1007-8983.2024.02.020,journal article,zh,ARCH_DES_HER,T2
CITING-WORK-BF8609C91ECE,实物、实景、实事:中华文化的多维展现研究——基于南疆师团的调查分析,佚名,,,,thesis,zh,CULT_MEDIA,T3
CITING-WORK-9CA12941B1CE,"文旅融合背景下""图书馆+景区""沉浸式文化空间建设的实践与启示——以福建省图书馆金鸡山公园分馆为例",佚名,,,,thesis,zh,TOUR_HOSP,T3
CITING-WORK-BCA2A399064B,公共文化机构合作与融合政策法规体系及实施路径,陈颖仪,2023,图书馆工作与研究,,journal article,zh,INFO_TECH,T2
CITING-WORK-5F06D9D63029,戏剧空间转换对演员表演的影响--以哈罗德·品特话剧《情人》为例,郭晓楠,2025,,,thesis,zh,INTERDISC_OTHER,T3
CITING-WORK-4A972AB1466C,文旅融合观念下赣东地区传统村落保护发展的问题与策略,孙澍,2024,,,thesis,zh,TOUR_HOSP,T3
CITING-WORK-57BBF069F71D,阈限性展演空间何以可供？城市传播视阈下的Live House研究,石琪隆,2025,,,thesis,zh,CULT_MEDIA,T3
CITING-WORK-FA0859854E21,基于在地文化的城市声音可视化设计研究,张馨云,2025,,,thesis,zh,CULT_MEDIA,T3
CITING-WORK-EB4AC87FDE7B,儿童友好视角下智慧公园体验空间设计研究——以东湖听涛景区为例,夏子璎,2023,,,thesis,zh,ARCH_DES_HER,T3
CITING-WORK-E572BA1A1E12,基于地域特色的城市空间结构优化研究--以重庆市大足区为例,陈准,2023,,,thesis,zh,URBAN_PLAN_GEO,T3
CITING-WORK-9B06C4B2A263,地域性视角下运动休闲小镇规划策略研究--以柞水营盘运动休闲小镇为例,甘润雨,2024,,,thesis,zh,ARCH_DES_HER,T3
CITING-WORK-BECF88413130,景德镇陶瓷文化景观生态系统文化服务价值感知与评估,唐嘉佳,2024,,,thesis,zh,ARCH_DES_HER,T3
CITING-WORK-02B1645DB78A,镇域空间改造中转制居民的社会适应--基于S镇Q社区的研究,管其平,2023,,,thesis,zh,URBAN_PLAN_GEO,T3
CITING-WORK-236BB92128D0,产业价值链视角下体育舞蹈赛事发展策略研究--以芜湖市为例,胡晓敏,2025,,,thesis,zh,ECON_BUS_CONS,T3
CITING-WORK-0E18E6D25A79,长三角地区体育竞赛表演业核心竞争力提升研究,王鑫,2022,,,thesis,zh,SPORT_LEISURE,T3
CITING-WORK-B1AA14C846AA,消费升级背景下黑龙江省职业冰雪体育竞赛表演活动发展现状与对策研究,杨淼儿,2023,,,thesis,zh,ECON_BUS_CONS,T3
CITING-WORK-856BE899E215,消费学视角下体育赛事促进新型城镇化的实证:链式中介效应分析,牛群;李张玉;张勇,2021,湖北体育科技,10.3969/j.issn.1003-983x.2021.07.010,journal article,zh,ECON_BUS_CONS,T3
CITING-WORK-25927062657D,基于SoLoMo理念的我国体育赛事品牌传播研究,朱建明;施丹丹,2025,辽宁体育科技,10.3969/j.issn.1007-6204.2025.03.007,journal article,zh,SPORT_LEISURE,T2
CITING-WORK-E2C965BB061F,我国城市体育节发展成效、困境及提升策略,陶恩海;程传银;温阳,2021,南京体育学院学报,,journal article,zh,SPORT_LEISURE,T3
CITING-WORK-9E118D2D7EF1,疫情防控常态化背景下我国大型体育赛事筹办的评估体系优化策略,戴朝;尤静怡,2022,南京体育学院学报,,journal article,zh,SPORT_LEISURE,T3
CITING-WORK-1632B59E7753,体育赛事无形资产的分级、分类评估框架构建 ——以赛事无形资产的范畴再界定为依据,徐靖芮;郭姝彤;赵无眠,2021,南宁师范大学学报（哲学社会科学版）,10.16601/j.cnki.issn2096-7349.2021.03.006,journal article,zh,INTERDISC_OTHER,T2
CITING-WORK-81F2ECA7771A,生态要素视域下优化营商环境赋能体育产业高质量发展:机理、挑战与路径,佚名,,,,thesis,zh,ECON_BUS_CONS,T3
CITING-WORK-AA14590FBA38,城市马拉松配速员利他行为调查研究,赵进;周浩扬;熊野,2023,体育与科学,,journal article,zh,SPORT_LEISURE,T2
CITING-WORK-1E73D1796C68,体育产业振兴背景下武术散打赛事的发展现状、困境与对策,李春木;段斌;王宏,2021,武汉体育学院学报,10.3969/j.issn.1000-520x.2021.03.009,journal article,zh,SPORT_LEISURE,T2
CITING-WORK-75B0A5F5D4D5,体育旅游场景化及其应用:探索以构建舒适物为导向的新范式,杨哲涵;朱建中,2024,武汉体育学院学报,10.3969/j.issn.1000-520x.2024.12.008,journal article,zh,SPORT_LEISURE,T2
CITING-WORK-BEE5D3424C3E,新媒体时代体育竞赛表演产业发展模式研究,陈俊华;刘曼罗;张婧,2023,新闻研究导刊,10.3969/j.issn.1674-8883.2023.21.004,journal article,zh,CULT_MEDIA,T2
CITING-WORK-D20A2824C733,亚运背景与国际对标下杭州市建设国际赛事之都研究,汪欢欢,2023,浙江体育科学,10.3969/j.issn.1004-3624.2023.04.001,journal article,zh,SPORT_LEISURE,T3
CITING-WORK-5D0A8EA0D631,体育媒介事件中场景建构作用的实证研究,黄璐;王鹏;刘波,2024,浙江体育科学,10.3969/j.issn.1004-3624.2024.02.003,journal article,zh,CULT_MEDIA,T3
CITING-WORK-F6F9FD1B9D51,城市气质的保护与塑造城市发展国际前沿理论的启示与运用,吴军,2015,,,conference paper,zh,URBAN_PLAN_GEO,T3
CITING-WORK-31606AAFC6BA,西安城市公共文化设施供给水平研究,王琳慧,2020,,,thesis,zh,CULT_MEDIA,T3
CITING-WORK-F221BA2D0560,公共文化服务的地方结构网络：基于杭州市上城区的个案观察,徐靖芮,2018,,,thesis,zh,CULT_MEDIA,T3
CITING-WORK-C995C589A6A2,文化场景视域下乡村公共文化空间优化研究,侯雪言,2019,,,thesis,zh,RURAL_AGRI,T3
CITING-WORK-AA5D83706400,西安市市民公共文化参与对其主观幸福感的影响实证研究,吕媛媛,2022,,,thesis,zh,CULT_MEDIA,T3
CITING-WORK-AC5E78017D31,公共文化空间与文化参与:基于文化场景理论的实证研究,陈波;侯雪言,2017,湖南社会科学,,journal article,zh,CULT_MEDIA,T2
CITING-WORK-5F121D54B9CD,北京文化参与的特点、 挑战与政策思考——基于文化舒适物的实证分析,吴军;张娇,2018,文化软实力研究,10.19468/j.cnki.2096-1987.2018.06.009,journal article,zh,CULT_MEDIA,T2
CITING-WORK-BF9F6D828E16,好意施惠行为研究,许莲花,2009,,,thesis,zh,INTERDISC_OTHER,T3
CITING-WORK-75B9A452CBE8,论好意施惠,马智慧,2016,,,thesis,zh,INTERDISC_OTHER,T3
CITING-WORK-2D0CADB14389,好意施惠研究,吴尚儒,2013,,,thesis,zh,INTERDISC_OTHER,T3
CITING-WORK-EA3E60DB4E80,新疆维吾尔自治区地方立法问题初步研究,傅冰,2008,,,thesis,zh,INTERDISC_OTHER,T3
CITING-WORK-4B01C618937E,地方立法制度研究--以新疆地方立法实践为例,沙书强,2007,,,thesis,zh,INTERDISC_OTHER,T3
CITING-WORK-7A2C9E02F93B,我国农村社会中人民调解存在的问题及其对策,黎贇,2007,,,thesis,zh,RURAL_AGRI,T3
CITING-WORK-53D4997A68EB,论好意施惠,胡丹,2007,,,thesis,zh,INTERDISC_OTHER,T3
CITING-WORK-ECCC1EDC6D2B,论行政解释,张国庆,2010,,,thesis,zh,INTERDISC_OTHER,T3
CITING-WORK-02BE5C16CC21,好意施惠相关问题研究,毕作成,2011,,,thesis,zh,INTERDISC_OTHER,T3
CITING-WORK-5454F20477ED,无因管理与好意施惠行为辨析,马彬,2011,出国与就业,10.3969/j.issn.1005-7811.2011.12.077,journal article,zh,INTERDISC_OTHER,T3
CITING-WORK-7596D3E2F632,"""好意施惠关系""中的责任承担--从《楼上楼下》的个案角度分析",杨婵,2005,法学论坛,10.3969/j.issn.1009-8003.2005.01.022,journal article,zh,INTERDISC_OTHER,T3
CITING-WORK-5E41186042FB,隐私确权的个人维度与社会维度,李延舜,2023,河南大学学报（社会科学版）,,journal article,zh,SOC_POLICY,T3
CITING-WORK-55F9A93FE039,诉讼解决方式与非诉讼解决方式的互动——构建社会主义和谐社会的法制进路,王晓琼,2007,山东审判,,journal article,zh,SOC_POLICY,T3
CITING-WORK-549C97C8A126,论情谊行为的侵权责任,包蕴琦,2010,,,thesis,zh,INTERDISC_OTHER,T3
CITING-WORK-47B28A8C7B45,论市场监管法的正当性与合理性,徐清;李志勇,2012,云南大学学报：法学版,,journal article,zh,ECON_BUS_CONS,T3
CITING-WORK-7290B7148981,纪录片《城市24小时》城市形象建构研究,杜海红,2023,,,thesis,zh,URBAN_PLAN_GEO,T3
CITING-WORK-2DD68B21C5E4,城市更新背景下农贸市场改造探析--以泰安五马市场为例,韩琨,2025,,,thesis,zh,ECON_BUS_CONS,T3
CITING-WORK-6F6A0838DC7D,东北题材电影的空间文化意象与地方性建构,邓秀军;王雨嫣,2025,北京电影学院学报,10.3969/j.issn.1002-6142.2025.11.004,journal article,zh,CULT_MEDIA,T3
CITING-WORK-CF0DCE97AD08,场景理论下乡村振兴规划设计策略研究——以东莞市厚街镇厚街村为例,俸远;朱海和,2024,城市建筑空间,10.3969/j.issn.1006-6659.2024.07.020,journal article,zh,ARCH_DES_HER,T2
CITING-WORK-B17CB53B0B1C,琴岛历史:鼓浪屿光影的美丽与哀愁,朱婉晴,2024,东南传播,,journal article,zh,CULT_MEDIA,T2
CITING-WORK-A4DEC7279281,同质化背景下乡镇的差异定位研究——以平潭综合实验区北部六个乡镇总体规划为例,陈乐群,2018,福建建筑,,journal article,zh,ARCH_DES_HER,T3
CITING-WORK-4E2E09EFBE35,城市气质在老城改造中的作用研究,杨欣宇;张蕾;席飞,2022,美术教育研究,10.3969/j.issn.1674-9286.2022.02.051,journal article,zh,ARCH_DES_HER,T2
CITING-WORK-9ED58F28D03D,城市气质与电影文化的共融互构——以成都2023年春节档电影票房现象为例,闫楚;吴青莲,2023,四川戏剧,,journal article,zh,CULT_MEDIA,T2
CITING-WORK-4ECD72B8CFD5,场景理论下历史街区空间场景营造策略研究,佚名,,,,thesis,zh,ARCH_DES_HER,T3
CITING-WORK-70A11A571599,新型产业园建筑的功能复合化设计研究——以华中数字产业基地设计为例,黄梦,2023,,,thesis,zh,ARCH_DES_HER,T3
CITING-WORK-0E8259D33547,舒适性视角下城市创意空间分布格局及其影响因素——以杭州为例,武前波;郭豆豆;赵淑红,2023,经济地理,10.15957/j.cnki.jjdl.2023.06.006,journal article,zh,ECON_BUS_CONS,T2
CITING-WORK-1F71597A4F1B,文化创意产业导向下村庄空间更新策略研究,龙宇,2021,,,thesis,zh,ECON_BUS_CONS,T3
CITING-WORK-CF95FC7E6DA0,场景理论视阈下我国文化产业园区发展模式研究,宋孟丽,2021,,,thesis,zh,ECON_BUS_CONS,T3
CITING-WORK-F66B717E55AC,基于场景理论的工业遗产型文创产业园改造策略研究——以重庆安富三矿井为例,曾上懿,2023,,,thesis,zh,ARCH_DES_HER,T3
CITING-WORK-56200850BE8B,苏南工业小镇用地更新影响因素及路径优化研究--基于常州市孟河镇的实证分析,马世豪,2023,,,thesis,zh,INTERDISC_OTHER,T3
CITING-WORK-BD426AFD8732,企业博物馆的场景化传播研究,王娜娜,2019,,,thesis,zh,ECON_BUS_CONS,T3
CITING-WORK-CC9ECCA197F0,“大明宫遗址区”空间发展绩效评价及规划提升策略研究,付晓萌,2020,,,thesis,zh,ARCH_DES_HER,T3
CITING-WORK-65A28124CC01,基于游客感知下的工业遗产场景化研究,陈智林,2021,,,thesis,zh,ARCH_DES_HER,T3
CITING-WORK-7C5567A29FDD,重庆市渝中区山城步道场景解析与更新规划研究,王婷,2021,,,thesis,zh,ARCH_DES_HER,T3
CITING-WORK-350BD7173382,民宿旅游本质的现象学研究,宋俞洁,2024,,,thesis,zh,TOUR_HOSP,T3
CITING-WORK-0A85219C6A70,电影视角下的重庆城市意象,张义友;商林艳,2020,重庆建筑,10.3969/j.issn.1671-9107.2020.01.015,journal article,zh,ARCH_DES_HER,T3
CITING-WORK-A353213F656C,传统陶瓷手工业的当代发展,张颖,2021,佛山陶瓷,10.3969/j.issn.1006-8236.2021.03.003,journal article,zh,INTERDISC_OTHER,T3
CITING-WORK-10AC54CF6E89,场景理论视角下的广州市工业用地更新研究 ——以文化创意产业园为例,王韬;朱一中;张倩茹,2021,现代城市研究,10.3969/j.issn.1009-6000.2021.08.010,journal article,zh,URBAN_PLAN_GEO,T2
CITING-WORK-438332B46D8D,社区营造视角下的乡村公共空间更新策略研究,董妍初,2020,,,thesis,zh,RURAL_AGRI,T3
CITING-WORK-9DCB61514FD2,陕西省合阳县灵泉村公共文化空间重构探究,梁祎倩,2020,,,thesis,zh,CULT_MEDIA,T3
CITING-WORK-9C523082014F,城市化背景下我国乡村文化空间塑造研究,李慧慧,2020,,,thesis,zh,RURAL_AGRI,T3
CITING-WORK-6325FB4EB28B,山东省村庄合并型新型农村社区公共文化空间研究,鲍秀菊,2020,,,thesis,zh,RURAL_AGRI,T3
CITING-WORK-76DFC483087A,运用农村公共文化空间培育农民社会主义核心价值观研究——以福建省永泰县盘谷乡为例,郑晓虹,2022,,,thesis,zh,RURAL_AGRI,T3
CITING-WORK-9733847FC006,农村公共文化空间何以形成--以徐州市马庄村文化礼堂为例,丁少康,2021,,,thesis,zh,RURAL_AGRI,T3
CITING-WORK-9C3EFF3762BD,乡村振兴背景下岭南村落文化空间设计研究--以花都藏书院村为例,夏浩东,2022,,,thesis,zh,ARCH_DES_HER,T3
CITING-WORK-4FF230B1FDDE,基于游客感知评价的肇兴侗寨公共文化空间开发研究,张悦,2024,,,thesis,zh,TOUR_HOSP,T3
CITING-WORK-5A49247C5359,蔚县传统村落礼俗文化活动空间解析与活化利用研究,徐乾益,2023,,,thesis,zh,RURAL_AGRI,T3
CITING-WORK-71FB4251215E,乡村公共文化空间功能重构研究 ——基于湘粤两个祠堂的考察,罗伟聪;张家其;阳斌成,2021,衡阳师范学院学报,10.3969/j.issn.1673-0313.2021.06.002,journal article,zh,RURAL_AGRI,T3
CITING-WORK-15F30B5031DC,山东省传统公共文化空间开发现状及对策研究,王潇,2020,农村经济与科技,,journal article,zh,RURAL_AGRI,T3
CITING-WORK-89C3A9F7537F,文化与旅游融合下民族村落文化空间的重构——以德宏州盈江县下勐劈傈僳族村为例,尹敏,2022,曲靖师范学院学报,10.3969/j.issn.1009-8879.2022.01.010,journal article,zh,TOUR_HOSP,T3
CITING-WORK-46DE70724220,微信朋友圈情境与个人角色和行为变化的关系研究,赵军奇,2017,,,thesis,zh,INTERDISC_OTHER,T3
CITING-WORK-29E37E061E80,社交媒介情境重构对成人初显期人群亲密关系的影响研究——以微信为例,肖娴,2020,,,thesis,zh,CULT_MEDIA,T3
CITING-WORK-79861BEC7243,媒介情境中小学家长微信群的社交行为研究,熊克斌,2022,,,thesis,zh,CULT_MEDIA,T3
CITING-WORK-2C4637B3057E,媒介环境视域下国际中文教育线上教学研究--以美国华裔儿童汉语教学为例,吴娱,2025,,,thesis,zh,EDUCATION,T3
CITING-WORK-955178E98781,移动互联网环境下教育传播的三重转向,李亦宁;梅一多,2018,当代传播,,journal article,zh,EDUCATION,T3
CITING-WORK-9F524144ED14,成果导向教育范式下教师主体价值分析,王伟芳,2017,大学教育,,journal article,zh,EDUCATION,T3
CITING-WORK-DEF09E349B2E,新时代背景下高校新型师生关系的构建,路月玲,2020,教书育人（高教论坛）,,journal article,zh,EDUCATION,T3
CITING-WORK-C420086299CA,信息化手段促进城市薄弱学校发展探究,熊宗强;洪世林;张士雷,2016,教育教学论坛,10.3969/j.issn.1674-9324.2016.52.117,journal article,zh,ARCH_DES_HER,T2
CITING-WORK-20D79FE4FF01,基于媒介情境理论的图书馆空间及角色转变,陈雪;郝庆,2018,农业图书情报学刊,10.13998/j.cnki.issn1002-1248.2018.02.028,journal article,zh,RURAL_AGRI,T3
CITING-WORK-63CB99574B90,小组讨论中医学生的学习偏好和投入度调查,徐阳婷;蒋佳伶;贺雨真,2022,中国高等医学教育,10.3969/j.issn.1002-1701.2022.02.016,journal article,zh,EDUCATION,T3
CITING-WORK-A081E368E74A,人工智能研发者道德责任实现研究,刘彩薇,2022,,,thesis,zh,INFO_TECH,T3
CITING-WORK-EA9431E9B161,科技人员的道德想象力研究,杨慧民,2014,,,thesis,zh,INTERDISC_OTHER,T3
CITING-WORK-2A59A76249D9,工程伦理的道德哲学研究,何菁,2014,,,thesis,zh,INTERDISC_OTHER,T3
CITING-WORK-6D5CE3EF7A18,技术设计价值冲突问题研究,王娜,2019,,,thesis,zh,INTERDISC_OTHER,T3
CITING-WORK-061E3FF51EC4,关于卓越工程师职业美德的探讨,丛杭青;张婉颉,2025,工程研究（跨学科视野中的工程）,10.3724/j.issn.1674-4969.20240069,journal article,zh,INTERDISC_OTHER,T3
CITING-WORK-A1F4321FD3FA,工程伦理案例教学的价值设计——兼论场景叙事法的课堂引入,何菁;丛杭青,2019,高等工程教育研究,,journal article,zh,EDUCATION,T3
CITING-WORK-881EB09681FA,当代工程伦理规范的道德心理分析,何菁,2015,昆明理工大学学报（社会科学版）,10.16112/j.cnki.53-1160/c.2015.01.003,journal article,zh,SOC_POLICY,T3
CITING-WORK-27FDF7B10199,工程伦理研究中的场景叙事--责任的表达与再发现,何菁,2016,昆明理工大学学报（社会科学版）,10.16112/j.cnki.53-1160/c.2016.02.001,journal article,zh,SOC_POLICY,T3
CITING-WORK-BDBFC972AC09,国内技术伦理研究综述 ——基于中国知网的计量可视化分析,李晗佶,2020,昆明理工大学学报（社会科学版）,10.16112/j.cnki.53-1160/c.2020.06.004,journal article,zh,SOC_POLICY,T3
CITING-WORK-BA6DF30D8BCB,技术应用不确定性的道德治理何以可能,阎国华,2022,理论学刊,10.3969/j.issn.1002-3909.2022.05.016,journal article,zh,SOC_POLICY,T3
CITING-WORK-15D86630681C,工程伦理“善-应当”逻辑结构的道德哲学阐释,何菁,2014,伦理学研究,,journal article,zh,INTERDISC_OTHER,T3
CITING-WORK-4396A10F324A,浅论工程生活的实践智慧,何菁,2016,伦理学研究,,journal article,zh,INTERDISC_OTHER,T3
CITING-WORK-E8F365B19122,基层图书馆服务乡村文化振兴的机制研究--以眉山市DP区图书馆为例,张海粼,2024,,,thesis,zh,RURAL_AGRI,T3
CITING-WORK-49E4BC237536,文化场景视域下中国武术发展路径优化研究,易彤;李士建,2024,武术研究,10.3969/j.issn.1004-5643.2024.09.012,journal article,zh,SPORT_LEISURE,T2
CITING-WORK-C49A4CC8F5F3,从艺术管理美学看艺术管理与文旅融合的逻辑关系,王小龙;齐慧姝,2024,内蒙古艺术学院学报,10.3969/j.issn.2096-5621.2024.03.021,journal article,zh,TOUR_HOSP,T3
CITING-WORK-2C741C9EC4A1,场景理论视角下特色小镇文化品牌构建与文旅融合路径——以东山海洋运动特色小镇为例,巫月娥;许楠,2023,湖北文理学院学报,10.3969/j.issn.1009-2854.2023.11.006,journal article,zh,TOUR_HOSP,T2
CITING-WORK-60EF30C0D680,数实融合前景下视听艺术赋能城市经济发展的路径与策略,何天平;王九灵,2023,中国电视,10.3969/j.issn.1002-4751.2023.07.008,journal article,zh,CULT_MEDIA,T2
CITING-WORK-643288A8F0F7,基于场景理论的西江千户苗寨非遗数字文旅体验设计研究,王思辰,2025,,,thesis,zh,TOUR_HOSP,T3
CITING-WORK-65706E6E23FC,基于休闲者体验的城市“烟火气”休闲空间评价体系构建研究,王乐,2025,,,thesis,zh,SPORT_LEISURE,T3
CITING-WORK-7276E467389F,我国省级乡村公共阅读服务政策文本研究:阶段演进、区域特征与优化对策,严贝妮;李泽欣;李雪,2025,高校图书馆工作,10.3969/j.issn.1003-7845.2025.04.004,journal article,zh,INFO_TECH,T2
CITING-WORK-C1879BABD5BC,乡村振兴视角下乡村新型公共文化空间要素体系探析,谢科,2025,农业产业化,,journal article,zh,RURAL_AGRI,T2
CITING-WORK-7EE98FBB7ABE,制度嵌入与协同共振:乡村振兴中农家书屋的生态重构研究,黄泽强,2025,农业经济,10.3969/j.issn.1001-6139.2025.11.043,journal article,zh,RURAL_AGRI,T2
CITING-WORK-CA9566C27E06,AIGC时代深度伪造事件舆情信息的风险感知与场景治理机制——以个人隐私事件为例,杨洋洋,2025,情报资料工作,10.12154/j.qbzlgz.2025.06.004,journal article,zh,INFO_TECH,T2
CITING-WORK-78D5D804ED79,基于有声阅读场景的乡村阅读空间听觉设计:适配性机理与实践路径研究,王艺谚;王铮;王若桢,2026,四川图书馆学报,10.3969/j.issn.1003-7136.2026.01.005,journal article,zh,SOC_POLICY,T2
CITING-WORK-91C8D67421D0,农文旅融合下乡村民宿发展的特征、机制与影响,陈国华;戴其文,2025,社会科学家,10.3969/j.issn.1002-3240.2025.03.012,journal article,zh,TOUR_HOSP,T3
CITING-WORK-F28DFC9E1963,场景理论视域下宣纸技艺数字游戏的叙事建构与设计转译研究,汪海波;吴达森;任荫虹,2025,宿州学院学报,10.3969/j.issn.1673-2006.2025.11.014,journal article,zh,INTERDISC_OTHER,T2
CITING-WORK-24C16E922A6E,"新时代乡村新型公共文化空间的实践路径——基于浙江省""最美乡村公共文化空间""典型案例的调查",应燕娜;王可鉴,2025,图书馆研究与工作,10.3969/j.issn.2096-2363.2025.01.010,journal article,zh,INFO_TECH,T2
CITING-WORK-31E5CAF419AA,数智化背景下乡村公共阅读空间设计路径研究,颜娇娇;吴成伟,2025,鞋类工艺与设计,10.3969/j.issn.2096-3793.2025-08-051,journal article,zh,TOUR_HOSP,T2
CITING-WORK-7C50C076B9C3,基于ASD理论的武汉市新洲区农村公共文化服务体系建构研究,邹鑫,2023,,,thesis,zh,RURAL_AGRI,T3
CITING-WORK-A981840ED44C,海草房村落公共文化空间再生设计研究--以荣成小西村为例,刘倩,2024,,,thesis,zh,RURAL_AGRI,T3
CITING-WORK-48F0BB668607,场景体验视角下昆明新亚洲体育城商业街区景观设计研究,邢晨,2025,,,thesis,zh,ARCH_DES_HER,T3
CITING-WORK-FF0CD36CE7C7,社会工作介入“村改居”社区文化空间建构实践研究--以芜湖市LH社区为例,袁媛,2025,,,thesis,zh,CULT_MEDIA,T3
CITING-WORK-80807B9824EE,场景理论下的浙中未来乡村建设框架与策略探索——以浙江省义乌市义亭镇缸窑村为例,王诗涵,2023,广东蚕业,10.3969/j.issn.2095-1205.2023.11.43,journal article,zh,ARCH_DES_HER,T2
CITING-WORK-BD87EE541DA1,场景理论下的智慧乡村景观营造策略研究——以宁波市应山村为例,佚名,,,,thesis,zh,ARCH_DES_HER,T3
CITING-WORK-211D4BB10E8C,基于Kano模型的杨家埠木版年画微信小程序设计研究,韩永锐,2022,,,thesis,zh,INTERDISC_OTHER,T3
CITING-WORK-9FC271913219,基于情境认知理论的文化传播类移动应用体验设计研究,李佳慧,2022,,,thesis,zh,CULT_MEDIA,T3
CITING-WORK-BC17EC95B5A5,隐私披露视角下餐饮类微信小程序使用意愿影响因素研究,曾爽,2023,,,thesis,zh,INTERDISC_OTHER,T3
CITING-WORK-F22C34E0CC92,乡村振兴背景下陇南市武都区电商发展路径研究,张喜耀,2023,,,thesis,zh,RURAL_AGRI,T3
CITING-WORK-B0B5D9F690B3,快手农产品直播带货的场景建构研究,许尔凯,2023,,,thesis,zh,INTERDISC_OTHER,T3
CITING-WORK-AE7DB3E09390,新媒体语境下红色文化的叙事研究——以延安精神为例,耿明辉,2023,,,thesis,zh,CULT_MEDIA,T3
CITING-WORK-8F802B4DEC56,高职图书馆官方微信小程序应用现状与发展,赖柳青,2022,大众科技,10.3969/j.issn.1008-1151.2022.02.051,journal article,zh,INTERDISC_OTHER,T3
CITING-WORK-006F4457FAFD,"""国宝微展示""小程序文物数字化情境表现研究",赵子惠,2021,新媒体研究,10.3969/j.issn.2096-0360.2021.21.011,journal article,zh,CULT_MEDIA,T2
CITING-WORK-C64EB3D27E54,数字时代故宫博物院数字服务提升路径探索,康晓璐,2021,新媒体研究,10.3969/j.issn.2096-0360.2021.23.026,journal article,zh,CULT_MEDIA,T2
CITING-WORK-6C8BCDFFA3A2,基于用户体验的微信小程序设计,许烨;潘超,2021,无线互联科技,10.3969/j.issn.1672-6944.2021.10.025,journal article,zh,INTERDISC_OTHER,T3
CITING-WORK-5EB90D01C8BE,基于微信强黏度的同伴互助小程序设计研究,陈琳;郭稳柱;李晔,2021,信息与电脑,10.3969/j.issn.1003-9767.2021.11.026,journal article,zh,INFO_TECH,T3
CITING-WORK-D05E34F2CD6C,"科普视域下的""玩转汉口里分""小程序设计",张姝;陶静颖,2021,艺术科技,10.3969/j.issn.1004-9436.2021.22.005,journal article,zh,CULT_MEDIA,T2
CITING-WORK-6D50B711F7EC,基于数据策管的博物馆数字服务设计,康晓璐,2023,自然科学博物馆研究,10.19628/j.cnki.jnsmr.2023.04.001,journal article,zh,CULT_MEDIA,T2
CITING-WORK-1D8C96A487D8,数字叙事视角下工业遗产档案开发利用研究,赵笑莹,2024,,,thesis,zh,ARCH_DES_HER,T3
CITING-WORK-873F322C024A,工业遗产档案开发的多维进路研究,王甜甜,2024,,,thesis,zh,ARCH_DES_HER,T3
CITING-WORK-A35B42953782,面向品牌营销的老字号企业档案叙事策略研究,于梦洁,2025,,,thesis,zh,ECON_BUS_CONS,T3
CITING-WORK-4A62CAF0EE14,叙事理论视角下专题档案数字资源整合研究,周耀林;章伟婷,2024,北京档案,10.3969/j.issn.1002-1051.2024.11.002,journal article,zh,INFO_TECH,T2
CITING-WORK-D38E4C773508,基于文化价值的工业建筑遗存更新使用后评价研究,吕元;李雨桐;张健,2024,城市建筑空间,10.3969/j.issn.1006-6659.2024.05.016,journal article,zh,ARCH_DES_HER,T2
CITING-WORK-EA512F02CF36,具身交互叙事下七三一细菌战档案参与创伤记忆构建研究,朱天梅;杨曦,2024,档案,10.3969/j.issn.1004-2733.2024.04.015,journal article,zh,INTERDISC_OTHER,T3
CITING-WORK-EBD2991DC219,档案叙事理论的演进脉络与融合育人策略研究评论,帖伟芝;彭兆龙,2024,档案管理,10.3969/j.issn.1005-9458.2024.03.024,journal article,zh,INTERDISC_OTHER,T3
CITING-WORK-7DC665F047A0,社会力量参与重特大事件档案工作的行动者网络构建研究,佚名,,,,thesis,zh,INFO_TECH,T3
CITING-WORK-6F8F61CC6E9C,档案叙事的文化意蕴——兼论归档环节的文化价值考量,陈永生;李典诰,2025,档案与建设,10.3969/j.issn.1003-7098.2025.12.007,journal article,zh,CULT_MEDIA,T3
CITING-WORK-06D0845ABC75,书院文化遗产数字叙事的行动框架与路径探索,陈则谦;任婧媛;赵蕊,2025,国家图书馆学刊,10.13666/j.cnki.jnlc.2025.0505,journal article,zh,INFO_TECH,T2
CITING-WORK-E08EB73F81BF,工业遗产档案利用与城市记忆构建研究,张镇升,2024,哈尔滨师范大学社会科学学报,10.3969/j.issn.2095-0292.2024.06.029,journal article,zh,ARCH_DES_HER,T3
CITING-WORK-E44BF5D67B77,沉浸数字叙事视角下重特大事件档案资源开发:应用现状、驱动逻辑与实现路径,朱明龙;孙军,2024,山西档案,10.3969/j.issn.1005-9652.2024.05.030,journal article,zh,INTERDISC_OTHER,T2
CITING-WORK-EB3F082C59F8,后现代主义视角下的档案叙事重构,禹权恒,2025,山西档案,10.3969/j.issn.1005-9652.2025.07.006,journal article,zh,INTERDISC_OTHER,T2
CITING-WORK-B13AE900CBC7,红色工业遗产档案的价值挖掘框架与实现路径,秦晓晶,2025,山西档案,10.3969/j.issn.1005-9652.2025.07.046,journal article,zh,INTERDISC_OTHER,T2
CITING-WORK-EE1717873AFB,习近平文化思想指导下的新时代档案文化建设路径研究,吴秀红,2026,山西档案,10.3969/j.issn.1005-9652.2026.02.045,journal article,zh,INTERDISC_OTHER,T2
CITING-WORK-49E55999C307,黄河流域资源型城市转型效率时空演变特征及影响因素研究,刘桂宏,2024,,,thesis,zh,URBAN_PLAN_GEO,T3
CITING-WORK-F0DA27D1F183,黄河流域资源型城市高质量发展测度及路径选择研究,张婧钰,2024,,,thesis,zh,URBAN_PLAN_GEO,T3
CITING-WORK-B9B6A6A62E22,地方品质、经济机会与县域人口流动--以陕西省为例,杨静月,2024,,,thesis,zh,ECON_BUS_CONS,T3
CITING-WORK-0B9E81B76FF3,高铁网络对中国城市经济高质量发展的影响研究,刘震,2024,,,thesis,zh,ECON_BUS_CONS,T3
CITING-WORK-C413A45AF454,生命周期视角下资源型城市空间形态的演变机理及优化策略研究--以马鞍山市为例,娄晓峰,2024,,,thesis,zh,URBAN_PLAN_GEO,T3
CITING-WORK-4DAABA9A026F,人才生态视角下城市引才效能提升的组态路径分析,杨柳林,2024,,,thesis,zh,URBAN_PLAN_GEO,T3
CITING-WORK-EEC9B8C903EC,出口技术复杂度对收入差距的影响研究,童家琛,2024,,,thesis,zh,INTERDISC_OTHER,T3
CITING-WORK-839DD768C85E,城市宜居性对城市创新发展的影响研究——基于供给侧和需求侧视角的分析,龚勤林;王舒鹤,2024,生态文明研究,,journal article,zh,URBAN_PLAN_GEO,T3
CITING-WORK-64A1B2134811,资源型城市经济高质量发展的制度组态研究,程恋军;王琳茜,2023,城市问题,10.13239/j.bjsshkxy.cswt.230903,journal article,zh,URBAN_PLAN_GEO,T2
CITING-WORK-A7C072040531,知识溢出对空间经济的影响机理——一个新空间经济学模型,刘威;杨开忠;董亚宁,2025,经济学动态,,journal article,zh,ECON_BUS_CONS,T3
CITING-WORK-2625F77126A0,资源型城市可持续发展政策对能源利用效率的影响,蒋鑫雨,2025,科技和产业,10.3969/j.issn.1671-1807.2025.08.036,journal article,zh,ECON_BUS_CONS,T3
CITING-WORK-E723F6041EA7,地方品质对商贸流通经济的影响效应——人力资本的中介效应,李洁冬,2025,商业经济研究,10.3969/j.issn.1002-5863.2025.09.008,journal article,zh,ECON_BUS_CONS,T2
CITING-WORK-385CFD20F574,资源型城市土地绿色利用效率的动态演进、空间差异及收敛性,边志强;张倩华,2025,水土保持学报,10.13870/j.cnki.stbcxb.2025.02.038,journal article,zh,URBAN_PLAN_GEO,T3
CITING-WORK-FA5C9F1D506A,东北地区资源型城市产业结构转型:困境与突破,郭小妹;张林,2024,现代工业经济和信息化,10.16525/j.cnki.14-1362/n.2024.10.090,journal article,zh,ECON_BUS_CONS,T3
CITING-WORK-FC7D4EB2A9A6,县域产业结构转型与数字化协同的组态路径研究——基于31个县(县级市)的模糊集定性比较分析,李燕凌;蔡湘杰,2024,管理学刊,10.19808/j.cnki.41-1408/f.2024.0032,journal article,zh,ECON_BUS_CONS,T3
CITING-WORK-04387B55AF97,临时的友谊：可供性视角下青年群体“搭子式”交往的关系实践,徐千禧,2024,,,thesis,zh,INTERDISC_OTHER,T3
CITING-WORK-6707013EB829,基于“搭子”关系的新闻分享研究,李嘉璇,2024,,,thesis,zh,INTERDISC_OTHER,T3
CITING-WORK-B91010E4F8D2,社交媒体时代青年群体搭子社交的表征、成因及审思,刘莹,2024,,,thesis,zh,CULT_MEDIA,T3
CITING-WORK-ECC94367F7C6,媒介可供性视角下的青年“搭子社交”研究--以小红书平台为例,陆玥,2025,,,thesis,zh,CULT_MEDIA,T3
CITING-WORK-33D58B396B6C,“找搭子”：一项关于Z世代青年网络交往的质性研究,边艳艳,2025,,,thesis,zh,INFO_TECH,T3
CITING-WORK-0D2E53DE43B4,青年群体搭子社交的自我呈现研究——以小红书平台为例,钟欣悦,2025,,,thesis,zh,INFO_TECH,T3
CITING-WORK-8445D48669A6,小红书平台青年“搭子”社交的情感传播研究,邓雨婷,2025,,,thesis,zh,CULT_MEDIA,T3
CITING-WORK-1C3DAB6F6226,“搭子”社交与“附近”的重建,张晶,2025,,,thesis,zh,INTERDISC_OTHER,T3
CITING-WORK-CD97FC896B9A,连接与分离：青年群体搭子社交的数字交往研究,朱美林,2025,,,thesis,zh,INFO_TECH,T3
CITING-WORK-2ADCFC2D2BE7,"碎片与重构:数字社交视角下00后大学生""搭子社交""趋势",杨胜乾;甘许露;王倩,2024,国际公关,,journal article,zh,CULT_MEDIA,T2
CITING-WORK-E60B9B1C7C34,"社交媒体平台中的青年群体""运动搭子""行为研究——以小红书为例",杨颖;李岭涛,2025,南京体育学院学报,10.3969/j.issn.2096-5648.2025.06.004,journal article,zh,CULT_MEDIA,T3
CITING-WORK-EE7D59DF058F,"社会转型期新生代群体的""搭子""社交研究——以Z世代大学生为研究对象",张曙光;丛铭;赵梦阁,2024,中国社会心理学评论,,journal article,zh,SOC_POLICY,T2
CITING-WORK-CAF217A54221,中国农村社交媒体的使用和社会群体的重构--以鄂西白杨村为个案,赵晓样,2019,,,thesis,zh,RURAL_AGRI,T3
CITING-WORK-D437008444B7,基于媒介情境理论的中央苏区俱乐部传播模式研究,汪丹珂,2020,,,thesis,zh,CULT_MEDIA,T3
CITING-WORK-DE00A630A9E3,基于媒介系统依赖理论的智能手机使用与乡村拆迁安置居民社会交往研究,杨默涵,2022,,,thesis,zh,RURAL_AGRI,T3
CITING-WORK-72E67FB4CCF9,场景构建对“蚂蚁森林”用户公益行为的影响研究,金高阳,2021,,,thesis,zh,INTERDISC_OTHER,T3
CITING-WORK-DEDCF335F1E0,社区图书馆空间媒介的交往实践研究一一以长沙市社区图书馆为例,刘雅琴,2023,,,thesis,zh,CULT_MEDIA,T3
CITING-WORK-F6F71936EBE8,湖南农村随迁进城老人的数字素养研究——以长沙市M社区、岳阳市P村为例,吴晓聪,2023,,,thesis,zh,RURAL_AGRI,T3
CITING-WORK-D1AA0CA64972,连接与离散：Q村老人短视频使用与社会交往,何莉,2024,,,thesis,zh,CULT_MEDIA,T3
CITING-WORK-B280C50A9647,媒介实践视角下农村儿童智能手机使用研究--基于D村小学儿童的田野考察,陈念,2025,,,thesis,zh,RURAL_AGRI,T3
CITING-WORK-6B985224F3EC,乡村政策传播中的媒介动员与关系重塑--基于中部M镇的田野考察,李雪丽,2024,,,thesis,zh,RURAL_AGRI,T3
CITING-WORK-4A4CC7E42259,媒介逻辑何以嵌入行动——返乡青年短视频研究,周孟杰;徐生权;吴玮,2022,当代青年研究,10.3969/j.issn.1006-1789.2022.01.009,journal article,zh,SOC_POLICY,T2
CITING-WORK-6DE0CCFD751A,新媒介视阈下乡村社会关系的流变 ——基于新冠肺炎疫情期间对S省户部村微信群的考察,刘思诺;方静雯;吕奥,2021,新媒体研究,10.3969/j.issn.2096-0360.2021.16.024,journal article,zh,CULT_MEDIA,T2
CITING-WORK-C2A652C7158C,新媒体环境下乡村公共空间的变迁——基于湖南省南水村的田野调查,王子丰;王巍;李嘉琛,2021,新媒体研究,10.3969/j.issn.2096-0360.2021.19.015,journal article,zh,CULT_MEDIA,T2
CITING-WORK-27D14836403C,传播何以助力乡村振兴:中国乡村传播研究述评(2017-2022),郭建斌;念鹏帆,2023,江西师范大学学报（哲学社会科学版）,10.3969/j.issn.1000-579x.2023.03.012,journal article,zh,RURAL_AGRI,T3
CITING-WORK-8DEB9EB79E73,以“一”贯之:社会化媒体视野下乡村治理秩序的重构,李红艳;韩芸,2020,现代传播,,journal article,zh,CULT_MEDIA,T2
CITING-WORK-99C999EDDE1F,场景理论视角下东明县黄河国家文化公园景观设计研究,张仲绪,2024,,,thesis,zh,ARCH_DES_HER,T3
CITING-WORK-E4D1E3157A70,场景理论及其在我国历史城镇保护与更新中的应用,李和平;靳泓;Terry N.Clark,2022,城市规划学刊,10.16361/j.upf.202203014,journal article,zh,URBAN_PLAN_GEO,T2
CITING-WORK-810494D6DAAF,九江市近现代工业遗存的地方性特征研究,邓元媛;李晗,2023,工业建筑,10.13204/j.gyjzg23083136,journal article,zh,ARCH_DES_HER,T2
CITING-WORK-0EE79947C932,工业遗产旅游创新体系研究 ——以鞍山市为例,何云梦;徐菲菲;剌利青,2021,中国名城,10.19924/j.cnki.1674-4144.2021.01.004,journal article,zh,URBAN_PLAN_GEO,T2
CITING-WORK-0F173E360571,基于目标场景的传统村落保护规划策略研究,王刚;陈师雅,2022,中外建筑,10.19940/j.cnki.1008-0422.2022.06.016,journal article,zh,ARCH_DES_HER,T2
CITING-WORK-A90923DF6064,民族高校“一站式”学生社区铸牢中华民族共同体意识实践探究,强文杰,2025,,,thesis,zh,EDUCATION,T3
CITING-WORK-A31545A4EBA5,人工智能赋能高校思想政治教育的实践审思研究,董钰洁,2025,,,thesis,zh,EDUCATION,T3
CITING-WORK-900F7B7C842B,高中思想政治课国家安全教育研究,陈芦丹,2025,,,thesis,zh,EDUCATION,T3
CITING-WORK-B0BF70AE85E0,安徽省本科高校学生全球胜任力水平与影响因素研究,郑文婷,2025,,,thesis,zh,EDUCATION,T3
CITING-WORK-68CA3BA605D7,新媒体时代大学生积极社会心态培育研究,高艺丹,2025,,,thesis,zh,CULT_MEDIA,T3
CITING-WORK-00FB8E2F3ABB,"新媒体赋能的地方高校""三全育人""模式探索",吴芳,2025,传播与版权,,journal article,zh,CULT_MEDIA,T2
CITING-WORK-9B2021244B0F,新媒体载体提升高校思政教育效果研究,赵楠;舒保国,2025,大众文艺,10.20112/j.cnki.issn1007-5828.2025.06.056,journal article,zh,ARCH_DES_HER,T2
CITING-WORK-84109537503B,"数字经济背景下高校思想政治教育""场景化""建设与实践研究",王晶,2025,经济师,10.3969/j.issn.1004-4914.2025.10.091,journal article,zh,ECON_BUS_CONS,T2
CITING-WORK-A3566A11719E,"大学生志愿服务场景化:高校实践育人的""三志""路径",佚名,,,,thesis,zh,EDUCATION,T3
CITING-WORK-367458A0BB02,新媒体背景下红色文化融入高职院校思政课的路径研究,佚名,,,,thesis,zh,CULT_MEDIA,T3
CITING-WORK-D323D6318DEC,新媒体赋能高校思政教育的实践路径研究,马啟梅,2025,科教导刊,10.16400/j.cnki.kjdk.2025.33.014,journal article,zh,EDUCATION,T3
CITING-WORK-AC45BD4240A9,沉浸式优化:数智技术赋能思想政治教育场景化叙事探赜,汪金英;张远彤,2025,昆明理工大学学报（社会科学版）,10.16112/j.cnki.53-1160/c.2025.05.151,journal article,zh,EDUCATION,T3
CITING-WORK-A6406D0A231C,"媒介素养导向下职业院校""大思政课""场景化教学体系构建路径探究",孙佳星;杨君,2026,新闻研究导刊,10.26918/j.xwyjdk.2026.04.026,journal article,zh,CULT_MEDIA,T2
CITING-WORK-3A6F2B944B7E,思想政治教育视域下高校学生软技能提升研究,佚名,,,,thesis,zh,EDUCATION,T3
CITING-WORK-683154768E37,护理学专业核心课程思政教学创新与实践,尹航;欧阳国莲;杨莉莉,2025,中华护理教育,10.3761/j.issn.1672-9234.2025.06.005,journal article,zh,EDUCATION,T3
CITING-WORK-06016782ECCC,南通板鹞风筝文化创意设计研究,张颖,2023,,,thesis,zh,CULT_MEDIA,T3
CITING-WORK-524F136B17EF,创业环境对乡村旅游小企业家创业导向的影响研究,刘惠,2023,,,thesis,zh,TOUR_HOSP,T3
CITING-WORK-B1A7B0250890,文旅融合场景中数字化服务的用户体验研究,李亚灿,2022,,,thesis,zh,TOUR_HOSP,T3
CITING-WORK-56925D928D94,基于场景理论的渔鼓传承与旅游融合路径研究,徐庶,2025,,,thesis,zh,TOUR_HOSP,T3
CITING-WORK-3CFAE195C971,新时代恩施州茶文化产业创新发展对策,杨洁;陈舫幼;陶丽萍,2023,中南农业科技,10.3969/j.issn.1007-273x.2023.02.045,journal article,zh,RURAL_AGRI,T3
CITING-WORK-56D4B4EE309E,论乡村振兴背景下英山缠花文旅融合发展策略,陈元玉;刘蕾,2023,湖北第二师范学院学报,10.3969/j.issn.1674-344x.2023.03.002,journal article,zh,TOUR_HOSP,T3
CITING-WORK-2047F2365978,文旅融合发展的逻辑、维度与路径,周鹍鹏;王佳莹,2022,商丘师范学院学报,10.3969/j.issn.1672-3600.2022.07.017,journal article,zh,TOUR_HOSP,T3
CITING-WORK-181AEF27B78D,“云录制”综艺节目的场景研究,渠颖,2021,,,thesis,zh,INTERDISC_OTHER,T3
CITING-WORK-19E2017D9717,《人民日报》冬奥会报道叙事学研究（1980-2018）,刘梅,2021,,,thesis,zh,INTERDISC_OTHER,T3
CITING-WORK-720FF79D9EAE,从记录到隐喻：Vlog原生广告表达策略与优化研究,徐湾,2022,,,thesis,zh,INTERDISC_OTHER,T3
CITING-WORK-ACB2CB83944B,媒介情境论视角下“桌面影视”创作特征与传播策略研究,叶青,2022,,,thesis,zh,CULT_MEDIA,T3
CITING-WORK-14A2F4017932,网络游戏玩家身份认同的传播学解读,朱国元,2021,,,thesis,zh,CULT_MEDIA,T3
CITING-WORK-9E769244DD62,乡村振兴战略下乡村青年人物报道的叙事特色--以《中国青年报》为例,王琼樱,2023,,,thesis,zh,RURAL_AGRI,T3
CITING-WORK-04E9DC57A6D7,基于微叙事结构的汉字动态设计研究——以160个非遗生僻字为例,苗茂超,2024,,,thesis,zh,INTERDISC_OTHER,T3
CITING-WORK-3548504CD151,基于场景理论的平阳木版年画数字文创设计,姬灿;李轶南,2021,包装工程,10.19554/j.cnki.1001-3563.2021.18.049,journal article,zh,ARCH_DES_HER,T2
CITING-WORK-AC9142837C49,融媒时代非物质文化遗产的传播创新,佚名,,,,thesis,zh,ARCH_DES_HER,T3
CITING-WORK-A4C9487718BB,基于场景理论的春节数字拜年H5的文创设计研究,王璐,2023,丝网印刷,10.20084/j.cnki.1002-4867.2023.10.029,journal article,zh,CULT_MEDIA,T2
CITING-WORK-79BA30B0C959,智媒时代主流意识形态的场景传播及其实践策略,潘同人,2025,燕山大学学报（哲学社会科学版）,10.15883/j.13-1277/c.20250403708,journal article,zh,CULT_MEDIA,T3
CITING-WORK-7C3E336D188D,社会主义核心价值观视觉传播的效能与路径,陈世华;蒋博斌,2024,中共南昌市委党校学报,10.3969/j.issn.1672-4445.2024.06.012,journal article,zh,CULT_MEDIA,T3
CITING-WORK-CAC3672DDCA8,读书视频用户的场景化阅读对深阅读行为影响研究,周雯倩,2024,,,thesis,zh,INTERDISC_OTHER,T3
CITING-WORK-5597EB452A28,媒介场景视角下小学校园阅读推广研究,龚桢桢,2023,,,thesis,zh,EDUCATION,T3
CITING-WORK-2A218BCD78B2,面向青年群体的主题出版物出版现状与创新策略研究——基于2012-2024年主题出版重点出版物选题的分析,佚名,,,,thesis,zh,INTERDISC_OTHER,T3
CITING-WORK-B645BE643F37,体验阅读盛行的元宇宙阅读图景,郭青青,2022,出版发行研究,10.3969/j.issn.1001-9316.2022.09.012,journal article,zh,CULT_MEDIA,T2
CITING-WORK-B191620379E7,媒体融合下的新闻出版创新发展之路,李继君,2023,采.写.编,10.3969/j.issn.1007-8177.2023.11.043,journal article,zh,CULT_MEDIA,T2
CITING-WORK-7763F6887A97,从浅层结合走向深度融合：数字政府场景化应用的优化路径,朱婷婷;贠杰,2025,电子政务,10.16582/j.cnki.dzzw.2025.02.001,journal article,zh,SOC_POLICY,T2
CITING-WORK-70BCCC1A4705,以情分景:主题出版物的融媒体场景营销研究,吴申伦,2021,科技与出版,,journal article,zh,CULT_MEDIA,T2
CITING-WORK-E47510AFEDC7,场景化阅读对用户持续阅读行为的影响研究,韩飞飞,2023,图书馆工作与研究,,journal article,zh,INFO_TECH,T2
CITING-WORK-13E63D702963,"场景视域下高校图书馆空间教育价值的思考——以广东财经大学图书馆""发呆区""走红为例",曾翠;王忠政;官凤婷,2025,图书馆学刊,10.3969/j.issn.1002-1884.2025.06.006,journal article,zh,INFO_TECH,T2
CITING-WORK-6E18758ACBA1,城市微更新背景下的街巷空间场景设计探究——以成都市玉林东路社区为例,余欣;陈玲;王载波,2025,智能建筑与智慧城市,10.13655/j.cnki.ibci.2025.01.022,journal article,zh,ARCH_DES_HER,T2
CITING-WORK-2E9A70DB5CC3,活动与空间耦合的山地城市公共空间优化路径——以重庆万州高笋塘片区为例,佚名,,,,thesis,zh,URBAN_PLAN_GEO,T3
CITING-WORK-4478B7481133,基于旧厂房改造的集中式青年公寓空间设计研究,田莉,2024,,,thesis,zh,ARCH_DES_HER,T3
CITING-WORK-A6B5CF841866,城市旅游背景下山地老旧社区公共空间可供性测度及优化策略研究--以重庆金汤街、领事巷社区为例,张显民,2024,,,thesis,zh,TOUR_HOSP,T3
CITING-WORK-AAB147FBCA72,建筑叙事视域下的主题公园空间塑造设计方法研究,王晨松,2024,,,thesis,zh,ARCH_DES_HER,T3
CITING-WORK-96E2B71422E2,基于时空行为的山地城镇社区邻里交往空间提质更新策略研究,黄思敏,2024,,,thesis,zh,URBAN_PLAN_GEO,T3
CITING-WORK-092A71561F70,"旅游休闲街区""南宁之夜""长远发展策略探析",吴爱玲;张瑞梅;李梅,2023,旅游纵览,10.3969/j.issn.1004-3292.2023.17.044,journal article,zh,TOUR_HOSP,T2
CITING-WORK-0B895B50236C,场景理论视域下仙桃市文旅夜经济发展策略,徐婧婷;陶丽萍,2023,中南农业科技,10.3969/j.issn.1007-273x.2023.10.040,journal article,zh,RURAL_AGRI,T2
CITING-WORK-0630F93A4A23,新时期历史城区城市更新方法探索,邓东;杨亮;李晨然,2022,城市规划,10.11819/cpr20221417a,journal article,zh,ARCH_DES_HER,T2
CITING-WORK-AB7295739B9D,乡镇居民夜间休闲空间结构与行为特征——以丹阳市司徒镇为例,高岳旻;贺云;张祯,2022,南京晓庄学院学报,10.3969/j.issn.1009-7902.2022.06.017,journal article,zh,SPORT_LEISURE,T3
CITING-WORK-2BB0378A42A3,广厦艺术街文化艺术创意活动研究,段奕凡,2024,,,thesis,zh,CULT_MEDIA,T3
CITING-WORK-98EDC157FC1F,基于旅游地生命周期理论的广州市增城区正果老街适应性管理研究,李师,2025,,,thesis,zh,TOUR_HOSP,T3
CITING-WORK-E78A33B7B859,四川旅游休闲街区景观设施交互设计研究--以绵阳北川巴拿恰街区为例,欧红瑜,2023,,,thesis,zh,ARCH_DES_HER,T3
CITING-WORK-29EA438565BD,基于MTEs的旅游休闲街区游客忠诚度研究--以成都市宽窄巷子为例,李春慧,2023,,,thesis,zh,ARCH_DES_HER,T3
CITING-WORK-765E730E2513,旅游休闲街区夜间旅游满意度影响因素研究,朱玺;刘敏,2023,旅游论坛,10.15962/j.cnki.tourismforum.202306067,journal article,zh,TOUR_HOSP,T2
CITING-WORK-E10BF6046EEE,旅游休闲街区游客满意度测评及影响因素研究--以洛阳老城历史文化街区为例,程姝,2023,,,thesis,zh,ARCH_DES_HER,T3
CITING-WORK-916AE91972B7,重庆弹子石老街地方性感知与提升策略研究,杜玢汍,2025,,,thesis,zh,INTERDISC_OTHER,T3
CITING-WORK-42933334C0C7,文化记忆视角下革命纪念馆场景营造研究——以八路军西安办事处为例,易露,2023,,,thesis,zh,CULT_MEDIA,T3
CITING-WORK-D88089DCBA3D,夜市经济升级的城市空间要素与优化路径——基于流媒体平台数据的分析,佚名,,,,thesis,zh,ECON_BUS_CONS,T3
CITING-WORK-132C1A3CF267,城市文化与商业融合助力消费扩容提质的机制与对策建议,王宝义;潘景宜,2025,上海城市管理,10.3969/j.issn.1674-7739.2025.02.010,journal article,zh,SOC_POLICY,T2
CITING-WORK-6B4E172AC47A,基于场景理论的机场文旅商业空间发展路径研究——以青岛胶东国际机场为例,郭娜;刘家齐;姜乃源,2025,商业经济研究,10.3969/j.issn.1002-5863.2025.10.045,journal article,zh,ECON_BUS_CONS,T2
CITING-WORK-AA176CF4A342,基于场景理论的历史性城市景观消费空间感知研究,周详;成玉宁,2021,中国园林,10.19775/j.cla.2021.03.0056,journal article,zh,ARCH_DES_HER,T2
CITING-WORK-123C20CB24E2,ZH公司商业地产项目运营管理策略优化研究,张林生,2024,,,thesis,zh,ECON_BUS_CONS,T3
CITING-WORK-DF6A22C36F36,城市“嵌入式健身空间”公共服务供给研究——以上海市为例,李欣怡,2024,,,thesis,zh,SPORT_LEISURE,T3
CITING-WORK-84AE477128F1,风险管理视角下A商业综合体内部控制研究,刘文风,2025,,,thesis,zh,ECON_BUS_CONS,T3
CITING-WORK-B303394BE772,长沙旅游休闲街区场景对旅游者幸福感的影响研究,刘文斯,2025,,,thesis,zh,ARCH_DES_HER,T3
CITING-WORK-7E429F60F037,夜间文旅消费集聚区游客体验评价与提升策略研究--以大唐不夜城为例,谢宝谊,2025,,,thesis,zh,TOUR_HOSP,T3
CITING-WORK-587A32D545FF,湖南省室内滑雪场的运营模式与发展策略,陈香竹,2025,,,thesis,zh,INTERDISC_OTHER,T3
CITING-WORK-46502D86E87E,数字经济对居民现场观赛的影响与作用机制,郭惠杰;蔡明翰;赵少聪,2025,北京体育大学学报,10.19582/j.cnki.11-3785/g8.2025.03.001,journal article,zh,SPORT_LEISURE,T2
CITING-WORK-B33022BE3D43,"互动仪式链下""体育饭圈""行为表现与治理研究",张逸歌;刘亮;冯巧,2025,湖北体育科技,10.20185/j.cnki.1003-983x.2025.05.009,journal article,zh,SPORT_LEISURE,T2
CITING-WORK-FD2E92DB665F,互联网背景下以水稻田园为主题的城市商业综合体规划与发展研究,党晓岚;胡薇,2025,北方水稻,10.3969/j.issn.1673-6737.2025.02.016,journal article,zh,TOUR_HOSP,T2
CITING-WORK-44E66D7322E0,全龄友好背景下城市体育服务综合体发展的理蕴、掣肘与纾解,谭利;武佳亨;李德玺,2025,体育科技文献通报,10.19379/j.cnki.issn.1005-0256.2025.09.014,journal article,zh,SPORT_LEISURE,T2
CITING-WORK-E52D06FC0F26,发达国家促进观赏型体育消费经验与启示,佚名,,,,thesis,zh,ECON_BUS_CONS,T3
CITING-WORK-9F9CACA2E3ED,文旅体商融合背景下中国马术综合体发展路径构建,曹媛媛;徐剑,2025,武汉商学院学报,10.3969/j.issn.2095-7955.2025.06.004,journal article,zh,TOUR_HOSP,T3
CITING-WORK-5A03F54AC61E,南粤古驿道体育赛事提升村民社会资本的实践经验与启示,袁青,2024,文体用品与科技,10.3969/j.issn.1006-8902.2024.19.015,journal article,zh,SPORT_LEISURE,T2
CITING-WORK-37D60CFDD783,体育赛事驱动线下商业活力提升的路径研究,周静;罗兰;林祥河,2025,文体用品与科技,10.3969/j.issn.1006-8902.2025.08.012,journal article,zh,SPORT_LEISURE,T2
CITING-WORK-843D4054E280,甘肃省某文旅综合体项目建设成本控制方案研究,马福德,2024,工程技术研究,10.19537/j.cnki.2096-2789.2024.23.052,journal article,zh,ARCH_DES_HER,T2
CITING-WORK-68C3AF06E304,基于场所精神的长春西五马路商业步行街空间设计研究,苏航,2025,,,thesis,zh,ARCH_DES_HER,T3
CITING-WORK-E4EC8C5AEC0F,基于村庙文化遗产视角的太原城中村改造历史记忆活化利用研究,聂昭宇,2025,,,thesis,zh,ARCH_DES_HER,T3
CITING-WORK-9CA0FBB50E33,多元数据视角下城市漫游的空间格局及分异成因研究——以北京为例,吕林声;丁奇;李鑫,2025,城市发展研究,10.3969/j.issn.1006-3862.2025.08.020,journal article,zh,URBAN_PLAN_GEO,T2
CITING-WORK-0C41977FE62C,可解释人工智能城市设计:从科学问题到方法建构,杨俊宴,2025,城市规划,10.11819/cpr20250705a,journal article,zh,ARCH_DES_HER,T2
CITING-WORK-166F6C15508A,可持续城市更新的场景化营造,佚名,,,,thesis,zh,URBAN_PLAN_GEO,T3
CITING-WORK-FD8024DEE9EC,城市景观层积的概念、特征与城市更新途径,佚名,,,,thesis,zh,ARCH_DES_HER,T3
CITING-WORK-C332C4EE4E2C,基于场景理论研究下的城市更新中生活消费空间的塑造——以武汉江夏科技工作者社区为例,徐路怡,2025,建筑与文化,10.19875/j.cnki.jzywh.2025.08.062,journal article,zh,ARCH_DES_HER,T2
CITING-WORK-F0CB17FCCD14,城市记忆传承导向下的工业遗产更新规划路径探索——以武汉市汉阳铁厂片区为例,佚名,,,,thesis,zh,ARCH_DES_HER,T3
CITING-WORK-5250FC6CEF84,VR眼动驱动的空间认知多模态教学实践:以闽台传统街区风貌归属感研究为例,张乐敏;张若曦,2025,世界建筑,10.3969/j.issn.1002-4832.2025.08.024,journal article,zh,ARCH_DES_HER,T3
CITING-WORK-436A3E36AAA1,县城城市更新中的城市设计策略研究——以新疆伊吾县为例,陈杰;操婷婷;赵楠,2024,小城镇建设,10.3969/j.issn.1009-1483.2024.10.015,journal article,zh,URBAN_PLAN_GEO,T2
CITING-WORK-15BFD478BA95,基于多源地理数据的城市场景复杂度分异研究——以上海市为例,房浩然,2025,智能城市,10.19301/j.cnki.zncs.2025.12.002,journal article,zh,CULT_MEDIA,T2
CITING-WORK-005D3EDC8A2D,媒介情境理论视域下网络直播中隐私侵权问题研究,曹滋宇,2020,,,thesis,zh,CULT_MEDIA,T3
CITING-WORK-E7ED128DAA22,媒介情境理论视角下的“慢直播”解读,鲍子婷,2021,,,thesis,zh,CULT_MEDIA,T3
CITING-WORK-AE4DCDA3A5B6,新华社客户端“现场云”的云现场建构研究,谭思慧,2021,,,thesis,zh,INTERDISC_OTHER,T3
CITING-WORK-8BF741B7A66A,电视综艺节目中传统文化的创新传播策略分析--以河南卫视“中国节日”系列节目为例,白雪,2023,,,thesis,zh,CULT_MEDIA,T3
CITING-WORK-E102C3E4FF00,跨越边界的电子游戏：媒介情境视域下玩家互动研究,冯军伟,2023,,,thesis,zh,CULT_MEDIA,T3
CITING-WORK-8354AA679DC4,依托小程序的媒体融合路径探索,宫承波;孙宇,2019,当代传播,,journal article,zh,EDUCATION,T2
CITING-WORK-750A4AE2DE0D,媒介情境视域下教师角色的异化与回归,李可会,2024,高等继续教育学报,10.3969/j.issn.1006-7353.2024.02.009,journal article,zh,EDUCATION,T3
CITING-WORK-7F59C598BA88,网络化背景下的社区体育公共服务:特征变化与体系重构,韦金亮;顾晨光;李志清,2021,广州体育学院学报,10.3969/j.issn.1007-323x.2021.06.003,journal article,zh,CULT_MEDIA,T2
CITING-WORK-042316C57C5E,党报微博年轻化转型突围的有益尝试——以四川日报微博为例,张运骄,2022,青年记者,,journal article,zh,CULT_MEDIA,T2
CITING-WORK-792D558598DD,社会化媒体时代舆论博弈的技术逻辑,岳璐;罗邮息,2020,传媒评论,10.3969/j.issn.1004-9029.2020.03.033,journal article,zh,INTERDISC_OTHER,T2
CITING-WORK-851A025EDB84,农村环境治理共同体建设困境及路径研究--以河南省鹿邑县为例,翟茂森,2023,,,thesis,zh,RURAL_AGRI,T3
CITING-WORK-A15FF302DC0D,赋权视角下公益机构与服务对象协同生产研究--以杭州市Q公益机构G项目为例,钱敏,2023,,,thesis,zh,INTERDISC_OTHER,T3
CITING-WORK-C9608EF27F57,地区发展模式下社会工作介入复合型社区治理共同体构建研究--以H市S社区D项目为例,贾佳,2024,,,thesis,zh,URBAN_PLAN_GEO,T3
CITING-WORK-83EA90EA67A5,社会工作参与城市家政工赋能研究—以X机构绿色家政项目为例,李明博,2024,,,thesis,zh,URBAN_PLAN_GEO,T3
CITING-WORK-0A7C798E05B7,社会工作推动居民参与社区公共空间营造研究——以上海市X社区花园建设项目为例,贾文宇,2024,,,thesis,zh,URBAN_PLAN_GEO,T3
CITING-WORK-3E3137FCBD1D,枢纽型社会组织参与社区生态教育研究--以L社区社联会为例,杨菲,2025,,,thesis,zh,EDUCATION,T3
CITING-WORK-CEE96E8254F6,BIM技术驱动建筑企业绿色发展绩效评价研究：嵌入式视角,董方雨,2024,,,thesis,zh,ARCH_DES_HER,T3
CITING-WORK-7108A7C97CF6,2022年社会工作研究年度进展述评,何雪松;于钰;程怡雯,2023,社会工作与管理,10.3969/j.issn.1671-623x.2023.02.001,journal article,zh,SOC_POLICY,T2
CITING-WORK-EB9DB4C06CD6,陪伴、链接与颠倒的实践感:环境治理中社会工作者的角色形塑过程,汤皓然;罗桥,2024,社会工作与管理,10.3969/j.issn.1671-623x.2024.05.007,journal article,zh,SOC_POLICY,T2
CITING-WORK-167562F87277,乡村振兴背景下社会工作介入社区治理探讨,杨潇,2023,国际公关,,journal article,zh,CULT_MEDIA,T2
CITING-WORK-E981CE6946BD,合作、运动和竞争:社会工作倡导企业环境治理的策略研究,程鹏立;冷梦婷;程洁静,2025,环境社会学,,journal article,zh,ECON_BUS_CONS,T3
CITING-WORK-E961688BEFE3,角色与行动策略:环境社会工作者参与构建农村环境治理共同体的转译实践,何一明;王水玲;吴迪,2025,环境社会学,,journal article,zh,RURAL_AGRI,T3
CITING-WORK-B45A9FA6E0F3,"社会工作参与可持续社区环境建设的实务探讨——以""绿缘计划""为例",邢宇宙;陈夏,2025,环境社会学,,journal article,zh,URBAN_PLAN_GEO,T3
CITING-WORK-82C189ACA6DF,"环境社会治理的社会工作实践面向——以""制度-生活""为视角",汤皓然,2025,环境社会学,,journal article,zh,SOC_POLICY,T3
CITING-WORK-B95222A8DB0D,数字技术驱动社区环境治理共同体建构:现实困境、内在逻辑与路径选择,施生旭;张向向,2024,学习论坛,,journal article,zh,EDUCATION,T3
CITING-WORK-B95CA4C8DE3D,生态共情与生态赋能:环境社会工作者的感性积累与理性反思,罗桥,2023,学习与探索,10.3969/j.issn.1002-462x.2023.06.006,journal article,zh,EDUCATION,T3
CITING-WORK-C110ECBC2EC8,基于“关联耦合”理论的潇贺古道兰溪村公共空间优化研究,蒋明华,2024,,,thesis,zh,URBAN_PLAN_GEO,T3
CITING-WORK-46EB70524F54,社交媒体营销对青年旅游者山地旅游目的地决策行为的影响研究,张苗苗,2025,,,thesis,zh,TOUR_HOSP,T3
CITING-WORK-4EEF6BE03A84,基于土地利用视角的广西蒲庙镇村域乡村性评价研究,何艳阳;王欢;张永霞,2025,城市建筑,10.19892/j.cnki.csjz.2025.11.21,journal article,zh,ARCH_DES_HER,T2
CITING-WORK-657DBF4879DA,青年旅游动机导向下的城市工业地块触媒联动更新研究——以枣庄市薛城焦化厂为例,李源鑫;孙锦培;胡莹,2025,华中建筑,10.3969/j.issn.1003-739x.2025.12.026,journal article,zh,ARCH_DES_HER,T2
CITING-WORK-D742BAE914DD,民宿旅游的乡村性生产与消费研究,田苗苗,2024,旅游纵览,10.3969/j.issn.1004-3292.2024.17.062,journal article,zh,TOUR_HOSP,T2
CITING-WORK-170DDF57FA09,返乡青年参与乡村振兴的类型、困境及路径,方思琪,2025,南方农机,10.3969/j.issn.1672-3872.2025.19.028,journal article,zh,RURAL_AGRI,T3
CITING-WORK-5FB324015F05,"乡村振兴视域下滇南Z村""产业兴村""的文旅实践",普顺茂;童融,2024,商业观察,10.3969/j.issn.2096-0808.2024.23.022,journal article,zh,ECON_BUS_CONS,T2
CITING-WORK-43656F3422F0,数字空间与影游想象:江苏文旅红色文化的数智传播新形态,佚名,,,,thesis,zh,TOUR_HOSP,T3
CITING-WORK-77E73BFA6B43,低成本乡土材料在现代乡村建筑外立面中的创新表达,郭志辉,2026,中国建筑装饰装修,10.3969/j.issn.1672-2167.2026.04.020,journal article,zh,ARCH_DES_HER,T2
CITING-WORK-CD3E054F4F97,蒙古搏克文化抖音传播研究,宝音楚古拉,2024,,,thesis,zh,CULT_MEDIA,T3
CITING-WORK-9206BCCBD297,广西三江侗族文化新媒体传播策略研究,李松立,2024,,,thesis,zh,CULT_MEDIA,T3
CITING-WORK-3F8872652A98,中国传统文化的短视频呈现及跨文化解读研究--以来华留学生为对象,刘宏萍,2025,,,thesis,zh,CULT_MEDIA,T3
CITING-WORK-3B20254061A7,贵州“村超”民族特色文化短视频的内容呈现与传播效果研究--基于抖音平台,吴家钰,2025,,,thesis,zh,CULT_MEDIA,T3
CITING-WORK-CCFA68AA62F4,短视频对江西城市旅游形象的建构与传播研究--以抖音平台为例,孙沁怡,2025,,,thesis,zh,TOUR_HOSP,T3
CITING-WORK-BACC33D6948A,舞蹈短视频的传播现状研究——基于抖音平台的实证分析,佚名,,,,thesis,zh,CULT_MEDIA,T3
CITING-WORK-BAFD02C36B4C,短视频创作中民族文化符号挖掘与传播策略,黄义武,2025,传播力研究,,journal article,zh,CULT_MEDIA,T2
CITING-WORK-1134726CEB68,文化类新闻报道传播效果分析,杨盛,2026,传播力研究,10.3969/j.issn.2096-3866.2026.04.006,journal article,zh,CULT_MEDIA,T2
CITING-WORK-7C67EB3D4254,铸牢中华民族共同体意识视域下的社交媒体网络民族关系及其逻辑进路,金强;渠枭宇,2025,民族学论丛,10.16023/j.cnki.cn64-1016/c.2025.04.003,journal article,zh,CULT_MEDIA,T3
CITING-WORK-4DEF9BC89C6D,"少数民族文化短视频传播效果研究——以""五畲""为例",佚名,,,,thesis,zh,CULT_MEDIA,T3
CITING-WORK-F9AE6A1BD35F,价值审美与文化疗愈:少数民族非遗短视频用户体验研究,田娇;张悦;黄合水,2024,西南民族大学学报（人文社会科学版）,10.3969/j.issn.1004-3926.2024.08.016,journal article,zh,SOC_POLICY,T2
CITING-WORK-F2D7F78E380C,再现与想象:少数民族变装短视频的身份认同与文化自觉,吴晓雨,2023,汉江师范学院学报,10.19575/j.cnki.cn42-1892/g4.2023.04.006,journal article,zh,CULT_MEDIA,T3
CITING-WORK-688B68876476,视听再造、空间延展、修辞创新:短视频与城市文化传播策略,张一骢,2023,中国出版,10.3969/j.issn.1002-4166.2023.21.010,journal article,zh,CULT_MEDIA,T2
CITING-WORK-C19E9C69F0B3,新媒体视域下少数民族文化的传播路径,李萌萌,2024,中国民族博览,10.3969/j.issn.1007-4198.2024.10.027,journal article,zh,ARCH_DES_HER,T2
CITING-WORK-4A26AA2F2E5F,组织机制视角下的基层政法委员会研究,梁国庆,2025,,,thesis,zh,INTERDISC_OTHER,T3
CITING-WORK-FA487C4CB1F5,多线程治理情境下乡镇政府治理行动的策略选择与实践逻辑--基于鲁西北W镇的调查,穆颀昌,2025,,,thesis,zh,SOC_POLICY,T3
CITING-WORK-35C2678D2AC6,专栏导语:组织与治理之间:地方治理中的能动性机制,孟天广,2023,公共行政评论,10.3969/j.issn.1674-2486.2023.06.001,journal article,zh,SOC_POLICY,T3
CITING-WORK-D3E4BC23AF63,多民族互嵌社区再造与各民族交往交流交融——基于云南省兰坪白族普米族自治县的个案研究,罗强强,2024,广西民族大学学报（哲学社会科学版）,,journal article,zh,URBAN_PLAN_GEO,T3
CITING-WORK-6F18DE3BE5CB,复合治理:复杂情境下乡村治理的实践逻辑,佚名,,,,thesis,zh,RURAL_AGRI,T3
CITING-WORK-B7ACF5C35D5B,家庭、村庄与国家:妇女治村生成机理的三维分析,许晓,2024,暨南学报（哲学社会科学版）,10.11778/j.jnxb.20230967,journal article,zh,SOC_POLICY,T3
CITING-WORK-755A7C332040,"地方治理中的""中心工作"":学术进展与理论争辩",刘灵;肖唐镖,2024,江西师范大学学报（哲学社会科学版）,10.3969/j.issn.1000-579x.2024.04.008,journal article,zh,RURAL_AGRI,T2
CITING-WORK-DD81A395C62B,"""挂钩联系""制度的概念特征、实践形态与运行机理——基于Z市推进解决""安置房办证难""问题的实证考察",丁煌;黄彦智,2025,理论探讨,10.3969/j.issn.1000-8594.2025.01.011,journal article,zh,INTERDISC_OTHER,T3
CITING-WORK-344306B573AD,借势赋能:消除贫困的社会工程的中国之治——以云南省怒江州兰坪县的易地扶贫搬迁工程为例,罗强强,2024,南京师大学报（社会科学版）,10.3969/j.issn.1001-4608.2024.02.009,journal article,zh,SOC_POLICY,T3
CITING-WORK-1378E5AFDAD8,情感重构搬迁社区治理共同体的三阶路径——基于L县易地扶贫搬迁社区的田野考察,佚名,,,,thesis,zh,URBAN_PLAN_GEO,T3
CITING-WORK-EBF2AC8A02E2,感恩教育:铸牢中华民族共同体意识的有效路径,罗强强,2025,思想战线,10.3969/j.issn.1001-778x.2025.02.006,journal article,zh,EDUCATION,T3
CITING-WORK-9EEB627B1A28,"TOE理论视域下数字政府场景化治理的运行机制——以""12345·临沂首发""为例",冉敏;车振豪,2026,西部学刊,10.3969/j.issn.2095-6916.2026.08.018,journal article,zh,CULT_MEDIA,T2
CITING-WORK-B36F108351C5,人工智能赋能教师队伍治理的内涵、机理与实践策略,刘邦奇;龙海,2025,现代远距离教育,10.3969/j.issn.1001-8700.2025.05.002,journal article,zh,EDUCATION,T3
CITING-WORK-9D0645BF14D2,搬迁社区治理共同体建设中的情感重构——基于云南省怒江州L县的个案研究,罗强强;杨李婕,2025,学术探索,10.3969/j.issn.1006-723x.2025.03.015,journal article,zh,URBAN_PLAN_GEO,T3
CITING-WORK-42F0F512172E,场景建构与技术嵌入:政务服务高质量发展实现机制研究——基于A市不动产登记改革的案例分析,罗强强;史祥禾,2024,治理研究,10.3969/j.issn.1007-9092.2024.04.005,journal article,zh,SOC_POLICY,T2
CITING-WORK-023959640BA6,媒介情境视域下微信朋友圈的自我呈现行为研究,谭海燕,2018,,,thesis,zh,CULT_MEDIA,T3
CITING-WORK-6EA72206D582,媒介情境理论下的社区传播研究--以天津河西区为例,马凯楠,2020,,,thesis,zh,CULT_MEDIA,T3
CITING-WORK-B93AEEEAA0D0,拟剧理论视角下老年人的媒介形象自我呈现研究——以抖音平台为例,王姿娇,2022,,,thesis,zh,CULT_MEDIA,T3
CITING-WORK-0E2EF86A561D,赋权理论视域下的“乡村新闻官”传播赋权研究--以广东省清远市阳山县为例,吴雪,2023,,,thesis,zh,RURAL_AGRI,T3
CITING-WORK-363C8EE6FD50,性别觉醒与觉醒调适：中国精英女运动员的婚姻研究,赵岑,2023,,,thesis,zh,SPORT_LEISURE,T3
CITING-WORK-DF503EAA8620,中小学教培老师在抖音的自我呈现研究,周子宜,2024,,,thesis,zh,INTERDISC_OTHER,T3
CITING-WORK-71F9321FF6AF,基于个人直播间新社交场景的社会交往行为分析,张磊,2018,,,thesis,zh,SOC_POLICY,T3
CITING-WORK-8E8BC3508951,媒介情境论视阈下移动网络游戏的虚拟交往研究——以《和平精英》手游为例,文佳杨,2021,新媒体研究,10.3969/j.issn.2096-0360.2021.05.037,journal article,zh,CULT_MEDIA,T2
CITING-WORK-D37358FB7D18,媒介情境论视角下网络游戏的虚拟交往研究——以《摩尔庄园》手游为例,王泽晨,2021,新媒体研究,10.3969/j.issn.2096-0360.2021.17.028,journal article,zh,CULT_MEDIA,T2
CITING-WORK-6CA68756E7CF,拟剧理论视域下小镇青年的媒介形象研究,王璐彬,2024,新媒体研究,10.3969/j.issn.2096-0360.2024.03.016,journal article,zh,CULT_MEDIA,T2
CITING-WORK-9422F41B31CC,vlog新闻中的场景美学 ——基于梅洛维茨情境论的延伸思考,吕宇翔;方格格,2022,未来传播,,journal article,zh,CULT_MEDIA,T3
CITING-WORK-B2606C5BEB1D,"媒介情境视角下的""草根""足球赛事新媒体传播实践研究",朱家豪,2025,运动与健康,10.20272/j.cnki.ydyjk.2025.04.043,journal article,zh,CULT_MEDIA,T3
CITING-WORK-7FCDF114455E,自发性歌迷类网站的编辑特色及传播影响力研究——以“三大歌迷网”为例,袁硕,2015,中国编辑,,journal article,zh,CULT_MEDIA,T2
CITING-WORK-A6BFB3B12228,街道健身休闲空间质量评价及其对居民健康活动行为的影响研究——以西安市三条街道为例,李昕,2023,,,thesis,zh,SPORT_LEISURE,T3
CITING-WORK-9C7729E84A23,体育空间新的增长点：桥下空间利用研究,谢妮娜,2024,,,thesis,zh,SPORT_LEISURE,T3
CITING-WORK-48C1B47B2456,运动新空间：居家健身类新媒体对用户健身行为的影响研究,王语哲,2024,,,thesis,zh,CULT_MEDIA,T3
CITING-WORK-9C3B0C71294C,成都市青羊区体育设施空间布局特征及影响因素研究,郑雯雯,2025,,,thesis,zh,SPORT_LEISURE,T3
CITING-WORK-A5F2534AA7DC,基于居民健身需求的社区环境空间更新设计研究--以苏州市姑苏区为例,朱佳,2023,,,thesis,zh,SPORT_LEISURE,T3
CITING-WORK-C49CCA745A56,学生体育活动空间研究的时空演进及未来向度,王钏宇;陈治,2023,福建体育科技,10.3969/j.issn.1004-8790.2023.06.015,journal article,zh,SPORT_LEISURE,T3
CITING-WORK-1F1B18B40DE0,以体育场景激活城市剩余空间的动力机制、实践探索与路径启示,汪欢欢;姚南,2024,广州体育学院学报,10.13830/j.cnki.cn44-1129/g8.2024.05.011,journal article,zh,CULT_MEDIA,T2
CITING-WORK-68A47AD82F7A,城市公共体育空间更新的内涵表达、结构困境与路径选择,李文,2023,喀什大学学报,10.13933/j.cnki.2096-2134.2023.03.017,journal article,zh,SPORT_LEISURE,T3
CITING-WORK-ED0ADBDDDCEB,城市触媒效应下社区口袋公园对生活体育空间的延伸——以青海省西宁市城东区泰宁花园为例,王钏宇;陈治,2024,山东体育科技,10.3969/j.issn.1009-9840.2024.04.005,journal article,zh,SPORT_LEISURE,T2
CITING-WORK-E4A8EA622F3E,论紧凑城市理念下全民健身与全民健康深度融合,吕和武;王瑞,2023,体育文化导刊,10.3969/j.issn.1671-1572.2023.07.006,journal article,zh,SPORT_LEISURE,T2
CITING-WORK-E98C00280D48,发达国家全民友好型体育公园设计经验与启示,金峰;李雨阳,2023,体育文化导刊,10.3969/j.issn.1671-1572.2023.10.009,journal article,zh,SPORT_LEISURE,T2
CITING-WORK-740FF6845FAC,体育类博物馆推进美育的价值及实践路径,禹晓静,2025,体育文化导刊,10.3969/j.issn.1671-1572.2025.09.015,journal article,zh,SPORT_LEISURE,T2
CITING-WORK-7267BB52DEBD,非体育用地建设体育设施的制度非均衡性与制度创新策略——基于上海市的多案例分析,张程锋;杨金娥,2023,体育学刊,,journal article,zh,SPORT_LEISURE,T2
CITING-WORK-FD729762B7D5,基于居民体育健身需求的名城老旧住区更新对策研究——以苏州市姑苏区为例,周国艳;朱佳;丁仲元,2023,中国名城,10.19924/j.cnki.1674-4144.2023.007.011,journal article,zh,URBAN_PLAN_GEO,T2
CITING-WORK-3576FC4ADC45,公共图书馆文旅融合发展：实践、困境、策略——以C市为例,刘艳灵,2021,,,thesis,zh,TOUR_HOSP,T3
CITING-WORK-ADE3CC1F807D,广东省文旅融合“粤书吧”政策执行研究,董蕾,2022,,,thesis,zh,TOUR_HOSP,T3
CITING-WORK-4412DEEBEC96,基于游客体验的古城景区夜间旅游产品优化研究--以正定古城为例,刘倩,2025,,,thesis,zh,TOUR_HOSP,T3
CITING-WORK-B3E3CC13B071,文旅融合下苏州地区文创产品设计研究,潘晓晴,2022,,,thesis,zh,TOUR_HOSP,T3
CITING-WORK-A0A3BF006A6E,湖北评书的传承发展研究,杨岚,2023,,,thesis,zh,INTERDISC_OTHER,T3
CITING-WORK-70C521445EFD,文旅融合视域下通剧融入旅游发展探析,张超越,2025,当代音乐,10.3969/j.issn.1007-2233.2025.07.063,journal article,zh,TOUR_HOSP,T3
CITING-WORK-8074196FDB14,文旅融合背景下苏州昆曲旅游演艺研究,付钰展,2022,大舞台,,journal article,zh,TOUR_HOSP,T3
CITING-WORK-0A463CF34AE2,试分析锡剧表演的艺术形式,包静,2021,大众文艺,10.3969/j.issn.1007-5828.2021.07.063,journal article,zh,ARCH_DES_HER,T2
CITING-WORK-5BF603086B68,文旅新业态的生成机制、发展逻辑与高质量发展路径,江凌,2023,贵州师范大学学报（社会科学版）,10.16614/j.gznuj.skb.2023.03.014,journal article,zh,TOUR_HOSP,T2
CITING-WORK-E516767E251B,泰州梅兰芳京剧文化旅游深度开发研究,徐佳惠;宋欢,2023,旅游纵览,10.3969/j.issn.1004-3292.2023.09.044,journal article,zh,TOUR_HOSP,T2
CITING-WORK-4530D5650C32,"""一带一路""和成渝双城经济圈建设背景下重庆市川剧旅游开发与利用探究",陈明明;耿飚,2021,全国流通经济,10.3969/j.issn.1009-5292.2021.13.039,journal article,zh,ECON_BUS_CONS,T2
CITING-WORK-0E82D86B5BBB,浅析曲艺与地方文化的融合策略,陈艺文,2023,参花,,journal article,zh,INTERDISC_OTHER,T2
CITING-WORK-0CF1FBC62B49,"""后旅发时代""大庆文旅高质量发展长效机制研究",韩丹丹,2023,文化创新比较研究,10.3969/j.issn.2096-4110.2023.34.025,journal article,zh,CULT_MEDIA,T2
CITING-WORK-5F48819D2413,旅游凝视视角下戏曲文化传承与发展的政策文本分析 ——以江苏省为中心,朱锦程,2021,江苏师范大学学报（哲学社会科学版）,10.3969/j.issn.2095-5170.2021.05.004,journal article,zh,TOUR_HOSP,T3
CITING-WORK-75FAFF57AC9C,文旅融合背景下上党梆子的发展新理念,康志清;隋欣,2022,艺术研究,10.3969/j.issn.1673-0321.2022.03.045,journal article,zh,TOUR_HOSP,T2
CITING-WORK-BE0B9A1FB668,文旅融合下城市夜间经济治理的理论逻辑、现实困境与规则重建,牛文涛;贾丽娟;尚雯雯,2023,资源开发与市场,10.3969/j.issn.1005-8141.2023.07.007,journal article,zh,URBAN_PLAN_GEO,T2
CITING-WORK-0EA8EF355468,情绪消费的理论溯源与规范发展,宋玉茹,2025,东北财经大学学报,10.19653/j.cnki.dbcjdxxb.2025.05.006,journal article,zh,ECON_BUS_CONS,T2
CITING-WORK-8EFAFA549A34,"发挥新消费引领作用:""十四五""回顾与""十五五""展望",毛中根;苏虹,2026,东北财经大学学报,10.19653/j.cnki.dbcjdxxb.2026.02.004,journal article,zh,ECON_BUS_CONS,T2
CITING-WORK-5450C5A48808,消费温和向好亮点热点增多政策质效齐升提供有力支撑——2025年上半年消费形势分析及下半年展望,邹蕴涵,2025,价格理论与实践,10.19851/j.cnki.cn11-1010/f.2025.07.220,journal article,zh,ECON_BUS_CONS,T3
CITING-WORK-DC569EFF04EE,中国新消费发展指数测度及其空间差异,刘娜;肖文琛;李静,2026,经济地理,10.15957/j.cnki.jjdl.2026.02.012,journal article,zh,ECON_BUS_CONS,T2
CITING-WORK-6185857CD335,东北三省冰雪旅游消费新场景营造的生成机理、价值意蕴与实践进路,王楷钧;冯灿,2025,吉林体育学院学报,10.3969/j.issn.1672-1365.2025.06.002,journal article,zh,ECON_BUS_CONS,T2
CITING-WORK-E68868B9ACC2,基于CiteSpace的首发经济研究演进脉络与前沿趋势分析,陈洪鑫;苏林晓;王超,2026,科技和产业,10.3969/j.issn.1671-1807.2026.02.036,journal article,zh,ECON_BUS_CONS,T2
CITING-WORK-422ECA3E61DE,消费潜力评估与提振路径研究——以西安市为例,廖民生;郭鹏;汤韵嫣,2026,会计之友,10.3969/j.issn.1004-5937.2026.06.021,journal article,zh,ECON_BUS_CONS,T3
CITING-WORK-E382DB44F758,数实融合赋能首发经济:影响机制与空间溢出效应,侯守杰,2026,企业经济,10.13529/j.cnki.enterprise.economy.2026.01.010,journal article,zh,ECON_BUS_CONS,T3
CITING-WORK-F212473E099C,体育赛事驱动居民消费潜力释放:理论机制与实证检验,崔李明;王家宏,2025,体育科学,10.16469/j.css.2025kx084,journal article,zh,ECON_BUS_CONS,T2
CITING-WORK-C5F92095BA88,生态系统理论视域下提振数字体育消费研究,李孟华;弓衡;郭振华,2025,体育文化导刊,10.3969/j.issn.1671-1572.2025.10.004,journal article,zh,SPORT_LEISURE,T2
CITING-WORK-D1B9F9319DB3,首发经济赋能河南省体育消费转型升级的路径创新研究,程一冉,2026,文体用品与科技,10.3969/j.issn.1006-8902.2026.03.049,journal article,zh,SPORT_LEISURE,T2
CITING-WORK-2EC4C371C933,新质生产力与新型消费的双向互动:理论机制与实现路径,郭晗;崔葆洪,2026,消费经济,,journal article,zh,ECON_BUS_CONS,T2
CITING-WORK-9E53751F09C4,消费者即烹预制菜风险认知对购买意愿的影响机制研究,王丽丹;邓永胜;李连英,2026,新疆农垦经济,10.3969/j.issn.1000-7652.2026.01.003,journal article,zh,ECON_BUS_CONS,T3
CITING-WORK-2B419BC2AF3A,"""十五五""时期以新质消费力推进中国式现代化建设的内在逻辑与路径选择",李思仪;韩秋红,2026,新疆社会科学（汉文版）,10.20003/j.cnki.xjshkx.2026.01.003,journal article,zh,ECON_BUS_CONS,T2
CITING-WORK-4130DDA809D3,关于我国万店连锁企业的发展现状与思考,荆润灿,2025,中国商论,10.19699/j.cnki.issn2096-0298.2025.21.061,journal article,zh,ECON_BUS_CONS,T2
CITING-WORK-516FA1586E18,"泡泡玛特撬动""Z世代""消费市场的运行逻辑——兼论新消费时代潮玩现象对文商旅融合发展的启示",邵柏惠;丁丁,2026,统计科学与实践,10.3969/j.issn.1674-8905.2026.01.010,journal article,zh,ECON_BUS_CONS,T3
CITING-WORK-645CEA845F6E,影视植入式广告场景建构研究,王春萌,2018,,,thesis,zh,INTERDISC_OTHER,T3
CITING-WORK-30340BFF4BC9,网络文学IP价值开发研究,王姝雨,2018,,,thesis,zh,INFO_TECH,T3
CITING-WORK-12684AE71C64,跨媒介叙事视域下的IP运营模式研究,梁媛媛,2017,,,thesis,zh,CULT_MEDIA,T3
CITING-WORK-37D37E925241,基于媒介融合的IP出版研究,陈燚,2018,,,thesis,zh,CULT_MEDIA,T3
CITING-WORK-B8A0AD35BDC0,阅文集团网络文学IP运营研究,熊绎景,2019,,,thesis,zh,INFO_TECH,T3
CITING-WORK-6A8A0D937C79,场景融合营销中计算广告作用研究,蔡润珩,2019,,,thesis,zh,INTERDISC_OTHER,T3
CITING-WORK-9A542E08559F,社群经济视角下客户参与对住宅购买意愿的影响研究,石璐,2021,,,thesis,zh,ECON_BUS_CONS,T3
CITING-WORK-476CC7E86136,媒介融合背景下传统出版业IP运营策略研究,刘畅,2022,,,thesis,zh,CULT_MEDIA,T3
CITING-WORK-B6702FF15C13,智媒体对新闻场景中的用户影响研究,闫伟,2019,,,thesis,zh,CULT_MEDIA,T3
CITING-WORK-36D44DCB71A6,“互联网+”背景下国产IP电影的问题及对策研究,张梦云,2018,,,thesis,zh,CULT_MEDIA,T3
CITING-WORK-F0D4AB2E6869,图书出版超媒体叙事模式及其对经营绩效的影响研究,韩飞飞,2018,,,thesis,zh,CULT_MEDIA,T3
CITING-WORK-B762EC74A675,国产动漫IP运营研究--以玄机科技动漫为例,包宝涛,2018,,,thesis,zh,INTERDISC_OTHER,T3
CITING-WORK-0F8405C7D089,奥飞娱乐IP运营研究,赵文学,2018,,,thesis,zh,INTERDISC_OTHER,T3
CITING-WORK-12006877469B,IP策略下的版权运作研究,曹金焰,2021,东南传播,,journal article,zh,CULT_MEDIA,T2
CITING-WORK-A2B775F31784,积极老龄化背景下老年媒体的发展策略,邓燕玲,2020,青年记者,,journal article,zh,CULT_MEDIA,T2
CITING-WORK-AAF4375F6F0F,新闻传播专业移动化教学策略探析 ——基于95后大学生信息使用习惯的视角,刘峰;王者,2017,新闻传播,,journal article,zh,CULT_MEDIA,T2
CITING-WORK-209A3A3412DD,基于模糊DEMATEL-ISM的旅游休闲街区游客体验质量影响因素研究,吴敏瑞,2025,,,thesis,zh,ARCH_DES_HER,T3
CITING-WORK-00FEFDA717E7,游客感知视角下历史文化街区步行空间文化要素评价研究——以北京法源寺街区为例,李勤;彭绍民;李艳伟,2026,北京建筑大学学报,10.19740/j.2096-9872.2026.02.01,journal article,zh,ARCH_DES_HER,T3
CITING-WORK-0E3236F9DE20,居游共融理念下的西安明城区街区空间活力复兴策略,吴左宾;葛周怡欣,2025,城市环境设计,10.19974/j.cnki.cn21-1508/tu.2025.06.0123,journal article,zh,ARCH_DES_HER,T2
CITING-WORK-FDCDBB19211D,系统共生与四维协同:艺术城市理念下的社区微更新路径研究,辛儒鸿;李雪;武定宇,2025,工业 工程 设计,10.19798/j.cnki.2096-6946.2025.06.005,journal article,zh,CULT_MEDIA,T3
CITING-WORK-21B2C984A7DB,符号消费与场景制造:网红经济赋能城市休闲业态的空间生产逻辑研究,方龄萱,2025,价格理论与实践,10.19851/j.cnki.cn11-1010/f.2025.06.184,journal article,zh,ECON_BUS_CONS,T3
CITING-WORK-A93F4C4C46BB,"城市微更新背景下成都市玉林街区""金角银边""公园场景营建路径探究",陈明坤;蔡秋阳;李艳华,2025,园林,10.12193/j.laing.2025.09.0054.007,journal article,zh,ARCH_DES_HER,T2
CITING-WORK-C14D3D260C6D,工业遗产类创意产业园场景感知评价及规划策略研究--以广州市三个园区为例,何花,2024,,,thesis,zh,ARCH_DES_HER,T3
CITING-WORK-B497D40FBEBD,主客乡愁地方感研究——以龚滩古镇为例,易海玉,2024,,,thesis,zh,INTERDISC_OTHER,T3
CITING-WORK-553F74B968F8,文旅融合背景下仿古型旅游区地方重构与对策研究,吕泽浩,2025,,,thesis,zh,TOUR_HOSP,T3
CITING-WORK-C4E568695AF9,长江国家文化公园（湖北段）建设中纺织非遗要素植入模式及策略研究,王珊珊,2025,,,thesis,zh,CULT_MEDIA,T3
CITING-WORK-EA19DEE3C515,非遗融入长城国家文化公园（秦皇岛段）的建设路径研究--基于多元主体协同视域,安悦,2025,,,thesis,zh,CULT_MEDIA,T3
CITING-WORK-027A0EF2E4B9,长江国家文化公园框架下近现代城市文化遗产的保护与利用——以武汉市为例,张玉栋;余日季,2025,湖北理工学院学报（人文社会科学版）,10.3969/j.issn.2095-4662.2025.04.009,journal article,zh,ARCH_DES_HER,T3
CITING-WORK-3302A95D3F84,场景理论视角下城镇历史街区空间分析及营造策略研究——以松阳北直街街区更新设计为例,陈佳楣;周梅子;赵静,2025,华中建筑,,journal article,zh,ARCH_DES_HER,T2
CITING-WORK-2CBFBDF7D401,国家文化公园建设中的公众国家文化感知建构,彭雷霆;皮彦芳,2025,华中师范大学学报（人文社会科学版）,10.19992/j.cnki.1000-2456.2025.06.006,journal article,zh,ARCH_DES_HER,T2
CITING-WORK-0DB46438337C,长江流域纪念场域空间要素与游客感受联结分析,刘雪芬,2023,理论月刊,10.14180/j.cnki.1004-0544.2023.09.010,journal article,zh,TOUR_HOSP,T3
CITING-WORK-9B0FAA4E4F6D,中华文化传承视野下国家文化公园的价值定位及政策意义,傅才武;魏冀,2023,山东大学学报（哲学社会科学版）,10.19836/j.cnki.37-1100/c.2023.05.004,journal article,zh,INTERDISC_OTHER,T2
CITING-WORK-CA85A46AD8ED,国家文化公园的历史物象-意象-意境三重叙事结构,傅才武;李高峰,2024,深圳大学学报（人文社会科学版）,10.3969/j.issn.1000-260x.2024.06.001,journal article,zh,CULT_MEDIA,T2
CITING-WORK-3B7DA1617BF5,新时代社会主义核心价值观融入文化生产和服务路径新探,高宏存;刘颖,2024,治理现代化研究,,journal article,zh,TOUR_HOSP,T2
CITING-WORK-29EF58B01A3B,互动、分享和连接：网易云音乐用户的社交研究,屈青青,2022,,,thesis,zh,INTERDISC_OTHER,T3
CITING-WORK-555CBE95AF57,直播带货中官员形象的自我呈现研究,何瑜昇,2021,,,thesis,zh,INTERDISC_OTHER,T3
CITING-WORK-BBB8052AF621,电商直播中主播对消费者购买意愿的影响研究,胡人丹,2021,,,thesis,zh,ECON_BUS_CONS,T3
CITING-WORK-71D37FEB68CC,拟剧理论视域下直播带货主播自我呈现行为研究,王成东,2023,,,thesis,zh,INTERDISC_OTHER,T3
CITING-WORK-627AA4B9E4B4,新媒介环境下带货短视频中的身体传播研究--以李佳琦短视频为例,刘珈希,2021,,,thesis,zh,CULT_MEDIA,T3
CITING-WORK-19768B1EDB84,生鲜农产品直播电商网购消费者满意度影响因素研究,刘芳妤,2021,,,thesis,zh,ECON_BUS_CONS,T3
CITING-WORK-B1F29BDAAD53,媒介情境论视域下抖音男性“性别反串”现象研究,王盼盼,2025,,,thesis,zh,CULT_MEDIA,T3
CITING-WORK-9C44EA369916,基于媒介情境论探析电商直播的作用机制,刘应月;曾令远,2021,传媒论坛,10.3969/j.issn.2096-5079.2021.07.076,journal article,zh,CULT_MEDIA,T2
CITING-WORK-A683F4D9C6E4,多元情境下的身份冲突:媒介情境论视域下明星直播带货翻车现象之透析,刘鸿儒,2021,湖北经济学院学报（人文社会科学版）,10.3969/j.issn.1671-0975.2021.08.025,journal article,zh,ECON_BUS_CONS,T3
CITING-WORK-1575C2CF39F4,基于媒介理论下广电会展文化传播模式研究,杨婷婷,2020,,,thesis,zh,CULT_MEDIA,T3
CITING-WORK-36F53CECC6A4,成都地铁对成都新移民城市记忆的多维建构研究,曾晶,2022,,,thesis,zh,URBAN_PLAN_GEO,T3
CITING-WORK-3C68984FF983,马莱兹克大众传播系统模式下双一流高校体育形象传播研究,林嘉鸿,2022,,,thesis,zh,EDUCATION,T3
CITING-WORK-BB44814F39EC,ST地铁公司车站内营销策略优化研究,黄惠,2022,,,thesis,zh,INTERDISC_OTHER,T3
CITING-WORK-B65360682A0A,作为媒介的地铁：太原地铁对城市形象建构研究,王昭,2023,,,thesis,zh,CULT_MEDIA,T3
CITING-WORK-C5F3DAAF6FCD,武汉市地铁公共文化空间的服务优化研究,孟瑶,2023,,,thesis,zh,CULT_MEDIA,T3
CITING-WORK-08CFDCB1CC87,自媒体助力贵州省本科高校学生体育社团建设路径研究,滕翔,2024,,,thesis,zh,EDUCATION,T3
CITING-WORK-88D37BAB7B91,短视频视阈下地铁新媒体的形象建构研究——以西安地铁官媒为例,靳璇,2022,,,thesis,zh,CULT_MEDIA,T3
CITING-WORK-E496E2E89A6D,基于马莱茨克传播模式的韩国初级本土中文教材中国文化内容选择与传播效果研究,范雪晴,2024,,,thesis,zh,CULT_MEDIA,T3
CITING-WORK-46B22AE3120A,基于马莱兹克传播模式的时尚品牌传播策略研究,师想,2024,,,thesis,zh,ECON_BUS_CONS,T3
CITING-WORK-C46A712F3852,文化生态学视域下上海地铁站空间视觉文化研究,胡一叶,2025,,,thesis,zh,CULT_MEDIA,T3
CITING-WORK-432469F46106,儿童肌肉骨骼疾病健康短视频质量评估工具的编制与应用,李雅婷,2025,,,thesis,zh,CULT_MEDIA,T3
CITING-WORK-E4361AFB3DE5,数字阅读空间中的信息流动、情感凝聚与虚拟互动,张美娟;苏华雨;王萌,2023,出版科学,10.3969/j.issn.1009-5853.2023.02.007,journal article,zh,INFO_TECH,T2
CITING-WORK-3CA8E30C4BDE,短视频:传统电视新闻转型的时代机遇 ——以《新闻联播》抖音短视频为例,黄凤仪,2021,科技传播,10.3969/j.issn.1674-6708.2021.10.049,journal article,zh,CULT_MEDIA,T2
CITING-WORK-9D05FFC23C3A,刍议长春地铁站厅文化创意,李响;王维英;张文赫,2020,科技资讯,10.16661/j.cnki.1672-3791.2005-5042-2198,journal article,zh,INFO_TECH,T2
CITING-WORK-B8E87F5666B9,消费舒适物、劳动力流动与城市发展研究,武优勐,2020,,,thesis,zh,ECON_BUS_CONS,T3
CITING-WORK-AADCE334A77A,数字技术赋能博物馆场景创新的机理研究,刘欢,2025,,,thesis,zh,CULT_MEDIA,T3
CITING-WORK-CE1A4BA0EB6B,福建省惠安县西头村居民公共文化参与的影响因素研究,张冰冰,2022,,,thesis,zh,CULT_MEDIA,T3
CITING-WORK-01BAB47E0D2E,场景舒适物组合对旅游地空间诗性的影响研究：以大运河枫桥景区为例,王一帆,2022,,,thesis,zh,TOUR_HOSP,T3
CITING-WORK-1D06E55D310A,City Walk导向的城市街道特征评价研究--以郑州市为例,阎慧芳,2025,,,thesis,zh,URBAN_PLAN_GEO,T3
CITING-WORK-B3E5B1ED85C6,元宇宙中文化空间建构与结构特征研究,陈少峰;宋菲;李微,2023,北京联合大学学报（人文社会科学版）,,journal article,zh,INTERDISC_OTHER,T2
CITING-WORK-0EFD65C4EB70,场景与国民舒适物构建:一个概念演进的分析视角,薛雨萌;周永博;李东晔,2022,旅游导刊,10.12054/lydk.bisu.211,journal article,zh,TOUR_HOSP,T3
CITING-WORK-356B22B02862,消费者感知视角下文化舒适物如何形塑消费者网络? ——来自城市消费空间的证据,谈佳洁;刘新静,2023,企业经济,10.13529/j.cnki.enterprise.economy.2023.02.011,journal article,zh,ECON_BUS_CONS,T3
CITING-WORK-40481FDA1AD8,新思想、新机遇、新趋势、新问题 ——2018～2019年人文北京研究综述,王林生;金元浦,2020,城市学刊,10.3969/j.issn.2096-059x.2020.01.003,journal article,zh,URBAN_PLAN_GEO,T2
CITING-WORK-30B88277E72D,老旧社区改造背景下马道门社区斑块更新路径研究,周洵,2022,,,thesis,zh,URBAN_PLAN_GEO,T3
CITING-WORK-1AC7076512C5,城市体检背景下张家口城区住区公共空间更新研究,李梦楠,2025,,,thesis,zh,URBAN_PLAN_GEO,T3
CITING-WORK-CEFD87730675,场景理论视域下体育非遗智能传播的实践路径研究,胡奇,2025,,,thesis,zh,CULT_MEDIA,T3
CITING-WORK-0D3F808D0BD5,体育非物质文化遗产融入高校体育课程思政的研究,李艳涛,2025,,,thesis,zh,ARCH_DES_HER,T3
CITING-WORK-4B023189BC3C,文化自强视角下民族传统体育的教育价值,佚名,,,,thesis,zh,EDUCATION,T3
CITING-WORK-EFB63FF997DC,体育非物质文化遗产进校园的问题审视与机制建构,李良玉;史明娜,2026,武术研究,10.3969/j.issn.2096-1839.2026.04.035,journal article,zh,SPORT_LEISURE,T2
CITING-WORK-F7B3D923C643,国家级体育非物质文化遗产青州花毽的创新发展研究,田君如;赵鲁峰;钟惠燕,2025,当代体育科技,10.16655/j.cnki.2095-2813.2025.35.030,journal article,zh,SPORT_LEISURE,T2
CITING-WORK-69D8E67A4DF0,乡村传统体育文化数字化转型研究,谢宁华;王瑶;吕瑶,2026,河北体育学院学报,10.3969/j.issn.1008-3596.2026.02.010,journal article,zh,SPORT_LEISURE,T2
CITING-WORK-42BA8F86D7E2,非遗文化教育传承的文化自觉困境及其突破,杨福梅,2025,黑河学院学报,10.3969/j.issn.1674-9499.2025.05.044,journal article,zh,EDUCATION,T3
CITING-WORK-425976B5A51C,体育非物质文化遗产助力乡村振兴的内在逻辑、现实困境与调适策略,鹿耀辉,2025,辽宁体育科技,10.3969/j.issn.1007-6204.2025.03.015,journal article,zh,SPORT_LEISURE,T2
CITING-WORK-C9C64DB1D7FC,中国传统体育铸牢中华民族共同体意识的逻辑机理与实践进路,白晋湘,2025,山东体育学院学报,10.14104/j.cnki.1006-2076.2025.04.001,journal article,zh,SPORT_LEISURE,T3
CITING-WORK-3F51547D4299,场景理论视角下江苏省体旅融合发展示范基地提质建设研究,佚名,,,,thesis,zh,INTERDISC_OTHER,T3
CITING-WORK-EBC690018AEF,"""十四五""时期体育非遗研究进展与前瞻",张俊杰;方征,2025,体育科技文献通报,10.19379/j.cnki.issn.1005-0256.2025.12.051,journal article,zh,SPORT_LEISURE,T2
CITING-WORK-80513CECE2BA,新时代背景下非遗项目传统体育的发展困境与路径选择,章矛,2025,中国民族博览,10.3969/j.issn.1007-4198.2025.24.042,journal article,zh,ARCH_DES_HER,T2
CITING-WORK-FFA12145686D,基于分形理论的滨海非正规聚落空间复杂性演变机制研究—以厦门为例,俞晓牮,2021,,,thesis,zh,INTERDISC_OTHER,T3
CITING-WORK-333CDADFD9A6,虚拟网络空间与城市文化空间的互动机制研究,谢云慧,2022,,,thesis,zh,CULT_MEDIA,T3
CITING-WORK-15564AF31D21,城市更新背景下网红街区空间生产的机制与优化策略研究--以广州新河浦为例,赵紫荆,2023,,,thesis,zh,ARCH_DES_HER,T3
CITING-WORK-0E606AE600B0,社区治理共同体构建视角下公共文化空间的建设——以济南市L社区“小社茶馆”为例,翟梓炜,2024,,,thesis,zh,CULT_MEDIA,T3
CITING-WORK-4EB81F0A0E4B,BT物业公司服务营销策略研究,李丰,2023,,,thesis,zh,INTERDISC_OTHER,T3
CITING-WORK-2150C1296BF1,公共价值视角下C市高新区新型公共文化空间营造研究,程宇家,2024,,,thesis,zh,CULT_MEDIA,T3
CITING-WORK-7378ECEE9DB1,社会力量参与社区公共文化服务供给的问题研究——以慈溪市为例,吴欣欣,2023,,,thesis,zh,CULT_MEDIA,T3
CITING-WORK-CB72E69AA28A,社工机构参与社区文化空间营造的路径优化研究--以T社工机构为例,沈昕蔚,2025,,,thesis,zh,CULT_MEDIA,T3
CITING-WORK-FAFF084A357E,社区博物馆的地方营造——基于史家胡同博物馆的考察,周方裔;齐骥,2024,博物院,10.3969/j.issn.2096-1715.2024.06.014,journal article,zh,CULT_MEDIA,T3
CITING-WORK-5696BA795CA5,社区文化空间对社区依恋的影响研究——以天津市为例,杜宁宁;王祎宁,2022,城市管理研究,,journal article,zh,CULT_MEDIA,T3
CITING-WORK-1E9FD970963A,多元价值目标视角下非典型历史街区更新路径研究——以宁波市高桥老街为例,程超;罗翔;潘悦,2022,城市问题,10.13239/j.bjsshkxy.cswt.220205,journal article,zh,URBAN_PLAN_GEO,T2
CITING-WORK-6067DF7D5E5C,空间生产视域下历史街区地方文化资本的生产机制与治理意涵——以北京市史家胡同为例,王尧池,2024,北京城市学院学报,10.3969/j.issn.1673-4513.2024.05.010,journal article,zh,URBAN_PLAN_GEO,T2
CITING-WORK-90F811522EB4,基于城市更新的社区公共文化空间营造研究,韩佩轩,2022,建筑与装饰,,journal article,zh,ARCH_DES_HER,T2
CITING-WORK-AB30D387A63C,社会资本视域下乡村社区营造的困境及其优化,刘腾飞,2022,新乡学院学报,10.3969/j.issn.1674-3326.2022.05.014,journal article,zh,RURAL_AGRI,T3
CITING-WORK-990F80770C82,中国城市文化空间研究的进展、趋势和应用建议,杜澍;周君;赵坤,2022,中国名城,10.19924/j.cnki.1674-4144.2022.03.001,journal article,zh,URBAN_PLAN_GEO,T2
CITING-WORK-C1A7C4E00F4B,温州五马街区夜间旅游发展研究,项晓波,2022,,,thesis,zh,ARCH_DES_HER,T3
CITING-WORK-157AAF4455F0,体验消费模式下的天津市鞍山道历史街区更新设计研究,韩菁菁,2023,,,thesis,zh,ARCH_DES_HER,T3
CITING-WORK-C30F5E4BA662,基于场景理论的未来汽车智能座舱需求研究,黄虎,2024,,,thesis,zh,INFO_TECH,T3
CITING-WORK-74850E6CC6A6,文旅夜游场景中霓虹灯艺术的表达路径研究——以武汉昙华林光影节为例,刘梅,2023,,,thesis,zh,TOUR_HOSP,T3
CITING-WORK-64743BE081B2,黄石市黄石港区夜间旅游发展策略研究,赵慧,2024,,,thesis,zh,TOUR_HOSP,T3
CITING-WORK-2E3BA83685E2,武汉江汉路街区夜间旅游体验质量评价及提升策略研究,郑一帆,2024,,,thesis,zh,ARCH_DES_HER,T3
CITING-WORK-029D4FDF32F0,基于游客体验视角的宁夏夜间旅游发展策略研究,吴海凤,2025,,,thesis,zh,TOUR_HOSP,T3
CITING-WORK-39BEF11DA94A,基于具身理论的景区夜游产品体验质量提升策略研究--以夜游黄果树产品为例,江育,2025,,,thesis,zh,TOUR_HOSP,T3
CITING-WORK-ED06BE611DF8,基于计划行为理论的游客夜间旅游行为意向影响因素研究--以南宁市为例,封玲玲,2025,,,thesis,zh,TOUR_HOSP,T3
CITING-WORK-74BEFCF04904,创意视角下文旅IP培植研究——以云南宜良县为例,潘龙宇;李庆雷,2023,广西职业技术学院学报,,journal article,zh,TOUR_HOSP,T3
CITING-WORK-DFA340454712,近20年夜间旅游研究综述与展望,盛蕾,2025,江苏商论,10.3969/j.issn.1009-0061.2025.09.014,journal article,zh,TOUR_HOSP,T3
CITING-WORK-00C34DE52948,海口市夜间旅游体验提升策略研究,贺炯,2024,西部旅游,,journal article,zh,TOUR_HOSP,T2
CITING-WORK-DBB2B3C6FCA2,旅游创意视角下景迈山古茶林遗产活化研究,石晓红;李庆雷;范建荣,2023,湖北文理学院学报,10.3969/j.issn.1009-2854.2023.11.009,journal article,zh,TOUR_HOSP,T2
CITING-WORK-C50A16621936,博物馆旅游增进文化认同的路径研究--基于游客视角的探索性扎根理论分析,卜亚楠,2023,,,thesis,zh,TOUR_HOSP,T3
CITING-WORK-9B3BD1652AEB,文化感知视角下济南城市历史文化街区保护与更新策略研究,房殿奇,2023,,,thesis,zh,ARCH_DES_HER,T3
CITING-WORK-15AF03CBC905,清末民初济南百花洲街区的场景复原设计--以作品《泉水人家》为例,董博文,2025,,,thesis,zh,ARCH_DES_HER,T3
CITING-WORK-55EDA165D736,场景视域下城市演艺新空间的场景构建研究——以上海亚洲大厦星空间一号为例,梁琪,2022,上海城市管理,10.3969/j.issn.1674-7739.2022.05.012,journal article,zh,SOC_POLICY,T2
CITING-WORK-19CB3C3CB800,朴门永续理念下横山村公共空间优化改造设计研究,李孟璇,2025,,,thesis,zh,URBAN_PLAN_GEO,T3
CITING-WORK-02CC216F2F9E,基于非接触式心电技术的乡村外部空间形式优化与感性评价--以张庄村为例,张璐佳,2025,,,thesis,zh,RURAL_AGRI,T3
CITING-WORK-80E941874306,农村产业融合视角下村民活动中心设计研究--以晋中市训峪村为例,陈佳欣,2025,,,thesis,zh,RURAL_AGRI,T3
CITING-WORK-9B88734509CF,焦作市乡村戏台空间重塑策略研究,安澧;李思超,2025,安徽建筑,10.16330/j.cnki.1007-7359.2025.11.03,journal article,zh,ARCH_DES_HER,T2
CITING-WORK-D6D8B43FAA44,视觉叙事视域内岭南宗祠文化空间活化设计策略与实践研究,杨恩举;邓谕;皮永生,2026,包装工程,10.19554/j.cnki.1001-3563.2026.06.027,journal article,zh,ARCH_DES_HER,T2
CITING-WORK-25D2F6BFAC21,"试论乡村文化空间治理对城市社区治理建设的经验启示及实践路径——基于""物质—社会—精神""三重维度的比较研究",冀佳佳;董海涛,2025,改革与开放,10.16653/j.cnki.32-1034/f.2025.019.004,journal article,zh,RURAL_AGRI,T3
CITING-WORK-1A6630554593,神话IP形象在乡村公共设施设计中的系统转化研究,郭丽伟,2026,工业 工程 设计,10.19798/j.cnki.2096-6946.2026.01.013,journal article,zh,RURAL_AGRI,T3
CITING-WORK-D3D1496DCD41,新型公共文化空间赋能乡村活性化研究——基于恩施州J图书馆的考察,李少多;文立杰,2025,湖北民族大学学报（哲学社会科学版）,,journal article,zh,RURAL_AGRI,T2
CITING-WORK-882804F15EBA,教育家精神融入乡村教师日常生活:内在逻辑、实践价值与推进路径,马永全;李玉婷,2025,河北师范大学学报（教育科学版）,10.13763/j.cnki.jhebnu.ese.2025.06.014,journal article,zh,RURAL_AGRI,T3
CITING-WORK-9C71EE497B8E,价值共生导向下的乡村公共文化空间建设路径优化,赵浅宜,2026,佳木斯职业学院学报,10.3969/j.issn.2095-9052.2026.03.031,journal article,zh,INTERDISC_OTHER,T2
CITING-WORK-2D6D64E0E2C2,信俗文化空间:概念、特征及类型,陈昱茂,2025,空间与社会评论,,journal article,zh,SOC_POLICY,T2
CITING-WORK-D9F6C09EF02D,互动仪式链视角下乡村公共文化复兴的机制研究,吴越;卢云峰,2025,社会科学,10.3969/j.issn.0257-5833.2025.09.014,journal article,zh,RURAL_AGRI,T3
CITING-WORK-E564C87B0600,农村文化礼堂的功能变迁、异化挑战与应对策略,章元红;兰菊萍,2025,中共宁波市委党校学报,10.3969/j.issn.1008-4479.2025.05.010,journal article,zh,RURAL_AGRI,T2
CITING-WORK-8531420ABBFD,新时代乡村公共文化空间建设的价值逻辑与实践进路——以甘肃省秦安县王尹镇乡愁记忆馆为例,苏军;陈祥军,2026,中南民族大学学报（人文社会科学版）,10.19898/j.cnki.42-1704/c.20260112.02,journal article,zh,TOUR_HOSP,T2
CITING-WORK-7E0075C8E2E5,基于微信公众平台的医学类高校图书馆阅读推广及实证研究,张帆然,2024,,,thesis,zh,EDUCATION,T3
CITING-WORK-BE5AEFDB3B4D,旅游街区夜游体验场景对游客忠诚的影响机制研究——地方依恋的中介作用,陈娇,2024,,,thesis,zh,ARCH_DES_HER,T3
CITING-WORK-D5C2E192F74E,基于RPV的后疫情背景下公共图书馆阅读推广服务效能评价研究,吴文果,2023,,,thesis,zh,INTERDISC_OTHER,T3
CITING-WORK-62A136CAC141,高校图书馆智慧空间场景化服务模式构建研究,孙港,2024,,,thesis,zh,EDUCATION,T3
CITING-WORK-981531FA9761,近10年高校图书馆阅读推广研究热点及趋势分析,张秀美,2024,科技资讯,10.16661/j.cnki.1672-3791.2401-5042-0801,journal article,zh,INFO_TECH,T2
CITING-WORK-3C8C59E3BF67,数智时代高校图书馆特色文化空间场景化服务模式构建,马广月;王焕景,2025,图书馆工作与研究,10.3969/j.issn.1005-6610.2025.10.006,journal article,zh,INFO_TECH,T2
CITING-WORK-BF45F74905AD,"用户体验视角下图书馆""闭合场景环""的构建与实证",范艳君,2023,图书情报工作,10.13266/j.issn.0252-3116.2023.22.002,journal article,zh,INFO_TECH,T2
CITING-WORK-7B6E1998711B,大思政格局下高校图书馆赋能校园文化建设研究——以山东理工大学图书馆为例,佚名,,,,thesis,zh,EDUCATION,T3
CITING-WORK-0C417F36A872,"""大思政课""视域下高校图书馆红色育人实践探索——基于全国40所高校图书馆的调研",林晓清;魏争光,2025,武汉理工大学学报（社会科学版）,10.3963/j.issn.1671-6477.2025.05.017,journal article,zh,EDUCATION,T3
CITING-WORK-D8242BED03E1,自媒体环境下图书馆文化推广服务创新研究,王威;马丽琼;李明,2024,知识经济,,journal article,zh,ECON_BUS_CONS,T3
CITING-WORK-DF93369C287A,国家文化公园的思想政治教育价值与实现研究,海倩,2025,,,thesis,zh,EDUCATION,T3
CITING-WORK-1A336FEFE1B8,“弄染结盟”：历史、空间与文化情境研究,余孙睿炆,2025,,,thesis,zh,CULT_MEDIA,T3
CITING-WORK-3BEF32DA14A0,符号学理论下河洛文化基因提取及其设计应用研究,张梦雨;孟靖委;梁燕敏,2025,包装与设计,10.3969/j.issn.1007-4759.2025.01.014,journal article,zh,ARCH_DES_HER,T2
CITING-WORK-6904722BDDAD,"[Unidentified thesis citation; Wanfang target CENSUS-0919, reference 7]",佚名,,,,thesis,unknown,INTERDISC_OTHER,T3
CITING-WORK-6ECD2482E4D0,"""三交""视域下侗族礼乐文化基因谱系研究",温玲,2025,广西民族大学学报（哲学社会科学版）,10.3969/j.issn.1673-8179.2025.05.012,journal article,zh,CULT_MEDIA,T3
CITING-WORK-0DB11F582AAF,文化基因转译驱动下的滨水工业区景观空间再生路径研究——以柳州市阳和工业新区为例,任君为;陆慕秋,2025,现代园艺,10.3969/j.issn.1006-4958.2025.22.032,journal article,zh,ARCH_DES_HER,T2
CITING-WORK-BE8E2BB77C32,基于文化基因理论的甘肃引洮工程遗址保护与活化研究,张顺尧;冯嘉慧;程茜,2025,建筑与文化,10.19875/j.cnki.jzywh.2025.06.066,journal article,zh,ARCH_DES_HER,T2
CITING-WORK-A0D42E7DFE96,黄河国家文化公园数字孪生的基本构想与功能架构,杨红;魏思亚,2026,旅游学刊,10.19765/j.cnki.1002-5006.2026.03.010,journal article,zh,TOUR_HOSP,T2
CITING-WORK-A585F12E28E4,文生视频大模型赋能国家文化公园的价值与路径,佚名,,,,thesis,zh,CULT_MEDIA,T3
CITING-WORK-19B676CDC567,人文经济学视角下国家文化公园建设的理论逻辑、实践向度与价值意蕴,周建新;朱学平,2025,同济大学学报（社会科学版）,10.3969/j.issn.1009-3060.2025.05.005,journal article,zh,ARCH_DES_HER,T2
CITING-WORK-5F613840E0F8,新质生产力赋能文旅深度融合发展:价值旨向、现实挑战与实践路径,王爱,2025,文化产业研究,,journal article,zh,CULT_MEDIA,T2
CITING-WORK-28C74A6E2622,文明交流互鉴情境下出海游戏的文化场景设置与文化认同建构,邓秀军;王雨嫣,2026,新闻传播学刊,,journal article,zh,CULT_MEDIA,T3
CITING-WORK-771151D0B40E,文化基因解构下运城盐文化旅游产品谱系开发研究,董洁芳;李小丽,2025,运城学院学报,10.3969/j.issn.1008-8008.2025.05.005,journal article,zh,TOUR_HOSP,T3
CITING-WORK-92DC51B1F534,文化基因视域下北京皇家园林文化遗产资源传承研究,范文静;宋小雨;霍斯佳,2025,资源与生态学报（英文版）,10.5814/j.issn.1674-764x.2025.01.023,journal article,zh,ARCH_DES_HER,T3
CITING-WORK-88527CE774F9,基于顾客感知的实体书店体验价值比较研究,邱诗茜,2023,,,thesis,zh,INTERDISC_OTHER,T3
CITING-WORK-FD2E9BAD3A3A,城市独立书店的社区化建构研究——以成都市为例,任思奕,2024,,,thesis,zh,URBAN_PLAN_GEO,T3
CITING-WORK-891E0D8FA216,后疫情时代实体书店困境及应对策略研究--以济南市实体书店为例,王振,2023,,,thesis,zh,INTERDISC_OTHER,T3
CITING-WORK-BABDF9028F15,融媒体时代书店的空间生产与符号建构 ——以先锋书店为例,李轶南;庄宇宁,2022,编辑之友,10.13786/j.cnki.cn14-1066/g2.2022.12.004,journal article,zh,INTERDISC_OTHER,T2
CITING-WORK-40F6A6F550B3,实体书店的文化创新与品牌力构建,姚志明,2024,编辑学刊,,journal article,zh,INFO_TECH,T2
CITING-WORK-103B0A9DCDA6,实体书店红色文化空间构建与延伸路径研究,朱赫男;王鹏涛,2024,出版发行研究,10.3969/j.issn.1001-9316.2024.01.005,journal article,zh,CULT_MEDIA,T2
CITING-WORK-099F4AAED2EA,"空间""可阅读"":数字阅读实践中的空间重构与价值再释",李淼;魏文秀,2022,出版科学,10.3969/j.issn.1009-5853.2022.04.012,journal article,zh,INFO_TECH,T2
CITING-WORK-55FC83D881EF,基层实体书店的空间实践与经验启示 ——基于云上乡愁书院的个案,颜灿威,2022,出版与印刷,10.19619/j.issn.1007-1938.2022.00.076,journal article,zh,CULT_MEDIA,T2
CITING-WORK-7F398D684304,数字时代背景下实体书店空间研究,陶莞,2023,美与时代,,journal article,zh,ARCH_DES_HER,T2
CITING-WORK-9942C01CF277,"""可阅读""空间生产:读者体验视角下的广州实体书店研究",周翔;洪星月,2024,学术研究,10.3969/j.issn.1000-7326.2024.06.007,journal article,zh,INTERDISC_OTHER,T3
CITING-WORK-88A3FBAE6C3E,"尼泊尔""中国西藏书店""的传播学考察",廖云路;谢伟民,2024,西藏民族大学学报（哲学社会科学版）,10.3969/j.issn.1003-8388.2024.06.008,journal article,zh,CULT_MEDIA,T3
CITING-WORK-9EA3012A7799,从美在表面到美入人心:实体书店与艺术融合进路,董甜甜;刘冉,2024,中国出版,10.3969/j.issn.1002-4166.2024.14.009,journal article,zh,CULT_MEDIA,T2
CITING-WORK-2F1F32987164,高校实体书店的创新突围之路,董甜甜,2022,中国编辑,,journal article,zh,CULT_MEDIA,T2
CITING-WORK-8E35E1047756,基于扎根理论的网红餐厅消费者体验研究,高坤,2022,,,thesis,zh,ECON_BUS_CONS,T3
CITING-WORK-739C74C55437,消费类型与事前补救类型对消费者宽恕的影响研究,冷欢,2022,,,thesis,zh,ECON_BUS_CONS,T3
CITING-WORK-8BC9E8A9555E,基于多元数据的民宿消费者视觉偏好与购买意向关系研究,蓝雨,2023,,,thesis,zh,ECON_BUS_CONS,T3
CITING-WORK-B5B0C5F4E740,博物馆服务场景对游客文化遗产保护意向的影响研究,黄榕,2023,,,thesis,zh,ARCH_DES_HER,T3
CITING-WORK-9F53C37EF56D,A快递企业服务补救质量评价与提升策略研究,陈遂益,2023,,,thesis,zh,ECON_BUS_CONS,T3
CITING-WORK-7778A8869D0E,迷笛音乐节场景对旅游志愿者的行为意向影响研究,杨欣欣,2024,,,thesis,zh,TOUR_HOSP,T3
CITING-WORK-FF26BC8EE2CF,精致露营地服务场景感知对恢复体验的影响研究,张舒云,2024,,,thesis,zh,INTERDISC_OTHER,T3
CITING-WORK-B560B125D37E,服务机器人服务失败道歉的面部表情应用策略研究,董玉珍,2024,,,thesis,zh,INTERDISC_OTHER,T3
CITING-WORK-5F10D696B5BE,乡村民宿服务质量提升策略研究--以都江堰市泰安古镇为例,王姣,2024,,,thesis,zh,RURAL_AGRI,T3
CITING-WORK-7C386F6AEB93,用户体验视角下服务场景设计策略研究--以高速综合能源服务站为例,袁一,2025,,,thesis,zh,INTERDISC_OTHER,T3
CITING-WORK-F78B5DDC61F0,不同类型AI服务对消费者态度影响研究--基于身份认同威胁和感知控制的中介作用,文雪,2023,,,thesis,zh,ECON_BUS_CONS,T3
CITING-WORK-86C6DA5AC260,人工智能服务失败情境下员工情感劳动补救效果及影响机制研究,张茹梦,2024,,,thesis,zh,INFO_TECH,T3
CITING-WORK-9012F18C1B3D,民宿服务场景对旅游者幸福感的影响研究,佚名,,,,thesis,zh,TOUR_HOSP,T3
CITING-WORK-AA8DE89CBF12,实验研究方法在旅游研究中应用的系统回顾与展望,黄潇婷;杨威;王志慧,2021,旅游科学,,journal article,zh,TOUR_HOSP,T3
CITING-WORK-0562014243FD,基于数字化的盒马鲜生服务场景对顾客重购意愿的影响,田颖,2021,中国流通经济,10.14089/j.cnki.cn11-3664/f.2021.11.010,journal article,zh,ECON_BUS_CONS,T2
CITING-WORK-75245A164E5A,网络思想政治教育方法的集成创新研究,张梦圆,2023,,,thesis,zh,EDUCATION,T3
CITING-WORK-F564CB9DF21C,新乡市Z书店营销策略研究,李晨召,2023,,,thesis,zh,INTERDISC_OTHER,T3
CITING-WORK-1FFE67ECA11A,基于SIVA理论的JX新华书店营销策略研究,王俊杰,2024,,,thesis,zh,INTERDISC_OTHER,T3
CITING-WORK-EE956C2781C7,W书店营销策略优化,王昱晨,2023,,,thesis,zh,INTERDISC_OTHER,T3
CITING-WORK-0D29AD19ED37,Z实体书店场景式体验营销策略优化研究,李旭静,2024,,,thesis,zh,INTERDISC_OTHER,T3
CITING-WORK-CB1C75BE5E20,X地产公司Y项目营销策略优化研究,曹宏图,2025,,,thesis,zh,INTERDISC_OTHER,T3
CITING-WORK-9687784B3643,实体书店品牌文化符号构建与传播策略探析,许衍凤,2022,出版发行研究,10.3969/j.issn.1001-9316.2022.09.005,journal article,zh,CULT_MEDIA,T2
CITING-WORK-161970165F5D,价值共创理论视角下的实体书店营销策略研究,刘叶萍,2023,出版发行研究,10.3969/j.issn.1001-9316.2023.02.006,journal article,zh,CULT_MEDIA,T2
CITING-WORK-0E9CB530F868,"新消费时代传统古旧书店的发展路径——以""布衣书局""为例",付心怡,2023,青岛职业技术学院学报,10.3969/j.issn.1672-2698.2023.06.014,journal article,zh,INTERDISC_OTHER,T2
CITING-WORK-FB2DD0886BDB,实体书店平台建构策略研究——以皖新传媒和诚品生活为例,佚名,,,,thesis,zh,INFO_TECH,T3
CITING-WORK-B54DFD491FD8,实体书店商业模式场景化建构探析,张勇丽;丁梦瑶,2023,文化产业研究,,journal article,zh,CULT_MEDIA,T2
CITING-WORK-11753920177C,全民直播视域下实体书店钟书阁的直播营销模式省思,戴先红;刘怡彤,2023,湖北科技学院学报,10.3969/j.issn.1006-5342.2023.01.016,journal article,zh,SPORT_LEISURE,T2
CITING-WORK-CD96CB17E27E,"复合""再造"":实体书店空间延展与场景拓新",沈悦;张祎璇,2025,中国出版,10.3969/j.issn.1002-4166.2025.20.011,journal article,zh,CULT_MEDIA,T2
CITING-WORK-E67345E2F1FE,智媒时代有声出版的作用机理及优化路径,沈悦;金圣钧,2022,中国编辑,,journal article,zh,CULT_MEDIA,T2
CITING-WORK-6EB776250701,空间媒介视角下城市时尚形象指数评价体系研究,杨松,2021,,,thesis,zh,CULT_MEDIA,T3
CITING-WORK-B9464BDB8046,作为媒介的风景：泰山空间文本与文化传播实践研究,宋梦真,2024,,,thesis,zh,CULT_MEDIA,T3
CITING-WORK-F88FAE6603A3,聚合式建构：数字时代重庆地域文化资源的媒介生产研究,马陈静,2025,,,thesis,zh,CULT_MEDIA,T3
CITING-WORK-E09D77A40BAE,书店空间数实融合的价值意蕴、现实困境及实践进路,郭青青,2025,编辑之友,10.13786/j.cnki.cn14-1066/g2.2025.2.005,journal article,zh,INTERDISC_OTHER,T2
CITING-WORK-61A5C70493BC,私域流量营销:实体书店直播转型再思考,钟倩,2021,出版广角,10.16491/j.cnki.cn45-1216/g2.2021.15.022,journal article,zh,CULT_MEDIA,T2
CITING-WORK-F6CAE60C900E,基于用户体验的多模态数字场景构建策略研究,黄梦君;张照然;张杨,2023,设计艺术研究,10.3963/j.issn.2095-0705.2023.02.013,journal article,zh,ARCH_DES_HER,T2
CITING-WORK-3C4539F88F01,实体书店吸引力场景塑造策略,沈悦,2022,中国出版,10.3969/j.issn.1002-4166.2022.06.003,journal article,zh,CULT_MEDIA,T2
CITING-WORK-BD5947EAC6AD,新零售业态下我国图书市场发展格局演变及应对策略,程顺祺;徐玲琳,2022,中国编辑,,journal article,zh,CULT_MEDIA,T2
CITING-WORK-61D881232951,分形理论及SD法驱动的历史街区立面协控策略,李靖雯,2021,,,thesis,zh,ARCH_DES_HER,T3
CITING-WORK-DB7E0376772C,山地城市老旧社区公共空间场景资产研究:基于人—空间—活动的整体关联性分析,黄瓴;黄睿;骆骏杭,2023,上海城市规划,10.11982/j.supr.20230113,journal article,zh,URBAN_PLAN_GEO,T2
CITING-WORK-EEFB243C9E93,广州恩宁路历史文化街区空心化现象及其改善对策研究,赖俊鹏,2019,,,thesis,zh,ARCH_DES_HER,T3
CITING-WORK-2685B0701C6E,基于兴趣点数据的历史街区公共空间微更新策略与设计研究——以青岛中山路历史街区为例,邹瑞林,2024,,,thesis,zh,ARCH_DES_HER,T3
CITING-WORK-7539DBA2799F,襄阳陈老巷历史文化街区保护与传承的适宜性方法研究,葛中斌,2019,,,thesis,zh,ARCH_DES_HER,T3
CITING-WORK-689E906F34E2,广州市五仙观--怀圣寺--六榕寺历史文化街区景观微更新策略研究,陈静,2019,,,thesis,zh,ARCH_DES_HER,T3
CITING-WORK-BD55907894CE,场景视角下传统古镇特征识别及活化更新研究--以珠海市唐家湾古镇为例,潘雨松,2023,,,thesis,zh,INTERDISC_OTHER,T3
CITING-WORK-D402BDDCE916,苏州子城片区空间基因解析与传承策略研究,季琴,2023,,,thesis,zh,INTERDISC_OTHER,T3
CITING-WORK-7B2CC5114351,基于场景理论的苏州山塘历史文化街区空间活力提升策略研究,苏临,2022,,,thesis,zh,ARCH_DES_HER,T3
CITING-WORK-83F3B37816AB,京杭大运河沿岸历史文化街区景观更新研究——以聊城市米市街为例,申旻玙,2022,,,thesis,zh,ARCH_DES_HER,T3
CITING-WORK-EB9207714588,公园城市背景下成都主城区传统声景观特征及其保护研究,王佳欣,2022,,,thesis,zh,ARCH_DES_HER,T3
CITING-WORK-88297AFC075F,潮州古城景观风貌特征研究,林榕,2020,,,thesis,zh,ARCH_DES_HER,T3
CITING-WORK-8DDBA45627F3,历史街区自发性生活空间构建机制及更新策略研究--以武汉昙华林历史街区为例,何泓洋,2025,,,thesis,zh,ARCH_DES_HER,T3
CITING-WORK-53F5205FFF03,媒介情景理论下网络游戏社交行为研究--以《王者荣耀》为例,王姝君,2022,,,thesis,zh,CULT_MEDIA,T3
CITING-WORK-5D76F5E30AD8,创意中插广告的回避影响因素研究,雷林丽,2022,,,thesis,zh,INTERDISC_OTHER,T3
CITING-WORK-F51C46C80C68,节事短视频营销诉求特征研究——以5A景区抖音短视频为例,殷欣,2021,,,thesis,zh,TOUR_HOSP,T3
CITING-WORK-63B8D67F6068,媒介情境理论视角下微电影广告情感表达策略研究,黄欣,2023,,,thesis,zh,CULT_MEDIA,T3
CITING-WORK-5863AD434A41,抖音平台健身类信息流广告的场景建构研究,王瑞,2024,,,thesis,zh,INFO_TECH,T3
CITING-WORK-9B238220B27E,二次元文化的意识形态隐喻研究,徐喜春,2024,,,thesis,zh,CULT_MEDIA,T3
CITING-WORK-14F5A9BC59CD,媒介情境论视域的自我传播艺术疗愈交互设计研究,吴禹翰,2025,,,thesis,zh,CULT_MEDIA,T3
CITING-WORK-88E939CB1112,公安政务数字服务信任:情境洞察与产生机理解析,王娜,2025,公安学研究,,journal article,zh,INFO_TECH,T3
CITING-WORK-4373A43B8AE2,新冠肺炎疫情语境下武术居家健身实践路径探析,徐鹍鹏,2020,灌篮,,journal article,zh,SPORT_LEISURE,T3
CITING-WORK-CA9809CA5C1D,互动仪式链视角下的原创贴广告研究,李泽彤,2020,新媒体研究,,journal article,zh,CULT_MEDIA,T2
CITING-WORK-B8AC0BB40009,视觉传达视阈下的中国啤酒广告创意行为分析,韩为,2021,酿酒科技,10.13746/j.njkj.2021050,journal article,zh,INTERDISC_OTHER,T3
CITING-WORK-F15CF93C3249,2019年CSSCI核心期刊广告学研究热点综述,顾明毅;冯子逸,2020,新闻爱好者,,journal article,zh,CULT_MEDIA,T2
CITING-WORK-C6ABF94C3BF4,元宇宙产业发展及其对传媒行业影响分析,闫佳琦;陈瑞清;陈辉,2022,新闻与写作,10.3969/j.issn.1002-2295.2022.01.010,journal article,zh,CULT_MEDIA,T2
CITING-WORK-199C46BD38D7,媒介情境理论视角下加强新就业群体党建的实践路径,樊友凯;何志辉,2026,中共宁波市委党校学报,10.3969/j.issn.1008-4479.2026.01.007,journal article,zh,RURAL_AGRI,T2
CITING-WORK-3F9B198F94D3,基于网络社群的“微信读书”社会化阅读研究,田梦,2021,,,thesis,zh,INFO_TECH,T3
CITING-WORK-5AADA08EF685,移动互联网时代地铁报社群运营研究--以重庆《都市热报》厢遇客户端为例,熊山杉,2023,,,thesis,zh,INTERDISC_OTHER,T3
CITING-WORK-9B4CBFBE8532,儿童广播剧的美育价值研究,邱祥琪,2023,,,thesis,zh,INTERDISC_OTHER,T3
CITING-WORK-3FD0DBEBE613,基于家庭美育的儿童有声读物内容开发研究,李春雨,2023,,,thesis,zh,INTERDISC_OTHER,T3
CITING-WORK-F82A851EA959,ZK职业培训机构社群营销策略优化研究,刘伟杰,2023,,,thesis,zh,INTERDISC_OTHER,T3
CITING-WORK-6E7EF2A1F8C0,新4C法则下“跳岛FM”播客运营研究,张冬梅,2024,,,thesis,zh,INTERDISC_OTHER,T3
CITING-WORK-D35ADF6E3598,图书出版类视频的知识生产与出版增值研究--以B站为例,罗豪杰,2025,,,thesis,zh,INTERDISC_OTHER,T3
CITING-WORK-E07B8CE2B627,构建认同:平台化传播环境下内容企业商业模式创新研究,王亚楠,2022,编辑之友,10.13786/j.cnki.cn14-1066/g2.2022.10.008,journal article,zh,INTERDISC_OTHER,T2
CITING-WORK-8E51FEF3CE09,企鹅兰登书屋的有声书发展策略及其启示,胡凯;刘奕君,2023,出版参考,10.3969/j.issn.1006-5784.2023.08.006,journal article,zh,INTERDISC_OTHER,T3
CITING-WORK-0D139150F24B,场域理论视角下出版社数字化转型路径探析,刘欣;袁也,2022,出版发行研究,10.3969/j.issn.1001-9316.2022.10.005,journal article,zh,CULT_MEDIA,T2
CITING-WORK-26427C46918E,数字智能时代的知识秩序与出版范式转型探析,刘欣;袁也,2023,出版科学,10.3969/j.issn.1009-5853.2023.02.008,journal article,zh,INFO_TECH,T2
CITING-WORK-4BCA99A3097D,"基于新4C法则的""图书+短视频""营销策略研究——以人民文学出版社为例",徐立萍;余丹阳,2023,新媒体研究,10.3969/j.issn.2096-0360.2023.02.016,journal article,zh,CULT_MEDIA,T2
CITING-WORK-C6C1584E38D6,融合出版时代幼儿园教材建设新路径,李彦歌,2022,文化创新比较研究,10.3969/j.issn.2096-4110.2022.12.015,journal article,zh,CULT_MEDIA,T2
CITING-WORK-8AA02D3BDA4B,流动的自组织:跨国趣缘群体的国际传播中介机制研究,吴瑛;杨柳,2025,新闻大学,10.3969/j.issn.1006-1460.2025.11.002,journal article,zh,RURAL_AGRI,T2
CITING-WORK-FD19CF18FC5C,社群经济视角下垂直化纸媒的数字品牌建设路径探析,徐智;胡晓洁,2021,中国出版,10.3969/j.issn.1002-4166.2021.13.012,journal article,zh,CULT_MEDIA,T2
CITING-WORK-7CEFAB7EA8FE,儿童有声出版创新的欧美经验:现状、问题与完善路径,杨扬;王子涵,2021,中国编辑,,journal article,zh,CULT_MEDIA,T2
CITING-WORK-90034BBC4CCB,主题教育赋能出版高质量发展:要义、逻辑与进路,万安伦;王金英,2023,中国编辑,,journal article,zh,CULT_MEDIA,T2
CITING-WORK-BAEAA9360A4B,图书出版类视频的知识生产与出版增值,王欢妮;罗豪杰,2024,中国编辑,,journal article,zh,CULT_MEDIA,T2
CITING-WORK-82574585102D,框架视域下城市形象建构研究--基于“大众日报客户端”淄博烧烤报道的考察,刘鑫,2024,,,thesis,zh,URBAN_PLAN_GEO,T3
CITING-WORK-F11E7A68CAF4,媒介事件视野下城市形象建构与传播研究--以“淄博烧烤”抖音短视频为例,董嘉琦,2024,,,thesis,zh,CULT_MEDIA,T3
CITING-WORK-9C4AEEDC79EE,新时代央视春晚小品中女性媒介形象的建构研究（2012-2024）,张曼玉,2024,,,thesis,zh,CULT_MEDIA,T3
CITING-WORK-534EA26EF3E9,抖音短视频对中小城市形象的传播塑造研究--以淄博为例,冷娜,2024,,,thesis,zh,CULT_MEDIA,T3
CITING-WORK-9D764B4836CD,大众网淄博烧烤报道的框架研究,蒲翊漓,2024,,,thesis,zh,INTERDISC_OTHER,T3
CITING-WORK-583728849750,抖音短视频中山西形象的建构研究,刘畅,2024,,,thesis,zh,CULT_MEDIA,T3
CITING-WORK-732D7C2D8BE2,城市形象建构下“淄博烧烤”的情感传播研究,赵钗,2024,,,thesis,zh,CULT_MEDIA,T3
CITING-WORK-1015B0296066,新媒体时代济南泉水文化形象传播研究,周书漫,2025,,,thesis,zh,CULT_MEDIA,T3
CITING-WORK-AF44156BE13F,小红书UGC图文中大理城市形象的媒介建构与传播研究,沈子嫣,2025,,,thesis,zh,CULT_MEDIA,T3
CITING-WORK-78F64FBD723E,主流媒体微信视频号的城市形象建构与传播--广州广播电视台《花城航拍》个案研究,陈筱静,2025,,,thesis,zh,CULT_MEDIA,T3
CITING-WORK-669D2540512C,抖音号“淄博文旅”的城市形象传播研究,李蕊,2025,,,thesis,zh,TOUR_HOSP,T3
CITING-WORK-E683EE0DF779,社交媒体对哈尔滨城市形象的建构与传播——基于媒介情境理论视角,尹冰,2024,传播与版权,,journal article,zh,CULT_MEDIA,T2
CITING-WORK-E3C1EF2D9451,媒介地方感视域下短视频城市形象构建——以哈尔滨爆火为例,李晓轩,2024,新媒体研究,10.3969/j.issn.2096-0360.2024.06.022,journal article,zh,CULT_MEDIA,T2
CITING-WORK-4F8833BEA4AE,共情视角下短视频赋能地县级城市的长效传播逻辑,孙宇婷;张磊,2025,新媒体研究,10.3969/j.issn.2096-0360.2025.24.010,journal article,zh,CULT_MEDIA,T2
CITING-WORK-84C4C5BA6AD7,自媒体时代地方政府应急管理研究——以淄博市为例,徐孜,2024,国际公关,,journal article,zh,CULT_MEDIA,T2
CITING-WORK-C274B6BA75F0,技术、制度与文化的合谋:媒介朝觐视角下的城市走红现象解读,王晨旭,2024,科技传播,10.3969/j.issn.1674-6708.2024.08.034,journal article,zh,CULT_MEDIA,T2
CITING-WORK-42B12E0EA897,基于短视频传播的城市旅游形象构建路径研究,彭妍;李艾平,2024,旅游纵览,10.3969/j.issn.1004-3292.2024.11.045,journal article,zh,TOUR_HOSP,T2
CITING-WORK-87D11C72A5EA,短视频赋能城市形象塑造的创新与实践——以合肥市包河区为例,黄晓玲,2025,新闻世界,,journal article,zh,URBAN_PLAN_GEO,T2
CITING-WORK-3DBCE036F2B5,使用与满足视域下网络直播带货传受互动研究--以东方甄选抖音直播间为例,李佩,2023,,,thesis,zh,INFO_TECH,T3
CITING-WORK-0D07D3B9F207,网络直播带货主播话语策略研究--以东方甄选直播间为例,姚宇美,2023,,,thesis,zh,INFO_TECH,T3
CITING-WORK-C0671418D0D5,央视助农直播中消费者购买态度影响因素研究,解纯婷,2023,,,thesis,zh,ECON_BUS_CONS,T3
CITING-WORK-BC6FED54F73C,文化类电视节目中传统服饰媒介景观研究--以《典籍里的中国》为例,邢紫薇,2024,,,thesis,zh,ARCH_DES_HER,T3
CITING-WORK-97ED897120E5,媒介场域理论视域下电商直播带货中的媒介话语与消费行为关系研究,段沛昭,2024,,,thesis,zh,ECON_BUS_CONS,T3
CITING-WORK-DF5662EAEDE7,电商直播带货情境对观众购买意愿影响研究：一个双中介模型,关旭峰,2024,,,thesis,zh,INTERDISC_OTHER,T3
CITING-WORK-EAB3D96D9F31,东方甄选公司的农产品营销策略优化研究,郝翼远,2023,,,thesis,zh,INTERDISC_OTHER,T3
CITING-WORK-D94D357BEF66,东方甄选电商直播营销策略改进研究,赵莉,2025,,,thesis,zh,INTERDISC_OTHER,T3
CITING-WORK-B735093E55A3,互动仪式链视域下买手制电商直播的情感传播研究--以“伊能静直播间”为例,尹泓,2025,,,thesis,zh,CULT_MEDIA,T3
CITING-WORK-0540FDA59A60,知识型主播信息源特征对重复购买意愿影响的研究--以“东方甄选”为例,龚诗阳,2023,,,thesis,zh,INFO_TECH,T3
CITING-WORK-C862D502E4FB,互动仪式链视域下的电商直播带货研究--以新东方电商直播带货为例,冯溪孜,2023,,,thesis,zh,INTERDISC_OTHER,T3
CITING-WORK-4887EDF47E12,L地产项目营销策略研究,薛寒,2023,,,thesis,zh,INTERDISC_OTHER,T3
CITING-WORK-99B68AEA067B,"""文化带货""对消费者购买意愿影响因素研究",花婧婧,2025,黑龙江工业学院学报（综合版）,10.3969/j.issn.2096-3874.2025.10.021,journal article,zh,ECON_BUS_CONS,T2
CITING-WORK-7E7BD7700CAF,科技图书抖音平台直播营销策略探析,李军亮;于成成,2024,科技与出版,,journal article,zh,CULT_MEDIA,T2
CITING-WORK-D12FFF30D6E6,"短视频平台直播带货助力地方文旅传播——以""山西行""活动为例",韩慧波,2025,声屏世界,10.3969/j.issn.1006-3366.2025.07.024,journal article,zh,TOUR_HOSP,T2
CITING-WORK-84354BAE42CD,基于文献计量法的直播带货研究前沿趋势分析,陈倩,2024,天津商务职业学院学报,,journal article,zh,ECON_BUS_CONS,T2
CITING-WORK-FFCE2FC744DA,东方甄选直播间的传播特色与策略,许丽君;曾程,2024,中国报业,,journal article,zh,CULT_MEDIA,T2
CITING-WORK-352DAE3C5257,城市舒适度对城市创新能力的影响研究,侯雅丽,2024,,,thesis,zh,URBAN_PLAN_GEO,T3
CITING-WORK-CEC3F22B94AE,区域一体化对城市人才生态环境的影响研究--以长三角为例,李嘉芙,2024,,,thesis,zh,URBAN_PLAN_GEO,T3
CITING-WORK-7BB85FF60D11,绿色债券发行的空间溢出效应及机制研究--基于碳排放视角,李加明,2025,,,thesis,zh,INTERDISC_OTHER,T3
CITING-WORK-E0E053CA9C6E,湖南省数字经济发展对乡村产业升级的影响研究,黎梓,2024,,,thesis,zh,RURAL_AGRI,T3
CITING-WORK-4D5603FAF8F2,青年发展型城市建设问题研究,张可;屈晓婷,2024,北京青年研究,10.3969/j.issn.1008-4002.2024.03.003,journal article,zh,URBAN_PLAN_GEO,T3
CITING-WORK-39705439C8E3,地方品质与资源型城市产业结构转型——基于人口集聚的视角,李娜;赵康杰;景普秋,2023,城市问题,10.13239/j.bjsshkxy.cswt.230406,journal article,zh,URBAN_PLAN_GEO,T2
CITING-WORK-8B3C351840A2,人工智能可供性对实体经济高质量发展的影响——基于政府财税激励的调节效应,刘雨函,2025,华东经济管理,10.19629/j.cnki.34-1014/f.250612015,journal article,zh,ECON_BUS_CONS,T2
CITING-WORK-AF26E7300895,低碳城市建设对创业的影响研究,陈晓;邵钰丞,2024,科技与经济,10.3969/j.issn.1003-7691.2024.02.010,journal article,zh,ECON_BUS_CONS,T3
CITING-WORK-DBA0B3CE49A3,出口技术复杂度的国外中间品依赖如何影响全球价值链分工地位?,陈晓华;杜文;杨高举,2023,南京财经大学学报,,journal article,zh,INTERDISC_OTHER,T3
CITING-WORK-22351749EC9F,内蒙古畜牧业人才需求与人才政策供给协调度调查研究,张开志;刘阳,2023,前沿,,journal article,zh,SOC_POLICY,T3
CITING-WORK-4E96B3C52711,城市旅游景区舒适性对游客消费差异的影响机制,黄泰;卫嫚;席建超,2025,人文地理,10.13959/j.issn.1003-2398.2025.01.015,journal article,zh,TOUR_HOSP,T3
CITING-WORK-CBA2578B4439,人才集聚如何影响低技能劳动力工资:基于知识溢出和消费溢出的机制研究,毛丰付;郑好青;李言,2025,商业经济与管理,10.14134/j.cnki.cn33-1336/f.2025.10.006,journal article,zh,ECON_BUS_CONS,T2
CITING-WORK-F65CAC0825E8,粤港澳大湾区城市消费适宜性评价及障碍因素分析,柳坤,2024,商业经济研究,10.3969/j.issn.1002-5863.2024.17.010,journal article,zh,ECON_BUS_CONS,T2
CITING-WORK-B9E0E8FCC06B,居民消费结构升级对城市全要素生产率的影响——基于CFPS数据的实证分析,潘癸邑;陈闻君,2025,商业经济研究,10.3969/j.issn.1002-5863.2025.17.014,journal article,zh,ECON_BUS_CONS,T2
CITING-WORK-2C00C8365D75,消费升级的产业结构升级效应研究,叶胥;王鹏帆;毛中根,2023,统计与信息论坛,10.3969/j.issn.1007-3116.2023.11.002,journal article,zh,ECON_BUS_CONS,T3
CITING-WORK-4E82FEEB8763,消费型城市的演进机制与测度分析,孙豪;毛中根,2025,统计与信息论坛,,journal article,zh,ECON_BUS_CONS,T3
CITING-WORK-3A2C41CB186C,制度滞涨:产业升级城市引才的舒适物阻滞及其机理——基于珠三角W市的考察,周琭璐;唐晓涵,2025,中共乐山市委党校学报,10.3969/j.issn.1009-6922.2025.04.006,journal article,zh,ECON_BUS_CONS,T3
CITING-WORK-5382CE61C3F5,人才生态环境视角下青年友好型城市建设路径研究:基于模糊集定性比较分析,段智慧;孟雪;郝文强,2023,中国人力资源开发,10.16471/j.cnki.11-2822/c.2023.4.008,journal article,zh,URBAN_PLAN_GEO,T3
CITING-WORK-DAE0EF807A9E,城市何以筑巢引凤——基于舒适物理论的组态研究,罗茜琳,2024,中国人事科学,,journal article,zh,URBAN_PLAN_GEO,T3
CITING-WORK-8C083CE3D56B,科技人才集聚演化与区域协同治理——基于京津冀城市群的计量分析,刘颖;王野;曹琦,2024,中国行政管理,10.19735/j.issn.1006-0863.2024.07.05,journal article,zh,SOC_POLICY,T2
CITING-WORK-7A2621AB4DFA,"互动式信息披露质量对股价延迟的影响:来自""互动易""平台的经验证据",苏梽芳;许博宇,2023,浙江工商大学学报,10.14134/j.cnki.cn33-1337/c.2023.06.010,journal article,zh,ECON_BUS_CONS,T2
CITING-WORK-AA769DF4A15E,自然资源调查监测技术体系构建的方向与任务,陈军;武昊;张继贤,2022,地理学报,10.11821/dlxb202205001,journal article,zh,TOUR_HOSP,T2
CITING-WORK-E640ED174B32,场景理论视角下科技创新推动数字文化空间塑造研究,王瑞文;张丁戈,2024,北京城市学院学报,10.3969/j.issn.1673-4513.2024.03.009,journal article,zh,URBAN_PLAN_GEO,T2
CITING-WORK-4744E5B52383,"场景的""蜂鸣生产力""",齐骥;亓冉;特里·N,2022,山东大学学报（哲学社会科学版）,10.19836/j.cnki.37-1100/c.2022.04.003,journal article,zh,INTERDISC_OTHER,T2
CITING-WORK-D779156ABFE7,"数字赋能中华优秀传统文化""两创""的产消机制研究",王育济;李萌,2023,山东大学学报（哲学社会科学版）,10.19836/j.cnki.37-1100/c.2023.03.005,journal article,zh,INTERDISC_OTHER,T2
CITING-WORK-E99B0469C528,社区营造有效性的影响因素与实现路径——基于38个城市社区营造案例的模糊集定性比较分析,高红,2021,社会科学,,journal article,zh,URBAN_PLAN_GEO,T3
CITING-WORK-18F91BEDC62E,"论中国网络文学中华优秀传统文化的""两创""面向及实践路径",王婉波,2023,文学评论,,journal article,zh,CULT_MEDIA,T3
CITING-WORK-4966E0D962B7,场景视域下城市新型公共文化空间发展模式与优化策略,延书宁;陈波,2024,中国软科学,10.3969/j.issn.1002-9753.2024.11.006,journal article,zh,INTERDISC_OTHER,T2
CITING-WORK-6E8367FC260A,城市蔓延影响了城市代谢效率吗?——基于285个地级市面板数据的实证研究,罗啸潇;刘勇;廖斌,2023,中国人口（资源与环境）,10.12062/cpre.20220612,journal article,zh,INFO_TECH,T2
CITING-WORK-DA0C64DD8CFC,《清明上河图》宋、明、清三版对比研究,于晓璐,2023,,,thesis,zh,INTERDISC_OTHER,T3
CITING-WORK-19FBAD71823C,数字媒体技术下宋代风俗画创作研究,兰瑞雪,2024,,,thesis,zh,CULT_MEDIA,T3
CITING-WORK-3E59C0C52F91,基于城镇化的苏州传统村落文化空间评价指标研究,肖晶颖,2024,,,thesis,zh,RURAL_AGRI,T3
CITING-WORK-1BAE4A460D8C,数字乡村发展背景下村庄公共文化空间规划研究--以武汉市桥梁村为例,储著琴,2023,,,thesis,zh,ARCH_DES_HER,T3
CITING-WORK-CB3756110753,基于虚拟仿真技术的传统民俗节日体验设计研究,袁梵,2024,,,thesis,zh,INTERDISC_OTHER,T3
CITING-WORK-168AE3B089B0,场景理论下非遗传承的影像新模态设计方法研究,莫若,2024,,,thesis,zh,INTERDISC_OTHER,T3
CITING-WORK-EAAF7B844FCA,新媒体视域下宋代风俗画交互动画设计研究,孙希芳,2025,,,thesis,zh,CULT_MEDIA,T3
CITING-WORK-A0442542DCE7,场景理论视域下传统文化虚拟空间用户体验需求研究,蒋燕森;王莉;李润润,2025,包装工程,10.19554/j.cnki.1001-3563.2025.20.022,journal article,zh,ARCH_DES_HER,T2
CITING-WORK-2F0548400442,档案资源开发的元宇宙向度:面向公众的文化空间,宣澍;郭朗睿;宋芊芊,2023,档案学刊,10.3969/j.issn.1672-3627.2023.05.009,journal article,zh,INTERDISC_OTHER,T2
CITING-WORK-2D391FEE8003,形神之动:中国传统人物画的数字显影路径与媒介考古,陈方,2026,美与时代,10.3969/j.issn.1003-2592.2026.02.030,journal article,zh,ARCH_DES_HER,T2
CITING-WORK-4981FC0A2166,数字人文视角下昆明城市文化遗产的活化与传播,金炜威,2025,四川省干部函授学院学报,10.3969/j.issn.1008-8784.2025.04.006,journal article,zh,ARCH_DES_HER,T3
CITING-WORK-3C4895ABE67F,场景理论视域下手工艺类非物质文化遗产活化路径研究——以国家级非遗道明竹编为例,杨琳曦,2025,太原城市职业技术学院学报,10.3969/j.issn.1673-0046.2025.06.057,journal article,zh,ARCH_DES_HER,T3
CITING-WORK-AC77BAB15237,叙事、认同、沉浸:多模态大模型赋能新时期文化遗产保护与传承的推进策略,魏立才,2025,云南民族大学学报（哲学社会科学版）,,journal article,zh,SOC_POLICY,T2
CITING-WORK-5DC969FB992F,场景理论视域下手工艺类非遗展示路径研究,杨琳曦,2024,中国民族博览,10.3969/j.issn.1007-4198.2024.18.070,journal article,zh,ARCH_DES_HER,T2
CITING-WORK-A33D61981363,基于VR技术的敦煌彩塑数字博物馆设计研究,王洋,2024,,,thesis,zh,CULT_MEDIA,T3
CITING-WORK-86BDB45A4741,博物馆展览具身交互设计研究——以苏州博物馆苏作工艺展为例,邓子涵,2024,,,thesis,zh,CULT_MEDIA,T3
CITING-WORK-B9DC8AD8BCC8,通感效应在露营餐厅室内设计中的应用研究——以长春国泰露营餐厅设计为例,齐赫晨,2024,,,thesis,zh,INTERDISC_OTHER,T3
CITING-WORK-06931E5A9E2A,元宇宙博物馆设计研究,王丽欣,2025,,,thesis,zh,CULT_MEDIA,T3
CITING-WORK-6B6C010D952C,红岩革命纪念馆的记忆之场与具身体验研究,万新颜,2025,,,thesis,zh,INTERDISC_OTHER,T3
CITING-WORK-1F4026B186ED,场景叙事视角下布努瑶族密洛陀文化数字绘本设计研究,李沁怡,2025,,,thesis,zh,CULT_MEDIA,T3
CITING-WORK-5FBE1A8E8A17,共情视域下流失文物展示动态插画设计研究--以大英博物馆为例,张凯雯,2025,,,thesis,zh,CULT_MEDIA,T3
CITING-WORK-82491DAA47D5,包傩万象：傩面具数字虚拟博物馆沉浸式体验设计研究与应用,李雨蔓,2024,,,thesis,zh,CULT_MEDIA,T3
CITING-WORK-F962FC2C522A,对话理论视域下中国文博业的共情传播研究,王佳瑶,2024,,,thesis,zh,CULT_MEDIA,T3
CITING-WORK-7669D46BA87C,乡村记忆书写与地方形象塑造:南京市水墨大埝自行车博物馆数字化应用研究,伊艺萌,2025,传媒论坛,10.3969/j.issn.2096-5079.2025.23.020,journal article,zh,CULT_MEDIA,T2
CITING-WORK-350A641A2CE2,全媒体时代博物馆主流意识形态话语的数字化传播策略研究,林雨欣,2025,国际公关,,journal article,zh,CULT_MEDIA,T2
CITING-WORK-4AA64968142D,海南黎族文化遗产在旅游空间叙事中的活化路径研究,何璐;范明琛;鲁微微,2025,家具与室内装饰,10.16771/j.cn43-1247/ts.2025.11.017,journal article,zh,ARCH_DES_HER,T2
CITING-WORK-CBDD5A8FCE30,历史博物馆导视系统设计中的叙事性表达研究,卜一丁;杨典;卜立言,2025,美与时代,,journal article,zh,ARCH_DES_HER,T2
CITING-WORK-893FF345B90E,国潮背景下老字号品牌场景化焕新策略分析,佚名,,,,thesis,zh,ECON_BUS_CONS,T3
CITING-WORK-C3935E1F5356,抖音短剧的传统文化传播与创新路径研究——以《逃出大英博物馆》为例,陈梦恩,2024,西部广播电视,10.3969/j.issn.1006-5628.2024.04.044,journal article,zh,CULT_MEDIA,T2
CITING-WORK-5B752D549912,文化认同视角下延伸古代西域驿站文化遗产感知途径研究,张允;李奉玲,2025,新疆社科论坛,10.3969/j.issn.1671-4741.2025.04.007,journal article,zh,ARCH_DES_HER,T3
CITING-WORK-DF15F1EC551D,Z时代大学生对文旅元宇宙博物馆接受意愿的影响因素研究,郑文娟;李燕;郑文婷,2023,海峡科学,10.3969/j.issn.1673-8683.2023.11.041,journal article,zh,TOUR_HOSP,T3
CITING-WORK-9980C5A27798,客家文化体验对重游意愿、口碑传播的实证研究--以河源客家文化为例,潘琳,2022,,,thesis,zh,CULT_MEDIA,T3
CITING-WORK-9CA588599489,红色文旅深度融合的育人功能研究,陈嘉俊,2024,,,thesis,zh,TOUR_HOSP,T3
CITING-WORK-385C45CE45CC,旅游体验场景对游客满意度及行为意向的影响研究——游客涉入的中介作用,温丽芳,2024,,,thesis,zh,TOUR_HOSP,T3
CITING-WORK-90818E145056,新媒体环境下伊犁旅游形象的投射与感知研究,周意,2023,,,thesis,zh,TOUR_HOSP,T3
CITING-WORK-50A168F39CDB,基于游戏化的三国文化体验场景设计研究,何鑫蕾,2024,,,thesis,zh,CULT_MEDIA,T3
CITING-WORK-70A6E27F6B22,基于促进夜经济发展的文旅景观照明设计,唐依凡,2024,,,thesis,zh,ARCH_DES_HER,T3
CITING-WORK-0A242F58ADFC,"关于""旅游场景""概念的探讨",武传震,2023,国土与自然资源研究,10.16202/j.cnki.tnrs.2023.03.016,journal article,zh,TOUR_HOSP,T3
CITING-WORK-179C9895051B,文旅融合市场主体建设:概念体系与逻辑分析框架,冯学钢;梁茹,2022,华东师范大学学报（哲学社会科学版）,10.16382/j.cnki.1000-5579.2022.02.014,journal article,zh,TOUR_HOSP,T3
CITING-WORK-64ABA69BECBD,"基于""链式+场景""的休闲农业智慧化发展:动因分析、体系构建与推进路径",苏国东;陆川;陈广宇,2023,江苏农业科学,10.15889/j.issn.1002-1302.2023.22.035,journal article,zh,RURAL_AGRI,T3
CITING-WORK-5057B0AFD2AC,基于消费行为学促进场景旅游营销策略建议——以长三角为例,侯淑怡,2022,技术与市场,10.3969/j.issn.1006-8554.2022.09.051,journal article,zh,TOUR_HOSP,T3
CITING-WORK-007138E31804,基于知识图谱的民俗文化空间传播分析系统设计与实现——以乌镇香市为例,徐俊;张海静;张豪,2025,建筑与文化,10.19875/j.cnki.jzywh.2025.09.081,journal article,zh,ARCH_DES_HER,T2
CITING-WORK-66BD63E6A768,数字化时代旅游场景:概念整合与价值创造,夏蜀;陈中科,2022,旅游科学,,journal article,zh,TOUR_HOSP,T3
CITING-WORK-AAA38F4FF9A6,县域旅游产业数字化治理场景演变研究——以浙江省90个县级行政区为例,杨晓娜;王相华;赵磊,2025,旅游科学,,journal article,zh,TOUR_HOSP,T3
CITING-WORK-5F33DB350F6C,青岩古镇夜间旅游场景营造优化路径研究,李天琪;宋雨薇;朱梅梅,2023,漫旅,,journal article,zh,TOUR_HOSP,T2
CITING-WORK-DCC1E64BAD94,体验经济视角下夜间旅游场景营造思路研究,刘道璇;李庆雷,2021,西部经济管理论坛（原四川经济管理学院学报）,10.12181/jjgl.2021.05.08,journal article,zh,TOUR_HOSP,T3
CITING-WORK-B4481BC5CF5D,文化空间视角下的乡村文教空间更新设计研究,赵雪桥,2025,,,thesis,zh,RURAL_AGRI,T3
CITING-WORK-9980EBB1C5F8,数字技术赋能农民精神生活富裕研究,于一凡,2025,,,thesis,zh,INFO_TECH,T3
CITING-WORK-0AD2DF830150,新型公共文化空间赋能乡村振兴的内在机理与创新路径——以青海省三江源地区为例,徐珍;毛春合,2025,北京农业职业学院学报,10.3969/j.issn.1671-7252.2025.06.006,journal article,zh,RURAL_AGRI,T3
CITING-WORK-94836F7C33FF,参与式设计视野下乡村公共空间改造策略研究,王宇阳;李卫兵;凡征,2024,湖南包装,10.19686/j.cnki.issn1671-4997.2024.03.025,journal article,zh,ARCH_DES_HER,T2
CITING-WORK-544E4B93E092,公共图书馆赋能乡村文化振兴的困境及实践路径研究,黄诚,2025,江西农业,,journal article,zh,RURAL_AGRI,T2
CITING-WORK-B3D72B7D0D9C,文化治理视域下乡村图书馆的情感治理实践——基于家玥图书馆的考察,赵偲宏;宋艳丽,2024,科技传播,10.3969/j.issn.1674-6708.2024.14.009,journal article,zh,CULT_MEDIA,T2
CITING-WORK-B9BDFBED606F,替代与重叠:公共文化参与中用户数字化水平与服务可及性的关系,王元明;王雪丽,2025,农业图书情报学报,10.13998/j.cnki.issn1002-1248.25-0065,journal article,zh,INFO_TECH,T2
CITING-WORK-15E95DF718FB,数字技术赋能公共文化服务高质量发展:影响效应与作用机制,袁硕,2026,农业图书情报学报,10.13998/j.cnki.issn1002-1248.25-0526,journal article,zh,INFO_TECH,T2
CITING-WORK-5F846E91288F,数智赋能农村公共文化服务精准供给的机理与路径,王晴;阚中华,2024,山东行政学院学报,10.3969/j.issn.2095-7238.2024.04.007,journal article,zh,RURAL_AGRI,T3
CITING-WORK-1BFC90EF0F33,非遗特色新型公共文化空间建设的实践路径研究,杨佳佳,2025,参花,10.3969/j.issn.1008-8407.2025.31.041,journal article,zh,INTERDISC_OTHER,T2
CITING-WORK-18CA668ACFA2,文化强国视域下社会力量参与公共文化服务的角色定位和价值实现,司文选;侯琬靖;姚兰兰,2024,图书与情报,10.11968/tsyqb.1003-6938.2024066,journal article,zh,INFO_TECH,T2
CITING-WORK-B4AA71590CF1,乡村公共文化空间视野下的乡村博物馆:脉络、特征与方向,毛若寒,2025,中国博物馆,10.3969/j.issn.1002-9648.2025.01.017,journal article,zh,EDUCATION,T2
CITING-WORK-97E45F887F02,图书出版数字化赋能乡村文化振兴的转型策略及影响意义研究,黄诚,2025,智慧农业导刊,10.20028/j.zhnydk.2025.07.040,journal article,zh,RURAL_AGRI,T2
CITING-WORK-E1AAEA476494,运河文化在台儿庄小季河河道景观设计中的应用研究,徐子悦,2024,,,thesis,zh,ARCH_DES_HER,T3
CITING-WORK-4EE6FD234589,遗产旅游活化对居民价值共创的影响机制研究--以长江国家文化公园（重庆段）为例,游宇阳,2024,,,thesis,zh,ARCH_DES_HER,T3
CITING-WORK-BE3E4FDA22CE,旅游业对目的地生态系统服务价值影响研究—以长三角城市群为例,张倩,2024,,,thesis,zh,TOUR_HOSP,T3
CITING-WORK-EB8D620B9102,共生视角下山岳型景区酒店的演化过程及作用机制,吴研,2024,,,thesis,zh,TOUR_HOSP,T3
CITING-WORK-37B4CD7A8030,大运河文化遗产景区网络关注度研究：时空演化、结构特征及影响因素,赵苗祎,2025,,,thesis,zh,ARCH_DES_HER,T3
CITING-WORK-E892DCDDA347,大运河国家文化公园研究综述,邵波,2024,北京联合大学学报,10.16255/j.cnki.ldxbz.2024.05.010,journal article,zh,ARCH_DES_HER,T2
CITING-WORK-13E5B9BD3154,我国西部城市旅游发展的混合动力结构分析,高燕;孙根年,2025,城市问题,10.13239/j.bjsshkxy.cswt.250506,journal article,zh,URBAN_PLAN_GEO,T2
CITING-WORK-0666EC415DF3,融合与共生:基于空间格局演变的运河与无锡城市发展关系研究,杨山,2024,黑龙江生态工程职业学院学报,10.3969/j.issn.1674-6341.2024.06.04,journal article,zh,TOUR_HOSP,T2
CITING-WORK-E0C697A40122,文化遗产视角下的区域协同发展研究——以黄河国家文化公园为例,李艳;李茜;叶子欣,2025,开发研究,10.13483/j.cnki.kfyj.2025.01.006,journal article,zh,ARCH_DES_HER,T3
CITING-WORK-88120491A7D4,申遗历程和政策引领视角下中国大运河研究演进脉络与特征,汪德根;王旭;陆林,2024,旅游学刊,10.19765/j.cnki.1002-5006.2024.11.015,journal article,zh,TOUR_HOSP,T2
CITING-WORK-E19A4A6A469D,"破解""价值孤岛"":二里头遗址地的""馆—地""共生失衡与乡村振兴路径研究",李开心,2025,旅游纵览,10.3969/j.issn.1004-3292.2025.17.014,journal article,zh,TOUR_HOSP,T2
CITING-WORK-3EC658B600AA,旅游景区与社区共生空间的研究进展与展望,佚名,,,,thesis,zh,TOUR_HOSP,T3
CITING-WORK-C87E18435544,"""灯下黑""还是""灯下亮""?",方叶林;杨玉洁;黄震方,2026,人文地理,10.13959/j.issn.1003-2398.2026.01.007,journal article,zh,URBAN_PLAN_GEO,T3
CITING-WORK-948E2815E281,宿迁大运河文化遗产数字化保护利用的路径研究,杨滢毓;李权;张惠敏,2024,水文化,,journal article,zh,CULT_MEDIA,T2
CITING-WORK-DFDE8D83154E,大运河流经下的苏州城市空间发展变迁,袁琼岚,2024,文化学刊,,journal article,zh,CULT_MEDIA,T2
CITING-WORK-40357DF11594,共生理论视域下大运河国家文化公园建筑遗产与数字技术融合发展研究,郝杰,2025,西南林业大学学报,,journal article,zh,ARCH_DES_HER,T3
CITING-WORK-8C5ACB952056,人文经济学视域下的国家文化公园空间建设,秦宗财,2024,学习与实践,,journal article,zh,EDUCATION,T2
CITING-WORK-973E2AE35AEB,大运河江苏沿线特色小镇的空间分布特征及其影响因素,郑菲菲;何亮;王化笛,2024,枣庄学院学报,10.3969/j.issn.1004-7077.2024.05.011,journal article,zh,INTERDISC_OTHER,T3
CITING-WORK-33EBC220C6F7,传统文化符号在交互影像装置中的构建与传播研究,熊紫微,2022,,,thesis,zh,CULT_MEDIA,T3
CITING-WORK-67BB39C101C8,场景视域下“云录制”综艺节目的创新研究,张卉,2022,,,thesis,zh,INTERDISC_OTHER,T3
CITING-WORK-CA5D70F5568C,数字影像中传统文化的多维度叙事方法研究,郑冰倩,2022,,,thesis,zh,CULT_MEDIA,T3
CITING-WORK-45B330F46EBC,贝尔纳·斯蒂格勒媒介技术观,唐一笑,2023,,,thesis,zh,CULT_MEDIA,T3
CITING-WORK-9AECE121B220,电商平台动态海报创意研究,文香雅,2022,,,thesis,zh,INFO_TECH,T3
CITING-WORK-62D1D256D76B,旅游短视频营销对游客旅游意愿的影响研究—基于唤起和沉浸的中介作用,孙珊珊,2024,,,thesis,zh,TOUR_HOSP,T3
CITING-WORK-3BAA1C60785D,文化/技术共生论视域下我国网络流行语研究（1995-2020年）,何鲁艺,2023,,,thesis,zh,CULT_MEDIA,T3
CITING-WORK-A6277918CD08,数字化赋能高校思想政治教育高质量发展研究,谭天,2025,,,thesis,zh,EDUCATION,T3
CITING-WORK-9D65B1B49F45,媒介环境学视域下中文播客的听觉传播研究,张玥,2024,,,thesis,zh,CULT_MEDIA,T3
CITING-WORK-83CD423CACB9,媒介环境学视角下的城市AI感官媒介研究--以科大讯飞AI感官媒介为例,杨婕,2022,,,thesis,zh,CULT_MEDIA,T3
CITING-WORK-6E346DA8481F,主流媒体虚拟主播形象呈现与传播价值研究,李若镁,2024,,,thesis,zh,CULT_MEDIA,T3
CITING-WORK-13EA605B1BC7,基于区块链技术的体育热点事件中的网络情绪治理,徐磊;任礼姝;黄东亚,2024,河北体育学院学报,10.3969/j.issn.1008-3596.2024.03.003,journal article,zh,SPORT_LEISURE,T2
CITING-WORK-3FA2A9B69D77,媒介环境学视域下地域文化的新传播路径探析 ——以贵池傩文化为例,何震,2021,哈尔滨学院学报,10.3969/j.issn.1004-5856.2021.07.024,journal article,zh,CULT_MEDIA,T2
CITING-WORK-5268400E5B57,5G时代体育热点事件中网络情绪传播的特质、危机效应及应对方略,徐磊;王锴;任礼姝,2025,吉林体育学院学报,,journal article,zh,ECON_BUS_CONS,T2
CITING-WORK-B665E2886AB7,元宇宙赋能任务型语言教学:应用模型及教学优化,韩超;侯姣冶,2023,教育学术月刊,,journal article,zh,EDUCATION,T3
CITING-WORK-110089527ABC,网红博主与网红场景对出游意愿和口碑推荐的影响,肖宁;杨金华;徐元诏,2024,人文地理,10.13959/j.issn.1003-2398.2024.01.019,journal article,zh,URBAN_PLAN_GEO,T3
CITING-WORK-7758BC0B0620,机遇、挑战与应对:5G时代网络体育舆论传播,徐磊;王庆军,2022,体育文化导刊,10.3969/j.issn.1671-1572.2022.01.009,journal article,zh,SPORT_LEISURE,T2
CITING-WORK-63C1CBA9AE4C,协同性与连接力:5G推进媒体深度融合的作用机制,卢迪,2021,现代传播,10.3969/j.issn.1007-8770.2021.08.004,journal article,zh,CULT_MEDIA,T2
CITING-WORK-0635FDFB29C3,河南卫视春晚《唐宫夜宴》的文化创新表达,刘康帅,2021,新闻前哨,10.3969/j.issn.1003-2827.2021.11.058,journal article,zh,CULT_MEDIA,T2
CITING-WORK-0EF5E5AA32E2,5G时代平台信息分发的智能化变革与系统重构,陈文泰;王培涵;李卫东,2023,中国编辑,,journal article,zh,CULT_MEDIA,T2
CITING-WORK-EF0B00A9E63E,数智赋能新闻生产智能化的内在逻辑:流程再造、场景重塑与价值共创,令狐克睿;涂媛媛,2023,中国编辑,,journal article,zh,CULT_MEDIA,T2
CITING-WORK-A5591C0167F0,沉浸体验视角下档案馆信息服务研究,廖程程,2023,,,thesis,zh,INFO_TECH,T3
CITING-WORK-C2578F76AC7B,基于情境感知的红色档案服务研究,钟小昆,2024,,,thesis,zh,INTERDISC_OTHER,T3
CITING-WORK-9B42468C2941,基于微信公众号短视频平台的红色档案资源传播服务研究,曹雪,2024,,,thesis,zh,CULT_MEDIA,T3
CITING-WORK-D07F121D7EDB,京津冀红色档案资源协同开发研究,谷颖雯,2024,,,thesis,zh,INTERDISC_OTHER,T3
CITING-WORK-D7481B4D39D1,综合档案馆抖音短视频传播策略研究,徐池,2025,,,thesis,zh,CULT_MEDIA,T3
CITING-WORK-181F44F55763,红色档案文化共情传播研究,杨子若,2024,,,thesis,zh,CULT_MEDIA,T3
CITING-WORK-C9EFC10B89CD,基于5W模式的红色档案文化传播优化研究--以河北省档案馆为例,岳濛薇,2025,,,thesis,zh,CULT_MEDIA,T3
CITING-WORK-17726DD22B1A,数字叙事视域下红色档案开发利用路径研究--以山东省黄河流域红色档案为例,杜玉洁,2025,,,thesis,zh,INFO_TECH,T3
CITING-WORK-B0F72C84D0E0,新媒体环境下红色档案开发的内涵与路径研究,杨帆,2023,北京档案,10.3969/j.issn.1002-1051.2023.05.014,journal article,zh,INFO_TECH,T2
CITING-WORK-99B98F99A27F,互联网时代红色档案资源的开发与创新利用,镡淑艳,2024,产业与科技论坛,10.3969/j.issn.1673-5641.2024.24.098,journal article,zh,ECON_BUS_CONS,T2
CITING-WORK-809E0712645C,从离身传播回归具身传播:档案信息传播的创新路径探析,赵梦蝶,2024,档案,10.3969/j.issn.1004-2733.2024.03.014,journal article,zh,INTERDISC_OTHER,T2
CITING-WORK-CD7147788779,红色档案数智化叙事转向及提升策略,吴春阳,2025,档案管理,10.3969/j.issn.1005-9458.2025.02.013,journal article,zh,INTERDISC_OTHER,T2
CITING-WORK-E86844429B4F,启动效应视域下红色档案建构集体记忆的机理与方法,陈建;胡晓烨,2023,档案学刊,10.3969/j.issn.1672-3627.2023.02.003,journal article,zh,INTERDISC_OTHER,T2
CITING-WORK-16CBBFC7F1E0,文旅融合视域下湖南红色档案资源开发路径研究,陈书怡,2023,档案学刊,10.3969/j.issn.1672-3627.2023.04.007,journal article,zh,INTERDISC_OTHER,T2
CITING-WORK-63BDF1364014,红色档案资源文化服务供给体系:逻辑机理与建设路径,耿志杰;张宝杰,2025,档案学通讯,,journal article,zh,CULT_MEDIA,T2
CITING-WORK-44D4C04FB79C,数字人文视域下红色档案传承红色基因路径探析,朱彤;王兴广;陈贺琪,2023,档案学研究,10.16065/j.cnki.issn1002-1620.2023.03.015,journal article,zh,INFO_TECH,T3
CITING-WORK-BF6553D378C7,"[Unidentified thesis citation; Wanfang target CENSUS-1027, reference 18]",佚名,,,,thesis,unknown,INTERDISC_OTHER,T3
CITING-WORK-25610829D66F,记忆之场理论视域下红色档案资源戏剧化开发模式与路径,李姗姗;张鑫雨,2023,山西档案,10.3969/j.issn.1005-9652.2023.01.002,journal article,zh,INTERDISC_OTHER,T2
CITING-WORK-4A15E366FA73,习近平文化思想下红色档案文化建设的逻辑、意义与实现进路,文婷钰;耿志杰,2024,山西档案,10.3969/j.issn.1005-9652.2024.02.016,journal article,zh,INTERDISC_OTHER,T2
CITING-WORK-A4BA2773DC80,社交媒体时代红色档案的公众参与及传播策略,吴京京,2025,山西档案,10.3969/j.issn.1005-9652.2025.02.013,journal article,zh,INTERDISC_OTHER,T2
CITING-WORK-AED469E37B79,红色档案资源体系构建策略研究,赵彦昌;李知霏,2024,浙江档案,,journal article,zh,ECON_BUS_CONS,T2
CITING-WORK-1D8E85B812E6,基于场景的中职《网店运营》课程教学设计与实践,王君志,2023,,,thesis,zh,EDUCATION,T3
CITING-WORK-8D1A5C304C62,呼和浩特城市休闲空间发展路径仿真研究,杨佳乐,2025,,,thesis,zh,SPORT_LEISURE,T3
CITING-WORK-51962A28FBA4,基于场景理论的古村镇街巷空间更新设计研究--以重庆龙兴古镇为例,唐蕊,2025,,,thesis,zh,INTERDISC_OTHER,T3
CITING-WORK-E946BCFBC0A9,乡村文化振兴中的如画场景营造结构,刘晓菲;李凤亮,2020,河南牧业经济学院学报,10.3969/j.issn.2096-2452.2020.05.003,journal article,zh,RURAL_AGRI,T3
CITING-WORK-EBD823D01142,文化地标对科技创新推动研究——从案例到路径的实践分析,陈韬,2024,上海城市管理,10.3969/j.issn.1674-7739.2024.03.002,journal article,zh,SOC_POLICY,T2
CITING-WORK-B052E8D6BEDE,基于场景理论的动物友好型产品设计研究——以宠物猫家具为例,卓玥儿,2022,,,thesis,zh,INTERDISC_OTHER,T3
CITING-WORK-31AFB3596459,学龄前儿童绘本馆家具设计研究,李超群,2023,,,thesis,zh,INTERDISC_OTHER,T3
CITING-WORK-5F559ACF5023,基于KANO模型的长沙市新型公共阅读空间服务供给优化研究,孙英姿,2023,,,thesis,zh,INTERDISC_OTHER,T3
CITING-WORK-83FB13B37ED5,元宇宙视域下的图书馆智慧服务场景构建,刘昕然,2024,,,thesis,zh,INFO_TECH,T3
CITING-WORK-D2518D6C6EE6,融合场景理论下的公共图书馆智慧阅读空间构建,佚名,,,,thesis,zh,INTERDISC_OTHER,T3
CITING-WORK-9379A2E169DB,我国城市公共阅读空间政社合作模式及发展对策研究,吴小冰;李昊远;张旭露,2023,大学图书情报学刊,10.3969/j.issn.1006-1525.2023.04.007,journal article,zh,CULT_MEDIA,T2
CITING-WORK-D5D2B9718885,数字赋能城市社区文化创新创意空间场景营造与建设研究,周爽;林乐豪;吴大连,2025,国际公关,,journal article,zh,CULT_MEDIA,T2
CITING-WORK-6A3CD40AD6B5,"""要素-功能""视域下的公共图书馆阅读空间建设路径研究——以重庆市巴南区图书馆为例",刘徵徵,2025,晋图学刊,10.3969/j.issn.1004-1680.2025.05.007,journal article,zh,EDUCATION,T2
CITING-WORK-6AB561B51D09,社会力量参与公共图书馆服务供给驱动因素分析,李昊远,2022,四川图书馆学报,10.3969/j.issn.1003-7136.2022.02.007,journal article,zh,SOC_POLICY,T2
CITING-WORK-96DBAB8DEB76,场景理论视阈下国际消费中心城市名片消费场景的构建研究——以天津市为例,刘玥,2024,天津商务职业学院学报,,journal article,zh,ECON_BUS_CONS,T2
CITING-WORK-3124CABE8DA7,"全民阅读视角下""城市书房""创新服务优化策略探究",王维佳,2022,图书馆工作与研究,,journal article,zh,INFO_TECH,T2
CITING-WORK-B114EB20BAAF,襄阳城市书房可持续发展中的问题及对策研究,郝伶俐;陶鑫,2022,图书馆理论与实践,,journal article,zh,INFO_TECH,T2
CITING-WORK-020E027168FB,融合场景理论的图书馆智慧阅读空间构建研究,赵秋璇,2022,图书馆学刊,10.3969/j.issn.1002-1884.2022.03.009,journal article,zh,INFO_TECH,T2
CITING-WORK-13821EAAAA65,品牌乡村书店的文化空间建构研究,徐雪松;徐嘉,2022,中国出版,10.3969/j.issn.1002-4166.2022.01.013,journal article,zh,CULT_MEDIA,T2
CITING-WORK-1FA9E3CC72A2,基于场景理论的良渚乡村图书馆服务设计研究,吴天平,2025,鞋类工艺与设计,10.3969/j.issn.2096-3793.2025-18-040,journal article,zh,TOUR_HOSP,T2
CITING-WORK-041BDAAA4F9E,移动互联网下共享场景研究,吴娟娟,2018,,,thesis,zh,INTERDISC_OTHER,T3
CITING-WORK-C3AEB85407DC,消费文化视角下的创意中插广告,赵楠,2019,,,thesis,zh,ECON_BUS_CONS,T3
CITING-WORK-86A2669FE436,场景视阈下健身类APP品牌传播研究--以Keep为例,王佳鑫,2019,,,thesis,zh,ECON_BUS_CONS,T3
CITING-WORK-2F657122B3DB,基于5W模式对网剧中创意中插广告的传播策略研究,任青青,2019,,,thesis,zh,CULT_MEDIA,T3
CITING-WORK-F851201EEFD1,移动互联网广告的场景应用研究,张美娜,2019,,,thesis,zh,INTERDISC_OTHER,T3
CITING-WORK-1D157F068E11,移动短视频平台城市形象传播与用户参与行为研究,赵露红,2020,,,thesis,zh,CULT_MEDIA,T3
CITING-WORK-6BDE96A8624B,慢综艺《向往的生活4》植入广告场景化传播研究,韩悦,2021,,,thesis,zh,CULT_MEDIA,T3
CITING-WORK-34A48A8206DB,电商直播中的营销场景构建研究,叶乔楠,2021,,,thesis,zh,INTERDISC_OTHER,T3
CITING-WORK-44B724172765,Z支付集团场景营销模式研究,桑晶晶,2021,,,thesis,zh,INTERDISC_OTHER,T3
CITING-WORK-95A268E0B257,大数据时代品牌场景化传播策略研究,李洋,2022,,,thesis,zh,ECON_BUS_CONS,T3
CITING-WORK-755A64378C0F,网络自制剧创意中插广告的传播策略分析--以爱奇艺自制剧为例,高咏,2022,,,thesis,zh,CULT_MEDIA,T3
CITING-WORK-A3B3D12326E8,用户短视频使用对小镇青年群体社会距离的影响研究,谢冰冰,2023,,,thesis,zh,CULT_MEDIA,T3
CITING-WORK-4DD6E2E56A4F,数字化时代X公司非油品场景营销优化策略研究,周财党,2024,,,thesis,zh,INFO_TECH,T3
CITING-WORK-CEC0E8231D45,网络自制剧原创贴片广告的效果分析,王琼,2018,,,thesis,zh,INFO_TECH,T3
CITING-WORK-A4CDE00FD64C,基于场景营销理论的AR广告应用研究,陶思阳,2018,,,thesis,zh,INTERDISC_OTHER,T3
CITING-WORK-BE50BD549B4E,我国图书出版业场景营销探究,阚学,2019,,,thesis,zh,INTERDISC_OTHER,T3
CITING-WORK-9267A90368E2,受众需要完成的任务——媒体产品定位的新视角,王亮,2019,编辑之友,10.13786/j.cnki.cn14-1066/g2.2019.3.012,journal article,zh,INTERDISC_OTHER,T2
CITING-WORK-13C579367597,移动互联网背景下营销传播类型及优化路径,张祎恺;岳东林,2018,商业经济研究,,journal article,zh,ECON_BUS_CONS,T2
CITING-WORK-4AEC780D001E,版权保护规制的权利再平衡——基于《著作权法(修订草案送审稿)》的分析,王炎龙;邓颖,2018,新闻界,,journal article,zh,CULT_MEDIA,T2
CITING-WORK-65997EA740FE,移动互联时代社交媒体场景化应用分析,袁雨晴,2018,中国传媒科技,10.19483/j.cnki.11-4653/n.2018.03.047,journal article,zh,CULT_MEDIA,T2
CITING-WORK-AF698C28E8E7,大学出版社融合转型与知识服务的优化升级——基于生态位经营的视角,刘坚,2022,中国编辑,,journal article,zh,CULT_MEDIA,T2
CITING-WORK-8653DEBCD137,广州市从化区特色小镇发展对策研究,曾慧萍,2024,,,thesis,zh,INTERDISC_OTHER,T3
CITING-WORK-DDEA2C0573EB,田园综合体助力乡村休闲旅游发展研究——以海口大叠村“龙浩·一亩时光”为例,朱俊杰,2024,,,thesis,zh,TOUR_HOSP,T3
CITING-WORK-4220C76CA179,克拉玛依市乌尔禾文旅特色小镇建设项目综合效益评价研究,李根,2024,,,thesis,zh,TOUR_HOSP,T3
CITING-WORK-1B5D986AEC7A,城市读书会的空间生产研究--以成都市为例,王婧,2024,,,thesis,zh,URBAN_PLAN_GEO,T3
CITING-WORK-60177BE59073,XL市伏羲文化旅游小镇建设中的政府履职问题与对策研究,谢深,2025,,,thesis,zh,TOUR_HOSP,T3
CITING-WORK-A58C112B59FA,文旅融合视角下古堰画乡旅游度假区高质量发展路径研究,郑亚妮,2025,,,thesis,zh,TOUR_HOSP,T3
CITING-WORK-7C4263F279DB,通辽市青龙山甘薯特色小镇发展中存在的问题及对策研究,乌雅汗,2024,,,thesis,zh,INTERDISC_OTHER,T3
CITING-WORK-F9DA25E71316,福建省平和琯溪蜜柚特色小镇发展水平评价研究,周璐,2024,,,thesis,zh,INTERDISC_OTHER,T3
CITING-WORK-9EE6DE070499,场景理论视角下的高品质未来乡村建设路径与模式探索——以湖州市吴兴区为例,汤珏;黄奕婷;张远景,2025,安徽农业科学,10.3969/j.issn.0517-6611.2025.12.035,journal article,zh,RURAL_AGRI,T3
CITING-WORK-AA410B86399A,吉林省特色小镇空间分布及影响因素分析,佚名,,,,thesis,zh,INTERDISC_OTHER,T3
CITING-WORK-0A3B76B01E19,数字时代文化产业高质量发展的实践路径,余佳;徐远超;谈瀚镁,2024,长沙大学学报,10.3969/j.issn.1008-4681.2024.06.008,journal article,zh,TOUR_HOSP,T2
CITING-WORK-E68CABA35D5C,特色小镇建设政策对城乡收入差距的影响——基于浙江省72个县域的数据,路程;王成军;李雷,2025,河北农业大学学报（社会科学版）,10.13320/j.cnki.jauhe.2025.0044,journal article,zh,RURAL_AGRI,T3
CITING-WORK-0526D9F6038F,基于城市空间还迁理论的复合型文化建筑群体营造策略——以宁波市镇海科技文创中心项目为例,郑叶路;王与纯,2024,建筑与文化,10.19875/j.cnki.jzywh.2024.11.013,journal article,zh,ARCH_DES_HER,T2
CITING-WORK-AF88F72A224A,基于CiteSpace的特色小镇空间研究进展分析,刘灵芝;曹晓莉,2025,建筑与文化,10.19875/j.cnki.jzywh.2025.02.079,journal article,zh,ARCH_DES_HER,T2
CITING-WORK-9372D12D925B,乡村振兴战略下水稻乡农业特色小镇可持续发展研究,余婧,2025,北方水稻,10.3969/j.issn.1673-6737.2025.06.037,journal article,zh,TOUR_HOSP,T2
CITING-WORK-D4231778624E,特色小镇内涵、回顾与展望——一个文献综述,魏强;李晶晶;白小虎,2025,生产力研究,10.3969/j.issn.1004-2768.2025.01.004,journal article,zh,ECON_BUS_CONS,T2
CITING-WORK-EDB7F7CADA1F,安徽省特色小镇空间格局与高质量发展路径分析,温凯;程晋南;巫丽茹,2024,山东农业工程学院学报,10.3969/j.issn.1008-7540.2024.05.007,journal article,zh,RURAL_AGRI,T3
CITING-WORK-A630F1610FA5,特色小镇智慧化技术路线的研究,颜艳,2024,山西建筑,10.13719/j.cnki.1009-6825.2024.16.006,journal article,zh,ARCH_DES_HER,T2
CITING-WORK-4E275A35F138,文旅融合视角下城市近郊特色小镇发展路径分析,罗俊,2024,新型城镇化,,journal article,zh,TOUR_HOSP,T3
CITING-WORK-81F75B5262C8,文旅融合视域下城市近郊特色小镇乡村振兴的模式研究,余佳,2024,湖南理工学院学报（自然科学版）,10.3969/j.issn.1672-5298.2024.02.013,journal article,zh,TOUR_HOSP,T3
CITING-WORK-5D8D4FFF3E91,贵阳花溪国家城市湿地公园游憩适宜性评价及优化策略研究,杨鹏,2024,,,thesis,zh,URBAN_PLAN_GEO,T3
CITING-WORK-A968B24B3E00,基于城市旅游文化元素识别的南昌市文旅融合策略研究,黄亚芬,2024,,,thesis,zh,TOUR_HOSP,T3
CITING-WORK-645F159E0795,基于游憩机会谱的城市公园优化设计研究——以安徽省郎溪县东湖公园为例,刘言,2024,,,thesis,zh,URBAN_PLAN_GEO,T3
CITING-WORK-5B34C829FA55,中华优秀传统文化在黄河国家文化公园河南段的肌理表征研究,宋涵华,2025,,,thesis,zh,CULT_MEDIA,T3
CITING-WORK-D0E1B3706E40,城市公园游憩适宜性评价与应用研究,孙娇娇,2025,,,thesis,zh,URBAN_PLAN_GEO,T3
CITING-WORK-4FBBBBC05A91,基于游憩机会谱的常州市青枫城市森林公园景观优化设计,宁文倩,2025,,,thesis,zh,ARCH_DES_HER,T3
CITING-WORK-67DE112B95EF,国家文化公园游客感知价值对环境责任行为的影响研究--以隋唐大运河国家文化公园为例,孟庭瑞,2025,,,thesis,zh,TOUR_HOSP,T3
CITING-WORK-2B37AA3196D5,从理论初探走向因应实践与引领实践——国家文化公园研究演进方向,彭雷霆;皮彦芳,2024,文化软实力研究,10.19468/j.cnki.2096-1987.2024.04.002,journal article,zh,CULT_MEDIA,T2
CITING-WORK-6A7E01DDD817,基于高原水陆游憩机会谱的休闲体育设施分布评估框架构建研究,梅茜;袁元,2025,文体用品与科技,10.3969/j.issn.1006-8902.2025.24.019,journal article,zh,SPORT_LEISURE,T2
CITING-WORK-E34D5CEFFC26,基于场景理论的城市公园的运营效益分析——以纽约中央公园为例,吕攀;杨芊芊;高飞,2025,园林,10.12193/j.laing.2025.09.0062.008,journal article,zh,ARCH_DES_HER,T2
CITING-WORK-59E9524E35F5,文旅融合视角下大运河国家文化公园游憩机会谱构建——以运河杨柳青段为例,孙媛媛;赵梓彤,2025,中国城市林业,10.12169/zgcsly.2024.08.20.0002,journal article,zh,URBAN_PLAN_GEO,T2
CITING-WORK-615EFB60B907,景观价值视角下大运河沿线游憩潜力评价,秦静;连子怡;王露,2025,中国生态旅游,10.12342/zgstly.20250229,journal article,zh,TOUR_HOSP,T2
CITING-WORK-D79E585F586F,国家文化公园主体功能区识别路径构建——以长江国家文化公园湖北段为例的实证研究,贺慧;张彤;张庆昊,2024,中国园林,10.19775/j.cla.2024.07.0038,journal article,zh,ARCH_DES_HER,T2
CITING-WORK-5D83C3354CFE,基于多元数据的大运河国家文化公园布局方法及提升策略研究——以大运河河北段为例,刘康宁;薛杨,2025,中国园林,10.19775/j.cla.2025.09.0131,journal article,zh,ARCH_DES_HER,T2
CITING-WORK-97D215AAF6A3,虚拟现实环境下阅读用户交互行为研究,王铎,2020,,,thesis,zh,INFO_TECH,T3
CITING-WORK-305F471C8725,媒介场景理论视角下微信读书APP运营策略研究,王晨颖,2021,,,thesis,zh,CULT_MEDIA,T3
CITING-WORK-447BF953837C,移动阅读平台中场景理论的应用研究——以掌阅APP为例,王春红,2021,,,thesis,zh,INFO_TECH,T3
CITING-WORK-EE6424FFF138,智媒时代数字阅读的发展趋势与价值反思,谷征;张楠,2026,出版参考,10.3969/j.issn.1006-5784.2026.03.003,journal article,zh,INFO_TECH,T3
CITING-WORK-695268734FAA,场景时代深圳数字阅读推广的技术逻辑与实践创新,张晗;姚丽婷;吴洁,2023,出版发行研究,10.3969/j.issn.1001-9316.2023.02.012,journal article,zh,CULT_MEDIA,T2
CITING-WORK-350AB4BFBB80,数字阅读潮流与良性阅读生态构建,张国功;曾霞,2020,出版广角,10.16491/j.cnki.cn45-1216/g2.2020.08.007,journal article,zh,CULT_MEDIA,T2
CITING-WORK-BFF6D5846B7A,"知识付费产品特征对购买量的影响 ——以""得到""A PP的实证研究为依据",刘果;徐梦蕊,2020,财经理论与实践,,journal article,zh,INTERDISC_OTHER,T3
CITING-WORK-D0204B0FC613,数字阅读的场景构建研究,吴言悔,2022,新媒体研究,10.3969/j.issn.2096-0360.2022.11.007,journal article,zh,CULT_MEDIA,T2
CITING-WORK-2EBA61107FC8,排遣与消遣:近代知识群体阅读《红楼梦》的日常心态,温庆新,2021,湖南师范大学社会科学学报,10.19503/j.cnki.1000-2529.2021.01.011,journal article,zh,SOC_POLICY,T3
CITING-WORK-36D52363B80D,积极阅读疗法对数字阅读心理特征的影响作用研究,张敏,2021,河南图书馆学刊,10.3969/j.issn.1003-1588.2021.05.032,journal article,zh,INFO_TECH,T2
CITING-WORK-BCD68E187E55,数字阅读场景化创新:基于适配的维度,闫国红,2021,环球首映,,journal article,zh,CULT_MEDIA,T2
CITING-WORK-B8E0A5BD5788,新媒体构筑全民阅读新景观,黄楚新;郭海威,2020,科技与出版,,journal article,zh,CULT_MEDIA,T2
CITING-WORK-2EA7EDBB4AF3,跨媒体阅读的场景转换与出版路径构建,李炜,2021,科技与出版,,journal article,zh,CULT_MEDIA,T2
CITING-WORK-3B49686C6D3E,5-6岁幼儿AR与纸质绘本阅读效果的比较研究,佚名,,,,thesis,zh,INTERDISC_OTHER,T3
CITING-WORK-B8317017781E,虚拟现实阅读用户交互体验评价指标构建及实证研究,王晰巍;郑国梦;王铎,2020,图书情报工作,10.13266/j.issn.0252-3116.2020.16.007,journal article,zh,INFO_TECH,T2
CITING-WORK-4247783D5D05,基于媒介融合的火炮文脉数字化表达设计,张家逸,2024,,,thesis,zh,CULT_MEDIA,T3
CITING-WORK-FC4B07CF2E5B,景观叙事理念下津市码头文化景观设计研究,王晓昕,2024,,,thesis,zh,ARCH_DES_HER,T3
CITING-WORK-C3A4ACAB979F,新时代中国漫画传统文化叙事研究,左海涛,2025,,,thesis,zh,CULT_MEDIA,T3
CITING-WORK-8D7D0DB0CBE6,基于AR技术的静电照相工艺应用系统的设计与开发,任长梅,2024,,,thesis,zh,INTERDISC_OTHER,T3
CITING-WORK-3ACA31DF7A08,跨媒介叙事视阈下《三体》IP内容生产研究,汪静,2024,,,thesis,zh,CULT_MEDIA,T3
CITING-WORK-E0850C4A4FBE,具身认知视角下轨道站点公共空间景观设计策略研究,王新晨,2025,,,thesis,zh,ARCH_DES_HER,T3
CITING-WORK-212261345E2B,"传统文化的数字策展叙事及空间修辞实践——以""数字敦煌""为例",刘涛;张媛媛,2025,编辑之友,10.13786/j.cnki.cn14-1066/g2.2025.9.007,journal article,zh,INTERDISC_OTHER,T2
CITING-WORK-C8506A4D7005,多模态传播视域下中国网络文学对外传播的影响因素与提升路径,臧岚;张窈,2025,出版科学,10.3969/j.issn.1009-5853.2025.04.012,journal article,zh,INFO_TECH,T2
CITING-WORK-FA8EC0F45EEF,"AI绘影:科幻影像的智能视觉与""数字—生命政治""",李缙英,2025,东南学术,10.3969/j.issn.1008-1569.2025.4.dnxs202504008,journal article,zh,INTERDISC_OTHER,T2
CITING-WORK-EC1A14C3E016,"陌生化与日常化:传统文化视听传播的""双创""路径",高贵武;吴雨桐,2024,广播电视网络,,journal article,zh,CULT_MEDIA,T3
CITING-WORK-6304293450D1,增强现实(AR)技术应用下的乡村旅游景观改造研究——以恩施市三岔镇莲花池村为例,余心桐;孙向丽;方振东,2026,建筑与文化,10.19875/j.cnki.jzywh.2026.04.041,journal article,zh,ARCH_DES_HER,T2
CITING-WORK-F903EAE67E05,数字叙事赋能下科普空间设计研究,安琪;晋洁芳,2025,美与时代,10.3969/j.issn.1003-2592.2025.21.mysd-s202521023,journal article,zh,ARCH_DES_HER,T2
CITING-WORK-1C63A0636E72,数字工具促进织锦非遗工艺更迭研究,陈娟;王诗晓;刘舒娴,2025,丝绸,10.3969/j.issn.1001-7003.2025.09.001,journal article,zh,INFO_TECH,T3
CITING-WORK-C5AB918EF4E3,新质生产力引领下文化产业数字化转型的挑战与机遇,郭汶博;姜靖;张旭,2024,税务与经济,,journal article,zh,ECON_BUS_CONS,T3
CITING-WORK-C47524C0EECF,文化数字化背景下红色档案数字叙事策略——以《档案里的中国——红旗渠就是纪念碑》为例,佚名,,,,thesis,zh,CULT_MEDIA,T3
CITING-WORK-5F54DDA9C0AD,设计更新驱动环境设计教育重构与行业转型路径研究,李刚;王诗钠;唐美峰,2026,武汉冶金管理干部学院学报,10.3969/j.issn.1009-1890.2026.01.012,journal article,zh,EDUCATION,T3
CITING-WORK-8D0D341AB7C1,ChatGPT在肝胆胰腺外科临床实习教学中的应用,张传钊;陈月;王俊江,2025,医学教育研究与实践,10.13555/j.cnki.c.m.e.2025.04.017,journal article,zh,EDUCATION,T3
CITING-WORK-70D93D5D6EAC,数字生态文明下乡村聚落智慧重构与遗产韧性协同路径研究,黄媛;王忠盛;唐美峰,2026,湖北工程学院学报,10.3969/j.issn.2095-4824.2026.01.018,journal article,zh,ARCH_DES_HER,T3
CITING-WORK-1E4443507EAC,新文化景观与新景观文化:短视频场域中传统文化的传播、发展与嬗变,匡野;李星翰,2026,新闻传播学刊,,journal article,zh,ARCH_DES_HER,T3
CITING-WORK-02CB1E39938B,新媒体视域中交互艺术与广告领域的结合,张硕;张渊,2024,艺术与设计,,journal article,zh,ARCH_DES_HER,T2
CITING-WORK-F86BB7D4C0B3,新质生产力赋能纪录片对中华优秀传统文化的数智化传承与创新,成亚生,2025,中国电视,10.3969/j.issn.1002-4751.2025.04.011,journal article,zh,CULT_MEDIA,T2
CITING-WORK-750AA52833E4,中国户外音乐节的驱动模式与传播研究,焦聪,2022,,,thesis,zh,CULT_MEDIA,T3
CITING-WORK-63735E89ADF8,生活机遇视角下珠海青年知识移民的择地机制与感知差异研究,李锦昊,2023,,,thesis,zh,INTERDISC_OTHER,T3
CITING-WORK-D75D3533E901,城市宜居性、人才集聚与城市创新,李嘉琪,2023,,,thesis,zh,URBAN_PLAN_GEO,T3
CITING-WORK-A3B7012D7BE3,城市品质、要素集聚与创新能力提升,黄华婷,2024,,,thesis,zh,URBAN_PLAN_GEO,T3
CITING-WORK-5F948CEC687C,城市创新对中国企业出口产品质量的影响研究,马雪婷,2024,,,thesis,zh,ECON_BUS_CONS,T3
CITING-WORK-61CEB404E526,矿区高质量发展视域下影响人才流动的舒适物因素及其组态路径研究——以白云鄂博矿区为例,刘超,2024,,,thesis,zh,INTERDISC_OTHER,T3
CITING-WORK-7AB40DD9D033,外商直接投资、数字经济发展与城市创新能力,张天娇,2022,,,thesis,zh,ECON_BUS_CONS,T3
CITING-WORK-317075BAF42C,场景理论下历史城区街巷空间微更新导控研究--以济南商埠区为例,孟令杰,2023,,,thesis,zh,INTERDISC_OTHER,T3
CITING-WORK-B30CD67D35EB,城市舒适度、高技能劳动力集聚与产业结构升级,范蓉蓉,2023,,,thesis,zh,ECON_BUS_CONS,T3
CITING-WORK-B9DCAAED15CA,首位度视角下省会城市赋能区域经济发展的影响研究,王迪,2023,,,thesis,zh,ECON_BUS_CONS,T3
CITING-WORK-08AE65F07E88,空间品质如何影响城市创新能力,赵儒煜;高明宇;李亚雄,2022,财经科学,10.3969/j.issn.1000-8306.2022.11.017,journal article,zh,URBAN_PLAN_GEO,T3
CITING-WORK-12FEEB445B62,舒适的路径:创意群体的城市舒适性感知与空间融入,张凤荣;方翰林;于小惠,2025,东北师大学报（哲学社会科学版）,10.16164/j.cnki.22-1062/c.2025.06.019,journal article,zh,URBAN_PLAN_GEO,T3
CITING-WORK-C019147DD732,中国城市旅游舒适性的空间分异、障碍瞄准及影响因素,郑伯铭;严小燕;刘宏芳,2023,地理科学进展,10.18306/dlkxjz.2023.07.007,journal article,zh,RURAL_AGRI,T2
CITING-WORK-BE99B7DA632C,城市旅游舒适性指标体系构建与实证分析——以长三角地区为例,王宇环;周永博,2024,南京师大学报（自然科学版）,10.3969/j.issn.1001-4616.2024.02.005,journal article,zh,URBAN_PLAN_GEO,T2
CITING-WORK-358BF3F287E2,城市舒适性如何影响创新产出?,白小虎;魏强,2024,上海经济研究,10.3969/j.issn.1005-1309.2024.10.007,journal article,zh,ECON_BUS_CONS,T3
CITING-WORK-73CF61840C13,组态视角下人才创新活力的驱动路径研究,李言,2025,上海交通大学学报（哲学社会科学版）,10.13806/j.cnki.issn1008-7095.2025.05.004,journal article,zh,SOC_POLICY,T3
CITING-WORK-07586BE628B3,"""产—才—城""适配视域下长三角人才一体化的实现路径研究",佚名,,,,thesis,zh,INTERDISC_OTHER,T3
CITING-WORK-789E8442F269,汉口原英租界人行道空间与公共活动研究,徐小云,2016,,,thesis,zh,INTERDISC_OTHER,T3
CITING-WORK-7B7935303C72,传统街区的建筑视觉场研究,赵梦婕,2016,,,thesis,zh,ARCH_DES_HER,T3
CITING-WORK-0E5C7441C143,融合宋代市井文化的庆阳民俗文化园设计研究,李鹤飞,2018,,,thesis,zh,CULT_MEDIA,T3
CITING-WORK-3A06596BF058,城市街道慢行系统路权回归分析研究,吉官群,2019,,,thesis,zh,URBAN_PLAN_GEO,T3
CITING-WORK-4052D2A0D02C,《中国绘画史图鉴》等坡顶组合的几何形式对现代建筑坡顶形式的启发与运用,方铭,2019,,,thesis,zh,ARCH_DES_HER,T3
CITING-WORK-C902C773BA74,空间嬗变与秩序重建--论中国现代文学的上海街道书写,童敏,2020,,,thesis,zh,INTERDISC_OTHER,T3
CITING-WORK-48302749611C,北宋东京街市建筑外檐“檐下空间”研究--以《清明上河图》为图示参考,何高远,2020,,,thesis,zh,ARCH_DES_HER,T3
CITING-WORK-DF0BB2F04FDD,传统木建筑平坐与场景关系探析,周夔,2020,,,thesis,zh,ARCH_DES_HER,T3
CITING-WORK-FE4BEDF00442,浙北地区乡村家庭生产场景本体构建和优化策略,刘胜昆,2023,,,thesis,zh,RURAL_AGRI,T3
CITING-WORK-71FC7C552010,韩城古城保护与利用中的传统商业空间建构研究,白少甫,2014,,,thesis,zh,ECON_BUS_CONS,T3
CITING-WORK-F9DED14B135E,中国古代图经中建筑表达的文献研究,邱雅茹;宋辉,2021,城市建筑,10.19892/j.cnki.csjz.2021.23.27,journal article,zh,ARCH_DES_HER,T2
CITING-WORK-5F81A4C7C2DE,基于《清明上河图》的宋明清官宅研究,王锦华;张奕;方志诚,2023,华中建筑,,journal article,zh,ARCH_DES_HER,T2
CITING-WORK-816D7EFBAD98,基于《清明上河图》的宋明清官宅平面布局研究,王锦华;张奕;王海若,2024,华中建筑,,journal article,zh,ARCH_DES_HER,T2
CITING-WORK-BD66E5B7B4BF,吴地风土建筑的场地适应研究——以同里古镇漆字圩与洪字圩建造肌理为例,刘涤宇,2016,建筑师,,journal article,zh,ARCH_DES_HER,T3
CITING-WORK-0014142FB00C,北宋东京城街市空间形态解析与活力探寻 ——以石渠本《清明上河图》城内街市为例,吴廷金;赵琳,2020,建筑与文化,10.3969/j.issn.1672-4909.2020.01.027,journal article,zh,ARCH_DES_HER,T2
CITING-WORK-7CDF9FCBE2F6,基于《姑苏繁华图》的苏州传统街巷更新策略研究——以悬桥巷为例,曹泓石;徐晨鹏;夏正伟,2025,建筑与文化,10.19875/j.cnki.jzywh.2025.01.024,journal article,zh,ARCH_DES_HER,T2
CITING-WORK-D55BF05CFE36,台北街道的历史与现状及街道的再认知,卢哲;汤朝晖,2016,南方建筑,10.3969/j.issn.1000-0232.2016.03.056,journal article,zh,ARCH_DES_HER,T2
CITING-WORK-96778FFCA611,《清明上河图》城市意象的网络图景分析,赵楠楠;赵渺希;王世福,2019,南方建筑,10.3969/j.issn.1000-0232.2019.04.104,journal article,zh,ARCH_DES_HER,T2
CITING-WORK-DC89BEF12297,从《清明上河图》的生产图景看历史街区生产力提升启示,吴冰鑫;谷光灿,2025,室内设计与装修,10.3969/j.issn.1005-7374.2025.08.030,journal article,zh,ARCH_DES_HER,T2
CITING-WORK-6734C8BBA934,传统商业建筑对现代商业建筑的启示,程超,2012,,,thesis,zh,ARCH_DES_HER,T3
CITING-WORK-49A7BD7E3FD3,《清明上河图》景观图示语言解析,刘群阅;黄启堂;兰思仁,2018,中国园林,10.3969/j.issn.1000-6664.2018.09.024,journal article,zh,ARCH_DES_HER,T2
CITING-WORK-4F01E650DBCD,基于场景理论的非遗美育体验策略研究--以蜡染工艺体验为例,钟倩,2023,,,thesis,zh,INTERDISC_OTHER,T3
CITING-WORK-952DF179B1E7,基于扎根理论的土家族肉连响传承研究,周维浪,2024,,,thesis,zh,INTERDISC_OTHER,T3
CITING-WORK-2291BC38535B,陕西红拳活态传承的口述史研究,李忠伟,2024,,,thesis,zh,INTERDISC_OTHER,T3
CITING-WORK-1B85A83CA3DC,基于场景理论的牙刷智能消毒器设计研究,毛湘,2024,,,thesis,zh,INFO_TECH,T3
CITING-WORK-50FE71FAB85A,亳州市华佗五禽戏的活态传承研究,王影利,2025,,,thesis,zh,INTERDISC_OTHER,T3
CITING-WORK-2D3A606CF371,山东非物质文化遗产数字化传承进程研究,王浩文,2025,,,thesis,zh,ARCH_DES_HER,T3
CITING-WORK-C1C9B51323B1,数智赋能体育非物质文化遗产治理现代化:话语转向、治理变革与发展路径,杨金,2024,武术研究,10.3969/j.issn.1004-5643.2024.02.034,journal article,zh,SPORT_LEISURE,T2
CITING-WORK-657E1B9F1DD4,辽宁省民族传统体育非物质文化遗产数字化治理路径研究,李昊澎;赵忠伟,2024,当代体育科技,10.16655/j.cnki.2095-2813.2024.01.029,journal article,zh,SPORT_LEISURE,T2
CITING-WORK-42E22474323A,"观念的形状:文化的""可参观性""及其数字传播",周正,2024,湖北经济学院学报（人文社会科学版）,10.3969/j.issn.1671-0975.2024.03.023,journal article,zh,ECON_BUS_CONS,T3
CITING-WORK-56C2AED2F460,体育非物质文化遗产研究的核心特征、热点议题及演化脉络分析,郭玮峰;郭惠杰,2025,佳木斯大学社会科学学报,10.3969/j.issn.1007-9882.2025.05.033,journal article,zh,ARCH_DES_HER,T3
CITING-WORK-D2C398509B35,中国非物质文化遗产研究2022年度报告,郭平;张洁,2023,民间文化论坛,,journal article,zh,CULT_MEDIA,T2
CITING-WORK-F419C1834B2A,社会资本视域下少数民族体育非物质文化遗产传承动力机制及路径,相金星;赵玉颖;郭振华,2024,体育文化导刊,10.3969/j.issn.1671-1572.2024.04.003,journal article,zh,SPORT_LEISURE,T2
CITING-WORK-FADD77F9E448,国家区域重大发展战略下中国体育非物质文化遗产资源的区域空间分异特征与影响因素研究:基于2006-2021年国家级非物质文化遗产数据实证,代刚;郭育竹,2025,中国体育科技,10.16470/j.csst.2025023,journal article,zh,SPORT_LEISURE,T2
CITING-WORK-C2EFEDF03C8C,文化传承视角下广西壮锦品牌化传播研究,零倩倩,2024,,,thesis,zh,ECON_BUS_CONS,T3
CITING-WORK-0588280A0F15,红色档案资源叙事化开发策略研究,段燕鸽,2024,,,thesis,zh,INTERDISC_OTHER,T3
CITING-WORK-77CD317D1B1A,基于体育思政微视频的大学生文化自信提升结构模型研究,林银湖,2024,,,thesis,zh,CULT_MEDIA,T3
CITING-WORK-DB576188F43B,沉浸体验视角下红色档案资源开发利用的研究--以中共一大纪念馆为例,吴岩,2025,,,thesis,zh,INTERDISC_OTHER,T3
CITING-WORK-E15FFA205B23,休闲旅游介入下磁州窑文化基因保护利用设计策略研究,刘清志,2024,,,thesis,zh,TOUR_HOSP,T3
CITING-WORK-F13A52967B83,旅游者环境恢复性感知到行为意向的过程研究--基于民宿的环境恢复性功能及其场景构成要素分析,谢珍珍,2024,,,thesis,zh,TOUR_HOSP,T3
CITING-WORK-AA2FD5685AA4,古琴形制价值挖掘及应用研究,童贝纯,2024,,,thesis,zh,INTERDISC_OTHER,T3
CITING-WORK-431308EE2D64,档案文创产品开发的态势分析及策略研究,张华,2024,北京档案,10.3969/j.issn.1002-1051.2024.02.010,journal article,zh,INFO_TECH,T2
CITING-WORK-97F01CA94858,情感人工智能辅助红色档案智慧化叙事的耦合逻辑及实现路径探究,唐棋,2026,档案,10.3969/j.issn.1004-2733.2026.02.006,journal article,zh,INTERDISC_OTHER,T2
CITING-WORK-1386311AC6F3,供需适配性理论视域下红色档案育人服务的实践偏差与路径优化,谢梦,2025,档案管理,10.3969/j.issn.1005-9458.2025.02.021,journal article,zh,INTERDISC_OTHER,T2
CITING-WORK-6A2E5B06A129,基于形式与内容交互的红色档案语义表示,王平;彭思源;李沐妍,2024,档案学通讯,,journal article,zh,CULT_MEDIA,T2
CITING-WORK-8FB2233F9666,红色档案文化共情传播：问题分析、运行机理与策略优化,孙大东;杨子若,2024,档案学研究,10.16065/j.cnki.issn1002-1620.2024.04.011,journal article,zh,CULT_MEDIA,T3
CITING-WORK-06874FC2C373,红色档案视觉叙事：理论阐释与实践探索,李雪婷;闫静,2025,档案学研究,10.16065/j.cnki.issn1002-1620.2025.04.004,journal article,zh,INTERDISC_OTHER,T3
CITING-WORK-B7AFE2E17B4B,社会记忆再生产视角下红色档案传承红色基因的实施路径,樊春颖;聂勇浩,2023,档案与建设,10.3969/j.issn.1003-7098.2023.12.006,journal article,zh,CULT_MEDIA,T2
CITING-WORK-4C42F56F1313,文化场景下的乡村公共文化空间重塑策略探究——以厦门珩厝村为例,林舒湉;英浩,2025,华中建筑,,journal article,zh,ARCH_DES_HER,T2
CITING-WORK-9BC0AD434972,文化场景视域下工业遗产档案叙事:理论回溯、行动框架及设计向度,朱天梅;于梦洁,2023,山西档案,10.3969/j.issn.1005-9652.2023.04.010,journal article,zh,INTERDISC_OTHER,T2
CITING-WORK-E11FE13CD9F5,基于资源视角的红色档案开发利用研究概览,陆璐,2023,山西档案,10.3969/j.issn.1005-9652.2023.06.019,journal article,zh,INTERDISC_OTHER,T2
CITING-WORK-69E2C81DCE3B,面向数字叙事的档案元宇宙建构:层次框架与实施路径,程媛;曾嫒桔;吴颖诗,2025,图书情报工作,10.13266/j.issn.0252-3116.2025.08.004,journal article,zh,INFO_TECH,T2
CITING-WORK-4EC9377B7546,习近平文化思想指导下档案提高公众文化自信推进文化自强的实践路径,任越;谭科铭,2024,浙江档案,,journal article,zh,ECON_BUS_CONS,T2
CITING-WORK-106033D09D13,城市漫步对游客幸福感的影响研究--基于陌生感和地方感的调节作用,窦煉美,2025,,,thesis,zh,TOUR_HOSP,T3
CITING-WORK-2B79F05ECEEF,诗意栖居：旅游目的地的数字地方建构与体验研究--以虚拟苏州园林为例,温云波,2024,,,thesis,zh,TOUR_HOSP,T3
CITING-WORK-FCF8DCB13295,中国地级行政区高学历人口分布格局及其影响因素--基于不同学历层次的考察,王远鑫,2025,,,thesis,zh,INTERDISC_OTHER,T3
CITING-WORK-2EC9BD16A6B9,空间重组视角下的回迁安置社区治理问题研究--以北京市Z小区为例,吴萌萌,2021,,,thesis,zh,URBAN_PLAN_GEO,T3
CITING-WORK-EE39881CEEF1,"迈向""空间正义"":中国养老服务政策的创新范式与实践进路",袁小平;吕佳琪,2026,社会工作,10.3969/j.issn.1672-4828.2026.01.007,journal article,zh,SOC_POLICY,T3
CITING-WORK-81181398DD92,国内外城市舒适性研究综述与展望,浩飞龙;张杰;王士君,2022,地理科学进展,,journal article,zh,RURAL_AGRI,T2
CITING-WORK-884E9BC537B3,以舒适物为导向的城市发展模型——一种国际城市研究新范式,吴军;王桐;郑昊,2024,国际城市规划,10.19830/j.upi.2021.695,journal article,zh,URBAN_PLAN_GEO,T2
CITING-WORK-E95B96419020,我国城乡体育资源配置公平的优化路径——基于马克思空间正义的三重向度,陈凯,2025,湖北体育科技,10.20185/j.cnki.1003-983x.2025.01.004,journal article,zh,SPORT_LEISURE,T2
CITING-WORK-556A19E83058,舒适性视角下深圳市创新活动的空间集聚特征及其影响因素,刘玉亭;马施婷;陈清怡,2025,经济地理,10.15957/j.cnki.jjdl.2025.10.009,journal article,zh,ECON_BUS_CONS,T2
CITING-WORK-D1A7132013E5,旅游情境中信任研究进展与启示——基于英文文献分析,庞兆玲;孙九霞,2024,旅游学刊,10.19765/j.cnki.1002-5006.2024.00.010,journal article,zh,TOUR_HOSP,T2
CITING-WORK-C26A6E93BE61,乡村旅游地的空间再生产权能及其空间正义实现路径——地役权视角下的多案例透析,王维艳,2018,人文地理,10.13959/j.issn.1003-2398.2018.05.018,journal article,zh,TOUR_HOSP,T3
CITING-WORK-45594433647B,大运河旅游竞争力的时空演化与区域分异研究,刘凯霞;陶犁,2026,人文地理,10.13959/j.issn.1003-2398.2026.01.011,journal article,zh,TOUR_HOSP,T3
CITING-WORK-251DBF752A93,"论马克思""空间正义""的三重向度",孙全胜,2023,社会科学家,10.3969/j.issn.1002-3240.2023.01.011,journal article,zh,TOUR_HOSP,T2
CITING-WORK-3FE0FF2ACCFD,“营造”社会治理共同休——空间视角下的社区营造研究,蔡静诚;熊琳,2020,社会主义研究,,journal article,zh,URBAN_PLAN_GEO,T3
CITING-WORK-CCB3FD8A5546,舒适物理论视角下非中心城市公立医院高层次人才吸引力评价指标体系构建及实证研究,秦秋艳;丁玺竣;曹海虹,2025,卫生软科学,10.3969/j.issn.1003-2800.2025.11.005,journal article,zh,URBAN_PLAN_GEO,T3
CITING-WORK-2E45AE2172F1,基于舒适物理论的京津冀宜居宜业宜游城市建设研究——以张家口市为例,孔伟;任亮;赵佳慧,2023,河北北方学院学报（社会科学版）,10.3969/j.issn.2095-462x.2023.03.011,journal article,zh,URBAN_PLAN_GEO,T3
CITING-WORK-E06CFB849DF6,九寨沟景区碳排放测算及低碳发展策略研究,张晓丽,2023,,,thesis,zh,TOUR_HOSP,T3
CITING-WORK-4EFB416591DC,场景理论视角下城市历史街区空间特征及再造研究——以广州恩宁路永庆坊为例,何花,2023,城市建筑,10.19892/j.cnki.csjz.2023.11.26,journal article,zh,ARCH_DES_HER,T2
CITING-WORK-E160F9BB6F7F,融媒体产品市场营销模式研究,赵素,2019,,,thesis,zh,ECON_BUS_CONS,T3
CITING-WORK-79CEAD88CADC,移动传播时代音频新闻形态演变研究,孙丽,2020,,,thesis,zh,CULT_MEDIA,T3
CITING-WORK-9F3EEC04A0FB,文化类综艺节目的话语分析,汪素玲,2020,,,thesis,zh,CULT_MEDIA,T3
CITING-WORK-1DCDA6CA52C8,算法的边界：智能时代算法传播的伦理探讨,庞晨,2021,,,thesis,zh,CULT_MEDIA,T3
CITING-WORK-2918EB29382F,T公司电商直播平台营销策略优化研究,汪臻,2023,,,thesis,zh,INFO_TECH,T3
CITING-WORK-2B0D254CE1B8,情何所以：Z世代“刷短视频”中的数字化情感实践研究,李龙跃,2022,,,thesis,zh,CULT_MEDIA,T3
CITING-WORK-EA31654EB9A9,新媒体生态下突发公共事件舆论引导研究,刘义,2023,,,thesis,zh,CULT_MEDIA,T3
CITING-WORK-FAE516998516,B站“拜年纪”的文化认同建构研究（2010-2024）,沈子君,2024,,,thesis,zh,CULT_MEDIA,T3
CITING-WORK-5E4D0B218FA3,新传播语境下争议性科技议题的风险沟通研究,徐煜晖,2025,,,thesis,zh,CULT_MEDIA,T3
CITING-WORK-AAFA79342D57,从编辑到算法，个性化推送的把关转向与影响研究--以今日头条为例,许梦梦,2019,,,thesis,zh,INFO_TECH,T3
CITING-WORK-768BC96331BD,媒体融合背景下省级主流媒体传播力提升研究--基于大众日报传播力提升实践的分析,路梅岳,2023,,,thesis,zh,CULT_MEDIA,T3
CITING-WORK-DF84D4EDE2EA,临床医学专业报纸的现状、困境与发展研究--以《中国医学论坛报》为例,姬晨阳,2023,,,thesis,zh,INTERDISC_OTHER,T3
CITING-WORK-2346D93B3942,媒介融合视域下音频新闻的内容优化路径研究--以《封面早报》为例,殷吉,2023,,,thesis,zh,CULT_MEDIA,T3
CITING-WORK-D7DA121D34F1,媒介技术变革对传统媒体价值要素的改变及影响,司雯,2019,环球首映,,journal article,zh,CULT_MEDIA,T2
CITING-WORK-D97C661FBCB6,"""泛标签化""新闻产生的原因、危害及其治理",陈杰;李逸,2019,今传媒（学术版）,10.3969/j.issn.1672-8122.2019.07.023,journal article,zh,INTERDISC_OTHER,T2
CITING-WORK-1954BCFF1F63,"污名抑或正名? ——基于激活-应用框架的网络""污名化""现象研究",唐薇;李红艳,2021,教育传媒研究,,journal article,zh,EDUCATION,T3
CITING-WORK-FAD028A10005,文化综艺类节目《一本好书》赏析,刘力玮,2020,科技传播,,journal article,zh,CULT_MEDIA,T2
CITING-WORK-7629B7336B3F,后情感主义视域下网络虚拟主播亚文化圈层研究,梁天翼,2023,美与时代,,journal article,zh,ARCH_DES_HER,T2
CITING-WORK-171DF4A127FD,重建用户连接:移动时代都市报转型的关键,曾润喜;李梦寒,2019,青年记者,,journal article,zh,CULT_MEDIA,T2
CITING-WORK-204CD6257C49,圈层传播:一种媒介产品化的底层逻辑——以B站跨年晚会为例,刘宏;王倩,2020,青年记者,,journal article,zh,CULT_MEDIA,T2
CITING-WORK-4EB3969EAC6E,"发力情感价值:论虚拟偶像的""破圈""机制——基于可供性视角下的情感三层次理论分析",喻国明;滕文强,2021,新闻与写作,10.3969/j.issn.1002-2295.2021.04.011,journal article,zh,CULT_MEDIA,T2
CITING-WORK-8CBCA98EC5C3,全媒体时代职业体育转播产品生产特征研究,叶凌云;冷唐蒀;杨铄,2022,浙江体育科学,10.3969/j.issn.1004-3624.2022.01.009,journal article,zh,SPORT_LEISURE,T2
CITING-WORK-9571790A7032,传统工艺视域下荆楚民间绣活的当代价值研究,曾婉雲,2022,,,thesis,zh,INTERDISC_OTHER,T3
CITING-WORK-218CDB3E8E62,赫哲族鱼文化的新媒体传播研究,赵艺,2023,,,thesis,zh,CULT_MEDIA,T3
CITING-WORK-7E222B3274AF,审美与生计：文水烙画葫芦的传承及生产性保护研究,周晓丽,2023,,,thesis,zh,INTERDISC_OTHER,T3
CITING-WORK-4BF88C4F8588,琢璞与传薪——当代扬州玉作“做手”群体研究,张雨晖,2024,,,thesis,zh,INTERDISC_OTHER,T3
CITING-WORK-7EB65907324A,媒介化视域下非物质文化遗产传播研究——以抖音短视频中的重庆火锅为例,梁思璇,2023,,,thesis,zh,ARCH_DES_HER,T3
CITING-WORK-A086E7F203A3,抖音平台苗绣短视频的传播内容研究,韩颖,2024,,,thesis,zh,CULT_MEDIA,T3
CITING-WORK-FD8837A78FC8,非遗化视角下旅游产品的“真实性”展演——以榕江侗布为例,彭婷婷,2024,,,thesis,zh,TOUR_HOSP,T3
CITING-WORK-84E7F4A2C3B4,非遗短视频的集体记忆建构研究,付明举,2025,,,thesis,zh,CULT_MEDIA,T3
CITING-WORK-C1C24E8BA26D,中国传统家具文化遗产的信息可视化设计研究,罗方,2023,,,thesis,zh,ARCH_DES_HER,T3
CITING-WORK-453EEE9D99F9,乡村古戏台文化的活态传播研究--以山西省古戏台为例,李昱坤,2024,,,thesis,zh,RURAL_AGRI,T3
CITING-WORK-96D34F52FF9A,"再造传统:Z世代的""新国潮""传播及其文化价值重构",曾一果;梁思璇,2024,编辑之友,10.13786/j.cnki.cn14-1066/g2.2024.9.003,journal article,zh,INTERDISC_OTHER,T2
CITING-WORK-BD9A262DD2E9,基于TOE理论的体育非物质文化遗产数字化研究,张洁;莫伯初;周润东,2024,北京体育大学学报,10.19582/j.cnki.11-3785/g8.2024.12.003,journal article,zh,SPORT_LEISURE,T2
CITING-WORK-4FA4D688E160,粤港澳三地香云纱服饰艺术特征研究,孙恩乐;邓达智;何锦辉,2022,东华大学学报（社会科学版）,10.19883/j.1009-9034.2022.0517,journal article,zh,SOC_POLICY,T2
CITING-WORK-46F6E218DD2C,数字化语境下非物质文化遗产保护与《著作权法》的耦合与困境,荣靓赛;张禹晴;于正河,2025,法制博览,10.3969/j.issn.2095-4379.2025.22.055,journal article,zh,ARCH_DES_HER,T3
CITING-WORK-A7D9CBDF22C1,元宇宙赋能非遗传播创新发展——基于莱文森媒介理论的分析,余欢,2025,贵州民族大学学报（哲学社会科学版）,10.3969/j.issn.1003-6644.2025.03.011,journal article,zh,CULT_MEDIA,T3
CITING-WORK-F6A9E7D6E426,从在地到在线:非遗的媒介化呈现与地方感重建,余欢,2025,华中师范大学学报（人文社会科学版）,10.19992/j.cnki.1000-2456.2025.02.011,journal article,zh,ARCH_DES_HER,T2
CITING-WORK-A41311CAD533,传统村落非物质文化遗产资源创新利用路径,孙佳,2024,长江大学学报（社会科学版）,10.3969/j.issn.1673-1395.2024.03.005,journal article,zh,ARCH_DES_HER,T2
CITING-WORK-67DE5CB28972,情感、体验与认同:网络文学IP与非遗的审美消费,李灵灵,2023,民族艺术,,journal article,zh,ECON_BUS_CONS,T3
CITING-WORK-5B9BDCEFF76A,中国少数民族戏剧学术二十年与非物质文化遗产研究的实践路径,冯王玺,2023,民族艺术,,journal article,zh,ARCH_DES_HER,T3
CITING-WORK-6D748648F281,数字技术赋能体育非物质文化遗产保护传承的作用机理与推进策略,马振川;万义;白晋湘,2025,沈阳体育学院学报,10.12163/j.ssu.20241021,journal article,zh,SPORT_LEISURE,T2
CITING-WORK-0C0A7B6460AD,非物质文化遗产传承、传播及其与地方关系的重构,裴齐容;张骁鸣,2023,文化遗产,10.3969/j.issn.1674-0890.2023.04.006,journal article,zh,ARCH_DES_HER,T2
CITING-WORK-758BB0131D15,"""表述""遗产：艺术乡建对艺术遗产的活化及其问题",张娜,2026,云南社会科学,10.3969/j.issn.1000-8691.2026.02.018,journal article,zh,ARCH_DES_HER,T3
CITING-WORK-2FFE72F70087,"""非遗""视角下蜂疗现状调查与社群传习特征分析",佚名,,,,thesis,zh,INTERDISC_OTHER,T3
CITING-WORK-FE32894B5A4E,区块链视域下非遗类视频的数字结构优化及价值研究,谭鑫刚;柳洋,2025,中国广播电视学刊,10.3969/j.issn.1002-8552.2025.4.zggbdsxk202504019,journal article,zh,CULT_MEDIA,T3
CITING-WORK-5D0D35BEAD2B,"集体记忆与文化自觉——山南藏族歌舞""昌珠阿谐""的当代建构",张歆冉,2024,藏舞蹈学,,journal article,zh,CULT_MEDIA,T3
CITING-WORK-142984187C04,短视频原生广告的传播策略研究,喻佳,2022,,,thesis,zh,CULT_MEDIA,T3
CITING-WORK-0B68DDEB675A,基于心流体验的微信公众号原生广告传播研究——以“丁香医生”为例,刘婷,2022,,,thesis,zh,CULT_MEDIA,T3
CITING-WORK-E46B594D6840,场景理论视角下高校图书馆短视频服务营销推广策略研究,张悦,2022,,,thesis,zh,EDUCATION,T3
CITING-WORK-E1AF9D604BF9,短视频原生广告场景传播困境及消解研究—以抖音为例,何正红,2022,,,thesis,zh,CULT_MEDIA,T3
CITING-WORK-3D80C3759B71,短视频平台知识付费产品的内容生产研究,张钰茹,2022,,,thesis,zh,CULT_MEDIA,T3
CITING-WORK-5A40201A8C0A,原生广告法律监管问题研究,牟奕泓,2024,,,thesis,zh,INTERDISC_OTHER,T3
CITING-WORK-1FFDF89AE69A,抖音短视频原生广告的视觉传播研究,王佳美慧,2023,,,thesis,zh,CULT_MEDIA,T3
CITING-WORK-F29180F0709F,御花伴品牌抖音短视频营销策略优化研究,郑佳琪,2023,,,thesis,zh,ECON_BUS_CONS,T3
CITING-WORK-D20C5F0196E8,虚拟社区中乳腺癌患者寻求与获取社会支持行为研究----以抖音平台为例,王章辉,2025,,,thesis,zh,INFO_TECH,T3
CITING-WORK-38AA2666A91F,C电商公司AI驱动的广告投放策略优化研究,余兴雨,2024,,,thesis,zh,INTERDISC_OTHER,T3
CITING-WORK-13219AE38FE4,短视频广告法律规制研究,赵剑,2023,,,thesis,zh,CULT_MEDIA,T3
CITING-WORK-9E6E06B51A08,短视频广告信息框架对用户信息搜寻意愿的影响研究,石丽彬,2024,,,thesis,zh,CULT_MEDIA,T3
CITING-WORK-26BB9888F161,短视频原生广告对用户购买意愿的影响研究,李宁馨,2024,,,thesis,zh,CULT_MEDIA,T3
CITING-WORK-9E39312D346C,用户与场景:短视频原生广告用户行为影响机制研究,宋歌,2022,传媒,10.3969/j.issn.1009-9263.2022.24.025,journal article,zh,CULT_MEDIA,T2
CITING-WORK-D059E28CBE3C,场景如何基于供应链赋能商业模式创新?——快手和抖音的双案例研究,王福;高化;刘俊华,2023,管理案例研究与评论,,journal article,zh,TOUR_HOSP,T2
CITING-WORK-D90ACA1C967E,经典文化意象的创新性改编与场景化传播:作为跨媒介艺术的《黑神话:悟空》,吴悦,2025,中北大学学报（社会科学版）,10.62756/xbsk.1673-1646.2025155,journal article,zh,ARCH_DES_HER,T2
CITING-WORK-0AD313815EBB,抖音原生广告用户参与行为影响因素分析,佚名,,,,thesis,zh,INTERDISC_OTHER,T3
CITING-WORK-6AEA821FED62,场景理论视域下原生广告的场景建构与传播策略探析,马蓉,2023,西部广播电视,10.3969/j.issn.1006-5628.2023.18.015,journal article,zh,CULT_MEDIA,T2
CITING-WORK-4D889C94F6D0,2021年我国CSSCI核心期刊广告学研究综述,顾明毅;郑子涵,2022,新闻爱好者,,journal article,zh,CULT_MEDIA,T2
CITING-WORK-8E8A84A3DC2F,老树新花：社会工作视角的老年人社会价值重构--以L市Z社区为例,赵静楠,2019,,,thesis,zh,URBAN_PLAN_GEO,T3
CITING-WORK-E156A46C44DC,基于IPA分析法的老旧社区适老性景观更新策略研究——以成都市为例,陈晓曦,2020,,,thesis,zh,ARCH_DES_HER,T3
CITING-WORK-A2A5EAFD217D,街道更新模式与评估研究——以上海三条街道更新项目为例,刘江德,2019,,,thesis,zh,INTERDISC_OTHER,T3
CITING-WORK-7D22353E25B3,城市社区公共文化空间活力评价及提升策略研究——以青岛市M区为例,王光臣,2021,,,thesis,zh,CULT_MEDIA,T3
CITING-WORK-A5BD7912ECC9,基于社区O2O的A物业管理公司发展战略研究,张东灵,2021,,,thesis,zh,URBAN_PLAN_GEO,T3
CITING-WORK-6A928B5EF04A,“村改居”社区老年人精神保障研究--以呼和浩特市四社区为例,李享,2025,,,thesis,zh,URBAN_PLAN_GEO,T3
CITING-WORK-073DDDF24463,体医融合场域困境下社区老年人智慧康养平台构建研究,王冬莉,2025,,,thesis,zh,INFO_TECH,T3
CITING-WORK-EA26150B8CD5,文化养老与老年人幸福感研究,王从,2023,,,thesis,zh,CULT_MEDIA,T3
CITING-WORK-0C8BDC668000,完整社区理念下长春市老旧社区公共文化空间营造研究,孙硕;孙瑞丰,2025,城市建筑空间,10.3969/j.issn.1006-6659.2025.03.025,journal article,zh,ARCH_DES_HER,T2
CITING-WORK-CC3E3501BE66,场景理论视角下的湖南文化产业园区发展路径研究,曾咏梅;程星雨;王晨曦,2021,怀化学院学报,10.3969/j.issn.1671-9743.2021.04.008,journal article,zh,TOUR_HOSP,T2
CITING-WORK-31987C1127B9,基于POI数据的城市场景细粒度制图,曾进;鲁永刚;乐阳,2022,计算机科学,10.11896/jsjkx.210800274,journal article,zh,ECON_BUS_CONS,T3
CITING-WORK-DD2DFF89446D,乡村文化建设的福利效应——基于老年人心理健康的实证检验,刘西国,2022,山东农业大学学报（社会科学版）,10.3969/j.issn.1008-8091.2022.01.008,journal article,zh,RURAL_AGRI,T3
CITING-WORK-A3FD30711BED,企业文化建设提升基层党建工作活力,吕筱静,2018,现代企业文化,10.3969/j.issn.1674-1145.2018.30.056,journal article,zh,ECON_BUS_CONS,T2
CITING-WORK-FE9944DFF824,应对人口老龄化需适老化:基础设施与社会人文,王金营;朱骏惠,2024,中央民族大学学报（哲学社会科学版）,,journal article,zh,SOC_POLICY,T3
CITING-WORK-7F39613A1B1A,全媒体时代农业高校思想政治教育话语创新研究--基于西北农林科技大学的调查分析,刘璇,2024,,,thesis,zh,RURAL_AGRI,T3
CITING-WORK-753581267EF1,政治传播视阈下人民军队廉洁形象传播研究,孟范涛,2024,,,thesis,zh,CULT_MEDIA,T3
CITING-WORK-67B67B9445CC,网络思想政治教育语境研究,薛玉梅,2024,,,thesis,zh,EDUCATION,T3
CITING-WORK-33784151E339,智媒时代高校思想政治教育话语建构研究,纪颖,2025,,,thesis,zh,EDUCATION,T3
CITING-WORK-53D89294CA5B,新时代中国共产党网络意识形态话语权建设研究,陶达,2025,,,thesis,zh,INFO_TECH,T3
CITING-WORK-09E5AF923F00,思想政治教育视域下大学生数字素养培育研究,罗兰,2024,,,thesis,zh,EDUCATION,T3
CITING-WORK-047EF3193B12,媒介场景理论视域下李子柒系列短视频的内容生产与传播研究,王妍怡,2025,,,thesis,zh,CULT_MEDIA,T3
CITING-WORK-753DF1B52167,智媒时代大学生思想政治教育话语建设研究,莫永芳,2025,,,thesis,zh,EDUCATION,T3
CITING-WORK-B3EF4792FDD8,数字技术赋能爱国主义教育研究,徐冰夷,2025,,,thesis,zh,EDUCATION,T3
CITING-WORK-B159C1F1606A,"数字化赋能高职思政课教学的""术""""学""""道""",王萍,2025,湖南邮电职业技术学院学报,10.3969/j.issn.2095-7661.2025.03.020,journal article,zh,EDUCATION,T3
CITING-WORK-6A7DFEBB44EA,高校思政教育与创业教育融合发展的场景嵌入模式与路径研究,彭华涛;潘月怡;张之剑,2026,湖北经济学院学报（人文社会科学版）,10.3969/j.issn.2095-8862.2026.01.024,journal article,zh,EDUCATION,T3
CITING-WORK-D14298A7011B,数智时代高校劳动教育空间的深度价值转向与实践路径研究,张晴,2026,黑龙江教育,10.3969/j.issn.1002-4107.2026.01.004,journal article,zh,EDUCATION,T3
CITING-WORK-72F16AE03DD9,智媒时代思想政治教育话语传播有效性评价现状及模型构建,于欣宜,2024,决策与信息,10.3969/j.issn.1002-8129.2024.07.008,journal article,zh,SOC_POLICY,T2
CITING-WORK-80CC6D852D12,技术焦虑背景下广电媒体AIGC的媒介创新与转型研究,王一菲;王方,2025,视听,10.3969/j.issn.1674-246x.2025.04.019,journal article,zh,CULT_MEDIA,T2
CITING-WORK-851461C0B556,数智化思想政治教育情感叙事的逻辑原则和实践路径,宫长瑞;张乃亮,2024,思想教育研究,,journal article,zh,EDUCATION,T3
CITING-WORK-255283D64A49,思想政治教育数字化应用场景的多元样态、育人优势与技术路径,佚名,,,,thesis,zh,EDUCATION,T3
CITING-WORK-397532F17481,论新时代高校思想政治教育话语亲和力的建设理路,陈振媚,2025,思想政治教育研究,10.15938/j.cnki.iper.2025.01.010,journal article,zh,EDUCATION,T3
CITING-WORK-A5CE6A6DFBED,"""数字思政""提升数字意识形态话语权的现实挑战与实现路径",徐峰;张婷,2025,文化软实力,10.19377/j.cnki.43-1531/g0.2025.04.010,journal article,zh,CULT_MEDIA,T3
CITING-WORK-E250DBC4AE0A,数智化赋能思想政治教育场景化的应用与优化,佚名,,,,thesis,zh,EDUCATION,T3
CITING-WORK-578B6DD710DE,场景传播视域下中文国际传播媒介使用路径探究,王少帅,2024,新闻爱好者,,journal article,zh,CULT_MEDIA,T2
CITING-WORK-D8B22CD81819,《守护非遗之美》的话语创新策略,娄立原;王晨玺,2025,中国广播电视学刊,10.3969/j.issn.1002-8552.2025.10.014,journal article,zh,CULT_MEDIA,T3
CITING-WORK-A9DC84A4CB82,乡村文化振兴背景下影视人才多模态培养模式探究,林敏嘉,2024,智慧农业导刊,10.20028/j.zhnydk.2024.13.039,journal article,zh,RURAL_AGRI,T2
CITING-WORK-26ABAADFC7B1,ChatGPT对思想政治教育话语发展的现代性审思,王莹;侯勇,2024,浙江理工大学学报,10.3969/j.issn.1673-3851(s).2024.04.013,journal article,zh,INTERDISC_OTHER,T2
CITING-WORK-469719F2FB55,基于SoPC的盲人阅读器的设计与实现,栾佳玉,2021,,,thesis,zh,INTERDISC_OTHER,T3
CITING-WORK-10CA69C22646,互动仪式链视角下视障者的微信群体交往,阳昀希,2023,,,thesis,zh,INTERDISC_OTHER,T3
CITING-WORK-12CAED3B71B2,我国省级公共图书馆有声阅读资源建设与服务研究,谭智莹,2022,,,thesis,zh,INTERDISC_OTHER,T3
CITING-WORK-A1A6CB62E276,中国公共图书馆特殊群体服务研究,张文昊,2023,,,thesis,zh,INTERDISC_OTHER,T3
CITING-WORK-3D2F8BB908DE,碎片化时代有声阅读的主流化研究——以喜马拉雅FM为例,刘昱,2022,,,thesis,zh,INTERDISC_OTHER,T3
CITING-WORK-D46812BF13F0,阅读障碍者无障碍获取作品之法律规则完善研究,钟崇文,2023,,,thesis,zh,INTERDISC_OTHER,T3
CITING-WORK-5F1AF870BC27,面向视障人群居家生活行为需求的无障碍产品开发设计,刘何渲,2023,,,thesis,zh,INTERDISC_OTHER,T3
CITING-WORK-A92D52F5BC58,基于福格行为模型的有声读物知识付费影响因素研究,叶亦真,2025,,,thesis,zh,INTERDISC_OTHER,T3
CITING-WORK-012F0702D36D,基于情境分析方法的视障者厨房产品设计研究,杨柳,2022,,,thesis,zh,INTERDISC_OTHER,T3
CITING-WORK-7026E3B58F5B,基层社区有声出版物阅读服务模式研究--基于合肥市社区调查,周世皓,2024,,,thesis,zh,URBAN_PLAN_GEO,T3
CITING-WORK-02A3087DE46B,"""权利场"":人工智能时代无障碍传播的能动和重构",佚名,,,,thesis,zh,CULT_MEDIA,T3
CITING-WORK-F5D716D48774,AI赋能公共图书馆视障读者有声读物建设与服务,李昊远,2024,大学图书情报学刊,10.3969/j.issn.1006-1525.2024.01.009,journal article,zh,CULT_MEDIA,T2
CITING-WORK-379225EAB3FC,视障用户如何使用数字图书馆:困难、因应策略及其效果——基于对164名视障参与者的实验,周薇,2022,国家图书馆学刊,10.13666/j.cnki.jnlc.2022.0605,journal article,zh,INFO_TECH,T2
CITING-WORK-D61488FCDACD,乡村振兴战略下乡村有声阅读发展探析,郭青青,2022,科技与出版,,journal article,zh,CULT_MEDIA,T2
CITING-WORK-E010AD08C47E,数字包容下的无障碍数字阅读——《马拉喀什条约》背景下的公共图书馆对策,张家意,2025,四川图书馆学报,10.3969/j.issn.1003-7136.2025.05.012,journal article,zh,SOC_POLICY,T2
CITING-WORK-AD704C28B3A4,声起数字人:有声阅读中的人机互动、情感依恋与可能关切,林一民;邓香莲,2024,数字出版研究,10.3969/j.issn.2097-1869.2024.01.002,journal article,zh,INFO_TECH,T3
CITING-WORK-D9E59882A1A2,图书馆数字阅读推广服务用户使用意愿影响因素研究——基于TAM/AISAS模型,张宁;任崴薇;梁斯佳,2023,图书馆工作与研究,,journal article,zh,INFO_TECH,T2
CITING-WORK-AE984794A637,黑暗中的阅读:浦东图书馆视障用户信息无障碍应用项目的实践与启示,冯娜,2025,图书馆杂志,10.13663/j.cnki.lj.2025.05.006,journal article,zh,INFO_TECH,T2
CITING-WORK-C87FB7E52563,新媒体时代视障学生有声阅读影响因素研究,杨利垚;解昕,2023,图书情报工作,10.13266/j.issn.0252-3116.2023.22.001,journal article,zh,INFO_TECH,T2
CITING-WORK-9114BF638AF0,"""身处迷雾"":视障者的社会化阅读研究",鲁杰;邓元兵,2024,新媒体公共传播,,journal article,zh,CULT_MEDIA,T3
CITING-WORK-1F3AE8A6938A,"""在技之在"":作为基础设施的数字""盲道""""盲杖""与视障者的城市生活",陈刚;李沁柯,2023,新闻界,,journal article,zh,CULT_MEDIA,T2
CITING-WORK-B40CD411C2A0,"视障者何以""观看"":无障碍电影的声音""景观""建构及其机制",朱思敏;彭兰,2024,新闻界,,journal article,zh,CULT_MEDIA,T2
CITING-WORK-5A06D3C57E7E,人工智能时代无障碍阅读的风险透视与创新进路,徐健;田野,2025,中国出版,10.3969/j.issn.1002-4166.2025.19.010,journal article,zh,CULT_MEDIA,T2
CITING-WORK-6A88B6AE67A8,视障患儿心理教育的策略和方法,王娟;阴怀清;岳雅君,2022,中国卫生标准管理,10.3969/j.issn.1674-9316.2022.14.007,journal article,zh,EDUCATION,T3
CITING-WORK-55C7CFFF6F0E,全民阅读视域下的有声阅读:痛点问题、核心价值与未来进路,朱飞虎;张晓锋,2022,中国编辑,,journal article,zh,CULT_MEDIA,T2
CITING-WORK-A9F83F0F94BF,碰撞、反抗与糅合：西部乡村文化发展研究——以贵阳市镇山村为例,王施施,2021,,,thesis,zh,RURAL_AGRI,T3
CITING-WORK-F7DB9DCFFECA,双塘镇农村公共空间治理问题研究,晏苏鹏,2022,,,thesis,zh,RURAL_AGRI,T3
CITING-WORK-0219975B403E,韩城地区传统村落戏楼建筑研究,刘国花,2023,,,thesis,zh,ARCH_DES_HER,T3
CITING-WORK-0F383C3B039F,山东淄博周村古商城公共文化空间治理研究,韩昕冉,2024,,,thesis,zh,CULT_MEDIA,T3
CITING-WORK-F5B4630B5A6C,乡村公共文化空间治理碎片化问题研究--以汕头市澄海区X镇为例,吕智琳,2024,,,thesis,zh,RURAL_AGRI,T3
CITING-WORK-1F96286573DA,金湖县吕良镇农民参与农村公共空间治理的问题与优化对策研究,朱汉伟,2025,,,thesis,zh,RURAL_AGRI,T3
CITING-WORK-78FFE634DC30,贵州岜沙村公共文化空间治理研究,唐永蓉,2021,,,thesis,zh,CULT_MEDIA,T3
CITING-WORK-77754186EDE1,数字乡村发展战略下北京三家店村传统公共文化空间建设研究,李旺,2022,,,thesis,zh,RURAL_AGRI,T3
CITING-WORK-EE8D87501A1B,济南市L区农村公共文化服务供给问题研究,吕红,2023,,,thesis,zh,RURAL_AGRI,T3
CITING-WORK-17C90B3C288C,流动空间视角下乡村公共文化服务融合创新研究,刘传喜;刘红霞,2023,长白学刊,10.19649/j.cnki.cn22-1009/d.2023.04.016,journal article,zh,RURAL_AGRI,T3
CITING-WORK-21EFA79CCA73,基于环境行为学的乡村公共空间设计研究——以富民冷饭桥村为例,柴静;沈豫湘;刘志安,2025,工业设计,10.3969/j.issn.1672-7053.2025.01.027,journal article,zh,ARCH_DES_HER,T2
CITING-WORK-330D6E23D937,基于环境可供性的乡村公共空间景观优化研究 ——以朱桥村为例,陈琳,2022,现代园艺,10.3969/j.issn.1006-4958.2022.09.038,journal article,zh,ARCH_DES_HER,T2
CITING-WORK-D1828C8E908D,基于新时代乡村振兴的村落公共开放空间设计 ——以淮安地区乡村为例,卢漫;刘蕾;徐雪冰,2022,建筑与文化,10.19875/j.cnki.jzywh.2022.07.054,journal article,zh,ARCH_DES_HER,T2
CITING-WORK-B184277AC9C7,中国特色城市新型公共文化空间的景观叙事,吴焜;李林,2024,上海城市管理,10.3969/j.issn.1674-7739.2024.03.003,journal article,zh,SOC_POLICY,T2
CITING-WORK-EB7CAA3814D4,乡村振兴背景下农村公共文化服务体系建设研究,刘红,2022,社会科学战线,,journal article,zh,SOC_POLICY,T2
CITING-WORK-51BC5913FFCB,数字乡村战略下乡村公共文化空间的再造策略分析,张梦悦,2022,视听,10.3969/j.issn.1674-246x.2022.07.014,journal article,zh,CULT_MEDIA,T2
CITING-WORK-C9CACCF54BDC,数字化赋能乡村公共文化空间的机理与路径,佚名,,,,thesis,zh,RURAL_AGRI,T3
CITING-WORK-B6B2BDB14A91,旅游发展视角下乡村主客共享公共空间的演变与案例分析,郭斯琪;史春云;钱月祥,2024,现代城市研究,10.3969/j.issn.1009-6000.2024.02.005,journal article,zh,URBAN_PLAN_GEO,T2
CITING-WORK-62EF2E19FE03,数字化背景下新型公共文化空间创新设计研究,葛焱,2023,行政科学论坛,10.3969/j.issn.2095-7017.2023.06.011,journal article,zh,CULT_MEDIA,T3
CITING-WORK-BC24E236AAFA,基于场景理论下的沈阳市单位制社区景观微更新设计研究,于枫舒,2024,,,thesis,zh,ARCH_DES_HER,T3
CITING-WORK-7D897C489680,城乡融合下的关中环线长安段乡村公共空间设计策略研究,郜文琦,2024,,,thesis,zh,ARCH_DES_HER,T3
CITING-WORK-F70F249F577B,内蒙古农牧区基本公共文化服务可及性提升研究,吕瑛,2024,北方经济,10.3969/j.issn.1007-3590.2024.03.020,journal article,zh,ECON_BUS_CONS,T3
CITING-WORK-3DB1B1EF1091,基于靖宇农家书屋网络平台建设的可行性研究,范佳奇;赵云双;崔晶,2024,互联网周刊,,journal article,zh,INFO_TECH,T3
CITING-WORK-2524226E2651,传统村落公共文化空间场域重塑机理及优化路径研究——以镇江地区为例,周冉;王海松,2025,江苏大学学报（社会科学版）,10.13317/j.cnki.jdskxb.2025.43,journal article,zh,RURAL_AGRI,T3
CITING-WORK-3761BC3ABC51,艺术介入乡村 ——三民村公共休闲空间研究,林志艳;郑旭彤;蔡安宁,2023,美与时代,,journal article,zh,ARCH_DES_HER,T2
CITING-WORK-217EF6A76BA2,"内源与外推:乡村文化再生产的双重动力机制——以L村畲族""拜盘瓠王""为个案",朱盼玲,2025,广西民族师范学院学报,10.3969/j.issn.1674-8891.2025.02.003,journal article,zh,RURAL_AGRI,T3
CITING-WORK-A0AA06229969,基于场域理论的乡村社会空间演变及优化策略研究——以澄江市马房村为例,武佳晖;刘嘉纬,2024,农业与技术,10.19754/j.nyyjs.20241215024,journal article,zh,RURAL_AGRI,T3
CITING-WORK-8CF7451DEF5A,新型公共文化空间:概念、生成过程及结构,何义珠,2023,图书馆理论与实践,,journal article,zh,INFO_TECH,T2
CITING-WORK-130255A4CA3D,乡村振兴视阈下数字技术赋力乡村文化建设路径探析,尚婷;亓利,2023,知与行,10.3969/j.issn.2096-1308.2023.04.011,journal article,zh,RURAL_AGRI,T3
CITING-WORK-BBAB2258C608,基于乡土文化传承的乡村公共空间更新设计研究--以菏泽前王庄村为例,郭晶,2023,,,thesis,zh,RURAL_AGRI,T3
CITING-WORK-053D7F22022A,乡村继续教育空间设计策略研究--以重庆英雄湾乡村振兴学院为例,翁钰展,2023,,,thesis,zh,ARCH_DES_HER,T3
CITING-WORK-982C6E3EFA0F,协同治理视角下乡村公共文化空间重构逻辑--基于两村的比较研究,陈苗,2023,,,thesis,zh,RURAL_AGRI,T3
CITING-WORK-2214A0D085A3,非遗传承视角下疍家村落公共空间营造研究——以湴湄村为例,冯克云,2024,,,thesis,zh,RURAL_AGRI,T3
CITING-WORK-4AC5B76CFEC9,基于社会网络分析法的古镇文化空间认知与优化路径研究--以珠海市唐家湾古镇为例,徐旻瑶,2024,,,thesis,zh,CULT_MEDIA,T3
CITING-WORK-671C2BC45E9A,基于嵌入性理论的乡村公共文化空间营建研究,王潮,2024,,,thesis,zh,RURAL_AGRI,T3
CITING-WORK-4A31A6AE4669,文化资本导向下乡村文化空间营造研究--以德安县义门村为例,伍思宇,2025,,,thesis,zh,RURAL_AGRI,T3
CITING-WORK-5C94F68FDFE9,基于KANO模型的曲村公共空间更新设计研究,高少齐,2023,,,thesis,zh,URBAN_PLAN_GEO,T3
CITING-WORK-1A59216882AF,基于“美丽屋场”建设的乡村景观提质改造--以长沙县石弓湾村先锋组为例,黄泰源,2023,,,thesis,zh,ARCH_DES_HER,T3
CITING-WORK-29CC59379A92,高质量发展背景下郑州市新型公共文化空间研究,乔依然,2024,,,thesis,zh,CULT_MEDIA,T3
CITING-WORK-7AF993F250CD,基于空间句法理论的乡村公共空间优化探析,丁冉,2024,,,thesis,zh,RURAL_AGRI,T3
CITING-WORK-022637B007BE,基于社会网络分析法的建瓯市传统村落文化空间优化策略研究--以漈村为例,杨万强,2025,,,thesis,zh,RURAL_AGRI,T3
CITING-WORK-EFB2A96BFD52,国家新型公共文化空间行动路向,洪芳林;龚蛟腾,2023,国家图书馆学刊,10.13666/j.cnki.jnlc.2023.0506,journal article,zh,INFO_TECH,T2
CITING-WORK-8E763F1C82F2,后生产主义语境下的前岗乡公共文化空间建构模式研究,王科奇;王苏仪,2024,建筑与文化,10.19875/j.cnki.jzywh.2024.08.030,journal article,zh,ARCH_DES_HER,T2
CITING-WORK-9928441134F7,基于BIM技术的美丽乡村规划建设对策及发展路径思考,肖文青,2023,建筑与装饰,,journal article,zh,ARCH_DES_HER,T2
CITING-WORK-3B597ABC7ED9,历史文化空间网络认知反馈模型构建研究——以珠海市唐家湾古镇为例,阎波;徐旻瑶,2023,西部人居环境学刊,10.13791/j.cnki.hsfwest.20230513,journal article,zh,URBAN_PLAN_GEO,T2
CITING-WORK-11DF1B289F5D,回顾与展望:基于CiteSpace的公共文化空间研究的可视化分析,杨雪婷,2024,武汉船舶职业技术学院学报,10.3969/j.issn.1671-8100.2024.01.020,journal article,zh,CULT_MEDIA,T3
CITING-WORK-D93AB191A7C3,弥合与连接：网络时代亲社会行为的场景重构,郝晓媛,2019,,,thesis,zh,INFO_TECH,T3
CITING-WORK-E86B8F087D23,网络民族志方法及应用研究：以传播学为例,黎芸,2019,,,thesis,zh,CULT_MEDIA,T3
CITING-WORK-ADB213954546,去想象与超真实：移动短视频中的乡村空间生产研究,郭晓雲,2021,,,thesis,zh,RURAL_AGRI,T3
CITING-WORK-F33955B34464,基于媒介实践视角的B站云自习现象与身份认同研究,林珍,2021,,,thesis,zh,CULT_MEDIA,T3
CITING-WORK-EDF43DDEDEC4,网络直播中关键行动者劳动关系的异化与治理,牛亚男,2023,,,thesis,zh,INFO_TECH,T3
CITING-WORK-FDA3E7DCA1F7,网络音乐民族志的理论与实践--以长治市西社村八音会抖音传播为研究案例,宋成杰,2023,,,thesis,zh,CULT_MEDIA,T3
CITING-WORK-883DAAF5032D,药物临床试验中信任关系的动态变化--基于风险感知的视角,刘冰泉,2024,,,thesis,zh,INTERDISC_OTHER,T3
CITING-WORK-F2276DD26DFA,品味展演与圈层拆合：青年vlog的后亚文化特征研究,史梦蕾,2021,,,thesis,zh,CULT_MEDIA,T3
CITING-WORK-128C3A2B0A57,后亚文化视角下的“摇滚乐迷”互动与认同研究--以网易云音乐为例,胡玲,2021,,,thesis,zh,CULT_MEDIA,T3
CITING-WORK-B81839C8BC56,以物为媒的准社会交往：粉丝对小卡的消费实践研究,王梓涵,2025,,,thesis,zh,ECON_BUS_CONS,T3
CITING-WORK-1CA1D8923422,"网络民族志:""互联网+""时代教育研究的新路径",肖婉,2021,电化教育研究,10.13811/j.cnki.eer.2021.04.004,journal article,zh,EDUCATION,T2
CITING-WORK-67CC8CB3B239,移动性视角下的旅游研究与民族志的知识生产,邬崇钰;刘爱利,2024,地理科学进展,10.18306/dlkxjz.2024.10.013,journal article,zh,RURAL_AGRI,T2
CITING-WORK-C13317C3A455,媒介赋权与身份重构:安置社区老年女性的城市融入研究,傅灵犀,2025,东岳论丛,10.3969/j.issn.1003-8353.2025.10.007,journal article,zh,CULT_MEDIA,T2
CITING-WORK-DB255E593993,"""虚拟社会""视角下""老字号""网络营销研究 ——以山东""老字号""企业为例",舒萍;孙晟,2020,广西职业师范学院学报,10.3969/j.issn.1008-8806.2020.03.006,journal article,zh,ECON_BUS_CONS,T3
CITING-WORK-17BE2293493A,知情与同意:网络民族志研究方法的伦理检视,张培;郑欣,2023,广西民族大学学报（哲学社会科学版）,,journal article,zh,INFO_TECH,T3
CITING-WORK-50B0A30AC5F5,"信息""迷雾"":网络民族志研究面临的挑战分析",陈伶娜,2023,民族学论丛,10.16023/j.cnki.cn64-1016/c.2023.02.008,journal article,zh,INFO_TECH,T3
CITING-WORK-E8CCD4212527,赛博格人类学:信息时代的“控制论有机体”隐喻与智识生产,阮云星;高英策,2020,开放时代,,journal article,zh,INFO_TECH,T3
CITING-WORK-9F194F652FB2,网络民族志的田野工作析论及反思,卜玉梅,2020,民族研究,,journal article,zh,INFO_TECH,T3
CITING-WORK-ABA221027516,网络民族志在旅游研究中的应用综述,邬崇钰;刘爱利,2024,首都师范大学学报（自然科学版）,10.19789/j.1004-9398.2024.05.012,journal article,zh,TOUR_HOSP,T3
CITING-WORK-90B66CA971AA,虚拟民族志:对象、范围、路径及其实践应用,陈纪;南日,2017,世界民族,,journal article,zh,INTERDISC_OTHER,T3
CITING-WORK-CE9CA0D9DE25,结伴:数字媒介与流动的社会关系——川藏线背包客的联结实践考察,孙信茹;王智勇,2024,传媒观察,,journal article,zh,CULT_MEDIA,T2
CITING-WORK-5994454F0F0C,"""时空框架""：数字时代媒介人类学研究的田野之变与理论进路",孙信茹;彭思语,2025,传媒观察,,journal article,zh,CULT_MEDIA,T2
CITING-WORK-8E5D190C9DEB,线上和线下:网络民族志的方法、实践及叙述,孙信茹,2017,新闻与传播研究,,journal article,zh,CULT_MEDIA,T2
CITING-WORK-C046934EE878,"""好想说""的访谈与""不好做""的民族志——数字情境中质性研究方法及取向的再辨析",孙信茹;谢翔,2025,新闻与传播研究,,journal article,zh,CULT_MEDIA,T2
CITING-WORK-21E962F68D7F,"""流量""幻象：数字指标如何影响社交媒体舆论公共性?",聂鑫,2025,新闻与写作,10.3969/j.issn.1002-2295.2025.02.005,journal article,zh,CULT_MEDIA,T2
CITING-WORK-BACA4F6D53AA,学区房符号消费与新生代家长的地位焦虑,李佳莹;孙凤,2021,中国青年研究,10.3969/j.issn.1002-9931.2021.09.007,journal article,zh,SOC_POLICY,T2
CITING-WORK-75BA0ED9E939,基于场所精神营造的历史文化街区更新设计研究,李志勇,2024,,,thesis,zh,ARCH_DES_HER,T3
CITING-WORK-5B4F0DEED986,基于场景理论的历史文化街区空间场景营造——以四方路历史文化街区为例,傅尧;郭亚成;董海龙,2025,城市建筑,10.19892/j.cnki.csjz.2025.11.14,journal article,zh,ARCH_DES_HER,T2
CITING-WORK-3908FFC59EA9,济南老商埠文创展示空间设计研究--以“老洋行”展厅设计为例,王翘楚,2024,,,thesis,zh,ARCH_DES_HER,T3
CITING-WORK-8F12ED3AE20F,基于空间句法的泉城空间分析——以将军庙历史文化街区及周边区域为例,刘伟波;张瀚铭,2025,山东建筑大学学报,10.12077/sdjz.2025.02.016,journal article,zh,ARCH_DES_HER,T3
CITING-WORK-88FC92FAE4DE,基于空间句法的传统民居现代适宜改造研究,泥润雨,2024,,,thesis,zh,INTERDISC_OTHER,T3
CITING-WORK-918DFDB38D19,台州市章安老街更新设计研究,周美霞,2025,,,thesis,zh,INTERDISC_OTHER,T3
CITING-WORK-634AE556412F,场所理论视角下武汉历史文化街区更新设计研究,夏斯婷,2025,,,thesis,zh,ARCH_DES_HER,T3
CITING-WORK-B9E1E9827EA9,基于场景理论的乡村研学服务设计研究--以洛阳伊禾非遗工坊为例,张彦斌,2024,,,thesis,zh,RURAL_AGRI,T3
CITING-WORK-E8A39536F5FE,归属感视角下济南将军庙历史文化街区邻里交往空间优化研究,王梦,2024,,,thesis,zh,ARCH_DES_HER,T3
CITING-WORK-D0BE3ADBDB1E,历史街区夏季室外热环境和热舒适研究--以重庆磁器口为例,陈安娴,2024,,,thesis,zh,ARCH_DES_HER,T3
CITING-WORK-4161848546F2,济南“泉·城”文化景观遗产保护与活化利用研究,徐飞,2025,,,thesis,zh,ARCH_DES_HER,T3
CITING-WORK-EE9171F41C0F,济南历史文化街区边界空间类型与感知及更新策略研究,韩广辉,2024,,,thesis,zh,ARCH_DES_HER,T3
CITING-WORK-B470A76CFC03,国潮文化对大学生价值观的影响与应对研究,陈怩恬,2025,,,thesis,zh,CULT_MEDIA,T3
CITING-WORK-045AB340CFDD,面向2035的公共图书馆阅读服务转型路径研究,于佳岑,2022,,,thesis,zh,INTERDISC_OTHER,T3
CITING-WORK-7861C877C843,互动仪式链视角下游戏直播的弹幕互动研究,林萱,2021,,,thesis,zh,INTERDISC_OTHER,T3
CITING-WORK-21D415C3209F,互动仪式链视角下文化类电视综艺节目的传播研究——以《典籍里的中国》为例,张秋笛,2023,,,thesis,zh,CULT_MEDIA,T3
CITING-WORK-95135D8EC172,互动仪式链视域下文化类综艺节目的互动传播研究--以《舞千年》为例,叶晨露,2024,,,thesis,zh,CULT_MEDIA,T3
CITING-WORK-61D39F9CE177,文化类综艺节目“文化+戏剧”演绎模式的研究,贾诗梦,2024,,,thesis,zh,CULT_MEDIA,T3
CITING-WORK-FC863060D6C5,公共图书馆短视频用户参与行为研究,王凯琳,2024,,,thesis,zh,CULT_MEDIA,T3
CITING-WORK-A54EC0BF48C8,重塑联结:场域·惯习·资本视域下在线读书会发展探析,郭青青,2024,编辑之友,10.13786/j.cnki.cn14-1066/g2.2024.5.001,journal article,zh,INTERDISC_OTHER,T2
CITING-WORK-D1B3C5F85BF2,档案数字叙事服务互动仪式链构建与情感能量分析,赵雪芹;彭邓盈政,2022,北京档案,10.3969/j.issn.1002-1051.2022.05.004,journal article,zh,INFO_TECH,T2
CITING-WORK-B67E4548DFBB,传播游戏理论视域下儿童绘本阅读推广策略探析,谢津炜,2025,传播与版权,,journal article,zh,CULT_MEDIA,T2
CITING-WORK-940CEE2EDB9E,"基于""编码—解码""理论的阅读类节目创新策略研究——以《我在岛屿读书》为例",肖峰辉,2023,科技传播,10.3969/j.issn.1674-6708.2023.12.018,journal article,zh,CULT_MEDIA,T2
CITING-WORK-0D8098DA8ACC,"基于""编码—解码""理论的文化类节目传播策略研究——以《非遗里的中国》为例",潘华华,2024,视听,10.3969/j.issn.1674-246x.2024.05.025,journal article,zh,CULT_MEDIA,T2
CITING-WORK-D26416460CBA,基于传递观与仪式观的场景式阅读研究——由《一本好书》说起,刘艳,2021,图书馆建设,10.19764/j.cnki.tsgjs.20200180,journal article,zh,INFO_TECH,T2
CITING-WORK-6F63D7DDCF59,领读人阅读推广模式:形态、功能、缺陷与启示,刘艳;万晶晶,2024,图书馆建设,10.19764/j.cnki.tsgjs.20231212,journal article,zh,INFO_TECH,T2
CITING-WORK-EF554BF8A4F5,影像传播视角下场景驱动阅读的研究,张丞然,2023,图书馆研究与工作,10.3969/j.issn.2096-2363.2023.04.003,journal article,zh,INFO_TECH,T2
CITING-WORK-5D933551E838,"""场景""嵌入阅读推广的价值、反思与启示 ——由《一本好书》说起",刘艳,2020,图书馆,,journal article,zh,INFO_TECH,T2
CITING-WORK-2945B1268DD7,场景式阅读与表达: 媒体融合视域下的出版路径探索,王建华;苏日古嘎,2021,现代出版,10.3969/j.issn.2095-0330.2021.03.012,journal article,zh,CULT_MEDIA,T3
CITING-WORK-3BEBBA5A18B8,互动仪式链视域下数字阅读的情感认同与效能提升研究,陈冀宏,2024,新世纪图书馆,10.16810/j.cnki.1672-514x.2024.01.003,journal article,zh,RURAL_AGRI,T2
CITING-WORK-E6A484E82AB3,基于思维品质提升的小学英语课堂场景式阅读策略,蒋雅,2024,英语教师,,journal article,zh,INTERDISC_OTHER,T3
CITING-WORK-D10CECFCBB2D,"编码解码模型在中国式现代化乡村振兴品牌构建中的应用研究——以""村超""现象为例",赵舟敏,2023,中国传媒科技,10.19483/j.cnki.11-4653/n.2023.11.016,journal article,zh,CULT_MEDIA,T2
CITING-WORK-7EF699C32BDB,浅谈5G时代传统图书营销渠道的拓展,刘向东,2022,中国编辑,,journal article,zh,CULT_MEDIA,T2
CITING-WORK-2447F7B706DB,沉浸体验与需求满足：电商直播中“媒介个人空间”的实现,王舒卉,2022,,,thesis,zh,CULT_MEDIA,T3
CITING-WORK-EF51F76D208B,论沉浸式戏剧中虚实情境的塑造,郑心怡,2022,,,thesis,zh,INTERDISC_OTHER,T3
CITING-WORK-EBE813DDC272,沉浸与互动：“剧本杀”游戏的文本研究,李雨萌,2023,,,thesis,zh,INTERDISC_OTHER,T3
CITING-WORK-13AE2E04865A,“阿细跳月”演艺游客满意度的影响因素研究,高琳丽,2023,,,thesis,zh,TOUR_HOSP,T3
CITING-WORK-A6DCBC2F5443,生态变革与文化建构：技术文化共生视角下的中国网络综艺节目研究,李娇,2023,,,thesis,zh,CULT_MEDIA,T3
CITING-WORK-870A347C458F,从图像到视像--数字时代图像学的媒介演化向度,王博学,2023,,,thesis,zh,CULT_MEDIA,T3
CITING-WORK-6517D9A6C388,沉浸式体验视域下家居展会中的品牌叙事研究--以第52届中国家博会为例,王佳鑫,2024,,,thesis,zh,ECON_BUS_CONS,T3
CITING-WORK-0CF41F213769,玩乐驱动与体验再造：社交媒体时代品牌游戏化营销研究,张艺群,2024,,,thesis,zh,ECON_BUS_CONS,T3
CITING-WORK-D431057540F7,场景理论视域下OTT广告传播策略研究,林伟,2023,,,thesis,zh,CULT_MEDIA,T3
CITING-WORK-28EFFB03B211,仪式传播视域下剧场爱好者情感依恋研究,李可盈,2024,,,thesis,zh,CULT_MEDIA,T3
CITING-WORK-B366713B4297,白剧在剧场传播的困境与对策研究,刘卓群,2025,,,thesis,zh,CULT_MEDIA,T3
CITING-WORK-99CF5F048DA0,沉浸式演艺的空间生产与价值表达研究,陈波;欧阳钰琳,2024,出版科学,10.3969/j.issn.1009-5853.2024.01.009,journal article,zh,INFO_TECH,T2
CITING-WORK-3F9D16C7472A,向多媒介场域流变:我国戏剧传播研究的知识图谱与热点研判,徐诚康;秦敏;张梦琦,2024,传媒,10.3969/j.issn.1009-9263.2024.01.032,journal article,zh,CULT_MEDIA,T2
CITING-WORK-7880EB0FFEE5,服务赋能·沉浸体验:新形势下剧本杀场景服务的表达策略研究,孔帅;李钰;姜子江,2023,创意设计源,10.3969/j.issn.1674-5159.2023.06.014,journal article,zh,TOUR_HOSP,T2
CITING-WORK-4348F3E69B50,"博物馆展览沉浸体验的构成要素及内在机制——由""绿野先踪""展览个案谈起",赵婕;耿默兰;唐淼,2024,东南文化,10.3969/j.issn.1001-179x.2024.02.016,journal article,zh,CULT_MEDIA,T2
CITING-WORK-30A07CC72B0B,以身为锚:媒体深度融合背景下信息传播具身性研究,高宪春;赵雪松,2024,青年记者,,journal article,zh,CULT_MEDIA,T2
CITING-WORK-4436FF476374,旅游演艺沉浸体验的影响因素与形成机制——基于《只有河南·戏剧幻城》的扎根分析,李万莲;陈晓钱;王良举,2023,四川师范大学学报（社会科学版）,10.13734/j.cnki.1000-5315.2023.0411,journal article,zh,TOUR_HOSP,T2
CITING-WORK-72DB26E82276,基于扎根理论的旅游演艺产品优化路径探析,潘文敏;单福彬,2025,山西青年职业学院学报,10.3969/j.issn.2095-7637.2025.03.014,journal article,zh,TOUR_HOSP,T3
CITING-WORK-A4E688B409A0,基于观众感知的文化专题展的沉浸式设计研究,绪永灿;李佳一,2025,设计,10.3969/j.issn.1003-0069.2025.20.006,journal article,zh,INTERDISC_OTHER,T2
CITING-WORK-67AE19EAF80F,媒体融合背景下传统文化节目创新策略分析——以《最美中国戏》为例,佚名,,,,thesis,zh,CULT_MEDIA,T3
CITING-WORK-C80C31185755,新时代校园歌舞剧声乐表演与教学的思考——以校园歌舞剧《2020好儿女》为例,牛启梦,2025,艺术教育,,journal article,zh,TOUR_HOSP,T2
CITING-WORK-12EDE3D728F6,面向嵌入式养老的家用下肢功能康复产品设计研究,冯泽瑾,2024,,,thesis,zh,INTERDISC_OTHER,T3
CITING-WORK-BA579EE3B79B,文旅融合视域下公共图书馆古诗词阅读资源建设与服务研究,张羽,2024,,,thesis,zh,TOUR_HOSP,T3
CITING-WORK-C288D2A7F337,兰州市基层公共文化服务数字化建设研究,马晓悦,2024,,,thesis,zh,CULT_MEDIA,T3
CITING-WORK-7408A587BCE0,场景理论视域下博物馆APP交互体验设计研究,杨辛怡,2024,,,thesis,zh,CULT_MEDIA,T3
CITING-WORK-4967D10C1F2F,工业遗产数字化体验APP设计研究——以广东省国营紫坭糖厂为例,张航霖,2024,,,thesis,zh,ARCH_DES_HER,T3
CITING-WORK-52D38F579D27,数智时代图书馆场景化服务研究,秦鑫茹,2025,,,thesis,zh,INTERDISC_OTHER,T3
CITING-WORK-63171977287C,牧区公共文化服务数字化建设研究--以东乌珠穆沁旗为例,乌恩赛汉,2025,,,thesis,zh,CULT_MEDIA,T3
CITING-WORK-5870D80D7EE7,数字化转型背景下乡村新零售空间设计研究--以苏州江湾村为例,关新杰,2025,,,thesis,zh,ARCH_DES_HER,T3
CITING-WORK-A8429C1C9C33,数字化时代湖北省博物馆公共文化服务创新路径研究,姚文芹,2025,,,thesis,zh,CULT_MEDIA,T3
CITING-WORK-222CD580317A,基于KANO模型的文化遗产展示类APP的用户需求研究,赵紫薇,2024,,,thesis,zh,ARCH_DES_HER,T3
CITING-WORK-742232F8C191,A市税务局适老化纳税服务问题研究,闫信攀,2024,,,thesis,zh,INTERDISC_OTHER,T3
CITING-WORK-AF5BC2E0834F,"数字赋能公共图书馆公共文化服务转型:基于""调试—吸收—重构""动态能力框架",尚子娟;刘蓉,2024,创新,10.3969/j.issn.1673-8616.2024.04.008,journal article,zh,CULT_MEDIA,T3
CITING-WORK-933D376DE756,基于文献计量的我国博物馆公共教育服务设计四维框架构建,丁熊;刘诗琪;谭婉婷,2026,工业 工程 设计,10.19798/j.cnki.2096-6946.2026.02.008,journal article,zh,EDUCATION,T3
CITING-WORK-50056DC31A18,公共数字文化赋能社区治理路径研究,李庚,2025,黑龙江社会科学,10.20230/j.cnki.hljshkx.2025.05.006,journal article,zh,CULT_MEDIA,T3
CITING-WORK-543292EB420F,"公共文化空间沉浸式场景迭代的实践探索与启示——以首批""沉浸城市故事会""样本为例",严贝妮;张春,2025,晋图学刊,10.3969/j.issn.1004-1680.2025.04.004,journal article,zh,EDUCATION,T2
CITING-WORK-F7FC7CC74EAB,面向公共文化建设的图博档机构发展向度与行动进路,邓君;常严予;邢艺丹,2025,情报科学,10.13833/j.issn.1007-7634.2025.12.001,journal article,zh,INFO_TECH,T2
CITING-WORK-54DCFC843180,场景理论下在线庭审正义感知的现实困境与纾解路径,朱奎,2026,西华师范大学学报（哲学社会科学版）,10.3969/j.issn.1672-9684.2026.02.007,journal article,zh,SOC_POLICY,T3
CITING-WORK-AAC9C1CBAAA6,农村公共数字文化服务可及性影响因素与关联路径研究,洪闯;文沙,2025,图书馆学研究,,journal article,zh,INFO_TECH,T2
CITING-WORK-BEC5F6593A75,未来学习中心建设:高校图书馆知识服务场景设计研究,史艳芬;陈欣;丁宁,2024,图书情报工作,10.13266/j.issn.0252-3116.2024.14.004,journal article,zh,INFO_TECH,T2
CITING-WORK-2F9CC5297705,我国公共文化数字化的实践探索与发展重点,佚名,,,,thesis,zh,CULT_MEDIA,T3
CITING-WORK-495D0582D955,权变理论视角下县级融媒体中心建设研究--基于A市的调研,黄晶,2020,,,thesis,zh,CULT_MEDIA,T3
CITING-WORK-5A28E794268B,用户思维下的玉门市融媒体中心建设研究,李帆,2020,,,thesis,zh,CULT_MEDIA,T3
CITING-WORK-966BC00B0129,县级融媒体中心新闻报道工作模式转型--以双流区融媒体中心为例,邓慧元,2020,,,thesis,zh,CULT_MEDIA,T3
CITING-WORK-9B3AED51A260,社会治理视域下县级融媒体中心发展研究,尹靖,2020,,,thesis,zh,CULT_MEDIA,T3
CITING-WORK-A551EC7F61A4,县级融媒体参与乡村振兴的经验与思考——基于三家微信公众号的内容分析,张璐,2020,,,thesis,zh,RURAL_AGRI,T3
CITING-WORK-94A6A4F2D044,《革命老区县级融媒体建设路径研究——以江西吉安地区为例》,肖智恬,2020,,,thesis,zh,CULT_MEDIA,T3
CITING-WORK-BB1C79DEE530,城市融媒体中心内容生产模式研究,陈佳,2020,,,thesis,zh,CULT_MEDIA,T3
CITING-WORK-B6DAAA273D24,全媒体语境下岑巩县融媒体中心发展路径研究,梁雨微,2021,,,thesis,zh,CULT_MEDIA,T3
CITING-WORK-BBEE9EB784D1,政治传播视角下的县级融媒体中心建设研究——以襄垣县融媒体中心为例,马雅成,2021,,,thesis,zh,CULT_MEDIA,T3
CITING-WORK-F0A948C45B3F,基于公共文化服务角色定位的县级融媒体中心建设研究,薛文静,2022,,,thesis,zh,CULT_MEDIA,T3
CITING-WORK-E45DF59761CA,岳阳市县域融媒体发展与乡村文化建设时空耦合关系研究,黄丹青,2023,,,thesis,zh,RURAL_AGRI,T3
CITING-WORK-59A5A9EE0000,参与式传播视角下县级融媒体中心内容生产研究,李露,2023,,,thesis,zh,CULT_MEDIA,T3
CITING-WORK-06233EEBFEB2,区县级融媒体中心机构改革面临的困境及对策研究--以重庆市Q区为例,王崇宇,2024,,,thesis,zh,CULT_MEDIA,T3
CITING-WORK-A59870201825,县级融媒体中心参与县域社会治理路径研究--以山东省淄博市临淄区为例,王聪颖,2021,,,thesis,zh,CULT_MEDIA,T3
CITING-WORK-C692ADF08757,融合·引领·阐释——2019年中国广播电视和视听传播研究重要主题回顾,张红军;朱浩然,2020,编辑之友,10.13786/j.cnki.cn14-1066/g2.2020.2.005,journal article,zh,INTERDISC_OTHER,T2
CITING-WORK-A6BD38F6C309,县级融媒体中心技术平台建设的模式及发展建议,刘永坚;王子欣,2022,传媒,10.3969/j.issn.1009-9263.2022.11.012,journal article,zh,CULT_MEDIA,T2
CITING-WORK-4474C74DFC3B,探析智媒时代县级融媒体建设的机遇和转型,齐国强;于江荣,2020,传媒论坛,10.3969/j.issn.2096-5079.2020.05.036,journal article,zh,CULT_MEDIA,T2
CITING-WORK-2CFA245CD4B6,柔性引导、精准服务与受众赋权:县级融媒体内容产制推进基层治理现代化的优化路径——以江苏省52家县级融媒体微信公众号平台汛情相关内容为例,林若野,2021,东南传播,,journal article,zh,CULT_MEDIA,T2
CITING-WORK-F1B06DB225C1,人工智能背景下职业院校助推县级融媒体中心建设的路径研究,周璨,2020,数码世界,,journal article,zh,CULT_MEDIA,T3
CITING-WORK-3698BBD047D4,县级媒体深度融合发展的多维评价和路径选择,霍立红;周春燕,2022,天水师范学院学报,10.3969/j.issn.1671-1351.2022.01.012,journal article,zh,CULT_MEDIA,T3
CITING-WORK-C4582E80DF39,整合与协同:县级融媒体的现实困境及本土化推进路径,张宏邦;刘威;王佳倩,2020,西安交通大学学报（社会科学版）,10.15896/j.xjtuskxb.202003016,journal article,zh,CULT_MEDIA,T3
CITING-WORK-C3F8CE172D62,浅议融媒体时代传统记者的转型与突破关键,景瑞,2019,西部广播电视,10.3969/j.issn.1006-5628.2019.05.086,journal article,zh,CULT_MEDIA,T2
CITING-WORK-959CE68AB7C1,乡村社会关系结构与组织嵌入之媒体融合实践,孙健,2023,现代传播,10.3969/j.issn.1007-8770.2023.08.011,journal article,zh,CULT_MEDIA,T2
CITING-WORK-A93147DAD13C,回归媒介:县级融媒体赋能基层社会治理的理论逻辑和实现路径,刘美忆,2025,新闻前哨,10.3969/j.issn.1003-2827.2025.11.016,journal article,zh,CULT_MEDIA,T2
CITING-WORK-3EF1E608BA7D,新发展理念下县级融媒体中心建设的研究进路,侯迎忠;杜明曦,2021,新闻与写作,10.3969/j.issn.1002-2295.2021.05.007,journal article,zh,CULT_MEDIA,T2
CITING-WORK-E6D3C6F50BDE,参与式传播视角下县级融媒体中心建设的内在逻辑与路径完善,林蓉蓉,2022,中国传媒科技,10.19483/j.cnki.11-4653/n.2022.01.016,journal article,zh,CULT_MEDIA,T2
CITING-WORK-B317D75B213F,县级融媒体中心建设模式之思考 ——以浙江省安吉新闻集团为例,林玉明,2019,中国广播,10.3969/j.issn.1004-9061.2019.08.019,journal article,zh,CULT_MEDIA,T2
CITING-WORK-2B410AF97DA8,讲好本地故事——县级融媒体内容生产创新模式研究,杨敏;李珊,2020,中国广播电视学刊,,journal article,zh,CULT_MEDIA,T3
CITING-WORK-D7CF8BC6E748,新冠疫情背景下家庭代际间的风险沟通研究——以合肥市30户家庭为例,李静,2021,,,thesis,zh,INTERDISC_OTHER,T3
CITING-WORK-B5DC570AAC73,医学科普微博下反对意见表达的影响因素研究,叶小欢,2021,,,thesis,zh,INTERDISC_OTHER,T3
CITING-WORK-98E16844D941,新冠肺炎疫情对城市散居回族宗教实践的影响研究,杨琰,2021,,,thesis,zh,URBAN_PLAN_GEO,T3
CITING-WORK-6839C727AA3B,社会支持对老年群体数字媒介素养提升影响研究,杨艳,2022,,,thesis,zh,CULT_MEDIA,T3
CITING-WORK-F3B239EA9CBE,老年群体传播防疫健康信息的障碍及影响因素研究,王永清,2022,,,thesis,zh,CULT_MEDIA,T3
CITING-WORK-E1DC8A50B9B2,新媒体时代家庭场域的健康传播,罗俊敏,2022,,,thesis,zh,CULT_MEDIA,T3
CITING-WORK-B26160E9C8EC,老年人的数字媒体使用困境及对策研究--以山东省旧镇社区为个案,侯可欣,2023,,,thesis,zh,CULT_MEDIA,T3
CITING-WORK-16EA6AF9D462,返乡青年的数字反哺与代际沟通研究——以防疫信息传播为例,梁献月,2023,,,thesis,zh,CULT_MEDIA,T3
CITING-WORK-4F349A284A96,农村家庭微信群中健康信息的代际传播研究--基于华北某村家庭微信群的分析,王厦,2023,,,thesis,zh,RURAL_AGRI,T3
CITING-WORK-3A482F8D30F6,子代健康信息分享行为影响因素研究--基于计划行为理论和家庭沟通模式,张佳楠,2023,,,thesis,zh,INFO_TECH,T3
CITING-WORK-B711C2235F92,社会结构个体化影响下的家庭健康传播代际支持研究,朱世雄,2021,,,thesis,zh,CULT_MEDIA,T3
CITING-WORK-0B01FDD4ED3D,家庭传播中未成年女性HPV疫苗接种的认知与决策研究,陈雨竹,2024,,,thesis,zh,CULT_MEDIA,T3
CITING-WORK-67C8D66C97D9,农村老年人慢性病预防的代际沟通研究--以重庆市M镇为例,徐银,2025,,,thesis,zh,RURAL_AGRI,T3
CITING-WORK-17782A728CB9,健康传播视域下“深圳卫健委”公众号传播语态年轻化研究,殷梦瑶,2025,,,thesis,zh,CULT_MEDIA,T3
CITING-WORK-499AEE19DCBC,疫情下的春节：“非正常”时段的“非日常”生活--以2020年四川邛崃南庭小区为例,陈施融,2022,,,thesis,zh,INTERDISC_OTHER,T3
CITING-WORK-A258FD4CC73A,新媒介素养视域下老年人网购行为研究,王佳敏,2023,,,thesis,zh,CULT_MEDIA,T3
CITING-WORK-C6B906CE8C75,社交媒体老年用户癌症信息回避行为影响因素研究,王坤钰,2023,,,thesis,zh,CULT_MEDIA,T3
CITING-WORK-41612977F869,认知评估与父母教养方式如何影响人们向父母分享健康信息的意愿,谢丹,2025,,,thesis,zh,INFO_TECH,T3
CITING-WORK-52F4FE1C1975,后疫情时代社区应急广播建设的守正与创新,关梅;杜婧闻,2022,东南传播,,journal article,zh,CULT_MEDIA,T2
CITING-WORK-88AFAAF243ED,孝子之养:健康信息关注与家庭沟通模式如何影响人们与父母分享健康信息,高芳芳;张佳楠,2023,国际新闻界,,journal article,zh,CULT_MEDIA,T2
CITING-WORK-E7085DB3DAD4,基于新媒体的老年群体健康传播与代际沟通研究,宋楚慧;吴越;唐雨筠,2022,新媒体研究,10.3969/j.issn.2096-0360.2022.09.026,journal article,zh,CULT_MEDIA,T2
CITING-WORK-B9B9C400394D,代际健康冲突信息行为成因及其在社会控制中的作用机制研究,李婧,2023,农业图书情报学报,10.13998/j.cnki.issn1002-1248.23-0301,journal article,zh,INFO_TECH,T2
CITING-WORK-2BD027641A56,农村中老年人健康信息素养偏低的原因探析及其提升策略,王月莹,2024,农业图书情报学报,10.13998/j.cnki.issn1002-1248.23-0723,journal article,zh,INFO_TECH,T2
CITING-WORK-B2F216C1F578,新冠疫情危机下家庭场域的信息反哺与代际冲突,尹方圆,2020,青少年学刊,,journal article,zh,INFO_TECH,T3
CITING-WORK-5D42094EB92C,健康不平等的代际差异:新冠疫情风险信息接触和个人心理认知的影响,杨洸;巢乃鹏,2021,现代传播,10.3969/j.issn.1007-8770.2021.07.015,journal article,zh,CULT_MEDIA,T2
CITING-WORK-33871A3BD8DF,"""失声的主角"":新冠疫情下中老年人的防疫行为逻辑与风险应对策略",曹博林,2022,学术研究,10.3969/j.issn.1000-7326.2022.02.010,journal article,zh,INTERDISC_OTHER,T3
CITING-WORK-A8B01DAAB0B1,新冠疫情中的数字代沟与健康代沟——基于2018年与2020年中国家庭祖孙三代的问卷调查,周裕琼;杨洸;许广梅,2020,新闻与写作,,journal article,zh,CULT_MEDIA,T2
CITING-WORK-D35084362458,从老年传播到老龄化传播:一个边缘研究领域的主流化想象,周裕琼;谢奋,2021,新闻与写作,10.3969/j.issn.1002-2295.2021.03.006,journal article,zh,CULT_MEDIA,T2
CITING-WORK-5261A88412CB,山东省旅游产业发展质量测度研究,王遂礼,2025,,,thesis,zh,TOUR_HOSP,T3
CITING-WORK-9F6456CEF91F,目的地游戏植入体验对游客出游意向的影响研究--以《黑神话：悟空》为例,张洪升,2025,,,thesis,zh,TOUR_HOSP,T3
CITING-WORK-AC0E749C237F,文化传承视角下传统村落文化空间活力解析及优化设计--以杜店村为例,秦紫薇,2025,,,thesis,zh,RURAL_AGRI,T3
CITING-WORK-CAF138052129,元宇宙视域下职业院校虚拟仿真实训基地建设,曹琛琛,2025,大连教育学院学报,10.3969/j.issn.1008-388x.2025.04.022,journal article,zh,EDUCATION,T3
CITING-WORK-8CE7A814601A,元宇宙视域下的博物馆非遗展示设计研究——以永顺县老司城博物馆为例,陈欢;周世波,2026,工业设计,10.3969/j.issn.1672-7053.2026.03.035,journal article,zh,ARCH_DES_HER,T2
CITING-WORK-E188F7A05847,数字沉浸式场景下游客临场感的形成机理——以扬州中国大运河博物馆为例,伍蕾;王亦禾;伍蓓,2026,中南林业科技大学学报（社会科学版）,10.14067/j.cnki.1673-9272.2026.02.006,journal article,zh,INTERDISC_OTHER,T2
CITING-WORK-4E41287A01E7,元宇宙人智交互情景下知识生态系统重构模型研究——知识孪生系统媒介,周鹏;张佶;姚伟,2025,科技进步与对策,10.6049/kjjbydc.d2024090812,journal article,zh,INTERDISC_OTHER,T2
CITING-WORK-8172163D94B1,数字异游与情缘缝嵌:虚拟旅游场所中空间表征描摹及人地依恋书写的联结,朱光良,2025,四川旅游学院学报,10.26928/j.cnki.lyxb.2025.05.020,journal article,zh,TOUR_HOSP,T2
CITING-WORK-85004EC61668,基于价值共创的文旅元宇宙构建与治理研究,史庆滨,2026,四川旅游学院学报,10.26928/j.cnki.lyxb.2026.02.010,journal article,zh,TOUR_HOSP,T2
CITING-WORK-DEA7C2A86D6A,数字文旅赋能共同富裕的典型场景、实践挑战与协同路径,邓爱民,2025,社会科学家,10.3969/j.issn.1002-3240.2025.05.010,journal article,zh,TOUR_HOSP,T2
CITING-WORK-F900FB4B9E9D,元宇宙赋能乡村旅游发展的价值及实践路径研究,刘紫颖,2025,石河子科技,10.3969/j.issn.1008-0899.2025.03.009,journal article,zh,TOUR_HOSP,T3
CITING-WORK-2E8924A2A563,生态产品价值实现市场机制的完善:产业、金融与数智技术,雷硕;乔琴;张璐,2025,世界林业研究,10.13348/j.cnki.sjlyyj.2025.0034.y,journal article,zh,ECON_BUS_CONS,T3
CITING-WORK-3CA260C5B1BD,中国文化产业研究2024年度学术报告,周建新;朱学平,2025,深圳大学学报（人文社会科学版）,10.3969/j.issn.1000-260x.2025.01.005,journal article,zh,CULT_MEDIA,T2
CITING-WORK-329B8584303E,基于轻量化技术的公共图书馆沉浸式阅读场景构建研究——以珠海市图书馆为例,吴伟钦,2026,图书馆研究与工作,10.3969/j.issn.2096-2363.2026.02.014,journal article,zh,INFO_TECH,T2
CITING-WORK-4543A6AE45BB,2024年文化数字化研究——前沿热点、多元视角与未来展望,周建新;谢金苗,2025,文化数字化,10.13951/j.cnki.issn1002-3194.2025.0303.01,journal article,zh,ECON_BUS_CONS,T2
CITING-WORK-2B6BECBF356A,元宇宙研究述评:从技术乌托邦到存在之镜,易华勇;张鑫文,2025,阅江学刊,10.3969/j.issn.1674-7089.2025.05.006,journal article,zh,INFO_TECH,T3
CITING-WORK-2E20CFC545FC,"基层协商的""空间—行为""互动:文化场景理论的解析与实践应用",马康;周娜,2026,中共宁波市委党校学报,10.3969/j.issn.1008-4479.2026.01.009,journal article,zh,RURAL_AGRI,T2
CITING-WORK-84BB7CAD7E7B,创新创业教育生态中文旅元宇宙视域下文创产品设计路径研究,李玉芬;蔡丹;俞陈露,2025,鞋类工艺与设计,10.3969/j.issn.2096-3793.2025-20-010,journal article,zh,TOUR_HOSP,T2
CITING-WORK-247708E3C50F,高等教育资源配置与城市人才吸引力关系研究,官雪梅,2022,,,thesis,zh,EDUCATION,T3
CITING-WORK-7B15E8369C4D,空间均衡视角下交通基础设施对区域经济增长的影响研究,玉国华,2022,,,thesis,zh,ECON_BUS_CONS,T3
CITING-WORK-F443ED33A311,环境规制强度对劳动力流动的影响：基于产业与污染转移的视角,张馨予,2023,,,thesis,zh,ECON_BUS_CONS,T3
CITING-WORK-6B484879BD0E,基于机器学习和多期DID模型的重庆市劳动力供需匹配状况及发展趋势研究,李炫,2023,,,thesis,zh,EDUCATION,T3
CITING-WORK-9349FA9AFCBA,城市绿地对劳动力跨区域流动的影响研究——基于劳动力流向选择的视角,李丹丹,2023,,,thesis,zh,URBAN_PLAN_GEO,T3
CITING-WORK-5E82AF77AE2C,地方品质差异对青年劳动力跨省就业的影响,周光跃,2022,,,thesis,zh,INTERDISC_OTHER,T3
CITING-WORK-DCCA5AA6EFF4,城市宜居性与经济增长的耦合协调关系研究,杨丽,2023,,,thesis,zh,ECON_BUS_CONS,T3
CITING-WORK-1BB0E1DFB557,异质性劳动力协同集聚的时空格局及影响因素研究,王涛,2023,,,thesis,zh,INTERDISC_OTHER,T3
CITING-WORK-CE9C66FBCE41,公共服务和环境污染对城市规模的影响研究,王念,2023,,,thesis,zh,URBAN_PLAN_GEO,T3
CITING-WORK-678592023EEE,人力资本、社会资本与中国流动人口就业质量,周丹,2023,,,thesis,zh,SOC_POLICY,T3
CITING-WORK-3B1B430B650C,技能关联视角下异质劳动力区位选择机制及经济效应研究,伊尔凡江·艾合买提江,2024,,,thesis,zh,ECON_BUS_CONS,T3
CITING-WORK-74A78921F57B,要素流动对中国城市绿色创新的影响研究,王舒婷,2025,,,thesis,zh,URBAN_PLAN_GEO,T3
CITING-WORK-83A9368991DE,贸易开放对中国劳动力市场的影响研究,陈默,2025,,,thesis,zh,ECON_BUS_CONS,T3
CITING-WORK-58A1500E273B,高质量发展背景下地方品质对城市经济增长的影响研究,李婷,2024,,,thesis,zh,ECON_BUS_CONS,T3
CITING-WORK-E81F372E9D36,出口贸易对城市规模影响效应的研究--来自中国城市的证据,陈莲,2022,,,thesis,zh,URBAN_PLAN_GEO,T3
CITING-WORK-B95303718FB5,我国数字技术产业创新空间格局初探,苏悦,2022,,,thesis,zh,ECON_BUS_CONS,T3
CITING-WORK-0D628B6A197D,面向生态文明的空间品质与城市人才区位——基于新空间经济学的分析,董亚宁;顾芸;吕鹏,2023,城市问题,10.13239/j.bjsshkxy.cswt.230306,journal article,zh,URBAN_PLAN_GEO,T2
CITING-WORK-03304E672F1B,技能劳动力区位选择的时空格局及影响因素,敖荣军;伊尔凡江·艾合买提江;杨彬,2023,地理研究,10.11821/dlyj020221134,journal article,zh,URBAN_PLAN_GEO,T3
CITING-WORK-EAFA37F28F57,机会视角下人口人才研究启示与展望,杨振山;伏润得,2025,地理研究,10.11821/dlyj020240214,journal article,zh,URBAN_PLAN_GEO,T3
CITING-WORK-438F7FCD6A89,空间品质、创新活力与中国城市生产率,杨开忠;范博凯;董亚宁,2022,经济管理,10.19616/j.cnki.bmj.2022.01.003,journal article,zh,ECON_BUS_CONS,T3
CITING-WORK-E04AD8885CDB,地方品质、企业集聚行为与城市创新能力,李婷;陈健生,2024,经济体制改革,,journal article,zh,ECON_BUS_CONS,T3
CITING-WORK-8BBB231F899A,地方品质、人力资本积累与城市经济增长,李婷;陈健生,2024,南开经济研究,10.14116/j.nkes.2024.02.002,journal article,zh,ECON_BUS_CONS,T3
CITING-WORK-B8F5998C0F0D,地方品质与区域创新: 直接影响、溢出效应与空间差异,张超;陈思;兰宗敏,2022,中国软科学,10.3969/j.issn.1002-9753.2022.07.008,journal article,zh,INTERDISC_OTHER,T2
CITING-WORK-AB0B73FB65B0,城市知识型产业的空间演变特征及规划启示--以杭州市主城区为例,陈静,2023,,,thesis,zh,ARCH_DES_HER,T3
CITING-WORK-8F95E0C214F1,基于景观叙事理论的昭馀古城消费空间更新设计研究——以西大街为例,晋江,2024,,,thesis,zh,ARCH_DES_HER,T3
CITING-WORK-D33C664C2087,基于视知觉形式动力的成都商圈公共艺术色彩感知评价与运用研究,刘斯,2024,,,thesis,zh,CULT_MEDIA,T3
CITING-WORK-BBFFA77B18DA,场景理论视角下成都市商业街巷空间形态研究,杨家璇,2024,,,thesis,zh,ECON_BUS_CONS,T3
CITING-WORK-6135787E93F1,数字化与消费促进融合场景研究,李卓然,2024,北方经贸,,journal article,zh,ECON_BUS_CONS,T2
CITING-WORK-57CBD08A2E81,"国际消费中心城市建设""点—线—面""发展模式研究",徐倞堃;李树良;何柳,2025,长江师范学院学报,10.19933/j.cnki.issn1674-3652.2025.05.004,journal article,zh,ECON_BUS_CONS,T2
CITING-WORK-D7C1270518C2,群众体育赛事消费活力的激发机制与实现通路,黄欢;于世花,2026,山东体育科技,10.3969/j.issn.1009-9840.2026.02.011,journal article,zh,SPORT_LEISURE,T2
CITING-WORK-8FE47926D3E0,中国消费中心城市发展水平及层级体系研究,周勇,2023,商业经济与管理,10.14134/j.cnki.cn33-1336/f.2023.09.002,journal article,zh,ECON_BUS_CONS,T2
CITING-WORK-D06000AF9EA0,国际消费中心城市建设的经济辐射效应探析,王小林;王效梅,2023,商业经济研究,10.3969/j.issn.1002-5863.2023.23.017,journal article,zh,ECON_BUS_CONS,T2
CITING-WORK-3087C388A7DB,"致公党云南省委会""培育新型消费 创新消费场景促进消费升级 提升生活品质""调研报告",孟庆红;李璇;保蕊,2023,中国发展,,journal article,zh,ECON_BUS_CONS,T3
CITING-WORK-5A9FB08BED7E,人造旅游场景对游客沉浸感的影响研究——叙事传输视角下的链式中介模型,陈博文,2024,,,thesis,zh,TOUR_HOSP,T3
CITING-WORK-D71A685759CB,日常生活空间旅游化机制与影响研究——以重庆市渝中区白象居为例,张倩,2024,,,thesis,zh,TOUR_HOSP,T3
CITING-WORK-77F4B4484F02,贵州地戏的文旅传播创新研究,勾悦,2024,,,thesis,zh,TOUR_HOSP,T3
CITING-WORK-994D882CC9A7,城市青年精致露营休闲体验研究：波默气氛美学的视角,何雨韩,2024,,,thesis,zh,SPORT_LEISURE,T3
CITING-WORK-D66A59EB4AA2,黄河沉沙池区儿童友好型乡村景观设计研究——以聊城太平新村为例,范晓彤,2024,,,thesis,zh,ARCH_DES_HER,T3
CITING-WORK-D5849AF740D1,灵宝市文旅融合的状态评价与空间优化研究,张希阳,2024,,,thesis,zh,TOUR_HOSP,T3
CITING-WORK-8BC5879791F8,UGC模式下纪录片的大众参与机制与文化价值建构,杨森;廖思怡,2025,当代电视,,journal article,zh,CULT_MEDIA,T3
CITING-WORK-15B603C125CB,声音景观与立体生态:论方言电影的景观建构与文旅发展路径,高枫;刘帅均,2026,电影评介,10.3969/j.issn.1002-6916.2026.02.008,journal article,zh,ARCH_DES_HER,T3
CITING-WORK-8D5DE6ABE6DE,"新时期文化和旅游深度融合模式创新与驱动机制——以文旅融合的""贵州现象""为例",佚名,,,,thesis,zh,TOUR_HOSP,T3
CITING-WORK-C0C5A2FF080F,民族地区旅游业发展推进中华民族共同体建设的逻辑进路研究,佚名,,,,thesis,zh,TOUR_HOSP,T3
CITING-WORK-62AB386B9423,"网红城市的景观传播、主体联动与人文价值研究——淄博、哈尔滨、天水等城市特色文旅活动火爆""出圈""现象解析",曾昕,2024,价格理论与实践,10.19851/j.cnki.cn11-1010/f.2024.03.109,journal article,zh,ARCH_DES_HER,T3
CITING-WORK-697DA4342213,地方文旅融合实践中的媒介景观建构:以哈尔滨为例,亓晶;邵宋羽;崔欣,2025,辽宁工程技术大学学报（社会科学版）,10.11955/j.issn.1008-391x.20250609,journal article,zh,ECON_BUS_CONS,T2
CITING-WORK-435CC68579BC,淄博烧烤何以火爆:基于多元主体互动视角的分析,吕宁,2024,民俗研究,10.3969/j.issn.1002-4360.2024.06.015,journal article,zh,INTERDISC_OTHER,T2
CITING-WORK-6A6701BCB9CE,遐想、寻踪、体验与迭代:基于文化视角的影视旅游目的地形成机制研究——以电视剧《繁花》为例,冷文琦,2025,美与时代,,journal article,zh,ARCH_DES_HER,T2
CITING-WORK-F143D5AFC8C8,数字沉浸式文旅产业的演进路径、发展动因及作用特征,伍蕾;赵漫,2025,四川旅游学院学报,10.26928/j.cnki.lyxb.2025.03.006,journal article,zh,TOUR_HOSP,T2
CITING-WORK-3FB35D9AE99A,制造景观:旅游型村庄乡村意象的构建——以陕西省袁家村为例,郭占锋;钟灵毓,2025,山西农业大学学报（社会科学版）,10.13842/j.cnki.issn1671-816x.2025.06.008,journal article,zh,ARCH_DES_HER,T3
CITING-WORK-FF96D146C66F,浙东诗路文化沉积及其旅游场景化表达,汤蓉岚;李跃军,2025,台州学院学报,10.13853/j.cnki.issn.1672-3708.2025.02.007,journal article,zh,CULT_MEDIA,T2
CITING-WORK-7E6981ED4F5F,文化景观与观光型旅游地的融合机制研究——以深圳仙湖植物园为例,陈君豪,2024,西部旅游,,journal article,zh,TOUR_HOSP,T2
CITING-WORK-C7B3298EF183,寻味而来?——新疆伊犁美食旅游目的地形象感知与提升策略研究,索晓霞;曹晶晶;阿依目·莎依甫,2026,西部旅游,10.3969/j.issn.1006-2629.2026.04.005,journal article,zh,TOUR_HOSP,T2
CITING-WORK-87544A10F9A6,从结构到实践:虚实交互驱动中国式文旅深度融合新范式,吴倩,2024,西南民族大学学报（人文社会科学版）,10.3969/j.issn.1004-3926.2024.08.005,journal article,zh,SOC_POLICY,T2
CITING-WORK-BEF6C6D2592F,文旅融合视域下艺术集聚的场景构建与优化路径,佚名,,,,thesis,zh,TOUR_HOSP,T3
CITING-WORK-664FB21216D8,"旅游""网红村""的文化空间生产研究——以昆明海晏村为例",肖凝;段文婷,2026,中国集体经济,10.3969/j.issn.1008-1283.2026.04.037,journal article,zh,ECON_BUS_CONS,T2
CITING-WORK-D830FF04582A,景观社会理论视角下传统村落流量生产的演化过程与空间重构特征及作用机制,吴仕嫱;叶超,2026,自然资源学报,10.31497/zrzyxb.20260410,journal article,zh,URBAN_PLAN_GEO,T2
CITING-WORK-91DBA6AA0958,云阳县农民对村内公共文化基础设施的满意度及影响因素研究,程雪琴,2021,,,thesis,zh,CULT_MEDIA,T3
CITING-WORK-F453B36C8DAE,乡村振兴背景下农村公共文化建设研究——以山东胶州市里岔镇为例,武斌,2021,,,thesis,zh,RURAL_AGRI,T3
CITING-WORK-2DD341A148FA,新时代党建引领农村精神文明建设的逻辑与路径研究,郭裕文,2022,,,thesis,zh,RURAL_AGRI,T3
CITING-WORK-F810A03F7179,山西省乡村公共文化空间建设研究——基于晋中市X村的实践探索,刘叶,2022,,,thesis,zh,RURAL_AGRI,T3
CITING-WORK-BFC7E2971CF0,乡村振兴背景下新时代文明实践中心建设研究——以Y县为例,晏熊燕子,2022,,,thesis,zh,RURAL_AGRI,T3
CITING-WORK-FC26EDC1FAEA,吉林省乡村文化振兴研究,朱泓全,2022,,,thesis,zh,RURAL_AGRI,T3
CITING-WORK-FFF75D81226D,乡村振兴视域下乡村文化建设研究,曲奕诺,2022,,,thesis,zh,RURAL_AGRI,T3
CITING-WORK-31C1765030CA,新时代乡风文明建设研究,王若实,2023,,,thesis,zh,INTERDISC_OTHER,T3
CITING-WORK-F2C8C508C7DE,乡村振兴视域下农村精神养老问题研究--基于冀南H村的调研,柴昱彤,2023,,,thesis,zh,RURAL_AGRI,T3
CITING-WORK-92E839AA2F3C,临洮县农村公共文化服务体系建设研究,王文韬,2022,,,thesis,zh,RURAL_AGRI,T3
CITING-WORK-C83948304E28,新时代农村文化建设的价值意蕴及优化路径研究,李祎然,2024,,,thesis,zh,RURAL_AGRI,T3
CITING-WORK-1738C4CF44B0,社会美育视角下桂北乡村公共文化空间设计研究,王剑凯,2024,,,thesis,zh,ARCH_DES_HER,T3
CITING-WORK-09CA70A62E03,价值共创视角下乡村公共文化空间重构及其路径优化——以湖北省花坪镇X村为例,冉芳,2024,,,thesis,zh,RURAL_AGRI,T3
CITING-WORK-E1171234BCE9,乡村振兴背景下D县农村公共文化服务供给问题对策研究,朱怡,2023,,,thesis,zh,RURAL_AGRI,T3
CITING-WORK-5009798F20AA,改革开放以来苏北农村老人闲暇生活变迁--以D县L村为例,叶鑫煜,2025,,,thesis,zh,RURAL_AGRI,T3
CITING-WORK-4CC8CCBC8539,乡村振兴战略下黑龙江省基层政府职能转变研究,刘东冰,2021,,,thesis,zh,RURAL_AGRI,T3
CITING-WORK-96350910905F,公共文化空间视角下马鞍山市博物馆服务优化研究,丁世华,2021,,,thesis,zh,CULT_MEDIA,T3
CITING-WORK-C0956A18BC18,吉林省中部地区城郊村落公共空间更新优化策略研究,李冉,2023,,,thesis,zh,RURAL_AGRI,T3
CITING-WORK-BD6906EF07D9,乡村振兴视域下农村传统文化传承策略研究——以西安市栗峪口村为例,王慧;董斌;刘星雨,2023,漯河职业技术学院学报,10.3969/j.issn.1671-7864.2023.01.004,journal article,zh,RURAL_AGRI,T3
CITING-WORK-9EAC7454B703,乡村振兴视域下传统村落公共空间营造与活化研究,俞文斌,2021,农村经济与科技,10.3969/j.issn.1007-7103.2021.08.085,journal article,zh,RURAL_AGRI,T2
CITING-WORK-57D41192DAB6,乡村振兴背景下公共空间营造与社会服务能力研究,俞文斌,2021,农村经济与科技,10.3969/j.issn.1007-7103.2021.22.091,journal article,zh,RURAL_AGRI,T2
CITING-WORK-185BECF94B2E,乡村振兴视域下农村传统公共文化空间的良性再生产——以赣西地区祠堂为例,邹波;汪紫兰,2024,参花,,journal article,zh,INTERDISC_OTHER,T2
CITING-WORK-761ABB9FFD6A,乡村文化振兴背景下农村文化基础设施管护的有效路径研究,骆艾荣;程浩;杜金一,2025,西安建筑科技大学学报（社会科学版）,10.15986/j.1008-7192.2025.06.007,journal article,zh,ARCH_DES_HER,T2
CITING-WORK-F7CD792B9DC9,乡土文化景观风貌提升构建中景观基因的识别与运用研究,李晓颖;黄欢;王世超,2022,中国园林,10.19775/j.cla.2022.06.0029,journal article,zh,ARCH_DES_HER,T2
CITING-WORK-9251C48976F3,格诺特·波默气氛美学研究,欧阳丹,2022,,,thesis,zh,INTERDISC_OTHER,T3
CITING-WORK-21E6B0C9E778,复杂场景切换下驾驶负荷与行为感知特性研究,白婧荣,2023,,,thesis,zh,INTERDISC_OTHER,T3
CITING-WORK-CF21ACAEE72D,新类型公共艺术在社区营造中的建构模式研究--以郑州市商都文化园区为例,范琳琳,2023,,,thesis,zh,CULT_MEDIA,T3
CITING-WORK-442196B1720D,体验经济时代创意文旅空间的情感认知研究,王静雅,2023,,,thesis,zh,TOUR_HOSP,T3
CITING-WORK-BFFF6AB1AB69,文旅场景现象级网红路牌设计,闵熙珺,2025,,,thesis,zh,TOUR_HOSP,T3
CITING-WORK-A862F9EC98F1,乡村振兴背景下的本土化公共空间营造研究 ——以日照市任家台渔村为例,管毓涵;尹新,2022,城市建筑,10.19892/j.cnki.csjz.2022.06.01,journal article,zh,ARCH_DES_HER,T2
CITING-WORK-2397F177DF83,乡村振兴下乡村文化旅游融合发展的理论逻辑与路径选择 ——以徽州卖花渔村为例,沈昕;葛惠芳,2022,中南林业科技大学学报（社会科学版）,10.14067/j.cnki.1673-9272.2022.03.011,journal article,zh,INTERDISC_OTHER,T2
CITING-WORK-C07704AB6B33,乡村旅游社区综合治理机制与路径研究,潘虹;吴思敏,2023,旅游纵览,10.3969/j.issn.1004-3292.2023.23.041,journal article,zh,TOUR_HOSP,T2
CITING-WORK-A4EE4242FD62,上海临港二环带公园开放运营管理模式研究,付苏晨,2024,上海建设科技,10.3969/j.issn.1005-6637.2024.01.025,journal article,zh,INTERDISC_OTHER,T3
CITING-WORK-59AC58764B75,旅游社区应对自然灾害的韧性评价指标体系构建,田兵伟;贾培静;谭旭东,2023,中国生态旅游,10.12342/zgstly.20230140,journal article,zh,TOUR_HOSP,T2
CITING-WORK-AC3343980C56,新型城市化背景下传统文化与旅游业融合发展研究——以宁波为例,罗俊杰;黄文杰,2022,浙江万里学院学报,,journal article,zh,TOUR_HOSP,T3
CITING-WORK-02C2AC8E21B5,媒介即讯息：抖音短视频平台健康传播研究,翟丽茹,2021,,,thesis,zh,CULT_MEDIA,T3
CITING-WORK-FDF8204D6D87,人民日报抖音号短视频新闻故事化传播研究,武竹昕,2021,,,thesis,zh,CULT_MEDIA,T3
CITING-WORK-F8C578689491,媒介场景理论视域下视频博客中的自我呈现,易雨璇,2021,,,thesis,zh,CULT_MEDIA,T3
CITING-WORK-3AE65BC3912E,新冠肺炎疫情中政务短视频叙事研究,徐雁翎,2021,,,thesis,zh,CULT_MEDIA,T3
CITING-WORK-7992823F1B4B,党媒短视频互动传播研究——以《央视新闻》抖音号为例,王万良,2022,,,thesis,zh,CULT_MEDIA,T3
CITING-WORK-203F2E201E83,电视记者深度报道采访行为的显隐性交互研究,张扬洋,2021,,,thesis,zh,CULT_MEDIA,T3
CITING-WORK-55EF32222BD9,国家反诈中心”政务抖音短视频的传播效果与影响因素研究,李宏宇,2023,,,thesis,zh,CULT_MEDIA,T3
CITING-WORK-44310BCAFBBF,互动仪式链视角下政务抖音传播机制与效果提升研究--以“中国长安网”抖音号为例,赵一凡,2022,,,thesis,zh,CULT_MEDIA,T3
CITING-WORK-42D95A6A83CC,狂欢理论视域下抖音短视频中的迷因传播现象研究,麻馨心,2023,,,thesis,zh,CULT_MEDIA,T3
CITING-WORK-D35B18A29A04,江西省政务抖音号的传播策略研究,黄启莹,2023,,,thesis,zh,CULT_MEDIA,T3
CITING-WORK-1A3BEDFD7848,媒介场景理论视角下的陪伴类学习直播研究,肖静雯,2023,,,thesis,zh,EDUCATION,T3
CITING-WORK-479DB49AC1B9,互动仪式链视阈下警务纪实类抖音号传播策略研究--以《孝警阿特》为例,王静,2024,,,thesis,zh,CULT_MEDIA,T3
CITING-WORK-4812D707E9AE,乡村中老年群体抖音APP使用意愿影响因素研究--基于对连云港市乡村的调查,潘斯伦,2024,,,thesis,zh,RURAL_AGRI,T3
CITING-WORK-86DBC21B9C2B,重大突发事件短视频（2019—2021）探析,盛桑,2022,,,thesis,zh,CULT_MEDIA,T3
CITING-WORK-B824443D617D,乡村短视频的媒介景观建构研究——以抖音平台为例,张景园,2023,,,thesis,zh,ARCH_DES_HER,T3
CITING-WORK-5D9C86EB0F90,抖音文旅局长短视频营销对消费者出游意愿的影响研究,冷艳蕾,2025,,,thesis,zh,TOUR_HOSP,T3
CITING-WORK-EADC9F810F63,政务短视频的话语研究--以“中国政府网”抖音号为例,钮迎莹,2021,,,thesis,zh,CULT_MEDIA,T3
CITING-WORK-BB7D272FAA04,社会治理视域下政务短视频的困境与对策研究,林沐阳,2023,,,thesis,zh,CULT_MEDIA,T3
CITING-WORK-37DABB109A5A,基于社交媒体下四川传统村落集体记忆影像的后现代主义美学特征研究,任婧婷,2022,西部广播电视,10.3969/j.issn.1006-5628.2022.02.028,journal article,zh,CULT_MEDIA,T2
CITING-WORK-20F9DA4CCC1E,"政务短视频发展建设路径探究——以黑龙江省""新闻夜航""短视频账号为例",刘莉群;徐宏任,2023,新闻研究导刊,10.3969/j.issn.1674-8883.2023.21.017,journal article,zh,CULT_MEDIA,T2
CITING-WORK-DA0E24ED4468,乡村社会内生资源助推乡村振兴对策研究--以河南省D村为例,高处处,2019,,,thesis,zh,RURAL_AGRI,T3
CITING-WORK-C040B792ABA6,农村公共文化建设中的供需关系研究--以晋东南W村为例,曲建波,2020,,,thesis,zh,RURAL_AGRI,T3
CITING-WORK-6F56EF71718D,空间生产视角下农村公共文化空间重塑研究——以花康瑶族新村为例,李淑蕾,2020,,,thesis,zh,RURAL_AGRI,T3
CITING-WORK-A79708EF03A7,农村公共文化服务协同治理机制及其对服务满意度影响研究——以咸宁市A区为例,黄雅奥,2021,,,thesis,zh,RURAL_AGRI,T3
CITING-WORK-7FEF1A103CBB,基于场景理论的苏州文化城市评价研究,丁程,2019,,,thesis,zh,CULT_MEDIA,T3
CITING-WORK-C7626A1FC923,文旅融合视域下乡村文旅发展路径研究--以贵州新化寨村为个案,冯嘉荣,2023,,,thesis,zh,TOUR_HOSP,T3
CITING-WORK-9B8AB7E5D1FD,"""互联网+农业""对农民获得感的提升效用",王浩磊;吴霞,2019,财讯,,journal article,zh,RURAL_AGRI,T3
CITING-WORK-7456E4152261,农村公共文化服务的实践与创新,王井,2020,开发研究,10.13483/j.cnki.kfyj.2020.02.013,journal article,zh,RURAL_AGRI,T3
CITING-WORK-447EBCF77F34,农村公共文化服务协同治理机制与效能研究——基于H省X县的实证分析,杨嬛;黄雅奥;王家合,2021,图书馆,10.3969/j.issn.1002-1558.2021.06.005,journal article,zh,INFO_TECH,T2
CITING-WORK-12982E83BB43,乡村振兴与农村公共阅读空间的多维构建——以政社合作为视角,陈瑜,2022,图书馆,10.3969/j.issn.1002-1558.2022.07.008,journal article,zh,INFO_TECH,T2
CITING-WORK-1395E71DE51D,场景理论视域下滇越铁路沿线文化空间营造研究,耿达;傅斯鎏,2023,文化软实力研究,10.19468/j.cnki.2096-1987.2023.03.007,journal article,zh,CULT_MEDIA,T2
CITING-WORK-939BA781C04B,乡村振兴战略背景下新型农村社区建设研究,文雷;郭静怡,2019,学习与探索,,journal article,zh,RURAL_AGRI,T3
CITING-WORK-81E9B26F2955,党的十八大以来乡村文化建设研究的热点、趋势及展望——基于CiteSpace的计量分析,钱正元,2021,中共南京市委党校学报,10.3969/j.issn.1672-1071.2021.03.012,journal article,zh,RURAL_AGRI,T3
CITING-WORK-F701C94293D5,住宅小区公共设施维护系统韧性影响因素研究,张晋荣,2024,,,thesis,zh,INTERDISC_OTHER,T3
CITING-WORK-D16AF2094A76,成都市农村公共文化服务体系建设研究,杨美林,2024,,,thesis,zh,RURAL_AGRI,T3
CITING-WORK-50A63031C82A,新时代乡村文化治理路径研究,丁晓洋,2024,,,thesis,zh,RURAL_AGRI,T3
CITING-WORK-418DE1C9A708,乡村振兴背景下奇台县农村公共文化服务质量评价及提升路径研究,高安琪,2024,,,thesis,zh,RURAL_AGRI,T3
CITING-WORK-AD7F295867B6,乡村振兴背景下农民文化权利的法律保障研究,孙娟,2024,,,thesis,zh,RURAL_AGRI,T3
CITING-WORK-599019B051D0,公共数字文化服务可及性对公众文化获得感的影响研究,李梅梅,2024,,,thesis,zh,CULT_MEDIA,T3
CITING-WORK-703371FADDD0,撂荒地治理政策需求满足度对农户复耕复种意愿的影响研究,吕浩男,2025,,,thesis,zh,SOC_POLICY,T3
CITING-WORK-1F2FB48B2F51,“三农”短视频使用对村民参与乡村文化建设的影响研究,王仕豪,2025,,,thesis,zh,RURAL_AGRI,T3
CITING-WORK-B02ADFF7DBD1,数字乡村背景下新媒体在重庆恒合土家族乡的功用研究,万丫丫,2025,,,thesis,zh,RURAL_AGRI,T3
CITING-WORK-16843E134001,农村公共文化服务满意度影响因素及提升对策研究-以Q镇为例,崔伟智,2025,,,thesis,zh,RURAL_AGRI,T3
CITING-WORK-60FC75E8A532,公共治理视角下基层公共数字文化服务优化路径研究--以Z县为例,卢瑜佳,2025,,,thesis,zh,CULT_MEDIA,T3
CITING-WORK-03B50DB62B38,数字化水平对农民内源发展的影响研究--以晋冀梨果种植户为例,冯辉,2025,,,thesis,zh,INFO_TECH,T3
CITING-WORK-D41B2C1C7E97,农村公共文化服务精准化供给问题及对策研究--以河南省X县“舞台艺术送基层”为例,陈雨,2025,,,thesis,zh,RURAL_AGRI,T3
CITING-WORK-5873538183A3,农民参与新时代文明实践的问题及优化路径研究--以延安市Z村为例,廖雨倩,2025,,,thesis,zh,INTERDISC_OTHER,T3
CITING-WORK-CFCAE7E90199,共同生产理论视角下农村公共文化服务可及性提升研究--以新乐市为例,姚赵阳,2025,,,thesis,zh,RURAL_AGRI,T3
CITING-WORK-D04D26897121,乡村振兴背景下农村公共文化服务供给存在的问题及对策研究--以Q市为例,齐知凤,2025,,,thesis,zh,RURAL_AGRI,T3
CITING-WORK-CC8A907B8A73,协同治理视域下农村公共文化服务供给问题研究--以D市D街道为例,马倩雯,2025,,,thesis,zh,RURAL_AGRI,T3
CITING-WORK-C3D60407AD37,形塑文化主体性:乡村文化振兴的新内生发展路径,张大维;邓华,2025,华南农业大学学报（社会科学版）,10.7671/j.issn.1672-0202.2025.03.009,journal article,zh,RURAL_AGRI,T2
CITING-WORK-47FAEB327AD2,"从""参与式微""到""有效参与"":新疆农民公共文化服务困境的实证分析——以新疆焉耆回族自治县为例",马明敏,2026,经济研究导刊,10.3969/j.issn.1673-291x.2026.04.009,journal article,zh,ECON_BUS_CONS,T2
CITING-WORK-58F40279C3EA,农民参与乡村治理的现实困境及优化路径——以广西B村为例,陈玖捌,2024,四川农业科技,10.3969/j.issn.1004-1028.2024.10.035,journal article,zh,RURAL_AGRI,T3
CITING-WORK-36D65558ADDD,村民参与文化建设的理论逻辑、现实困境与有效路径,区小兰;罗珞峻;于水,2024,图书馆论坛,10.3969/j.issn.1002-1167.2024.08.003,journal article,zh,INFO_TECH,T2
CITING-WORK-C62B9595F90C,再造乡村:乡村旅居的生成机制及空间重构逻辑,张泽;郎雪妤;黎贵优,2025,乡村科技,10.19345/j.cnki.1674-7909.2025.10.001,journal article,zh,RURAL_AGRI,T2
CITING-WORK-3E3E36FBCDCF,城市公共文化空间的整体赋能逻辑与升级策略研究,王文彬;赵灵子;卫鹏飞,2024,中国名城,10.19924/j.cnki.1674-4144.2024.010.001,journal article,zh,URBAN_PLAN_GEO,T2
CITING-WORK-EFF84694FA67,乡村文化振兴视角下脱贫户可持续生计能力提升路径探析,郑志龙;李雨臻,2024,中州学刊,10.3969/j.issn.1003-0751.2024.05.008,journal article,zh,RURAL_AGRI,T3
CITING-WORK-259D715AA6C7,情境体验剧《又见平遥》对晋商形象的建构研究,李渊婕,2023,,,thesis,zh,INTERDISC_OTHER,T3
CITING-WORK-87D6A90B442A,面向中年用户的公共图书馆场景化健康信息服务研究,李璐颖,2023,,,thesis,zh,INFO_TECH,T3
CITING-WORK-E69E2F4696A6,基于空间感知的公园城市综合体导视系统设计研究,胡炜钊,2024,,,thesis,zh,URBAN_PLAN_GEO,T3
CITING-WORK-4F2389ED3030,安徽省公共阅读空间文旅融合服务优化策略研究,程雪荣,2025,,,thesis,zh,TOUR_HOSP,T3
CITING-WORK-1462910E070B,合肥城市阅读空间儿童阅读推广活动效果评价研究,王露雅,2025,,,thesis,zh,URBAN_PLAN_GEO,T3
CITING-WORK-9A3278290613,文脉传承下的城市阅读空间设计研究——以芙蓉街—百花洲为例,信慧言;田林,2025,湖南包装,10.19686/j.cnki.issn1671-4997.2025.02.033,journal article,zh,ARCH_DES_HER,T2
CITING-WORK-1C6F6316E48C,基于主题—情感融合分析的网红书店形象感知研究,王鑫宇;郭佳祺;张亚婷,2024,图书情报导刊,10.3969/j.issn.1005-6033.2024.11.011,journal article,zh,INTERDISC_OTHER,T3
CITING-WORK-60950EF682E9,文旅融合背景下新型公共文化空间的形象感知,佚名,,,,thesis,zh,TOUR_HOSP,T3
CITING-WORK-F924101139E7,乡村振兴战略背景下县域公共图书馆阅读服务精准供给要素的实证研究,严贝妮;李昊;阮云,2023,图书馆学研究,,journal article,zh,INFO_TECH,T2
CITING-WORK-09783CE8D092,用户需求视角下高校图书馆全场景学科服务模型构建,王婧怡;陈喆;罗敏,2024,图书馆学研究,,journal article,zh,INFO_TECH,T2
CITING-WORK-403E59ADA8ED,应用场景驱动下公共数据服务生态体系构建研究,于兴尚;史云贵;胡峰,2025,图书馆学研究,10.3969/j.issn.1001-0424.2025.12.009,journal article,zh,INFO_TECH,T2
CITING-WORK-F33705EBFE0B,公共图书馆的新媒体传播与国际形象展示研究,佚名,,,,thesis,zh,CULT_MEDIA,T3
CITING-WORK-8376FFF8301C,文旅融合视域下公共阅读空间的空间生产及其实践路径,唐璞妮,2024,图书馆,10.3969/j.issn.1002-1558.2024.09.010,journal article,zh,INFO_TECH,T2
CITING-WORK-2BA74D35023B,腾讯体育中国女排的传播策略研究,陶玉洁,2021,,,thesis,zh,CULT_MEDIA,T3
CITING-WORK-770254CBDE4E,短视频平台体育赛事版权对传播的影响,金析,2022,,,thesis,zh,CULT_MEDIA,T3
CITING-WORK-5D601FEAF457,中国体育用品企业海外市场进入模式的选择研究——以李宁为例,杨雨晴,2022,,,thesis,zh,ECON_BUS_CONS,T3
CITING-WORK-17C9B948AFC3,乾程篮球馆服务营销策略研究,杨斯涵,2023,,,thesis,zh,INTERDISC_OTHER,T3
CITING-WORK-F95F70D5FC98,安踏品牌传播策略研究,胡若涵,2023,,,thesis,zh,ECON_BUS_CONS,T3
CITING-WORK-D90089224954,RFGC公司高分子材料营销策略研究,唐晓晴,2023,,,thesis,zh,INTERDISC_OTHER,T3
CITING-WORK-7A7FB73B4778,社会体育场馆数字化运营对价值共创的影响研究,谯栖,2023,,,thesis,zh,INFO_TECH,T3
CITING-WORK-2ABE35AF2EDA,乐刻运动APP营销策略研究,翟韩钰,2023,,,thesis,zh,SPORT_LEISURE,T3
CITING-WORK-4D5E80B18972,士胜（天津）体育产品有限公司球星卡营销策略研究,孔昱博,2023,,,thesis,zh,SPORT_LEISURE,T3
CITING-WORK-F7D6D1671C75,融媒体时代“中国体育舞蹈”APP赛事传播策略研究,尚婉莹,2022,,,thesis,zh,CULT_MEDIA,T3
CITING-WORK-20E1ED68D1C3,整合营销视角下美国职业篮球联赛在中国的传播策略,刘博文,2024,,,thesis,zh,CULT_MEDIA,T3
CITING-WORK-2EC61BEA9123,新媒体环境下小众运动社群网络传播机制研究--以南京地区飞盘俱乐部为例,包朔,2024,,,thesis,zh,CULT_MEDIA,T3
CITING-WORK-4668873E37E4,疫情视角下成都体育消费的发展路径研究,彭渠;周红梅,2021,当代经济,10.3969/j.issn.1007-9378.2021.09.022,journal article,zh,ECON_BUS_CONS,T2
CITING-WORK-1A56C68EABEE,后疫情时代我国主流媒体对中国体育故事的讲述 ——基于推特中@Xinhua Sports、@Sports China发布的新闻文本分析,李安祺,2022,当代体育科技,10.16655/j.cnki.2095-2813.2109-1579-2807,journal article,zh,SPORT_LEISURE,T2
CITING-WORK-932455C9E82A,运动品牌社群营销的理念驱动与模式探索——基于Lululemon的案例分析,张宇飞;卢威利,2023,当代体育科技,10.16655/j.cnki.2095-2813.2208-1579-2476,journal article,zh,SPORT_LEISURE,T2
CITING-WORK-E91E16ED52E5,场域视角下中国国际化企业如何通过赛事营销突破跨文化传播障碍——基于海信集团的案例研究,许晖;李阳;王亚君,2022,管理学报,10.3969/j.issn.1672-884x.2022.12.002,journal article,zh,INTERDISC_OTHER,T2
CITING-WORK-E0A86C237D7A,人机交互情景下的体育健康传播:受众风险与疏解路径,阎晋虎;于晓梅;张业安,2023,广州体育学院学报,10.13830/j.cnki.cn44-1129/g8.2023.04.011,journal article,zh,CULT_MEDIA,T2
CITING-WORK-D51AAEEEBE25,"媒介情境视域下沉浸式健身场景建构研究——以Keep""剧情跑""为例",张竞壹,2023,科技传播,10.3969/j.issn.1674-6708.2023.09.036,journal article,zh,CULT_MEDIA,T2
CITING-WORK-5FAFB1101B4E,疫情防控常态化背景下体育赛事运营管理的策略研究,宋昱;王凯圆,2021,南京体育学院学报,,journal article,zh,SPORT_LEISURE,T2
CITING-WORK-BD4BE933CF93,基于U&A模型的后疫情时代高校体育传播与体育消费的关系研究,徐钦禹,2021,南京体育学院学报,,journal article,zh,SPORT_LEISURE,T2
CITING-WORK-FB39980F5F94,我国体育传播学研究热点及趋势分析,林慧君;刘禹;冯鑫,2021,南京体育学院学报,,journal article,zh,SPORT_LEISURE,T2
CITING-WORK-CAA0B20528F9,后疫情时代下电子银行生态场景建设研究,毛耀萱,2021,全国流通经济,10.3969/j.issn.1009-5292.2021.05.044,journal article,zh,ECON_BUS_CONS,T2
CITING-WORK-D344D30D02F1,AT品牌营销策略研究,乔丹;荆立新,2022,商场现代化,,journal article,zh,ECON_BUS_CONS,T2
CITING-WORK-671504783461,后疫情时代体育舞蹈赛事常态化开展的纾解路径研究,苏红;章翔;潮芳,2024,商丘师范学院学报,10.3969/j.issn.1672-3600.2024.06.015,journal article,zh,TOUR_HOSP,T2
CITING-WORK-EE2F08BFD649,北京冬奥会智能技术嵌入体育营销案例分析,杨宁;康萌,2022,体育科技文献通报,10.19379/j.cnki.issn.1005-0256.2022.05.058,journal article,zh,SPORT_LEISURE,T2
CITING-WORK-C698CCC593D4,21世纪以来我国体育传播研究的发展进路与未来展望(2000—2020),吴丹;万晓红;彭羽丰,2022,体育科学,10.16469/j.css.202201004,journal article,zh,ECON_BUS_CONS,T2
CITING-WORK-2FDB347E0798,场景时代健身休闲产业市场供需适配的理论逻辑、现实审视与推进转向,骆同;邵雪梅,2022,体育科学,10.16469/j.css.202210003,journal article,zh,ECON_BUS_CONS,T2
CITING-WORK-E7F8233B97AF,小众体育运动发展价值、机遇与路径,吴开霖;范成文,2023,体育文化导刊,10.3969/j.issn.1671-1572.2023.04.008,journal article,zh,SPORT_LEISURE,T2
CITING-WORK-E4B68C565A2A,浅析新时代体育产业高质量发展之路,张煜杰,2022,文体用品与科技,10.3969/j.issn.1006-8902.2022.05.024,journal article,zh,SPORT_LEISURE,T2
CITING-WORK-25A46A908185,体育品牌整合营销传播新思路:基于中外体育品牌比较的视角,王鸣捷;谢曦冉,2021,现代传播,10.3969/j.issn.1007-8770.2021.11.025,journal article,zh,CULT_MEDIA,T2
CITING-WORK-3576EA1C931B,成长小组介入流动儿童同伴关系问题研究--基于L社区小组工作实务,夏雪艳,2017,,,thesis,zh,URBAN_PLAN_GEO,T3
CITING-WORK-823F020EA9C2,流动儿童同辈群体融入问题的社会工作介入,李鹤,2015,,,thesis,zh,SOC_POLICY,T3
CITING-WORK-80647C662A9F,少数民族流动人口城市认同研究--以武汉市为例,李智,2017,,,thesis,zh,URBAN_PLAN_GEO,T3
CITING-WORK-0B71237E2F82,基于概念建模的社区可沟通性空间的媒介设计研究——以上海澳丽映象嘉园社区为例,黄悦,2019,,,thesis,zh,CULT_MEDIA,T3
CITING-WORK-39D27D7BBE72,流动儿童社会融入的篮球运动干预研究,秦庆轩,2021,,,thesis,zh,SPORT_LEISURE,T3
CITING-WORK-19F8FAB644B6,人本主义观照下流动儿童的“教育存在感”探究,杨科,2020,,,thesis,zh,EDUCATION,T3
CITING-WORK-2647F4D11867,蒙古族流动儿童的社会融入及其教育对策研究,曾泽谨,2021,,,thesis,zh,EDUCATION,T3
CITING-WORK-1E59ABB4A7F4,茫茫无所依——张爱玲情感归属的心理传记分析,靳晶,2021,,,thesis,zh,INTERDISC_OTHER,T3
CITING-WORK-A22DE94DB17F,民族旅游村寨居民原真性感知对价值共创的影响机制研究,张丹,2023,,,thesis,zh,TOUR_HOSP,T3
CITING-WORK-C247E17D0677,农民的社会认同及影响因素研究,肖嘉茜,2023,,,thesis,zh,SOC_POLICY,T3
CITING-WORK-E7DAD8A6567E,焦作结亲村落居民的地方文化适应研究,王慧慧,2023,,,thesis,zh,RURAL_AGRI,T3
CITING-WORK-BB802C100021,旅游凝视视角下人-地情感对主-客价值共创行为的影响研究,臧晓文,2023,,,thesis,zh,TOUR_HOSP,T3
CITING-WORK-4E9598EB0193,新市民社会经济地位与社会安全感关系研究,王帅阳,2023,,,thesis,zh,ECON_BUS_CONS,T3
CITING-WORK-ADBAEAE7312F,小组工作介入对增强流动儿童同伴交往能力的作用--基于武汉市X学校的实践,孙晓梅,2014,,,thesis,zh,EDUCATION,T3
CITING-WORK-3B7A10AD6873,社会工作介入流动儿童服务研究,赵梓竣,2015,,,thesis,zh,SOC_POLICY,T3
CITING-WORK-940E174BA866,合肥市少数民族流动人口的城市认同研究,慈艳艳,2013,,,thesis,zh,URBAN_PLAN_GEO,T3
CITING-WORK-E356DEF4A1A5,社会工作介入流动儿童交往能力改善研究--以南京市X小学为例,袁潇,2019,,,thesis,zh,SOC_POLICY,T3
CITING-WORK-0C3A6EFC05FC,社会工作机构参与流动儿童城市融入问题研究--以H市Q社区为例,蔡昊天,2019,,,thesis,zh,URBAN_PLAN_GEO,T3
CITING-WORK-A4EB0A46F4BD,流动儿童社区归属感影响因素探源——基于杭州等地的调查,吴新慧,2011,城市问题,,journal article,zh,URBAN_PLAN_GEO,T2
CITING-WORK-664F77954166,教育转型背景下计算机网络课程教学改革探索,周敏,2017,产业与科技论坛,10.3969/j.issn.1673-5641.2017.06.113,journal article,zh,ECON_BUS_CONS,T2
CITING-WORK-EA458103B3EF,城市公园中的儿童公共活动空间设计研究,刘春芳,2021,工业设计,10.3969/j.issn.1672-7053.2021.10.046,journal article,zh,ARCH_DES_HER,T2
CITING-WORK-489B23114DEF,基于社交需求的城市广场设计研究——以济南市环城公园北区广场设计为例,孙继国;徐雯雯;高一帆,2025,工业设计,10.3969/j.issn.1672-7053.2025.04.030,journal article,zh,ARCH_DES_HER,T2
CITING-WORK-54F361BD512C,流动人口的社会融合研究综述,宋国恺;王起,2012,广州大学学报：社会科学版,10.3969/j.issn.1671-394x.2012.07.006,journal article,zh,SOC_POLICY,T3
CITING-WORK-080EB871C272,城镇化背景下城中村流动儿童的空间感知——以广州市天河区石牌村为例,陈淳;朱竑,2016,华南师范大学学报（社会科学版）,,journal article,zh,SOC_POLICY,T3
CITING-WORK-236953443E1F,主体嵌入与新生代农民工城市认同研究,丁百仁,2017,青年探索,10.13583/j.cnki.issn1004-3780.2017.01.009,journal article,zh,URBAN_PLAN_GEO,T3
CITING-WORK-53D3E93B5415,公立学校流动儿童的幸福感、歧视知觉及其关系,师保国;邓小晴;刘霞,2013,首都师范大学学报（社会科学版）,10.3969/j.issn.1004-9142.2013.03.022,journal article,zh,EDUCATION,T3
CITING-WORK-864A92248A54,流动儿童社会融合影响因素的研究述评——以社会生态系统为视角,李少雅,2017,社会福利（理论版）,,journal article,zh,SOC_POLICY,T3
CITING-WORK-D8A402ED0FEE,流动少年领悟社会支持影响心理健康的机制:自尊的中介与调节作用分析,胡韬,2011,中国特殊教育,10.3969/j.issn.1007-3728.2011.08.016,journal article,zh,EDUCATION,T2
CITING-WORK-896EE59D5B47,贵阳市流动儿童社会适应状况分析,胡韬;李建年;郭成,2012,中国学校卫生,,journal article,zh,EDUCATION,T3
CITING-WORK-EE051BF0E29D,乡村振兴战略视域下长春市鹿乡特色小镇建设研究,赵悦,2021,,,thesis,zh,RURAL_AGRI,T3
CITING-WORK-0C8E118D3598,烟台龙泉养生特色小镇的发展路径研究,曹雷,2022,,,thesis,zh,INTERDISC_OTHER,T3
CITING-WORK-F8358212628D,RXDF文化旅游有限公司运营管理优化研究,李红权,2020,,,thesis,zh,TOUR_HOSP,T3
CITING-WORK-A8B4D8356C27,农业特色小镇建设项目可持续性评价研究,刘秋月,2023,,,thesis,zh,RURAL_AGRI,T3
CITING-WORK-B3B260520F5C,“慢行联通”导向下的宋庄艺术聚集区街景设计研究,张萌,2022,,,thesis,zh,CULT_MEDIA,T3
CITING-WORK-AEBC0F12E143,场景理论下教育文旅小镇设计策略研究,李佳宁,2024,,,thesis,zh,TOUR_HOSP,T3
CITING-WORK-6C22D4D4AB57,政府旅游数据开放的评价指标体系构建与组态分析:基于21个省级行政区的数据,胡安安;郭梦珂;黄丽华,2024,大数据,10.11959/j.issn.2096-0271.2023070,journal article,zh,TOUR_HOSP,T3
CITING-WORK-D2A6ED375B2B,乡村艺术创生及环境优化路径研究,崔炯;陈书芳;陈琪,2022,佛山陶瓷,10.3969/j.issn.1006-8236.2022.12.058,journal article,zh,INTERDISC_OTHER,T2
CITING-WORK-315B21552B79,地方文化创意生态系统的价值共创机理——基于多案例的比较分析,杨毅;贺浩浩,2025,经济与管理评论,10.13962/j.cnki.37-1486/f.2025.03.012,journal article,zh,ECON_BUS_CONS,T3
CITING-WORK-321B849E30B1,公共艺术介入城镇创生何以实现——基于场景理论的分析,杨毅;吴新祎,2023,山东行政学院学报,10.3969/j.issn.2095-7238.2023.01.014,journal article,zh,RURAL_AGRI,T2
CITING-WORK-2C3B8EC7C8F9,基于低影响开发的盐城市老旧社区弹性景观设计,方美清;王晶晶;孙朗富,2022,水利规划与设计,10.3969/j.issn.1672-2469.2022.10.005,journal article,zh,ARCH_DES_HER,T3
CITING-WORK-7A89FCA721B2,基于A-I-F的新疆特色小镇分类、评价与发展模式研究,李小艳;甘晓成,2021,新疆社科论坛,10.3969/j.issn.1671-4741.2021.05.008,journal article,zh,ARCH_DES_HER,T2
CITING-WORK-F74D320114FB,国内特色小镇研究回顾——基于文献分析与政策耦合视角,王爱霞;明庆忠;刘宏芳,2022,中共云南省委党校学报,,journal article,zh,SOC_POLICY,T3
CITING-WORK-4FEB586917C4,基于Human-AI共生演化模拟的协同风险管理研究,崔夏迪,2022,,,thesis,zh,INTERDISC_OTHER,T3
CITING-WORK-6892E4AC63DE,资源拼凑视角下新创企业场景型商业模式创新路径的案例研究,周旭,2023,,,thesis,zh,ECON_BUS_CONS,T3
CITING-WORK-ADF631CEFEC7,基于场景化数据互操作的AI队友生成研究,张紫琦,2025,,,thesis,zh,INTERDISC_OTHER,T3
CITING-WORK-BF20E8647DC0,独立品牌书店的城市文化空间建构研究,胡慧洁,2021,,,thesis,zh,ECON_BUS_CONS,T3
CITING-WORK-D861332B6D9D,面向Human--AI协同的企业经营虚仿平台优化设计研究,张燕,2023,,,thesis,zh,ECON_BUS_CONS,T3
CITING-WORK-2F1E52536618,汉代太学教育空间实践研究--基于空间三元论的视角,陶慧琦,2025,,,thesis,zh,EDUCATION,T3
CITING-WORK-32CF110B88A2,语言景观作为国际中文教育资源应用研究,边婷婷,2025,,,thesis,zh,ARCH_DES_HER,T3
CITING-WORK-C3F973258805,思政课数字场景建构的空间逻辑与实践路径,卢岚;罗雅匀;王立群,2025,北京理工大学学报（社会科学版）,10.15918/j.jbitss1009-3370.2025.2818,journal article,zh,SOC_POLICY,T2
CITING-WORK-1FFEB04D677F,中华优秀传统体育文化融入体育公园建设的实施路径研究,刘长霖,2024,当代体育科技,10.16655/j.cnki.2095-2813.2024.01.016,journal article,zh,SPORT_LEISURE,T2
CITING-WORK-40A8AB5EC385,场景驱动的政府数字化转型:数字技术何以回应复杂治理需求——以江苏南通市为例,方鑫;李香;魏姝,2024,电子政务,10.16582/j.cnki.dzzw.2024.06.002,journal article,zh,SOC_POLICY,T2
CITING-WORK-F1D30717F367,自我概念清晰性对小学教师幸福感的影响:工作投入与空间场景的链式中介效应,陶文芳,2022,宁夏师范学院学报,10.3969/j.issn.1674-1331.2022.11.021,journal article,zh,INTERDISC_OTHER,T3
CITING-WORK-19E03BD5B589,2020年书院研究综述,张晓新;邓洪波,2021,南昌师范学院学报,10.3969/j.issn.1005-3638.2021.05.028,journal article,zh,INTERDISC_OTHER,T3
CITING-WORK-3864459CD298,场景概念的演进及其在科技成果转化中的运用,王永杰;刘海波;何丽敏,2021,科技管理研究,10.3969/j.issn.1000-7695.2021.15.005,journal article,zh,INTERDISC_OTHER,T3
CITING-WORK-991B9F40F7D3,"场景理论下的高职院校课程思政路径与实践——以""普通话""课程思政教学为例",陈芳庭,2025,科教文汇,10.16871/j.cnki.kjwh.2025.01.033,journal article,zh,INTERDISC_OTHER,T2
CITING-WORK-2AF72EEB9D96,"场景驱动下西部地区乡村数字治理的逻辑框架与实践进路——以柳州市鱼峰区""鱼峰乡村钉""为例",禤汉婷;江彬,2025,柳州职业技术大学学报,10.16221/j.cnki.issn1671-1084.2025.06.011,journal article,zh,RURAL_AGRI,T3
CITING-WORK-BBD41653AF79,青少年体育锻炼场景化设计及应用研究,张国远;黄伟,2023,青少年体育,10.3969/j.issn.2095-4581.2023.02.041,journal article,zh,SPORT_LEISURE,T3
CITING-WORK-C3312959D0D4,"基于""烟火气""场景营造的小城镇更新路径",廖文秀;李瑞,2021,区域治理,10.3969/j.issn.2096-4595.2021.42.057,journal article,zh,SOC_POLICY,T2
CITING-WORK-7322BC58C8B5,现代大学书院文化符号传承的困境与创新,佚名,,,,thesis,zh,CULT_MEDIA,T3
CITING-WORK-932C2A09C863,基于地理媒介视角对武汉都市圈活力复苏的研究,董芍君;张瑜烨,2022,武汉职业技术学院学报,10.19899/j.cnki.42-1669/z.2022.05.015,journal article,zh,CULT_MEDIA,T3
CITING-WORK-0F835CC1F689,"""时代环境—问题导向—产出目标""下的新商科教学创新理念、逻辑与方式",黄光灿;侯光文,2025,现代教育科学,10.13980/j.cnki.xdjykx.2025.02.019,journal article,zh,EDUCATION,T3
CITING-WORK-76EC4DC4AFE6,中小城市公园公共文化服务优化路径研究--以C市为例,柳杨,2023,,,thesis,zh,CULT_MEDIA,T3
CITING-WORK-AC903A954AF7,场景视角下巴渝传统风貌街区保护与活化研究,赵思琦,2024,,,thesis,zh,ARCH_DES_HER,T3
CITING-WORK-BC372CD09D45,HR公司智能家居产品杭州市场营销策略优化研究,毛小花,2025,,,thesis,zh,ECON_BUS_CONS,T3
CITING-WORK-A885CA698D10,场景理论视域下乡村文旅数字化服务设计策略,徐延章,2023,当代美术家,,journal article,zh,TOUR_HOSP,T2
CITING-WORK-85B196D65083,艺术乡建的场景逻辑与优化路径,齐骥;陆梓欣,2025,贵州师范大学学报（社会科学版）,10.16614/j.gznuj.skb.2025.04.011,journal article,zh,TOUR_HOSP,T2
CITING-WORK-5205A47D1325,场景视域下公园城市文化治理——内在逻辑与基本路径,詹绍文;邓雨龙,2023,北京城市学院学报,10.3969/j.issn.1673-4513.2023.02.004,journal article,zh,URBAN_PLAN_GEO,T2
CITING-WORK-0898D41DC244,词源、理论、思维方式:场景的学术史探究,李田田,2023,科技传播,10.3969/j.issn.1674-6708.2023.13.004,journal article,zh,CULT_MEDIA,T2
CITING-WORK-2895CC13154F,"从""蜂鸣""聚集到价值共创:展览项目成长路径研究",刘林艳;徐昊平;李梦吟,2025,旅游学刊,10.19765/j.cnki.1002-5006.2025.07.013,journal article,zh,TOUR_HOSP,T2
CITING-WORK-40D1BB97B0A5,场景视域下大运河非遗生活性保护的策略研究,郭新茹;陈天宇;唐月民,2021,南京社会科学,10.15937/j.cnki.issn1001-8263.2021.05.019,journal article,zh,INTERDISC_OTHER,T2
CITING-WORK-09D2D5AC515B,时空转化中城市虚拟文化空间的再构逻辑和文化走向,齐骥;亓冉,2021,南京社会科学,10.15937/j.cnki.issn1001-8263.2021.08.021,journal article,zh,INTERDISC_OTHER,T2
CITING-WORK-482AF3BC8E7D,场景理论视阈下新媒体赋能非物质文化遗产保护策略研究,袁钺,2024,南宁师范大学学报（哲学社会科学版）,10.16601/j.cnki.issn2096-7349.2024.01.003,journal article,zh,INTERDISC_OTHER,T2
CITING-WORK-17677428AD46,工业遗产旅游地空间演化机制研究:基于空间生产的视角,陈波;陈立豪,2023,文化软实力研究,10.19468/j.cnki.2096-1987.2023.04.008,journal article,zh,CULT_MEDIA,T2
CITING-WORK-494B3A6213D2,场景驱动乡村旅游地社交友好空间生产的机理研究——基于桂林阳朔的案例,庞兆玲;王学基,2025,西南民族大学学报（人文社会科学版）,10.3969/j.issn.1004-3926.2025.12.016,journal article,zh,SOC_POLICY,T2
CITING-WORK-02BD4245B181,蜂鸣理论视角下农家书屋的可持续与创新路径探索——基于浙江20家示范农家书屋的田野考察,杜艳艳,2023,中国出版,10.3969/j.issn.1002-4166.2023.19.012,journal article,zh,CULT_MEDIA,T2
CITING-WORK-79873E491B4E,场景视角下“罗辑思维”社群用户建构与维系的研究,李亚硕,2017,,,thesis,zh,INTERDISC_OTHER,T3
CITING-WORK-2947632A3E7C,“一直播”的场景传播研究,刘俊瑶,2018,,,thesis,zh,CULT_MEDIA,T3
CITING-WORK-524EA2EBCD08,新闻资讯类短视频的传播策略研究,宋雨琦,2018,,,thesis,zh,CULT_MEDIA,T3
CITING-WORK-B00305470A56,移动电商场景营销策略研究--以京东为例,谢振宇,2017,,,thesis,zh,INTERDISC_OTHER,T3
CITING-WORK-2E6DFA138900,游戏类微信公众平台的场景建构及传播策略探究,李若愚,2019,,,thesis,zh,CULT_MEDIA,T3
CITING-WORK-46D7A8906058,风险视域下新冠疫情媒体报道框架差异性研究——以《人民日报》《南方都市报》《健康报》为例,都曌,2021,,,thesis,zh,CULT_MEDIA,T3
CITING-WORK-B464F6E914AD,大数据时代网络媒体的新闻生产与传播模式研究,湛贵玲,2017,,,thesis,zh,CULT_MEDIA,T3
CITING-WORK-BB24C1C0ABAF,东方航空MU5735空难微博舆情传播及引导策略研究,苗雨,2023,,,thesis,zh,CULT_MEDIA,T3
CITING-WORK-FE4B9BD933AC,媒介形态理论视角下微信场景研究,操海国,2017,,,thesis,zh,CULT_MEDIA,T3
CITING-WORK-4120A3AE9D21,基于场景思维的传统休闲产业创新驱动机制及路径研究--以杭州茶楼业为例,俞翠,2018,,,thesis,zh,ECON_BUS_CONS,T3
CITING-WORK-4E3C2150E084,移动视频直播的把关研究,丁雅娴,2018,,,thesis,zh,INTERDISC_OTHER,T3
CITING-WORK-E1E0DF99270E,招商银行零售银行场景营销策略研究,林家乐,2020,,,thesis,zh,INTERDISC_OTHER,T3
CITING-WORK-C2E9BAEE7171,"基于""5W""模式考量的北京冬奥会传播渠道融合创新",胡家升;张志林;刘华坤,2023,北京印刷学院学报,10.3969/j.issn.1004-8626.2023.05.007,journal article,zh,CULT_MEDIA,T2
CITING-WORK-805D2CEC6659,浅析B2C旅游网站的场景化营销应用——以携程旅游网为例,肖越,2018,财讯,,journal article,zh,RURAL_AGRI,T2
CITING-WORK-D0C9896C451C,社交媒体中环保议题的内容特征与 扩散机制探析 ——以上海垃圾分类的传播实践为例,丁剑欣,2020,传媒,,journal article,zh,CULT_MEDIA,T2
CITING-WORK-CCEEC3930422,场景传播视角下B站陪伴式学习直播的研究,杨凌云,2022,传媒论坛,10.3969/j.issn.2096-5079.2022.16.011,journal article,zh,CULT_MEDIA,T2
CITING-WORK-FC3B496D1567,短视频赋能主流媒体融合发展,张逸凡,2023,采.写.编,10.3969/j.issn.1007-8177.2023.05.005,journal article,zh,CULT_MEDIA,T2
CITING-WORK-B7CF17A8F350,弘扬科学家精神短视频生产与传播研究,宋彬;邱琳;尹超,2025,新媒体研究,10.3969/j.issn.2096-0360.2025.08.005,journal article,zh,CULT_MEDIA,T2
CITING-WORK-78DE94E9F4C3,大数据时代新闻媒体生产和传播策略研究,孙启虎,2019,山东农业工程学院学报,,journal article,zh,RURAL_AGRI,T2
CITING-WORK-AD80939C2A01,用户微体验为诉求的APP界面精准优化设计研究,于炜;陶悦,2016,设计,,journal article,zh,INTERDISC_OTHER,T2
CITING-WORK-5DA078AC0C1F,《非遗里的中国》的创新路径分析,张坤圆,2025,声屏世界,10.3969/j.issn.1006-3366.2025.03.009,journal article,zh,TOUR_HOSP,T2
CITING-WORK-ED4030A6B50B,融媒体时代新闻媒体的传播策略,张晨光,2019,西部广播电视,10.3969/j.issn.1006-5628.2019.07.033,journal article,zh,CULT_MEDIA,T2
CITING-WORK-F7836C597199,大数据时代网络媒体的新闻生产与传播模式研究,吴思,2018,消费导刊,10.3969/j.issn.1672-5719.2018.23.044,journal article,zh,ECON_BUS_CONS,T3
CITING-WORK-9F1B56BB10D3,融媒体视域下《人民日报》抖音短视频的传播力探析,王鹏琳,2021,新闻前哨,10.3969/j.issn.1003-2827.2021.06.017,journal article,zh,CULT_MEDIA,T2
CITING-WORK-3EF770F17E87,混合情感传播模式：主流媒体短视频内容生产研究--以人民日报抖音号为例,张志安;彭璐,2019,新闻与写作,10.3969/j.issn.1002-2295.2019.07.012,journal article,zh,CULT_MEDIA,T2
CITING-WORK-3FCE14AD4ECD,智能传播时代大运河文化场景传播研究——以大运河国家文化公园数字云平台为例,朱晓帆,2022,艺术科技,10.3969/j.issn.1004-9436.2022.14.009,journal article,zh,CULT_MEDIA,T2
CITING-WORK-932C52E31D68,基于影视体验的公共空间景观响应机制研究——以重庆中心城区为例,徐丹仪,2021,,,thesis,zh,ARCH_DES_HER,T3
CITING-WORK-F764C9207CDA,和美乡村社会评价与空间建构研究——以金华市雅⾥村为例,杜洁,2022,,,thesis,zh,RURAL_AGRI,T3
CITING-WORK-3B102E1D1EFF,新城市主义视角下山地城市老旧城区步行空间设计策略研究--以李子坝片区为例,李涵青,2023,,,thesis,zh,ARCH_DES_HER,T3
CITING-WORK-02E9C8492E6D,场景营销视角下城市更新规划策略研究--以重庆市渝中区为例,杨新旗,2023,,,thesis,zh,ARCH_DES_HER,T3
CITING-WORK-A9A8C42B182D,青岛历史城区石阶巷空间视觉感知评价及保护策略,王华美,2024,,,thesis,zh,INTERDISC_OTHER,T3
CITING-WORK-369E342087B1,青岛与重庆阶梯巷道空间比较研究,王华美,2025,城市建筑,10.19892/j.cnki.csjz.2025.04.13,journal article,zh,ARCH_DES_HER,T2
CITING-WORK-312DA2A466B3,湖北宜昌山地型老旧社区公共空间景观微更新策略研究——以刘家大堰社区为例,白萌萌;付军,2024,美与时代,,journal article,zh,ARCH_DES_HER,T2
CITING-WORK-5B64A7F90DF7,地方感引导下的社区治理路径探索——基于日常生活的多尺度建构视角,佚名,,,,thesis,zh,URBAN_PLAN_GEO,T3
CITING-WORK-DDBFE41A1FCF,山地城市更新改造策略研究——以贵阳市老城区为例,车震宇;陈宇,2022,中国名城,10.19924/j.cnki.1674-4144.2022.02.012,journal article,zh,URBAN_PLAN_GEO,T2
CITING-WORK-BCBC30629B5C,基于天府文化视角下成都双水碾城市公园景观设计研究,吴伟华,2023,,,thesis,zh,ARCH_DES_HER,T3
CITING-WORK-6321B5B912AC,城市空间视域下扬剧的传播策略研究,王丹园,2024,,,thesis,zh,CULT_MEDIA,T3
CITING-WORK-5FB3FA97B4A2,河南豫剧文化主题空间设计实践研究,门淑丽,2025,,,thesis,zh,ARCH_DES_HER,T3
CITING-WORK-ACC5F1D22C59,基于场景理论的渔猎民族非物质文化遗产生活性保护研究,万丽婷,2023,,,thesis,zh,ARCH_DES_HER,T3
CITING-WORK-49A4BF614674,浅谈改建项目室内旧物与地域特色的再生与应用——川剧艺术中心改扩建项目室内设计,秦颖,2024,建筑与装饰,,journal article,zh,ARCH_DES_HER,T2
CITING-WORK-C37FB583897F,叙事·场景·受众:传播仪式观下文旅展演的差异性研究——以《印象·刘三姐》与《桂林千古情》为例,毛玉雯,2022,科技传播,10.3969/j.issn.1674-6708.2022.11.028,journal article,zh,CULT_MEDIA,T2
CITING-WORK-8546507A8DF0,基于体验设计的文化空间构建策略探究,李璐婷,2025,美术文献,,journal article,zh,ARCH_DES_HER,T2
CITING-WORK-AA3CB52EF2EB,"""一带一路""语境下王硇村以文化传播为载体的保护研究",孙晓红;王永曼,2022,农村科学实验,,journal article,zh,RURAL_AGRI,T3
CITING-WORK-482DC91213F9,"""人—忆—场""：文化融入夜间旅游的内在机理研究",任莉莉;刘民坤;邓小桂,2024,人文地理,10.13959/j.issn.1003-2398.2024.04.017,journal article,zh,TOUR_HOSP,T2
CITING-WORK-67166D7A61DC,文化传承视角下川剧文化体验中心的创新设计研究,佚名,,,,thesis,zh,CULT_MEDIA,T3
CITING-WORK-A8CC2DD2AD5F,基于互动理论的川剧艺术公共空间设计研究,黄书华;褚海峰,2023,艺术与设计,,journal article,zh,ARCH_DES_HER,T2
CITING-WORK-699EF7984DC0,基于成都地域文化特点的猛追湾街区改造模式探究,冯欣芮,2024,智能建筑与智慧城市,10.13655/j.cnki.ibci.2024.03.016,journal article,zh,ARCH_DES_HER,T2
CITING-WORK-9CC3CCDFFB9A,直播场景下虚拟主播属性对消费者行为的影响研究,周毓晴,2024,,,thesis,zh,ECON_BUS_CONS,T3
CITING-WORK-55180BF19618,场景视域下传统村落数字文创设计研究——以午亭山村为例,原诗淇,2024,,,thesis,zh,RURAL_AGRI,T3
CITING-WORK-E67D8728BBC8,大理影视旅游体验评价指标体系构建及其应用研究,赵卓艺,2025,,,thesis,zh,TOUR_HOSP,T3
CITING-WORK-B4B7A440F5D3,美食短视频对旅游意愿的影响机制研究,梁明伟,2025,,,thesis,zh,TOUR_HOSP,T3
CITING-WORK-F83CC795BECC,合肥市城市公共阅读空间服务可及性发展研究,李丽珍,2023,,,thesis,zh,URBAN_PLAN_GEO,T3
CITING-WORK-173FDE591C00,均等化视角下天津市基层公共文化服务效能评价及提升策略,王元明;杨楠;王雪丽,2020,重庆理工大学学报（社会科学版）,10.3969/j.issn.1674-8425(s).2020.03.011,journal article,zh,CULT_MEDIA,T3
CITING-WORK-F214A9730D4F,共同富裕目标下的文化消费升级:历史脉络、结构优化和路径设计,刘易阳,2024,楚雄师范学院学报,10.3969/j.issn.1671-7406.2024.06.003,journal article,zh,SOC_POLICY,T2
CITING-WORK-6BCFB20BCF00,我国地区文化消费影响因素空间统计分析,刘润芳;王梦娇;饶璐,2019,经济研究导刊,10.3969/j.issn.1673-291x.2019.22.026,journal article,zh,ECON_BUS_CONS,T2
CITING-WORK-E2D5B518AE0F,区域文化资本存量评价及其对经济增长的影响研究——以陕西省为例,宋琪;王佩瑶;张冰,2022,生产力研究,10.3969/j.issn.1004-2768.2022.02.009,journal article,zh,ECON_BUS_CONS,T2
CITING-WORK-D2CFAAED665B,我国新兴文化消费升级的区域差异性分析,冯星;颜洁,2023,时代经贸,10.3969/j.issn.1672-2949.2023.01.006,journal article,zh,ECON_BUS_CONS,T2
CITING-WORK-BD54C93D69D7,收入、时间与知识:文化消费能力约束效应研究,李光明;徐燕,2019,学海,,journal article,zh,ECON_BUS_CONS,T3
CITING-WORK-774C3CD94761,社区型商业投资绩效的影响因素研究,董浩翔,2022,,,thesis,zh,ECON_BUS_CONS,T3
CITING-WORK-F03194C46D46,LD商业地产公司轻资产运营模式与优化策略研究,程崇畅,2023,,,thesis,zh,ECON_BUS_CONS,T3
CITING-WORK-89A1618BFDFD,社区型商业聚集度对公寓价值的影响--以上海市为例,葛雨晨,2024,,,thesis,zh,ECON_BUS_CONS,T3
CITING-WORK-2A994BA746AC,基于青年友好视角下的社区公园景观设计研究--以中北高新区公园为例,王洋凡,2025,,,thesis,zh,ARCH_DES_HER,T3
CITING-WORK-9BAF0962C1AE,创新微循环公交零售模式研究——基于BMC微循环公交赋能社区零售应用场景分析,张帆;邱宇亮;唐姿慧,2023,价格理论与实践,10.19851/j.cnki.cn11-1010/f.2023.06.391,journal article,zh,ECON_BUS_CONS,T2
CITING-WORK-74D3BC0F1E21,青年友好型城市公共空间景观设计——以邯郸市为例,王红娟,2025,现代园艺,10.3969/j.issn.1006-4958.2025.19.042,journal article,zh,ARCH_DES_HER,T2
CITING-WORK-3F377991F22E,技术、关系与议程协同:数字时代青年参与社区治理的弹性框架,李晟赟,2025,辽宁行政学院学报,10.3969/j.issn.1008-4053.2025.04.006,journal article,zh,INFO_TECH,T3
CITING-WORK-B5C26E9D6238,后疫情时代的健康社区:居住满意度与住房选择,孟丹诚;徐磊青;黄健美,2024,西部人居环境学刊,10.13791/j.cnki.hsfwest.20240506,journal article,zh,URBAN_PLAN_GEO,T2
CITING-WORK-5080347475BC,"场景视域下""诗城""马鞍山的城市文化品牌传播路径探索",路淑敏,2022,视听,10.3969/j.issn.1674-246x.2022.09.010,journal article,zh,CULT_MEDIA,T2
CITING-WORK-2717AA9E5C33,"从学术概念到城市政策:""场景""概念的政策化逻辑 ——以成都为例",营立成,2022,现代城市研究,10.3969/j.issn.1009-6000.2022.10.001,journal article,zh,URBAN_PLAN_GEO,T2
CITING-WORK-B8DA6B26CC3A,城市夜间旅游场景高质量发展创新路径研究,齐骥;陆梓欣,2022,现代城市研究,10.3969/j.issn.1009-6000.2022.10.003,journal article,zh,URBAN_PLAN_GEO,T2
CITING-WORK-7872D9CFB8F2,创新型青年社区疗愈场景偏好与营造策略研究,孟丹诚;徐磊青,2025,新建筑,10.12069/j.na.20240148,journal article,zh,ARCH_DES_HER,T2
CITING-WORK-01ED11FDA93D,ZLN零添加花果米酒创业计划书,杜敏,2022,,,thesis,zh,INTERDISC_OTHER,T3
CITING-WORK-0C75335348DA,“可沟通城市”视域下重庆民营新型实体书店品牌传播研究,邓春霞,2024,,,thesis,zh,ECON_BUS_CONS,T3
CITING-WORK-731566A3CE51,城市市集作为空间媒介的意义建构及传播价值研究——以武汉“跳东湖”市集为例,刘珏汝,2024,,,thesis,zh,CULT_MEDIA,T3
CITING-WORK-FA0DD18509DC,传播视角下的城市异质空间生产--对银川西桥Live house的民族志考察,肖健健,2022,,,thesis,zh,CULT_MEDIA,T3
CITING-WORK-0BBE5FBA5CC9,选书师与书店选品的秘密——实体书店转型发展创新路径探析,方卿;曹子郁,2022,编辑之友,10.13786/j.cnki.cn14-1066/g2.2022.1.005,journal article,zh,INTERDISC_OTHER,T2
CITING-WORK-FEC52DDA2B4B,文化空间视域下校园书店发展的再思考——基于西安市24所本科校园书店经营发展状况的调研,王勇安,2024,出版参考,10.3969/j.issn.1006-5784.2024.04.006,journal article,zh,INTERDISC_OTHER,T2
CITING-WORK-DC54FBDCAAEA,我国实体书店商业模式的现状、问题与创新路径,周青,2024,出版发行研究,10.3969/j.issn.1001-9316.2024.03.007,journal article,zh,CULT_MEDIA,T2
CITING-WORK-C4CF9E170010,媒介场景理论视角下元宇宙书店的建构与发展策略,张洁梅;秦维佳,2024,长江师范学院学报,10.19933/j.cnki.issn1674-3652.2024.03.003,journal article,zh,ECON_BUS_CONS,T2
CITING-WORK-B0E03B5C2BF1,基于虚拟现实技术的实验场景多维可视化方法,谢金涛,2024,佳木斯大学学报（自然科学版）,10.3969/j.issn.1008-1402.2024.10.008,journal article,zh,INFO_TECH,T3
CITING-WORK-01B7A4C97D60,基于CNKI的地理媒介研究文献计量分析,陈雍,2021,科技传播,10.3969/j.issn.1674-6708.2021.19.011,journal article,zh,CULT_MEDIA,T2
CITING-WORK-CAD4D2824FE0,聚合·互动:面向体育消费社群的社区体育综合体空间发展趋向,霍嘉升;李逸伦,2024,体育科技文献通报,10.19379/j.cnki.issn.1005-0256.2024.01.037,journal article,zh,SPORT_LEISURE,T2
CITING-WORK-5B4E88E5B41C,乡村文化延革的新思路:农家书屋文化服务场景建构,张勇丽;丁梦瑶,2022,文艺争鸣,,journal article,zh,RURAL_AGRI,T3
CITING-WORK-B5F8AC30AF06,场景消费:PAGEONE北京坊店的体验价值塑造,简涔玲,2023,西部广播电视,10.3969/j.issn.1006-5628.2023.24.019,journal article,zh,CULT_MEDIA,T2
CITING-WORK-31114B832FAB,后人类时代教育学知识生产的范式转型与未来图景,李栋,2023,现代大学教育,10.3969/j.issn.1671-1610.2023.06.001,journal article,zh,EDUCATION,T3
CITING-WORK-78B48C77785F,融合场景视角下实体书店经营模式探究 ——以多抓鱼为例,罗爱琦,2022,现代营销,10.19932/j.cnki.22-1256/f.2022.10.150,journal article,zh,INTERDISC_OTHER,T3
CITING-WORK-E7E350E347BB,新时期实体书店的文化空间内涵与转型路径,钟晟;夏丹,2023,人文天下,10.3969/j.issn.2095-3690.2023.06.004,journal article,zh,ARCH_DES_HER,T2
CITING-WORK-5878422F6193,数媒时代音乐观演现场的空间示能与青年受众休闲实践,温丽琼;谭天,2026,新闻爱好者,10.3969/j.issn.1003-1286.2026.04.007,journal article,zh,CULT_MEDIA,T2
CITING-WORK-B9185C940F6F,实体书店建构公共阅读空间及竞争力提升,董宸,2022,中国出版,10.3969/j.issn.1002-4166.2022.13.012,journal article,zh,CULT_MEDIA,T2
CITING-WORK-54D4BFF4276F,跨媒介叙事赋能实体书店发展多元路径,曹飞;伊文臣,2025,中国出版,10.3969/j.issn.1002-4166.2025.02.007,journal article,zh,CULT_MEDIA,T2
CITING-WORK-770422527828,互联网背景下实体书店业态转型研究——以1200书店为例,邵莉,2021,知识经济,,journal article,zh,ECON_BUS_CONS,T2
CITING-WORK-76C2EF66B09D,基于场景创新的异形屏设计方法研究——以“光耀湖北”国庆彩车为例,周书敏,2021,,,thesis,zh,INTERDISC_OTHER,T3
CITING-WORK-82C2C9D1C692,公园城市成都实践背景下儿童游憩景观场景力评价研究,戴月琳,2023,,,thesis,zh,ARCH_DES_HER,T3
CITING-WORK-2C4825D6C1A5,空间叙事语境下杭州“三江两岸”海丝文化场景营造研究,吴哲,2024,,,thesis,zh,CULT_MEDIA,T3
CITING-WORK-04AAEFDA23CC,环境行为学视角下的老旧社区场景营造研究,王珺茜,2024,,,thesis,zh,URBAN_PLAN_GEO,T3
CITING-WORK-839DAEBCFB7F,运河小镇的文化传承和创新策略研究——以江苏省无锡市洛社镇为例,李子静,2024,常州工学院学报（社会科学版）,10.3969/j.issn.1673-0887.2024.03.001,journal article,zh,CULT_MEDIA,T3
CITING-WORK-3945101852E9,基于UGC模式的城市文化传播策略研究,刘涛,2021,东南传播,,journal article,zh,CULT_MEDIA,T2
CITING-WORK-6E3EF8822A2B,场景认知与意动倾向:情感认同的中介与感知价值的调节——以上海市高端民宿为例,黄和平;刘颖;钟伟,2025,旅游科学,10.3969/j.issn.1006-575x.2025.08.007,journal article,zh,TOUR_HOSP,T2
CITING-WORK-6ED0FE4AC08D,场景理论视角下乡村振兴的文化动力机制及实践研究,陈姝颖,2021,四川行政学院学报,10.3969/j.issn.1008-6323.2021.03.010,journal article,zh,RURAL_AGRI,T3
CITING-WORK-259A31205B68,城乡美好之要:我国农民工文化参与的基本样态及其回应路径 ——基于23省市农民工调研数据的分析,蔡武进;秦维,2021,文化软实力研究,10.19468/j.cnki.2096-1987.2021.04.004,journal article,zh,CULT_MEDIA,T2
CITING-WORK-CD5B589C94AD,新媒体环境下城市文化活动创意策划路径探究,火尊宇,2021,西部广播电视,10.3969/j.issn.1006-5628.2021.22.028,journal article,zh,CULT_MEDIA,T2
CITING-WORK-09A94D4B5613,论析国潮美妆品牌毛戈平的品牌传播策略,闫鲁义;李欣,2024,新闻世界,,journal article,zh,URBAN_PLAN_GEO,T2
CITING-WORK-6AB736D33D2B,文化传播视角下未来社区场景营造探析,叶菁;俞坚,2023,浙江树人大学学报,10.3969/j.issn.1671-2714.2023.03.005,journal article,zh,CULT_MEDIA,T3
CITING-WORK-B9250DBD7FDE,公园城市文脉传承空间载体评价研究,周逸影;王惠,2025,资源与人居环境,10.3969/j.issn.1672-822x.2025.04.019,journal article,zh,INFO_TECH,T2
CITING-WORK-A04C53C33D9E,网络读书节目《一千零一夜》的召唤结构研究,刘文琦,2018,,,thesis,zh,INFO_TECH,T3
CITING-WORK-5A6490E2B736,“格斗孤儿”事件报道的媒介伦理失范现象研究,董昕,2018,,,thesis,zh,CULT_MEDIA,T3
CITING-WORK-61575826DCBC,场域理论视阈下微信传播空间的伦理问题研究,胡文昭,2019,,,thesis,zh,CULT_MEDIA,T3
CITING-WORK-DE8838332577,基于风险的社会放大框架的基因编辑报道研究——以澎湃新闻为例,汪心馨,2021,,,thesis,zh,SOC_POLICY,T3
CITING-WORK-43395BA2858D,公共危机下“知识人”公共意见传播中的媒介伦理问题研究,吴雨晴,2021,,,thesis,zh,CULT_MEDIA,T3
CITING-WORK-E4BAB100B924,媒介情境论视域下观察类真人秀节目研究,赵明哲,2021,,,thesis,zh,CULT_MEDIA,T3
CITING-WORK-773D89B1D3BB,广电MCN转型下电视主持人融合发展研究——基于媒介情境论视阈,徐思雯,2022,,,thesis,zh,CULT_MEDIA,T3
CITING-WORK-6892336A69E7,“网红”Papi酱的自我呈现研究,张悦,2024,,,thesis,zh,INTERDISC_OTHER,T3
CITING-WORK-D132AD12FC28,媒介情境论视角下独居青年Vlog的建构研究——以小红书为例,刘晨红,2024,,,thesis,zh,CULT_MEDIA,T3
CITING-WORK-15A1013A2C31,传播伦理视域下电商直播失范现象研究,吴娇,2023,,,thesis,zh,CULT_MEDIA,T3
CITING-WORK-F03FBF42A6FF,媒介情境论视域下B站云自习直播研究,徐晓雯,2023,,,thesis,zh,CULT_MEDIA,T3
CITING-WORK-E0D05E571043,国际争端中的传播博弈与协商--基于近年涉华国际争端事件中官方与民间舆论场的语料分析,孙志鹏,2018,,,thesis,zh,CULT_MEDIA,T3
CITING-WORK-73740CDC501B,语境消解下的印象管理：大学生社交媒体平台摇摆行为研究,张晓鹏,2024,,,thesis,zh,CULT_MEDIA,T3
CITING-WORK-CDAF78733279,Plog使用中自我呈现对Z世代主观幸福感的影响,姜雨欣,2024,,,thesis,zh,INTERDISC_OTHER,T3
CITING-WORK-443F280B39A0,新媒体环境下“拟剧理论”的新发展——以微信“朋友圈表演”为例,吕晟,2018,传播与版权,,journal article,zh,CULT_MEDIA,T2
CITING-WORK-964DAD5F771B,"媒介人性化逻辑下""连麦""功能重塑直播情境探究",朱姿宣,2022,新媒体研究,10.3969/j.issn.2096-0360.2022.22.023,journal article,zh,CULT_MEDIA,T2
CITING-WORK-C3C6647520E2,微博个人隐私爆红的民众参与,郭牛金子,2017,青年记者,,journal article,zh,CULT_MEDIA,T2
CITING-WORK-4E9E969C0D50,"短视频平台传播伦理风险及应对研究 ——以""全红婵相关传播内容""为例",杨慧娟,2022,声屏世界,10.3969/j.issn.1006-3366.2022.10.007,journal article,zh,TOUR_HOSP,T2
CITING-WORK-1D85FFD56D0E,拟态环境对公共事件报道的影响力研究——以新冠肺炎疫情为例,李水,2020,视听,,journal article,zh,CULT_MEDIA,T2
CITING-WORK-440E02F4EFF9,自媒体时代群体性事件成因及舆论引导路径探讨,唐冰寒,2017,西昌学院学报（社会科学版）,10.16104/j.issn.1673-1883.2017.03.011,journal article,zh,CULT_MEDIA,T3
CITING-WORK-1D4493E881C1,场景消解:女性网络自拍中的后区迷失,陈琦,2020,现代传播,,journal article,zh,CULT_MEDIA,T2
CITING-WORK-CAC5DA382729,网络直播的受众心理、问题及反思,陈聪,2017,戏剧之家,10.3969/j.issn.1007-0125.2017.08.174,journal article,zh,INFO_TECH,T3
CITING-WORK-E93DDB4EA80B,后区前置情境下社交媒体用户的自我呈现转型——以momo群体为例,张雨晴;张娜,2025,新媒体与网络,10.20233/j.cnki.xmtwl.202504005,journal article,zh,CULT_MEDIA,T3
CITING-WORK-4C699825ACE6,伦理的彷徨:逆全球化思潮与媒介伦理情绪化语境的分析,江作苏;孙志鹏,2018,新闻大学,,journal article,zh,RURAL_AGRI,T2
CITING-WORK-6D2143B1D980,基因编辑报道的媒体失范问题研究,汪心馨;武文颖,2021,新闻研究导刊,,journal article,zh,CULT_MEDIA,T2
CITING-WORK-A3A912E21922,基于文献计量的我国网络失范研究综述,田丽;李哲哲,2019,信息资源管理学报,10.13365/j.jirm.2019.04.057,journal article,zh,INFO_TECH,T3
CITING-WORK-BB77991B1AEE,新媒体视域下我国健康传播体系现状及优化,卢昕玥;徐坤;孔军辉,2021,医学与哲学,10.12014/j.issn.1002-0772.2021.03.08,journal article,zh,CULT_MEDIA,T3
CITING-WORK-EFC14787272F,场景制造：北京三个城市社区发展的文化动力分析,吴军,2017,,,conference paper,zh,CULT_MEDIA,T3
CITING-WORK-930EDEA9E19F,增长机器理论视角下成都市用地扩张机制研究,张艺凡,2020,,,thesis,zh,INTERDISC_OTHER,T3
CITING-WORK-401D5276BB02,文化产业园区产城融合测度及提升对策研究——以曲江新区为例,王敏,2020,,,thesis,zh,ECON_BUS_CONS,T3
CITING-WORK-70B90E68A488,城市社区文化治理协同度评价及提升策略研究--以J市W和L社区为例,胡俐颖,2024,,,thesis,zh,CULT_MEDIA,T3
CITING-WORK-31D56792B2B6,From theme park to cultural tourism town:Disneyization turning of tourism space in China,ZHANG Zi'ang;LIANG Zengxian;BAO Jigang,2021,区域可持续发展（英文）,,journal article,unknown,URBAN_PLAN_GEO,T3
CITING-WORK-8D50D2FDDA9F,场景理论视角下的城市社区更新类型与特征研究——以成都市望平社区为例,黑清敏;马涛;刘虹敏,2024,住区,10.3969/j.issn.1674-9073.2024.02.005,journal article,zh,ARCH_DES_HER,T2
CITING-WORK-79AEB7EC1D74,城市记忆视角下老旧单位社区有机更新探索——以铁路新村为例,靳钰涵;梁鑫春,2024,智能建筑与智慧城市,10.13655/j.cnki.ibci.2024.10.016,journal article,zh,ARCH_DES_HER,T2
CITING-WORK-D57337FFAF53,吉林省土地利用空间分异变化研究,刘志川,2021,,,thesis,zh,INTERDISC_OTHER,T3
CITING-WORK-211C202F97C9,东莞DGT公司人力资源规划研究,黄颜,2022,,,thesis,zh,ARCH_DES_HER,T3
CITING-WORK-2C40AE363BA0,生态环境治理对贫困县产业结构升级的促进效应分析--以集中连片特困地区为研究对象,刘莉,2023,,,thesis,zh,ECON_BUS_CONS,T3
CITING-WORK-FC2478C803D9,生产性服务业集聚对省会城市经济高质量发展的影响研究,田丹,2023,,,thesis,zh,ECON_BUS_CONS,T3
CITING-WORK-14D81A6411C3,成都市东部新区公共卫生服务可及性研究,刘雪,2022,,,thesis,zh,INTERDISC_OTHER,T3
CITING-WORK-EAEF77E3369D,湖北省城乡人才双向流动格局特征及影响因素研究,王军,2023,,,thesis,zh,INTERDISC_OTHER,T3
CITING-WORK-C7680B63DBD0,地方品质视角下西安市创新产出的空间特征及影响因素研究,校婉婷,2024,,,thesis,zh,INTERDISC_OTHER,T3
CITING-WORK-4C7A8514BAEE,数字普惠金融对区域经济发展不平衡的影响研究,管红旭,2024,,,thesis,zh,ECON_BUS_CONS,T3
CITING-WORK-8631C985270A,数字基础设施对城市绿色技术创新的影响研究,姜丽雯,2025,,,thesis,zh,INFO_TECH,T3
CITING-WORK-272190BE5D28,城市公共服务质量对青年流动人才居留意愿的影响研究,余莹,2024,,,thesis,zh,URBAN_PLAN_GEO,T3
CITING-WORK-EF83AC0EF4A9,临时性产业集群如何促进城市创新,张苏缘;顾江,2023,财经科学,10.3969/j.issn.1000-8306.2023.02.013,journal article,zh,URBAN_PLAN_GEO,T2
CITING-WORK-FA1D24A647F0,我国城市科技产业社区的演进逻辑与发展进路研究,王丽艳;张渝琪;王振坡,2024,城市发展研究,10.3969/j.issn.1006-3862.2024.08.001,journal article,zh,URBAN_PLAN_GEO,T2
CITING-WORK-394C3C046DD8,建立绿智时代的城市经济学:新城市经济学,杨开忠,2024,城市问题,10.13239/j.bjsshkxy.cswt.240501,journal article,zh,URBAN_PLAN_GEO,T2
CITING-WORK-CCBE9586C85E,异质性劳动力集聚视角下地方品质对城市创新的影响,李娜;赵康杰;景普秋,2024,城市问题,10.13239/j.bjsshkxy.cswt.240513,journal article,zh,URBAN_PLAN_GEO,T2
CITING-WORK-4D8229AA30B9,舒适性迁移研究进展与启示,刘嘉杰;刘涛;曹广忠,2023,地理科学进展,10.18306/dlkxjz.2023.06.016,journal article,zh,RURAL_AGRI,T2
CITING-WORK-356679D23CC2,基于空间品质的经济地理核心—边缘模型研究,杨开忠;刘威;董亚宁,2024,地理学报,10.11821/dlxb202410003,journal article,zh,TOUR_HOSP,T2
CITING-WORK-F38828D6624C,建设京津冀世界级城市群视野下的雄安新区发展方向,李国平;宋昌耀,2021,河北学刊,,journal article,zh,URBAN_PLAN_GEO,T3
CITING-WORK-F9B4539A3444,公共服务、城市规模与人才区位——基于新空间经济学理论的分析,董亚宁;顾芸;杨开忠,2021,科技进步与对策,10.6049/kjjbydc.2020050146,journal article,zh,INTERDISC_OTHER,T2
CITING-WORK-8B4A75D2A0B1,劳动力市场化对雾霾污染的影响研究,赵斌;汪克亮,2021,南京财经大学学报,,journal article,zh,INTERDISC_OTHER,T2
CITING-WORK-D60DFED10BB8,通勤成本、地方品质竞争与都市圈空间结构演化,张超;王君慧;姚永玲,2022,首都经济贸易大学学报,10.13504/j.cnki.issn1008-2700.2022.05.005,journal article,zh,ECON_BUS_CONS,T3
CITING-WORK-AB7A1E30E645,西北地区人口流动决策的影响因素研究 ——基于新空间经济学视角,陈威;王菡;董亚宁,2022,西北人口,10.15884/j.cnki.issn.1007-0672.2022.01.007,journal article,zh,ECON_BUS_CONS,T3
CITING-WORK-C512E3A3CE95,空间品质、人才区位与人力资本增长——基于新空间经济学,杨开忠;顾芸;董亚宁,2021,系统工程理论与实践,10.12011/setp2020-0060,journal article,zh,ECON_BUS_CONS,T2
CITING-WORK-0C313FE8A843,劳动力流动对区域创新能力的影响研究,虎琳;侯冠宇,2022,中国劳动,10.3969/j.issn.1007-8746.2022.01.002,journal article,zh,URBAN_PLAN_GEO,T3
CITING-WORK-E38EC60903C0,纳入水资源利用量配置变化的流域生态补偿机制,杨开忠;李少鹏;董亚宁,2022,中国人口（资源与环境）,10.12062/cpre.20220905,journal article,zh,INFO_TECH,T2
CITING-WORK-4D0A73851D87,产业随人才走:异质性人才集聚影响区域产业格局的微观机制,凌英凯;王君慧;古恒宇,2024,中国人口（资源与环境）,10.12062/cpre.20240508,journal article,zh,INFO_TECH,T2
CITING-WORK-E92455233336,跨行政区旅游目的地的典型开发模式与协同发展经验,谢婷;万晓萌;蒋依依,2022,中国生态旅游,10.12342/zgstly.20220138,journal article,zh,TOUR_HOSP,T2
CITING-WORK-F3CFADD1D7B6,未来社区运营中多方协同的内在机理与推进策略--基于浙江省的案例分析,郜文琦,2023,,,thesis,zh,URBAN_PLAN_GEO,T3
CITING-WORK-B1A014056A45,未来社区居民社区认同研究--以杭州市L未来社区为例,张鑫宇,2023,,,thesis,zh,URBAN_PLAN_GEO,T3
CITING-WORK-D76DE337F068,智慧城市视域下城市信息模型（CIM）基础平台建设与应用研究,袁钏,2024,,,thesis,zh,INFO_TECH,T3
CITING-WORK-ABA0CD7432E3,城市景观格局视角下城镇低效用地再开发研究--以昆明市中心城区为例,林海远,2024,,,thesis,zh,ARCH_DES_HER,T3
CITING-WORK-02C2FBC0825D,上海市宝山旧工业区空间功能转型与更新研究,曾越,2023,,,thesis,zh,INTERDISC_OTHER,T3
CITING-WORK-1A1FC1AF1B5B,“第三方”介入社区更新的作用机制及规划应对--基于顺德东风村与升平社区实证,黄燕如,2024,,,thesis,zh,ARCH_DES_HER,T3
CITING-WORK-F649AB59A5F3,温州市老旧小区公共设施改造多元共建模式优化研究--以L区为例,李伊迪,2024,,,thesis,zh,INTERDISC_OTHER,T3
CITING-WORK-C7065D5E8BEB,城市公园与周边功能空间的耦合协调评价及优化研究,潘杰睿,2024,,,thesis,zh,URBAN_PLAN_GEO,T3
CITING-WORK-F8BB8941BAD5,未来邻里场景下老旧社区景观更新设计研究--以安吉蓝天花园为例,李婧怡,2025,,,thesis,zh,ARCH_DES_HER,T3
CITING-WORK-9C8C0A715FB7,基于居民生活场景的社区治理创新路径研究--以H市“缤纷未来社区”为例,徐云萍,2025,,,thesis,zh,URBAN_PLAN_GEO,T3
CITING-WORK-994555DD3A73,基于交往需求的社区公共空间更新研究--以济南市燕山社区为例,聂宏龙,2023,,,thesis,zh,URBAN_PLAN_GEO,T3
CITING-WORK-3DCC19DD879E,构筑高密城市中的蓝绿宜居乐园——以瓯海慈湖云山未来社区为例,金宪兰,2023,未来城市设计与运营,10.3969/j.issn.1674-0289.2023.11.008,journal article,zh,ARCH_DES_HER,T3
CITING-WORK-092E330168FD,未来社区理念下老旧社区改造提升及评价指标体系构建,施生旭;官烨苗,2024,城市发展研究,10.3969/j.issn.1006-3862.2024.06.026,journal article,zh,URBAN_PLAN_GEO,T2
CITING-WORK-9A890BF7B2CE,"""三资一体化""视角下中国PPP投融资模式创新研究——以未来社区项目为例",郝博;张蔚文,2025,城市学研究,,journal article,zh,URBAN_PLAN_GEO,T3
CITING-WORK-A396F15E8D4B,新建未来社区规划设计策略研究——以台州市路桥凤栖未来社区为例,高路;商显英;陈琳,2024,城市建筑空间,10.3969/j.issn.1006-6659.2024.04.027,journal article,zh,ARCH_DES_HER,T2
CITING-WORK-BC115E43D093,"存量用地再开发中的未来社区建设路径:上海嘉定""理想之地""的绿色智慧创新探索",佚名,,,,thesis,zh,URBAN_PLAN_GEO,T3
CITING-WORK-675E11565296,基于多维评估的社区生活圈功能配置优化路径——以宁波市鄞州区为例,厉奇宇;刘曼;吴一洲,2024,规划师,10.3969/j.issn.1006-0022.2024.03.015,journal article,zh,URBAN_PLAN_GEO,T2
CITING-WORK-E53BD7B76FCF,基于大语言模型的未来社区设计方法体系构建,夏俊豪;龙瀛,2025,建筑技术,10.13731/j.jzjs.2025.16.1926,journal article,zh,ARCH_DES_HER,T3
CITING-WORK-C4364434BFC9,健康场景与邻里场景的交叉融合——绍兴棒球未来社区景观设计,金坤;王子豪;方斐,2024,建筑与文化,10.19875/j.cnki.jzywh.2024.02.065,journal article,zh,ARCH_DES_HER,T2
CITING-WORK-BBF7F439FA12,未来社区的生态减碳路径探索,张妮,2023,铁道建筑技术,10.3969/j.issn.1009-4539.2023.07.018,journal article,zh,ARCH_DES_HER,T3
CITING-WORK-BAF691A37F39,基于场景理论的城市历史空间更新逻辑框架与介入路径,刘建军;何沁;徐雅冰,2024,现代城市研究,10.3969/j.issn.1009-6000.2024.09.006,journal article,zh,URBAN_PLAN_GEO,T2
CITING-WORK-1687605DD41F,未来社区场景化更新策略,许可,2023,中国建筑金属结构,10.20080/j.cnki.issn1671-3362.2023.10.052,journal article,zh,ARCH_DES_HER,T3
CITING-WORK-FFFC3687263B,"化""畸零边角""为""金角银边""的公园城市微场景更新研究",佚名,,,,thesis,zh,URBAN_PLAN_GEO,T3
CITING-WORK-5907337FC23E,基于CiteSpace的国内城市有机更新研究可视化分析,赵然;牛鸿蕾,2025,中外建筑,10.19940/j.cnki.1008-0422.2025.02.005,journal article,zh,ARCH_DES_HER,T2
CITING-WORK-214D24CB9AE4,红色旅游视域下金寨县梅山镇纪念性景观设计研究,田文鑫,2024,,,thesis,zh,ARCH_DES_HER,T3
CITING-WORK-E89E36B0BD12,乡村振兴背景下湖北随县文化节事活动现状及对策,宋玉麒,2024,,,thesis,zh,RURAL_AGRI,T3
CITING-WORK-BCA949E4C6CE,古村再生：旅游情境下边疆民族传统村落的空间生产研究,王浩入,2024,,,thesis,zh,TOUR_HOSP,T3
CITING-WORK-19DCE7F449DB,传统村落文化遗产整体性保护与发展策略研究--以贵州铜仁云舍村为例,聂禹迹,2025,,,thesis,zh,ARCH_DES_HER,T3
CITING-WORK-5445C4D968C0,基于居家养老模式的鲁中南山区农村住宅适老化改造设计研究——以济宁市上磨石岭村为例,张怀玲;盛一帆;逯海勇,2025,建筑与文化,10.19875/j.cnki.jzywh.2025.06.053,journal article,zh,ARCH_DES_HER,T2
CITING-WORK-B95D2CE2A4F5,文化景观基因理论驱动下中原传统村落空间重构机制研究,徐丽静,2025,漯河职业技术学院学报,10.3969/j.issn.1671-7864.2025.04.005,journal article,zh,RURAL_AGRI,T2
CITING-WORK-F5952070B231,文化消费试点政策对文化产业金融支持效率的影响研究,李语琳,2023,,,thesis,zh,ECON_BUS_CONS,T3
CITING-WORK-927D1C4045F6,数字化背景下“苏作”传统工艺的品牌化设计探索研究,张明烁,2024,,,thesis,zh,ECON_BUS_CONS,T3
CITING-WORK-B8F472D3A565,文化消费主义对主流文化功能的消解及应对研究,雷宜静,2024,,,thesis,zh,ECON_BUS_CONS,T3
CITING-WORK-36BEFF94AD79,马克思主义政治经济学批判视域下的非物质劳动研究,赵乾宇,2024,,,thesis,zh,ECON_BUS_CONS,T3
CITING-WORK-5049C6BFFA8F,区域银行数字化发展对城市居民所得影响,郭维哲,2024,,,thesis,zh,INFO_TECH,T3
CITING-WORK-8B8876C72238,中部地区数字经济发展对文化消费影响的实证研究,董新月,2025,,,thesis,zh,ECON_BUS_CONS,T3
CITING-WORK-AE72CD83BAD1,面向数字文化转型的档案文化创意产品开发研究,王瑞婷,2025,,,thesis,zh,CULT_MEDIA,T3
CITING-WORK-BC8CE0E1CAAB,数字文化消费生态系统构建及优化对策研究,曹文静,2025,,,thesis,zh,ECON_BUS_CONS,T3
CITING-WORK-34DA0DEA388C,出版企业文化数据体系建设初探——以时代出版传媒股份有限公司为例,卫敏;马嵩;崔璐,2024,出版广角,10.16491/j.cnki.cn45-1216/g2.2024.06.009,journal article,zh,CULT_MEDIA,T2
CITING-WORK-5809C3B404E8,甘肃发展数字化文化消费新场景的路径及对策研究,白如金;王康,2025,昌吉学院学报,10.3969/j.issn.1671-6469.2025.04.006,journal article,zh,ECON_BUS_CONS,T3
CITING-WORK-3482980E1E66,"数字产业化背景下良渚""超级文化IP""打造的路径探析",张唱晓;丁伟伟,2025,城市学研究,10.26964/b.cnki.urbanology.2025.0308,journal article,zh,ECON_BUS_CONS,T3
CITING-WORK-394C28518B55,"建构数字自我意识:""Z世代""青年数字形象消费中的新认同实践",张铮;刘晨旭,2023,福建论坛（人文社会科学版）,,journal article,zh,INTERDISC_OTHER,T2
CITING-WORK-179078E26D60,以新质生产力赋能区域高技术产业高质量发展,施雄天;余正勇,2025,长江师范学院学报,10.19933/j.cnki.issn1674-3652.2025.01.006,journal article,zh,ECON_BUS_CONS,T2
CITING-WORK-FE5D5D3BA1AA,数字文化产业赋能文化消费的机理与路径研究,易华;魏勇军,2023,价格理论与实践,10.19851/j.cnki.cn11-1010/f.2023.02.159,journal article,zh,ECON_BUS_CONS,T2
CITING-WORK-16E2CED43AD3,职业教育数字化治理的空间逻辑:转向、形态及其生产,黄巨臣;孟芯纬;景园洁,2026,教育理论与实践,10.3969/j.issn.1004-633x.2026.03.004,journal article,zh,EDUCATION,T3
CITING-WORK-8362DFBB28A2,数字经济促进共同富裕的机制、困境与出路,张轩语;杨柳新,2023,理论探讨,10.3969/j.issn.1000-8594.2023.06.020,journal article,zh,INTERDISC_OTHER,T2
CITING-WORK-052DB2CC2F15,数智时代中国文化消费升级的趋势、问题与应对策略,邹梦瑶,2025,老区建设,10.3969/j.issn.1005-7544.2025.06.012,journal article,zh,ECON_BUS_CONS,T3
CITING-WORK-2D2D969104A6,非惯常理论新构:基于具身认知与双系统视角,李晓义;许威;李春晓,2024,旅游学刊,10.19765/j.cnki.1002-5006.2024.02.010,journal article,zh,TOUR_HOSP,T2
CITING-WORK-4A0022C077FD,数字沉浸式场景下旅游者情感词典建构,伍蕾;胡佳;伍蓓,2025,旅游学刊,10.19765/j.cnki.1002-5006.2024.00.027,journal article,zh,TOUR_HOSP,T2
CITING-WORK-F6682C6CEE96,基于通感的博物馆展陈文字优化策略研究,李刚;刘一莹,2024,美术教育研究,10.3969/j.issn.1674-9286.2024.22.026,journal article,zh,ARCH_DES_HER,T2
CITING-WORK-C4605AD97225,"""谷子经济"":情绪价值驱动下的青年文化消费实践——基于直播拆卡的虚拟民族志研究",严雪雁;王茂福,2025,内蒙古社会科学,10.14137/j.cnki.issn1003-5281.2025.05.018,journal article,zh,ECON_BUS_CONS,T3
CITING-WORK-CD13AF25EC3F,数字经济对文化产业创新的影响效应,张苏缘;许珩哲,2025,山东师范大学学报（社会科学版）,10.16456/j.cnki.1001-5973.2025.05.010,journal article,zh,SOC_POLICY,T2
CITING-WORK-BD7188D2EA28,城市文化经济新质生产力的构成要素与发展逻辑,张铮;刘晨旭,2025,社会科学战线,,journal article,zh,SOC_POLICY,T2
CITING-WORK-190837E5F618,新质生产力赋能乡村振兴的作用机制、现实困境和实践路径,钟小清;赵麑,2024,西安建筑科技大学学报（社会科学版）,10.15986/j.1008-7192.2024.05.010,journal article,zh,ARCH_DES_HER,T2
CITING-WORK-E971E996FB01,文旅融合视野下武汉地域文化IP打造路径研究,王诗怡,2024,西部旅游,,journal article,zh,TOUR_HOSP,T2
CITING-WORK-AFFC62A6288B,数字平台经济驱动消费潜力释放:表征、机理与进路——基于消费者视角的分析,赵友华;赵一飞,2024,新经济,10.3969/j.issn.1009-8461.2024.01.003,journal article,zh,ECON_BUS_CONS,T3
CITING-WORK-0F479DDB07CE,文化消费背景下长沙中心城区更新演进内涵取向与实践路径,邹延平;肖叶;严湘琦,2024,中国勘察设计,10.3969/j.issn.1006-9607.2024.03.039,journal article,zh,ECON_BUS_CONS,T3
CITING-WORK-90ACDDB6C97A,数字沉浸式场景下城市青年文旅消费的行为表征与情感体验,常天恺,2025,中国青年研究,10.3969/j.issn.1002-9931.2025.04.011,journal article,zh,SOC_POLICY,T2
CITING-WORK-0DA8BD085BA3,中国式现代化视角下文化产业高质量发展的理论阐释与实践路径,常天恺;齐骥,2023,治理现代化研究,,journal article,zh,TOUR_HOSP,T2
CITING-WORK-FFB23FF498E6,武冈县鳌山街空间更新方法,李哲;陈妙;陈昶旭,2021,中外建筑,10.19940/j.cnki.1008-0422.2021.11.010,journal article,zh,ARCH_DES_HER,T2
CITING-WORK-EFA0981B6036,青岛历史街区街谷热舒适评价与优化策略研究--以四方路历史街区为例,邹雨菲,2024,,,thesis,zh,ARCH_DES_HER,T3
CITING-WORK-EEBCF0795E97,青岛典型历史文化街道热环境评价及改善策略研究,刘亦斌,2023,,,thesis,zh,CULT_MEDIA,T3
CITING-WORK-5A20253EFCCB,预防性保护理念下的HBIM研究--以青岛太平角建筑遗产为例,俄广术,2023,,,thesis,zh,ARCH_DES_HER,T3
CITING-WORK-97968D20AE12,天津市鞍山道历史街区沉浸式文化体验设计研究,申素凡,2024,,,thesis,zh,ARCH_DES_HER,T3
CITING-WORK-2C75F5FF18F0,历史街区的基因语义网络解析及其更新模式研究,商海祥,2024,,,thesis,zh,ARCH_DES_HER,T3
CITING-WORK-F7E0D0EE4A06,新文旅视角下哈尔滨市历史文化街区公共空间更新研究,万子祎,2023,,,thesis,zh,ARCH_DES_HER,T3
CITING-WORK-F47DC512BCA4,青岛八大关近代建筑整体性保护策略研究,范子儒,2024,,,thesis,zh,ARCH_DES_HER,T3
CITING-WORK-D94D7DD71197,湛江市赤坎古商埠历史文化街区空间活力提升策略研究,陈韵,2025,,,thesis,zh,ARCH_DES_HER,T3
CITING-WORK-BDFF39C182EF,民族交往交流交融视域下婚礼仪式研究——以木垒哈萨克自治县哈萨克族婚礼仪式为例,王一婷,2024,,,thesis,zh,INTERDISC_OTHER,T3
CITING-WORK-11FC80CA98E3,基于网络文本分析的青岛八大关景区旅游体验研究,李晓梅,2021,,,thesis,zh,TOUR_HOSP,T3
CITING-WORK-BE457218EF10,面向网络文本分析与规划设计评价差异的休闲农业园优化策略研究,余文韬,2023,,,thesis,zh,ARCH_DES_HER,T3
CITING-WORK-F2C5A1312F25,夜间旅游体验场景要素结构分析与优化路径研究——以古北水镇为例,贾蕾,2022,,,thesis,zh,TOUR_HOSP,T3
CITING-WORK-034BB48B0042,“95后”网络社交行为研究--基于重庆市的考察,周琴,2018,,,thesis,zh,INFO_TECH,T3
CITING-WORK-3D5A012635E9,移动视频直播混合化场景的构成、运用和影响,史嘉琪,2019,,,thesis,zh,INTERDISC_OTHER,T3
CITING-WORK-BEE3E0759387,娱乐明星微博中的中区表演与自我形象建构分析,马一凡,2019,,,thesis,zh,INTERDISC_OTHER,T3
CITING-WORK-3F59F9134C8B,媒介场景理论视阈下视频博客的行为呈现研究——以B站视频博客为例,李嫣然,2020,,,thesis,zh,CULT_MEDIA,T3
CITING-WORK-DD86FCB26AD6,“网红城市”视野下的城市公共空间设计研究——以重庆主城典型网红公共空间为例,柳蕴,2021,,,thesis,zh,ARCH_DES_HER,T3
CITING-WORK-C8470E78FF24,直播电商中“场”的受众效果研究——以抖音、快手为例,唐艺川,2022,,,thesis,zh,INTERDISC_OTHER,T3
CITING-WORK-901933A0B1D0,乡村振兴背景下短视频中的乡村形象研究——基于快手短视频平台的内容分析,刘晨,2022,,,thesis,zh,RURAL_AGRI,T3
CITING-WORK-7936811F7205,突发公共事件网络舆情传播影响机制研究,彭星雨,2022,,,thesis,zh,CULT_MEDIA,T3
CITING-WORK-1D495BE04B39,基于场景理论的校园招聘APP交互设计研究,陈路路,2023,,,thesis,zh,INTERDISC_OTHER,T3
CITING-WORK-D65E686BCC39,从“监控”到“抚慰”：智能监控照护农村留守老人的媒介情境分析,吕亚楠,2024,,,thesis,zh,RURAL_AGRI,T3
CITING-WORK-4AD72F0EFCE0,基于SEIR的情绪营销下网络舆情传播模型及仿真研究,崔莉,2024,,,thesis,zh,CULT_MEDIA,T3
CITING-WORK-60FC1685472D,虚拟社区中的社会支持研究--以百度贴吧乙肝吧为例,潘锐,2015,,,thesis,zh,URBAN_PLAN_GEO,T3
CITING-WORK-1ACE5C93C0D5,基于媒介场景理论的网络视频直播研究,向永心,2017,,,thesis,zh,CULT_MEDIA,T3
CITING-WORK-B1865A43781D,明星微博媒介形象呈现研究--以微博主副号为例,喻思薇,2023,,,thesis,zh,CULT_MEDIA,T3
CITING-WORK-FA334A3BB3F2,媒介赋权视域下农村女性短视频创作对身份认同的影响研究,夏小淇,2025,,,thesis,zh,RURAL_AGRI,T3
CITING-WORK-30F747752709,从媒介情境理论看短视频图书营销,何珊,2021,出版发行研究,10.3969/j.issn.1001-9316.2021.07.009,journal article,zh,CULT_MEDIA,T2
CITING-WORK-0CDB0D79CE06,新媒体视野下的梅罗维茨传播理论述评,赵冰操,2017,科技传播,,journal article,zh,CULT_MEDIA,T2
CITING-WORK-AFA17D33A783,"""媒介情境理论""视野下的政务微信研究",翟婧倩,2017,视听,,journal article,zh,CULT_MEDIA,T2
CITING-WORK-45585510FC3C,媒介情境理论下李子柒的影像情境探析,张林;钟雄飞,2021,视听,10.3969/j.issn.1674-246x.2021.04.048,journal article,zh,CULT_MEDIA,T2
CITING-WORK-48859E90A48E,CGTN“两会”报道的场景传播研究,吴敏苏;王鹏宇,2019,现代传播,10.3969/j.issn.1007-8770.2019.07.007,journal article,zh,CULT_MEDIA,T2
CITING-WORK-39E6DABD69C9,传播方式变革与隐私保护演变,周丽娜,2019,现代传播,10.3969/j.issn.1007-8770.2019.07.011,journal article,zh,CULT_MEDIA,T2
CITING-WORK-4AE485C763A8,媒介情境论视域下看电商直播带货诱导与消费者购买意愿行为,段沛昭,2022,新闻前哨,10.3969/j.issn.1003-2827.2022.10.016,journal article,zh,CULT_MEDIA,T2
CITING-WORK-B5FF56FF2C6B,基于Kano模型的城市书房读者满意度研究——以郑州市某书房为例,李诗雨,2024,,,thesis,zh,URBAN_PLAN_GEO,T3
CITING-WORK-428168E77023,场景思维下的三星堆博物馆APP设计研究,王辽森,2024,,,thesis,zh,CULT_MEDIA,T3
CITING-WORK-54CD609C3783,文化传播视域下江心岛书院文化治理路径研究,黄珍,2024,,,thesis,zh,CULT_MEDIA,T3
CITING-WORK-2E55CA9F0BE7,社会力量参与城市公共阅读空间建设与营运研究--以上海地区为例,张玲玲,2025,,,thesis,zh,URBAN_PLAN_GEO,T3
CITING-WORK-AF478B908935,成都市图书馆新型公共阅读空间公众使用意愿影响因素研究,朱芊越,2024,,,thesis,zh,INTERDISC_OTHER,T3
CITING-WORK-62896F0E13F6,场所精神下的城市公共阅读空间优化研究——以温州市俚语城市书房为例,王慧婷;陈玲,2025,城市建筑,10.19892/j.cnki.csjz.2025.07.41,journal article,zh,ARCH_DES_HER,T2
CITING-WORK-FE7444F0EC7E,数字公共文化服务体系下基层阅读空间服务模式创新研究——以南山区图书馆南山书房为例,吴志伟,2025,河南图书馆学刊,10.3969/j.issn.1003-1588.2025.11.036,journal article,zh,INFO_TECH,T2
CITING-WORK-2D09D77D8668,"公共文化共同体与场景理论融合:陕西""阅读四季·书式王益""品牌建设与经验启示",雒虹;霍彩玲;梁增奎,2026,图书馆界,10.3969/j.issn.1005-6041.2026.01.008,journal article,zh,CULT_MEDIA,T2
CITING-WORK-671A1AB31AD4,"共生理论视域下城市阅读空间跨界重构——以上海""阅读+演艺""空间为中心的考察",潘炜,2024,图书馆论坛,10.3969/j.issn.1002-1167.2024.07.007,journal article,zh,INFO_TECH,T2
CITING-WORK-8927A41061B9,儿童友好城市发展规划下公共图书馆儿童阅读空间的再发现,萧庆华,2025,图书馆学刊,10.3969/j.issn.1002-1884.2025.07.019,journal article,zh,INFO_TECH,T2
CITING-WORK-CBAE8D2B0A41,场域理论视角下公共图书馆亲子阅读空间优化策略研究,王樱晓,2025,图书馆学刊,10.3969/j.issn.1002-1884.2025.11.007,journal article,zh,INFO_TECH,T2
CITING-WORK-0383C1AF0EAC,不同群体对新型公共阅读空间服务偏好比较研究,孙英姿;戴艳清;马家伟,2024,图书馆杂志,10.13663/j.cnki.lj.2024.07.007,journal article,zh,INFO_TECH,T2
CITING-WORK-7CF7D31C2053,功能·治理·文化:新型阅读空间重构的三维路径探索——以上海实践为例,蔡文杰;郭利敏,2025,图书馆杂志,10.13663/j.cnki.lj.2025.11.004,journal article,zh,INFO_TECH,T2
CITING-WORK-112B861E93F0,新型公共阅读空间的融合生态:基于模糊集定性比较分析,马漫江;周凌云;戴艳清,2024,图书情报工作,10.13266/j.issn.0252-3116.2024.20.011,journal article,zh,INFO_TECH,T2
CITING-WORK-63FEE12379FD,"""附近""视域下城市书房建设创新路径-――以武汉市为例",罗萍,2024,图书情报知识,10.13366/j.dik.2024.04.025,journal article,zh,URBAN_PLAN_GEO,T3
CITING-WORK-E58B59B55115,"从文化场景看""打卡""风潮:网络社群用户文旅打卡行为研究",董晶;温萧羽;许浩,2025,图书情报知识,10.13366/j.dik.2025.03.088,journal article,zh,TOUR_HOSP,T3
CITING-WORK-4D7197020409,互联网时代下的城市阅读空间设计要素研究,张加奇;侯晓乐;王丹宁,2025,鞋类工艺与设计,10.3969/j.issn.2096-3793.2025-08-054,journal article,zh,TOUR_HOSP,T2
CITING-WORK-D2279C8C571B,读者消费心理下的书籍腰封设计研究,李宁,2020,,,thesis,zh,ECON_BUS_CONS,T3
CITING-WORK-75CF3DE1EF74,当代书店空间样态构成模式的进化研究,王欣然,2020,,,thesis,zh,INTERDISC_OTHER,T3
CITING-WORK-F439A640C938,基于扎根理论的无人零售商业模式创新路径研究,刘禹,2020,,,thesis,zh,ECON_BUS_CONS,T3
CITING-WORK-82CDCAEFFEF6,新零售业态下旧书店的经营与发展研究,刘艺璇,2021,,,thesis,zh,INTERDISC_OTHER,T3
CITING-WORK-7CBD4D55BA02,后疫情视域下实体书店全链路数智化营销研究,郭逸群,2021,,,thesis,zh,INTERDISC_OTHER,T3
CITING-WORK-AA9F76FBC047,九江高校实体书店的发展战略研究,孙楠,2020,,,thesis,zh,EDUCATION,T3
CITING-WORK-DCB6FDA50083,全民阅读背景下钟书阁实体书店转型发展研究,张翼飞,2022,,,thesis,zh,INTERDISC_OTHER,T3
CITING-WORK-2058B4A38FA1,W网约车平台公司城内业务用户运营研究,徐静,2024,,,thesis,zh,INFO_TECH,T3
CITING-WORK-64DA87C1F1EC,P新华书店4C营销策略研究,杨雨燕瑶,2025,,,thesis,zh,INTERDISC_OTHER,T3
CITING-WORK-78A1E27FD8A7,CX书店体验营销研究,李瑾丹,2025,,,thesis,zh,INTERDISC_OTHER,T3
CITING-WORK-B0F18608A9EE,基于新媒介背景的独立书店发展策略研究--以苏州市为例,马雪莉,2021,,,thesis,zh,CULT_MEDIA,T3
CITING-WORK-FFCF97F83D04,文化空间的体验营销研究--以“十月时光”书店为例,王星炜,2022,,,thesis,zh,CULT_MEDIA,T3
CITING-WORK-EB9A111D64FF,孤独经济下类型化需求研究及场景服务设计,匡胤,2022,,,thesis,zh,ECON_BUS_CONS,T3
CITING-WORK-74B5FAF651C7,美国社区书店经营策略创新与实践,齐振伦;刘苏,2025,蚌埠学院学报,10.3969/j.issn.2095-297x.2025.04.019,journal article,zh,URBAN_PLAN_GEO,T3
CITING-WORK-0A7366F2C568,新零售背景下实体书店转型路径研究,郑婷婷;何慧兰;张晓芳,2020,北方经贸,,journal article,zh,ECON_BUS_CONS,T2
CITING-WORK-C61709930F8C,"从体验到认同:实体书店""重做""模式研究",王海玉;张淑华,2021,编辑之友,10.13786/j.cnki.cn14-1066/g2.2021.11.008,journal article,zh,INTERDISC_OTHER,T2
CITING-WORK-280FFB0133D0,新零售背景下快闪书店的创新与实践,杨扬;吴福仲,2020,出版发行研究,,journal article,zh,CULT_MEDIA,T2
CITING-WORK-F62B8E4F7596,“云端”之上:实体书店的现实困境、存在价值与发展方向,张铮;陈雪薇,2020,出版发行研究,,journal article,zh,CULT_MEDIA,T2
CITING-WORK-7EC437344E4A,"新零售风口下图书电商营销策略初探 ——以""京东图书""为例",蔡骅,2019,出版广角,10.16491/j.cnki.cn45-1216/g2.2019.19.017,journal article,zh,CULT_MEDIA,T2
CITING-WORK-39DB6051E2BB,Kids Winshare文轩儿童书店打造书店良性生态方针探析,申琳,2020,出版广角,10.16491/j.cnki.cn45-1216/g2.2020.05.016,journal article,zh,CULT_MEDIA,T2
CITING-WORK-D326AFF08B3B,新零售背景下实体书店的转型探索 ——以茑屋书店为例,魏伟,2020,出版广角,10.16491/j.cnki.cn45-1216/g2.2020.06.020,journal article,zh,CULT_MEDIA,T2
CITING-WORK-9CFBDAA00196,新消费时代书店自营策略探究 ——以时见鹿书店为例,李灿;张波,2020,出版广角,10.16491/j.cnki.cn45-1216/g2.2020.13.017,journal article,zh,CULT_MEDIA,T2
CITING-WORK-BFE595BFFD20,体验经济背景下儿童书店的运营策略研究 ——以海豚国际儿童之家为例,刘朝霞,2020,出版广角,10.16491/j.cnki.cn45-1216/g2.2020.18.017,journal article,zh,CULT_MEDIA,T2
CITING-WORK-F8A4843A0073,后疫情时代实体书店的困境、应对及展望,王海刚;雷丹瑞,2021,出版科学,10.3969/j.issn.1009-5853.2021.02.010,journal article,zh,INFO_TECH,T2
CITING-WORK-6F9E5271CF9E,高校图书馆纸质图书利用现状及其优化策略研究——以中南民族大学图书馆为例,董坤,2021,大学图书情报学刊,,journal article,zh,CULT_MEDIA,T2
CITING-WORK-9C4F960CBBA8,"""丝绸之路""沿线文创产品的用户场景设计研究",邓杰雨;王伟伟,2020,湖南包装,10.19686/j.cnki.issn1671-4997.2020.05.004,journal article,zh,ARCH_DES_HER,T2
CITING-WORK-780E61533D1B,新零售视域下流动书车在图书营销中的发展路径探析,刘洋,2021,人文天下,10.3969/j.issn.2095-3690.2021.09.007,journal article,zh,ARCH_DES_HER,T2
CITING-WORK-D7DA38BCFEB3,基于扎根理论的新零售商业模式创新路径研究 ——以无人零售为例,王玖河;刘禹,2020,燕山大学学报（哲学社会科学版）,10.15883/j.13-1277/c.20200508109,journal article,zh,CULT_MEDIA,T2
CITING-WORK-49E66E1BE18A,文旅型书店赋能乡村振兴的形成机理、现实困境与提升路径,佚名,,,,thesis,zh,TOUR_HOSP,T3
CITING-WORK-F61F81585644,基于图书用户行为大数据分析与应用的新零售智慧书店建设研究——以不吝BOOLINK书店为例,秦艳华;李一凡,2024,中国数字出版,,journal article,zh,INFO_TECH,T2
CITING-WORK-E801CE3D9ACE,场景重构:后疫情时代实体书店的破局之道,万安伦;季小涵,2021,中国编辑,,journal article,zh,CULT_MEDIA,T2
CITING-WORK-382DF9731478,媒介地理学视角下的城市网红消费空间感知与建构研究——以长安十二时辰主题街区为例,焦瑛,2024,,,thesis,zh,ARCH_DES_HER,T3
CITING-WORK-ECEF5224DBAD,城市文化消费空间的消费者感知与空间建构研究——以西安市曲江书城为例,岳昌兰,2023,,,thesis,zh,ECON_BUS_CONS,T3
CITING-WORK-B82663864E37,针对青年用户怀旧情感需求的叙事性玩具设计研究,王婷,2024,,,thesis,zh,INTERDISC_OTHER,T3
CITING-WORK-D02E6ECDC52F,消费社会下多向度空间类型研究,陈正益,2024,,,thesis,zh,ECON_BUS_CONS,T3
CITING-WORK-F972597F997E,陶瓷文化创意园游客的空间感知与地方认同研究——以景德镇陶溪川为例,蔡小倩,2023,,,thesis,zh,TOUR_HOSP,T3
CITING-WORK-ED7C0EEF26C3,集体记忆视角下旅游乡村记忆场所建构研究--以天津市蓟州区郭家沟村为例,刘红君,2023,,,thesis,zh,TOUR_HOSP,T3
CITING-WORK-602A7A01425C,基于多源数据的遗产旅游地空间感知评价研究一以平遥古城为例,肖杰,2024,,,thesis,zh,ARCH_DES_HER,T3
CITING-WORK-9F112C573C65,网红乡村旅游地形成机理及其“长红”路径研究--以浙江省小箬村为例,任颖颖,2023,,,thesis,zh,TOUR_HOSP,T3
CITING-WORK-5C3215C0121F,后亚文化视阈下的媒介怀旧空间生产--以“怪核”文化为例,田圭灵,2024,,,thesis,zh,CULT_MEDIA,T3
CITING-WORK-30E902C38BC4,媒介地理学视角下侨乡历史文化街区空间感知研究,李俊贤,2025,,,thesis,zh,ARCH_DES_HER,T3
CITING-WORK-141E911671FD,双重环境规制对产业结构升级的作用机制研究--基于城市舒适性的视角,刘兰姝菲,2025,,,thesis,zh,ECON_BUS_CONS,T3
CITING-WORK-7C7598D59AA8,城市文脉保护对居民历史感知的非线性影响——基于南京市城市体检数据的实证研究,刘倩倩;徐瑞良;陈星瑜,2025,地理研究,10.11821/dlyj020240828,journal article,zh,URBAN_PLAN_GEO,T2
CITING-WORK-801630171E97,"""广州超级文和友""的地方性建构与游客感知研究",林欣韵;林敏慧,2024,旅游研究,10.3969/j.issn.1674-5841.2024.05.007,journal article,zh,TOUR_HOSP,T3
CITING-WORK-1E027D9A0DD9,城市化进程中周谷堆市场的转型与文化再生策略,佚名,,,,thesis,zh,ECON_BUS_CONS,T3
CITING-WORK-35833BA83EF4,基于社交媒体数据的广州中心区消费行为研究,陈泽铭;杜鹏,2025,科技创新与应用,10.19981/j.cn23-1581/g3.2025.27.025,journal article,zh,ECON_BUS_CONS,T3
CITING-WORK-5D3692CAF27F,"社交媒体参与下第三空间再造城市意象——以""超级文和友""为例",刘华敏,2024,西部广播电视,10.3969/j.issn.1006-5628.2024.08.020,journal article,zh,CULT_MEDIA,T2
CITING-WORK-561E0EDAE82F,新闻生产者融合新闻质量评价指标体系构建研究,周静思,2020,,,thesis,zh,INTERDISC_OTHER,T3
CITING-WORK-6A3AAF56168E,新冠疫情中非虚构写作的叙事研究,孟羽双,2021,,,thesis,zh,INTERDISC_OTHER,T3
CITING-WORK-2C4A4AF0EC77,《中国青年报》青年参与乡村振兴报道策略研究,尚悦,2022,,,thesis,zh,RURAL_AGRI,T3
CITING-WORK-DA52D8CC843E,场景理论下网络学习社群互动行为研究——以B站study with me学习社群为例,张钰笛,2021,,,thesis,zh,EDUCATION,T3
CITING-WORK-65CF09C77EF7,创意Vlog《环溪十二时辰》创作阐述,翟佳佳,2023,,,thesis,zh,INTERDISC_OTHER,T3
CITING-WORK-6C1280E59DB5,场景时代黄河故事的地理叙事研究,田芸泽,2024,,,thesis,zh,URBAN_PLAN_GEO,T3
CITING-WORK-1641FB9F52A3,中国新闻奖评价体系优化研究,苏静怡,2024,,,thesis,zh,INTERDISC_OTHER,T3
CITING-WORK-519F3983E432,科学传播视域下B站科普短视频内容生产策略研究,贾丽媛,2023,,,thesis,zh,CULT_MEDIA,T3
CITING-WORK-1B4150BDFBF5,卫星新闻报道叙事研究--以新华社卫星新闻作品为例,张九月,2023,,,thesis,zh,INTERDISC_OTHER,T3
CITING-WORK-DF603D2C59DC,红色舞剧发挥思想政治教育功能研究,张雪莹,2024,,,thesis,zh,EDUCATION,T3
CITING-WORK-1EF3F307ED75,"场景:科普融合出版的""融""点",何少华,2022,出版广角,10.16491/j.cnki.cn45-1216/g2.2022.07.008,journal article,zh,CULT_MEDIA,T2
CITING-WORK-1C135814D598,场景时代下科普出版的融合发展探讨,房媛,2023,传播与版权,,journal article,zh,CULT_MEDIA,T2
CITING-WORK-CD2F7F705BC5,智能化新闻生产与场景叙事重构,陈硕;李开渝,2022,传媒,10.3969/j.issn.1009-9263.2022.20.035,journal article,zh,CULT_MEDIA,T2
CITING-WORK-1588EBB3F4D2,基于人机交互技术的智能媒体发展路径,李庆,2023,传媒,10.3969/j.issn.1009-9263.2023.11.016,journal article,zh,CULT_MEDIA,T2
CITING-WORK-3C55066B4D1A,"数字媒体技术在新闻报道""融合性真实""中的创新应用",宋扬;程晓辰,2025,传媒,10.3969/j.issn.1009-9263.2025.17.016,journal article,zh,CULT_MEDIA,T2
CITING-WORK-AC180AA9B5B6,智媒时代下主流媒体讲好中国故事的叙事路径探究 ——以《我在故宫修文物》为例,陈宇欣,2022,采.写.编,10.3969/j.issn.1007-8177.2022.08.006,journal article,zh,CULT_MEDIA,T2
CITING-WORK-A99277BB4516,场景化知识服务:内涵特征、实践路径与价值意蕴,许剑颖,2023,东南传播,,journal article,zh,CULT_MEDIA,T2
CITING-WORK-72D5C7C8CBAE,新闻叙事学视角下的融媒体直播——以《古厝里的中国》第二季为例,王铣,2024,东南传播,,journal article,zh,CULT_MEDIA,T2
CITING-WORK-95A4AC5E57BE,"党史图像叙事方式对高校党史教育的启示——以""学习强国""为例",李琼,2021,国家教育行政学院学报,,journal article,zh,EDUCATION,T3
CITING-WORK-1BFCFFBB836D,解码前置:关于智媒时代舆论引导的思考,狄雅娟,2020,环球首映,,journal article,zh,CULT_MEDIA,T2
CITING-WORK-4832F1087003,场景传播:移动互联时代媒体转型新思路,陶美婧,2021,今传媒（学术版）,,journal article,zh,INTERDISC_OTHER,T2
CITING-WORK-AACBD1C992AA,数字时代思想政治教育叙事的模式创新与实践策略,王瑞芳;徐艳玲,2024,理论导刊,10.3969/j.issn.1002-7408.2024.01.018,journal article,zh,EDUCATION,T3
CITING-WORK-25C1467C8B43,智能升维与跨界融合:我国智能媒体研究述评与趋势展望,孙海荣;周燕,2023,宁夏社会科学,10.3969/j.issn.1002-0292.2023.03.023,journal article,zh,CULT_MEDIA,T3
CITING-WORK-F73EFFDE2A5D,基于数字化传播的场景叙事探析,汪宏升,2021,视听,10.3969/j.issn.1674-246x.2021.05.078,journal article,zh,CULT_MEDIA,T2
CITING-WORK-52D58F5B414B,《星星之火百年流光》建党百年大型新媒体直播的场景化叙事策略创新,张倩,2021,视听,10.3969/j.issn.1674-246x.2021.08.001,journal article,zh,CULT_MEDIA,T2
CITING-WORK-005B9165299E,图像叙事视域下红色文化融入青年学生理想信念教育的价值意蕴、运行逻辑、现实困境与实践路径,林伟婷;罗雄,2023,文化创新比较研究,10.3969/j.issn.2096-4110.2023.27.029,journal article,zh,CULT_MEDIA,T2
CITING-WORK-F64ABB87037D,"""5G+AI""环境下个性化内容生产技术应用研究",孙甲飞;冯恩达;邱夕,2022,西部广播电视,10.3969/j.issn.1006-5628.2022.13.071,journal article,zh,CULT_MEDIA,T2
CITING-WORK-AB769EBF7C7E,融媒体背景下短视频新闻传播策略探究,张琪珠,2023,西部广播电视,10.3969/j.issn.1006-5628.2023.12.031,journal article,zh,CULT_MEDIA,T2
CITING-WORK-6E7FE854B83F,中国新闻叙事研究现状与发展进路,粟幸福,2021,长安大学学报（社会科学版）,10.3969/j.issn.1671-6248.2021.06.008,journal article,zh,CULT_MEDIA,T2
CITING-WORK-79D08AA44246,大数据时代的社会监督叙事论纲,蔡玉卿,2024,行政论坛,10.3969/j.issn.1005-460x.2024.01.015,journal article,zh,SOC_POLICY,T3
CITING-WORK-AF205A35A356,乡村短视频的多元主体共建研究,陈瑜;肖燕怜,2022,新闻世界,,journal article,zh,URBAN_PLAN_GEO,T2
CITING-WORK-FE32AA21E02C,视觉技术与新闻形态的变奏:演进、影响及省思,郭小平;贾瑞欣,2023,新媒体与社会,,journal article,zh,CULT_MEDIA,T3
CITING-WORK-A74A4D4A044C,智能化背景下新闻采写教学改革新要求与新探索,王溥;董雨頔,2022,新闻前哨,10.3969/j.issn.1003-2827.2022.04.001,journal article,zh,CULT_MEDIA,T2
CITING-WORK-8E41C7BC2A90,"平台化生存:微博用户可持续运营的未来——以""微博搞笑排行榜""为例",国秋华;武艳婷,2020,新闻知识,,journal article,zh,CULT_MEDIA,T2
CITING-WORK-78C7E2E4A544,场景、体验、连接、社群:图书出版3.0的新进路,马廷魁;刘岩,2021,中国编辑,,journal article,zh,CULT_MEDIA,T2
CITING-WORK-29F1B6A87765,短视频新闻的创新法则、发展困境与提升路径,郭小平;贾瑞欣,2022,中国编辑,,journal article,zh,CULT_MEDIA,T2
CITING-WORK-3D00F051B0EA,物流发展水平对流动人口就业选址的影响研究,温岚,2023,,,thesis,zh,INTERDISC_OTHER,T3
CITING-WORK-FEB37D8B220C,基于遥感技术的西安市热舒适变化及影响因素分析,李苗,2023,,,thesis,zh,INTERDISC_OTHER,T3
CITING-WORK-B72EB2A1DBF6,呼包鄂乌城市群创新型工程技术人才项目实施环境评价研究,郑小英,2023,,,thesis,zh,URBAN_PLAN_GEO,T3
CITING-WORK-AF2DD3720207,乡村旅游引导人才回流引力评估及机制研究--以山西省汾阳市贾家庄村为例,王美珍,2023,,,thesis,zh,TOUR_HOSP,T3
CITING-WORK-87D6B0438DF5,贵州省人才分布的时空演变格局及影响因素分析,田俊,2024,,,thesis,zh,INTERDISC_OTHER,T3
CITING-WORK-10856CAB86A0,基于舒适物理论的城市人才吸引力评价及提升策略研究——以苏州市为例,柏露,2023,,,thesis,zh,URBAN_PLAN_GEO,T3
CITING-WORK-3914A4B82A42,城市舒适物视角下我国城市人才吸引力评估体系构建研究,徐婧,2024,,,thesis,zh,URBAN_PLAN_GEO,T3
CITING-WORK-5D14D9EB563C,国家公共文化服务体系示范区政策效应及机制研究,秦亚梅,2024,,,thesis,zh,CULT_MEDIA,T3
CITING-WORK-95F0BA15AAB4,空气质量生态补偿政策对城市能源效率的影响研究,吴丽君,2025,,,thesis,zh,URBAN_PLAN_GEO,T3
CITING-WORK-18BB5EAA7329,青年发展型城市建设的系统动力学建模与仿真优化--以桂林市为例,贾宪鸣,2025,,,thesis,zh,URBAN_PLAN_GEO,T3
CITING-WORK-3ED8526C6084,基于POE的“工业型美丽城镇”公共空间提升设计研究--以杭州市萧山区党湾镇为例,陈瑶,2023,,,thesis,zh,URBAN_PLAN_GEO,T3
CITING-WORK-484A3F5C03C8,媒介使用对易地搬迁移民的社会融入影响研究--以宁夏红寺堡区为例,王一凡,2024,,,thesis,zh,CULT_MEDIA,T3
CITING-WORK-671C01E058B2,安徽省城市生命线安全工程人才发展影响因素研究,贺小桐;王新蕾;付明,2025,安徽建筑大学学报,10.11921/j.issn.2095-8382.20250212,journal article,zh,ARCH_DES_HER,T3
CITING-WORK-2E79697CCF10,地方品质能否促进城市创新?,薛领;马业婷,2025,北京社会科学,10.13262/j.bjsshkxy.bjshkx.250406,journal article,zh,RURAL_AGRI,T2
CITING-WORK-A239E9BCCB11,人才生态视角下城市人才吸引力提升组态路径研究 ——基于模糊集定性比较分析方法,冉景亮;成浩源,2023,重庆大学学报（社会科学版）,10.11835/j.issn.1008-5831.pj.2022.12.003,journal article,zh,ECON_BUS_CONS,T2
CITING-WORK-7F3892DBD0B9,我国省会城市人才吸引力影响因素的组态效应研究,陈江;周星雨;袁雅娜,2024,当代经济,10.3969/j.issn.1007-9378.2024.03.010,journal article,zh,ECON_BUS_CONS,T2
CITING-WORK-66BB24DC9ECC,舒适物对城市信息网络节点位置演化的影响研究——基于百度搜索指数的实证分析,李东泉;余重阳;李翊嘉,2026,地理科学进展,10.18306/dlkxjz.2026.01.010,journal article,zh,RURAL_AGRI,T2
CITING-WORK-CF06A32B498F,舒适物导向的小城市发展潜力评价与城市体检更新策略,陈浩;程思蕊;周臻,2025,地理研究,10.11821/dlyj020240890,journal article,zh,URBAN_PLAN_GEO,T2
CITING-WORK-EC32C8A21178,京津冀城市群人才集聚组态路径分析,宋长生;宁亚慧,2023,河北企业,,journal article,zh,ECON_BUS_CONS,T2
CITING-WORK-5901FEE275F3,大学生留地就业影响因素及对策研究——以淮安高校为例,王富祥;顾凯军,2025,哈尔滨职业技术学院学报,,journal article,zh,EDUCATION,T3
CITING-WORK-BDC5998C9D5F,大中城市青年高层次人才吸引力的影响因素与对比分析,乔锦忠;马静;沈敬轩,2025,科技管理研究,10.3969/j.issn.1000-7695.2025.9.002,journal article,zh,URBAN_PLAN_GEO,T3
CITING-WORK-277C40DE91A2,历程描画·问题刻画·路径擘画:科技创新视阈下江苏创新型人才工作实践探微,胡峰,2024,科学管理研究,10.19445/j.cnki.15-1103/g3.2024.01.016,journal article,zh,INTERDISC_OTHER,T3
CITING-WORK-1887522229C2,基于扎根理论的重庆市软件人才吸引力影响因素研究,佚名,,,,thesis,zh,INTERDISC_OTHER,T3
CITING-WORK-4B6EE05F9627,"""拼爹""还是""拼搏""——家庭资本对高校毕业生城市间就业流动的影响",劳昕;刘皓妍;张逸秀,2025,热带地理,10.13284/j.cnki.rddl.20240697,journal article,zh,URBAN_PLAN_GEO,T2
CITING-WORK-FC35D3FF3429,青年发展友好型城市政策是否推进了新型城镇化建设?——来自54座城市的实证研究,李炳萱;赵一可;蒲成毅,2024,商业经济,10.3969/j.issn.1009-6043.2024.11.012,journal article,zh,ECON_BUS_CONS,T2
CITING-WORK-F9103EDCAF41,西部城市群经济高质量发展水平测度及影响因素分析,高志刚;赵振晶;韩延玲,2023,新疆财经,10.16716/j.cnki.65-1030/f.2023.03.001,journal article,zh,ECON_BUS_CONS,T3
CITING-WORK-4827951FB0F8,城市舒适性对城乡居民消费差距的影响效应研究,龚明远;宋姗姗,2024,云南财经大学学报,,journal article,zh,ECON_BUS_CONS,T3
CITING-WORK-C0E21FF5E9CF,中国人才高质量发展的时空分异及影响因素研究,杨欢,2023,中国人口科学,,journal article,zh,INTERDISC_OTHER,T3
CITING-WORK-10FB00C993E0,"基于多方法耦合的""五维协同""人才吸引力评价模型构建",杨建坡;康旋子,2025,中州大学学报,10.13783/j.cnki.cn41-1275/g4.2025.03.005,journal article,zh,INTERDISC_OTHER,T3
CITING-WORK-C87B2FEE541B,"""两山""转化促进共同富裕的逻辑、机制与途径",李彦军;宋舒雅,2022,中南民族大学学报（人文社会科学版）,10.19898/j.cnki.42-1704/c.2022.1016,journal article,zh,TOUR_HOSP,T2
CITING-WORK-CA4F627B243F,绿色发展促进共同富裕的内在逻辑与有效路径,李杨;齐绍洲,2024,中州学刊,10.3969/j.issn.1003-0751.2024.02.009,journal article,zh,RURAL_AGRI,T2
CITING-WORK-1AFCC76DA65C,城市不动产结构对人才集聚力的影响研究,董俊芳,2018,,,thesis,zh,URBAN_PLAN_GEO,T3
CITING-WORK-AA7788CE8E4A,城市人才吸引力评价研究,张靖琳,2019,河南科学,10.3969/j.issn.1004-3918.2019.04.027,thesis,zh,URBAN_PLAN_GEO,T3
CITING-WORK-EED4EF83E69D,自有住房对失业影响的实证研究--基于教育错配和技能错配的调节效应,毕金玉,2020,,,thesis,zh,EDUCATION,T3
CITING-WORK-3B1335A36D5E,城市大学生吸引力指数及其指标体系研究,傅鹏,2020,,,thesis,zh,URBAN_PLAN_GEO,T3
CITING-WORK-014C062E2040,面向创新人才的国家自主创新示范区空间规划探究--以惠州自创区空间规划为例,林思旸,2020,,,thesis,zh,ARCH_DES_HER,T3
CITING-WORK-7AC3FE576E93,基于云模型的城市科技人才吸引力评价研究,刘淑芳,2020,,,thesis,zh,URBAN_PLAN_GEO,T3
CITING-WORK-39395E7E2539,我国省会城市吸引科技人才竞争力评价研究,容瑀航,2021,,,thesis,zh,URBAN_PLAN_GEO,T3
CITING-WORK-070B6A9EEDA9,中国历史文化城市舒适性研究——以35个城市为例,周虹伊,2021,,,thesis,zh,CULT_MEDIA,T3
CITING-WORK-18D0F0463EDF,江苏企业员工就业区域选择意愿影响因素研究,詹琳,2019,,,thesis,zh,ECON_BUS_CONS,T3
CITING-WORK-A7776A081C72,城市舒适性对人口增长的影响--以中国地级及以上城市为例,张心宁,2019,,,thesis,zh,URBAN_PLAN_GEO,T3
CITING-WORK-1BC514B16EC1,城市舒适性对青年参与志愿服务的影响,杨建科;雷恺祺;温翔麟,2023,城市发展研究,10.3969/j.issn.1006-3862.2023.12.021,journal article,zh,URBAN_PLAN_GEO,T2
CITING-WORK-3CF61D58AB9E,创新人才集聚的理论探索——全球人才流动的城市选择视角,姜炎鹏;王鑫静;马仁锋,2021,地理科学,,journal article,zh,URBAN_PLAN_GEO,T3
CITING-WORK-6B6B223B975E,中国城市舒适物评价指标体系构建与实证,马凌;李丽梅;朱竑,2018,地理学报,10.11821/dlxb201804012,journal article,zh,TOUR_HOSP,T2
CITING-WORK-89B42E962EFD,城市舒适性视角下科研人才流动的城市偏好研究,林静霞;何金廖;黄贤金,2020,地域研究与开发,10.3969/j.issn.1003-2363.2020.01.011,journal article,zh,URBAN_PLAN_GEO,T3
CITING-WORK-56F89741BEC3,矿区高质量发展视域下人才流动的舒适物因素及其组态路径,边璐;刘超;张江朋,2024,工程经济,10.3969/j.issn.1672-2442.2024.07.002,journal article,zh,ECON_BUS_CONS,T3
CITING-WORK-61D27612A296,京津冀知识型员工城市舒适物偏好研究,张立峰;宋长生,2016,河北企业,10.3969/j.issn.1008-1968.2016.02.050,journal article,zh,ECON_BUS_CONS,T2
CITING-WORK-BDA48881CF35,基于创新视角下的河北省电子信息产业人才队伍建设问题及对策研究,张亚宁,2019,经济论坛,10.3969/j.issn.1003-3580.2019.09.004,journal article,zh,TOUR_HOSP,T2
CITING-WORK-6D0960F7FB15,知识型准移民再迁移意愿的影响分析--基于房价上涨的视角,厉伟;蒋飞;张恒杰,2020,江西社会科学,,journal article,zh,INTERDISC_OTHER,T2
CITING-WORK-8A3556888225,基于舒适物理论的国家高新区人才吸引力评价及分析,杨斌;胡一鸣,2022,开发研究,10.13483/j.cnki.kfyj.2022.02.004,journal article,zh,ARCH_DES_HER,T2
CITING-WORK-2103849BDB28,什么决定了一线城市对人才的吸引力?——基于随机森林法对影响要素的检验分析,张炜;景维民;王玉婧,2017,科技管理研究,10.3969/j.issn.1000-7695.2017.22.014,journal article,zh,URBAN_PLAN_GEO,T3
CITING-WORK-17403DA1C6DD,我国城市对科技创新人才的综合吸引力研究--基于舒适物理论的评价指标体系构建与实证,叶晓倩;陈伟,2019,科学学研究,10.3969/j.issn.1003-2053.2019.08.004,journal article,zh,URBAN_PLAN_GEO,T3
CITING-WORK-F04659589AFA,高科技人才吸引和稳定的职场舒适物策略,程燕林;李晓轩;宋邱惠,2021,科学学研究,10.3969/j.issn.1003-2053.2021.10.008,journal article,zh,INTERDISC_OTHER,T3
CITING-WORK-C630802D5B30,吉林省高校毕业生择业区域影响因素调查研究,叶萌;胡丽娜;金鑫,2024,科学咨询,,journal article,zh,EDUCATION,T3
CITING-WORK-D276CBD54763,青岛高校人才留任的长效机制研究,黄庆丽;马硕,2020,山东高等教育,,journal article,zh,EDUCATION,T3
CITING-WORK-8AA5B26E2B78,城市吸引力与高层次人才积聚关联解析,王勇,2017,四川行政学院学报,,journal article,zh,URBAN_PLAN_GEO,T3
CITING-WORK-F8602B1C6F20,"城市""人才大战""非理性现象审析",王勇;申爱君,2018,四川行政学院学报,10.3969/j.issn.1008-6323.2018.05.014,journal article,zh,URBAN_PLAN_GEO,T3
CITING-WORK-C836ADAA065E,超大城市休闲化质量测度与协调发展 ——以北京为例,马红涛;刘潇,2023,社会科学家,10.3969/j.issn.1002-3240.2023.03.013,journal article,zh,TOUR_HOSP,T2
CITING-WORK-49E5CE43E292,基于扎根理论的深圳金融人才吸引力影响因素研究,刘军;赵朋;苏方国,2015,深圳大学学报（人文社会科学版）,,journal article,zh,CULT_MEDIA,T2
CITING-WORK-C80F08EC1DA6,口述史视域下体育非物质文化遗产的活态传承研究,池建;崔国文;郑健,2026,北京体育大学学报,10.19582/j.cnki.11-3785/g8.2026.01.012,journal article,zh,SPORT_LEISURE,T2
CITING-WORK-19A190DBDB2E,场景理论视阈下短视频赋能大运河江苏段非遗传播策略研究,李俊楼;刘进;邹思雨,2023,传播与版权,,journal article,zh,CULT_MEDIA,T2
CITING-WORK-036E42FE7345,协同治理视角下国土空间规划实践与思考——以江苏为例,胡海波;陆枭麟;丁琳,2024,城市规划,10.11819/cpr20240203a,journal article,zh,ARCH_DES_HER,T2
CITING-WORK-9329C3B3FAAE,文化线路视域下大运河非物质文化遗产的独特性研究,言唱,2022,东北师大学报（哲学社会科学版）,10.16164/j.cnki.22-1062/c.2022.05.011,journal article,zh,URBAN_PLAN_GEO,T2
CITING-WORK-2C45582D6F94,抽离与回归的交织:非物质文化遗产的现代性之路,孙九霞,2023,贵州社会科学,,journal article,zh,ARCH_DES_HER,T3
CITING-WORK-E1AB7087B0CA,"河北省运河文化带发展""旅游+非遗""的制约因素和对策研究",肖潇;窦兴斌;孙洪杰,2021,河北科技大学学报（社会科学版）,10.7535/j.issn.1671-1653.2021.03.012,journal article,zh,TOUR_HOSP,T3
CITING-WORK-AAD20A5405D8,生态博物馆理论下壮族扁担舞活态传承的新路径,凌霄,2024,美与时代,,journal article,zh,ARCH_DES_HER,T2
CITING-WORK-E5FE9826AF93,运河文化遗产的生活化传承:北运河流域民间花会的历史记忆与地方实践,苏明奎,2024,民族艺术,,journal article,zh,ECON_BUS_CONS,T2
CITING-WORK-0767E2D4F538,大运河文化带传统技艺类非物质文化遗产的时空分异与传承保护,王秀伟;李晓军,2023,民族艺术研究,10.14003/j.cnki.mzysyj.2023.04.15,journal article,zh,CULT_MEDIA,T2
CITING-WORK-B75321429D44,沉浸式交互动漫对非遗文化的传承与传播策略研究——以大运河江苏段为例,徐雯雪,2024,山东工艺美术学院学报,10.3969/j.issn.1671-606x.2024.03.024,journal article,zh,CULT_MEDIA,T3
CITING-WORK-42AE45620961,中国大运河文化研究的演进历程与体系构建,唐震;史叶云,2023,水利经济,10.3880/j.issn.1003-9511.2023.05.009,journal article,zh,ECON_BUS_CONS,T3
CITING-WORK-A521B89A259F,"从""游园今梦""到大运河江苏沿线体育非物质文化遗产旅游融合发展思考34",高立庆,2025,体育科技,10.3969/j.issn.1003-1359.2025.02.036,journal article,zh,SPORT_LEISURE,T2
CITING-WORK-21DA6A7B549D,博物馆旅游的游客价值认知和满意度研究——以南京中国科举博物馆为例,赵星;冯家红;董帮应,2021,文化产业研究,,journal article,zh,CULT_MEDIA,T2
CITING-WORK-28A0A81764B8,物质文化遗产赋能铸牢中华民族共同体意识:机理与实践,刘春呈,2025,西北民族大学学报（哲学社会科学版）,10.3969/j.issn.1001-5140.2025.02.002,journal article,zh,TOUR_HOSP,T2
CITING-WORK-F68D19E144A0,大运河空间建设与民俗艺术传承的互动关系及逻辑——基于空间与地方的理论视域,张娜;章利华,2024,云南社会科学,10.3969/j.issn.1000-8691.2024.03.015,journal article,zh,ARCH_DES_HER,T2
CITING-WORK-12A665EBE831,AI合成主播在新闻业的应用风险研究,严宇婷,2024,,,thesis,zh,INTERDISC_OTHER,T3
CITING-WORK-543B4BF28A44,欧盟媒介素养教育政策研究,张林,2024,,,thesis,zh,EDUCATION,T3
CITING-WORK-F8F4B7C6A9BF,梨视频AIGC栏目的组织创新与生产运营研究,芮紫,2025,,,thesis,zh,INTERDISC_OTHER,T3
CITING-WORK-885D1B44B5D7,兰州市新闻工作者生成式AI使用意愿研究--基于技术接受模型,王子晨,2025,,,thesis,zh,INTERDISC_OTHER,T3
CITING-WORK-B852C5280ED9,生成式人工智能的意识形态风险及防治研究,戴昆,2025,,,thesis,zh,INFO_TECH,T3
CITING-WORK-874F2E481C40,人工智能生成物的著作权保护研究,余鑫,2024,,,thesis,zh,INFO_TECH,T3
CITING-WORK-14B7897DCE46,基于全媒体人才培养的公共关系教学改革与创新,王芳芳,2024,传媒论坛,10.3969/j.issn.2096-5079.2024.23.019,journal article,zh,CULT_MEDIA,T2
CITING-WORK-E213F19819C9,Sora赋能职业教育数智化叙事的逻辑、局限与路向,时文龙,2025,重庆电子科技职业大学学报,10.13887/j.cnki.jccee.2025(5).8,journal article,zh,EDUCATION,T3
CITING-WORK-822D783308AC,一种探索性视角:Sora模型驱动下电影的创作转向,杨露;于逸然,2024,当代电影,10.3969/j.issn.1002-4646.2024.11.017,journal article,zh,CULT_MEDIA,T3
CITING-WORK-1B9495315B3E,"技术赋能与学科发展:从""向后整合""到""向前探索""——2024年新闻传播学研究述评与未来展望",喻国明;陈雪娇,2025,当代传播,,journal article,zh,EDUCATION,T2
CITING-WORK-E49C8BA790E0,Sora在民族传统体育发展中的应用研究,崔恩灏;庞雪林,2024,当代体育科技,10.16655/j.cnki.2095-2813.2024.20.029,journal article,zh,SPORT_LEISURE,T2
CITING-WORK-6CA9ECDFBD10,"""Z时代""用户对SORA的关注焦点与情感倾向研究——基于B站视频评论的数据分析",杨帆;栗青生;刘子博,2024,东南传播,,journal article,zh,CULT_MEDIA,T2
CITING-WORK-8D7328B7F34B,离身·具身·涉身:科幻电影中AI的三种身体面向,王俊,2025,东南传播,,journal article,zh,CULT_MEDIA,T2
CITING-WORK-D2FC5E719B4E,地方主流媒体AI视频制作应用的机遇、挑战与规范,王庆桑,2025,东南传播,,journal article,zh,CULT_MEDIA,T2
CITING-WORK-9BF924CE98AB,生成经济的运行机理与发展策略,杨青峰,2025,甘肃社会科学,10.3969/j.issn.1003-3637.2025.01.023,journal article,zh,ECON_BUS_CONS,T3
CITING-WORK-4E7102A04973,赋能与负能:Sora对公共关系行业的影响及应对,张辉,2024,国际公关,,journal article,zh,CULT_MEDIA,T2
CITING-WORK-EFCC848DEF0A,"""景观社会""的重塑:国际传播中Sora的政治驱动与行动",张爱军;张薇薇,2025,黑龙江社会科学,10.20230/j.cnki.hljshkx.2025.04.003,journal article,zh,CULT_MEDIA,T2
CITING-WORK-E5257E5164C6,生成式AI(AIGC)对纪录片创作的影响,王丽敏,2024,家庭影院技术,10.3969/j.issn.1008-0945.2024.12.029,journal article,zh,INTERDISC_OTHER,T2
CITING-WORK-32B99E96BC92,AI在纪录片创作中的赋能探索与真实性审思,胡晓蓓,2025,记者摇篮,10.3969/j.issn.2096-3858.2025.05.036,journal article,zh,INTERDISC_OTHER,T3
CITING-WORK-E8AC8002F747,生成式信息隐私鸿沟伦理风险探讨,王娟;汤书昆,2025,科学学研究,10.3969/j.issn.1003-2053.2025.06.018,journal article,zh,INFO_TECH,T3
CITING-WORK-07F181B964C5,空间智能:人工智能的逻辑升维与人机关系重塑——基于复杂范式的理论探讨,喻国明;刘佳颖,2025,南京社会科学,10.15937/j.cnki.issn1001-8263.2025.10.011,journal article,zh,INTERDISC_OTHER,T2
CITING-WORK-9BDCC516D6B3,社交媒体中的生成式人工智能舆情研究——基于ChatGPT与Sora微博话题的计算传播分析,林颖颖;农百灵,2026,南京邮电大学学报（社会科学版）,10.3969/j.issn.1673-5420.2026.01.012,journal article,zh,CULT_MEDIA,T3
CITING-WORK-5276919C3DD9,视觉政治:Sora技术视野下的网络政治传播治理变革可能,张爱军;段玉茹,2025,青岛科技大学学报（社会科学版）,10.3969/j.issn.1671-8372.2025.02.011,journal article,zh,INFO_TECH,T2
CITING-WORK-87DB54DA3DC1,"立足实践,面向世界:2024年新闻传播研究前沿话题盘点",胡正荣;张帅,2025,青年记者,,journal article,zh,CULT_MEDIA,T2
CITING-WORK-242D2B33D8AB,人工智能时代视听媒介的怀旧空间构建与情感再生产,王雪,2025,青年记者,,journal article,zh,CULT_MEDIA,T2
CITING-WORK-5ACB6E2C4C0A,当生成式AI嵌入短视频：应用场景、效用危机与实践路径,郭婉君;王晴川,2025,青年记者,,journal article,zh,CULT_MEDIA,T2
CITING-WORK-E022979A7A60,新技术革命视阈下文化建设改革发展的远景目标与任务——以人工智能为例,傅才武,2025,人民论坛（学术前沿）,10.16619/j.cnki.rmltxsqy.2025.05.004,journal article,zh,CULT_MEDIA,T3
CITING-WORK-B5AE695CCAD4,文生视频AI赋能短视频内容生产的路径研究,温凤鸣;温裕群,2024,视听界,,journal article,zh,INFO_TECH,T2
CITING-WORK-024FB5E3CDB0,智能化再造:AI微短剧对中华优秀传统文化的呈现与传承,陈奇;白迎港;刘言明,2026,北方民族大学学报（哲学社会科学版）,10.20076/j.cnki.64-1065/g4.2026.01.015,journal article,zh,SOC_POLICY,T2
CITING-WORK-7E1DE98161D7,"""被中介的真理"":Sora对媒介相合性的追问",曾白凌,2024,现代传播,10.3969/j.issn.1007-8770.2024.05.002,journal article,zh,CULT_MEDIA,T2
CITING-WORK-22DAC79BD70D,传媒高等教育因人工智能而强:趋势、策略与路径,柴剑平;李芙蓉,2024,现代出版,10.3969/j.issn.2095-0330.2024.07.001,journal article,zh,CULT_MEDIA,T2
CITING-WORK-8E001C4C6183,基于生成式人工智能的媒介生态思考,贾倩;王宝国;房欣悦,2025,新闻世界,,journal article,zh,URBAN_PLAN_GEO,T2
CITING-WORK-F1176EE1CCF4,Sora冲击波与传播学的危机——迎接人机融合和虚实一体化时代,佚名,,,,thesis,zh,CULT_MEDIA,T3
CITING-WORK-BC97EF481065,从ChatGPT到Sora:生成式AI浪潮下人的困境与价值审思,李玉虎;贾平,2025,新闻知识,10.3969/j.issn.1003-3629.2025.02.003,journal article,zh,CULT_MEDIA,T2
CITING-WORK-BB39BE97AB8E,Sora引发的媒介革命:中国AI面临的挑战与应对,何静;董君亚,2024,阅江学刊,10.3969/j.issn.1674-7089.2024.03.009,journal article,zh,INFO_TECH,T2
CITING-WORK-B1A5DE4F7CCD,Sora与政治传播:机遇、挑战和对策,张爱军;郭镇毓,2025,阅江学刊,10.3969/j.issn.1674-7089.2025.01.009,journal article,zh,INFO_TECH,T2
CITING-WORK-7ABADC10A9B4,颠覆与重构:生成式人工智能的信息风险源发与治理进路,陈力双;沈天健;张文祥,2025,阅江学刊,10.3969/j.issn.1674-7089.2025.05.010,journal article,zh,INFO_TECH,T2
CITING-WORK-31EE5D4AACE1,生成式人工智能意识形态风险:逻辑审视、样态呈现及防范对策,钟海;齐冰,2024,党政研究,10.3969/j.issn.1008-9187.2024.04.002,journal article,zh,INFO_TECH,T3
CITING-WORK-B25605BAC8B4,全球职业教育领域生成式人工智能的应用场景、风险挑战及对策,佚名,,,,thesis,zh,EDUCATION,T3
CITING-WORK-9E6B2F11AA4B,AI驱动下短视频平台对天府文化传播的影响研究,佚名,,,,thesis,zh,CULT_MEDIA,T3
CITING-WORK-49A18005744B,中国省城休闲产业发展的差异性与相似性研究,李丽梅;楼嘉军,2017,,,conference paper,zh,ECON_BUS_CONS,T3
CITING-WORK-5F325B3A4FA0,遂宁市创建放心舒心消费城市中的政府职能研究,杨梅,2018,,,thesis,zh,ECON_BUS_CONS,T3
CITING-WORK-F6FAFB7C6B6A,体育消费试点城市评价指标体系的构建研究——以南昌市为例,刘柯,2022,,,thesis,zh,ECON_BUS_CONS,T3
CITING-WORK-B619DB0A6D7D,城市消费活力空间分布及其影响因素研究,赵宇,2022,,,thesis,zh,ECON_BUS_CONS,T3
CITING-WORK-486B60B09951,传播符号学视角下短视频中重庆城市形象建构研究,水金瑜,2025,,,thesis,zh,CULT_MEDIA,T3
CITING-WORK-3E6BA5457D9C,中国国际消费中心城市的驱动因素对居民消费提振效应研究,曾辰,2025,,,thesis,zh,ECON_BUS_CONS,T3
CITING-WORK-03B484B83D58,冷水江市城市绿地系统优化研究,黄佩,2015,,,thesis,zh,URBAN_PLAN_GEO,T3
CITING-WORK-A871D55B1B6A,铁路运输与特大消费型城市物流的耦合协同研究--以北京市为例,李晨,2019,,,thesis,zh,ECON_BUS_CONS,T3
CITING-WORK-8833E2EC6DAA,江苏省体育消费试点城市建设评价指标体系构建研究,杨立妃,2022,,,thesis,zh,ECON_BUS_CONS,T3
CITING-WORK-7DA0417C541A,国际消费中心城市发展潜力测度及影响因素研究,刘怡宁,2022,,,thesis,zh,ECON_BUS_CONS,T3
CITING-WORK-D07A8B51E537,基于体验经济特征的消费场景设计策略研究,赵欣冉,2021,城市建筑,10.19892/j.cnki.csjz.2021.12.36,journal article,zh,ARCH_DES_HER,T2
CITING-WORK-5C449D86215C,活力视角下滨水空间的长效性更新方法研究——以德阳旌湖两岸为例,马丽丽,2019,城市住宅,10.3969/j.issn.1006-6659.2019.09.014,journal article,zh,URBAN_PLAN_GEO,T2
CITING-WORK-746AC9955DA9,重庆建设国际消费中心城市:基础优势、现实瓶颈与政策选择,黄庆华;向静,2022,当代金融研究,,journal article,zh,ECON_BUS_CONS,T3
CITING-WORK-B01DFB8246A2,国际消费中心城市评估体系构建和比较,杜娟;欧玲;郑醉文,2024,国际大都市发展研究（中英文）,,journal article,zh,ECON_BUS_CONS,T3
CITING-WORK-470F7EA74990,世界旅游城市与国际消费枢纽城市建设研究演进,胡杰;孙琼;刘铮,2020,河北企业,,journal article,zh,ECON_BUS_CONS,T2
CITING-WORK-C434596AA878,我国休闲产业发展评价指标体系构建研究,李丽梅,2019,湖北理工学院学报（人文社会科学版）,10.3969/j.issn.2095-4662.2019.05.001,journal article,zh,ARCH_DES_HER,T2
CITING-WORK-8B9782EA352E,国际消费中心城市:内涵和形成机制,汪婧,2019,经济论坛,10.3969/j.issn.1003-3580.2019.05.004,journal article,zh,TOUR_HOSP,T2
CITING-WORK-993C4CB6EEB4,美国城市化崛起时期移民和女性教育问题,周菲菲;李朝阳,2015,宁波大学学报（教育科学版）,,journal article,zh,EDUCATION,T3
CITING-WORK-A2530195CE94,双循环战略下金融双向开放助力成都国际消费中心城市建设研究,王蕊;程粤;王朝一,2022,西部经济管理论坛（原四川经济管理学院学报）,10.12181/jjgl.2022.04.03,journal article,zh,TOUR_HOSP,T2
CITING-WORK-DEC8A7EC5463,消费中心城市:历史逻辑、理论逻辑与现实逻辑,姜薇;刘士林,2022,社会科学,,journal article,zh,RURAL_AGRI,T2
CITING-WORK-A8C99915BF58,国际消费中心城市:构念、规律与对策,周佳,2021,商业经济研究,10.3969/j.issn.1002-5863.2021.14.012,journal article,zh,ECON_BUS_CONS,T2
CITING-WORK-BBF66E51A567,长三角城市群国际消费中心城市竞争力评价,张淑萍,2022,商业经济研究,10.3969/j.issn.1002-5863.2022.10.012,journal article,zh,ECON_BUS_CONS,T2
CITING-WORK-0B34E10E4124,上海城市道路对消费活力的影响:基于POI密度与多样性分析,严朝霞;季民河;宋太新,2017,苏州科技大学学报（自然科学版）,10.3969/j.issn.1672-0687.2017.02.015,journal article,zh,ECON_BUS_CONS,T3
CITING-WORK-7052B2E31156,基于熵权法的国际消费中心城市评价指标体系构建及建设路径,李名梁;常馨月,2024,天津商业大学学报,,journal article,zh,ECON_BUS_CONS,T3
CITING-WORK-44C71464ACB0,芝加哥体育城市发展的经验与启示,陈林华;潘捷良,2020,体育科研,10.12064/ssr.20200309,journal article,zh,SPORT_LEISURE,T3
CITING-WORK-A79363D05C50,数字经济赋能国家体育消费试点城市建设的机理与路径研究——以成都市为例,张林玲,2024,文体用品与科技,10.3969/j.issn.1006-8902.2024.11.032,journal article,zh,SPORT_LEISURE,T2
CITING-WORK-442BBB917AF7,基于消费者剩余视角的适宜消费城市评价指标体系构建,钟陆文,2017,消费经济,,journal article,zh,ECON_BUS_CONS,T2
CITING-WORK-1F64BC41C834,成都市加快创建国际消费中心城市的路径选择,林娜,2021,中国西部,,journal article,zh,ECON_BUS_CONS,T3
CITING-WORK-DC53048ABB15,空间叙事视角下校园景观规划设计研究--以哈尔滨工业大学一校区为例,王剑童,2023,,,thesis,zh,ARCH_DES_HER,T3
CITING-WORK-2F6A1D32FFDB,未来乡村背景下邻里中心的空间设计研究,刘晨曦,2023,,,thesis,zh,ARCH_DES_HER,T3
CITING-WORK-091FCBFC4196,住区边界空间有机更新与活力提升研究——以大连市富静街为例,于世伟,2024,,,thesis,zh,INTERDISC_OTHER,T3
CITING-WORK-9BA91C0D0E26,需求导向下乡村老年宜居环境质量评价及优化设计研究——以浙江省嘉善县大云镇曹家村为例,魏姝妍,2024,,,thesis,zh,RURAL_AGRI,T3
CITING-WORK-12F5158582EE,丹阳市下邳村乡村景观适老化设计研究,戈睿,2024,,,thesis,zh,ARCH_DES_HER,T3
CITING-WORK-4433943849C6,智慧图书馆服务数据伦理悖论研究,单英迪,2024,,,thesis,zh,INTERDISC_OTHER,T3
CITING-WORK-42343D0F0C47,市域统筹的乡村民居风貌全要素管控策略研究——以杭州为例,佚名,,,,thesis,zh,RURAL_AGRI,T3
CITING-WORK-7BBFC094041A,乡村振兴数智平台构建及浙江实践,盛富斌;马学斌;洪俊成,2025,规划师,10.3969/j.issn.1006-0022.2025.03.019,journal article,zh,URBAN_PLAN_GEO,T2
CITING-WORK-228F48EBB9B4,面向共同富裕的未来乡村建设路径选择——以F县为例,郭文菊;钱美琴,2023,黑河学院学报,10.3969/j.issn.1674-9499.2023.10.018,journal article,zh,EDUCATION,T2
CITING-WORK-2C68D1670C44,空间治理赋能乡村多元化场景建设,张昕潼,2026,决策与信息,10.20206/j.cnki.jcyxx.2026.03.003,journal article,zh,SOC_POLICY,T2
CITING-WORK-62045328FBF9,未来乡村背景下乡村生态旅游游客行为与认知的研究,魏国庆;徐文辉;陈希周,2024,现代园艺,10.3969/j.issn.1006-4958.2024.05.007,journal article,zh,ARCH_DES_HER,T2
CITING-WORK-73BBF2EF45FE,融合发展路径下的文旅小镇规划策略研究——以威海大岚山冰雪小镇为例,张现劼;于辰龙;闫小杰,2024,建筑与文化,10.19875/j.cnki.jzywh.2024.10.032,journal article,zh,ARCH_DES_HER,T2
CITING-WORK-CDFF428C6EA8,川西传统民居民宿化改造策略研究,李子君;刘艳梅,2024,山西建筑,10.13719/j.cnki.1009-6825.2024.01.010,journal article,zh,ARCH_DES_HER,T2
CITING-WORK-45174B417575,城市更新视域下的历史街区叠合场景建构研究,吴楠;张险峰;于世伟,2025,室内设计与装修,10.3969/j.issn.1005-7374.2025.01.022,journal article,zh,ARCH_DES_HER,T2
CITING-WORK-E0A4E5172025,浙江省2000-2022年乡村振兴水平的演变趋势与示范效应研究,佚名,,,,thesis,zh,RURAL_AGRI,T3
CITING-WORK-EC43F9CC2E76,乡村旅游情境与游客钟意度关系及应用研究,梅欹;吴静月;陈金璐,2026,中国园林,10.19775/j.cla.2026.02.0091,journal article,zh,ARCH_DES_HER,T2
CITING-WORK-746A5A6AB617,未来乡村建设:要素嵌入与政社合作,张雨欣;刘传磊;马九杰,2024,浙江大学学报（人文社会科学版）,10.3785/j.issn.1008-942x.cn33-6000/c.2023.12.062,journal article,zh,RURAL_AGRI,T3
CITING-WORK-51E6F9D0CD77,黄河旅游文化空间的场景认知与生产机理,秦晓楠;杜雪婷;王兴康,2023,资源科学,10.18402/resci.2023.12.08,journal article,zh,TOUR_HOSP,T2
CITING-WORK-0831B0558200,社区阅读空间的情感化设计策略研究,李沿鹏,2022,,,thesis,zh,URBAN_PLAN_GEO,T3
CITING-WORK-E992979D6DF1,城市社区文化空间的媒介实践与公共精神培育研究--以杭州市临平区为例,周雨琦,2023,,,thesis,zh,CULT_MEDIA,T3
CITING-WORK-D4BD036109C9,基于情感化设计理念的社区图书馆空间设计研究,王振伍,2024,,,thesis,zh,ARCH_DES_HER,T3
CITING-WORK-81B8E84013C0,基于虚拟现实的襄阳博物馆文化场景设计与应用研究,杨惜雨,2025,,,thesis,zh,CULT_MEDIA,T3
CITING-WORK-453F4CF23E0F,"面向社区的基层图书馆转型路径研究——基于美国""图书馆改变社区""项目的案例分析",张麒麟;魏文珺,2025,国家图书馆学刊,10.13666/j.cnki.jnlc.2025.0205,journal article,zh,INFO_TECH,T2
CITING-WORK-4828169EB81C,全民阅读背景下图书馆嵌入社区服务的模式与策略,刘宗凯,2023,河南图书馆学刊,10.3969/j.issn.1003-1588.2023.09.024,journal article,zh,INFO_TECH,T2
CITING-WORK-17D77E60E64B,社区图书馆阅读氛围的实证评估与提升策略研究——以深圳市福田区社区图书馆为例,佚名,,,,thesis,zh,URBAN_PLAN_GEO,T3
CITING-WORK-AE22180489B9,新冠肺炎疫情下居民对社区图书馆的服务需求——基于三角扎根理论的分析,崔云,2023,图书馆研究,10.3969/j.issn.2095-5197.2023.06.011,journal article,zh,INFO_TECH,T2
CITING-WORK-8A5274B1EF73,高校图书馆阅读推广空间建设案例分析与启示,龚蛟腾;陈建辉;洪芳林,2023,图书馆学研究,,journal article,zh,INFO_TECH,T2
CITING-WORK-7BF96CCBCB56,社区图书馆空间自组织演化研究,陈冀宏,2023,图书馆研究与工作,10.3969/j.issn.2096-2363.2023.08.006,journal article,zh,INFO_TECH,T2
CITING-WORK-1D1C004C782F,"场景理论视域下的""+城市公共阅读空间""营建",汤诚;刘晓霞;王春迎,2023,图书情报知识,10.13366/j.dik.2023.04.010,journal article,zh,URBAN_PLAN_GEO,T3
CITING-WORK-EE217DC45EC7,公共文化阅读空间设计及运营研究 ——基于公共文化空间创新大赛获奖案例,张潇雨;孙红蕾,2022,新世纪图书馆,10.16810/j.cnki.1672-514x.2022.11.004,journal article,zh,RURAL_AGRI,T2
CITING-WORK-7DDC7D70972D,元宇宙及其内哲学内涵和社会影响研究,黄焕贤,2022,,,thesis,zh,INFO_TECH,T3
CITING-WORK-0DCEFF75A88E,手机对家庭代际交往的影响探究——以70后和95后的交往为例,陈小参,2022,,,thesis,zh,INTERDISC_OTHER,T3
CITING-WORK-2BC72F978728,组织网络吸毒行为的刑法适用问题研究,孙梓馨,2023,,,thesis,zh,INFO_TECH,T3
CITING-WORK-B465D584C6F7,女性健身博主与粉丝的互动分析--以B站H博主视频弹幕为例,黄大山,2023,,,thesis,zh,SPORT_LEISURE,T3
CITING-WORK-37A87BC860ED,粉丝文化在微博平台的建构与影响研究,成奇,2023,,,thesis,zh,CULT_MEDIA,T3
CITING-WORK-48313721CC53,智能传播时代我国主流意识形态建设研究,许科龙波,2023,,,thesis,zh,CULT_MEDIA,T3
CITING-WORK-C098F3A26481,“栖居在云端”：城市流动青年独居生活的媒介化呈现研究,朱琳,2024,,,thesis,zh,CULT_MEDIA,T3
CITING-WORK-BC291CEB9998,智能视频平台广告内容生产的人机互助研究,曾要,2023,,,thesis,zh,INFO_TECH,T3
CITING-WORK-F5A457096E5D,虚拟偶像传播中的准社会交往关系研究,王培涵,2024,,,thesis,zh,CULT_MEDIA,T3
CITING-WORK-932296B0EE54,技术具身理论视角下VR社交游戏用户数字化生存研究,赵颖,2024,,,thesis,zh,INFO_TECH,T3
CITING-WORK-C00A8178A53F,智能媒体时代人机交互行为研究--以Replika聊天机器人为例,杨锏,2025,,,thesis,zh,CULT_MEDIA,T3
CITING-WORK-E17F3831F454,时间管理之惑--“Z世代”媒介化生存困境研究,沈艳,2023,,,thesis,zh,CULT_MEDIA,T3
CITING-WORK-D61018F24D6A,驯化与反向驯化：日常生活中智能媒介技术的嵌入研究--以聊天机器人Replika为例,张瑶,2023,,,thesis,zh,CULT_MEDIA,T3
CITING-WORK-266022AB9A10,基于可供性的智能家庭媒体场景数字幸福感研究,陈雅静,2025,,,thesis,zh,CULT_MEDIA,T3
CITING-WORK-5577A91F7F9F,人工智能发展视域下的虚拟交往及其发展趋势,生蕾,2025,常州大学学报（社会科学版）,10.3969/j.issn.2095-042x.2025.02.001,journal article,zh,INFO_TECH,T3
CITING-WORK-7DA0AFBC1DD3,数字时代师生情绪互动的现实样态及优化路径,董杭艳;李双龙,2025,教育参考,,journal article,zh,EDUCATION,T3
CITING-WORK-766432FA19FE,数字化转型背景下省域教师创新发展的反思与重构,季春梅,2025,教育发展研究,10.3969/j.issn.1008-3855.2025.04.007,journal article,zh,EDUCATION,T3
CITING-WORK-3903D5A33560,元宇宙社会交往的媒介偏向探究,胡沈明;何文霞,2023,青年记者,,journal article,zh,CULT_MEDIA,T2
CITING-WORK-219377BF3BCF,国内新闻传播领域关涉人工智能话题的研究(2021-2022),廖声武;郑永涛,2023,社会科学动态,,journal article,zh,CULT_MEDIA,T2
CITING-WORK-86852F63D98A,规范生成、资源置换与自我认同:虚拟社交中的闲聊帖特征研究,陈玉楼;韩思齐,2022,视听,10.3969/j.issn.1674-246x.2022.05.037,journal article,zh,CULT_MEDIA,T2
CITING-WORK-9389E0C7388C,智能传播时代的媒介变革与伦理困境,龚柯洁,2026,视听,10.3969/j.issn.1674-246x.2026.04.021,journal article,zh,CULT_MEDIA,T2
CITING-WORK-1F142D28D6FE,智能传播时代大学生群体的日常生活实践 ——基于滑板亚文化的民族志观察,钟祥铭;王奔;卢雪儿,2022,汕头大学学报（人文社会科学版）,10.3969/j.issn.1001-4225.2022.10.005,journal article,zh,CULT_MEDIA,T3
CITING-WORK-99F04D78F99D,元宇宙视域下主流媒体布局多维跨维信息传播格局的优势、挑战与路径,匡野,2022,视听界,,journal article,zh,INFO_TECH,T2
CITING-WORK-90EB56558D20,治理算法:思想政治教育网络智能环境治理的政策与趋势论析,魏俊斌,2022,思想教育研究,,journal article,zh,EDUCATION,T2
CITING-WORK-6FAE2BFF4508,智能时代职前教师教育理论与实践融合路径研究,韦林翠,2024,高教探索,10.3969/j.issn.1673-9760.2024.06.013,journal article,zh,EDUCATION,T3
CITING-WORK-B4B121A36B77,场景视角下抖音电商直播优化策略,王航,2023,西部广播电视,10.3969/j.issn.1006-5628.2023.07.027,journal article,zh,CULT_MEDIA,T2
CITING-WORK-87D17D7DE30F,媒介情境论视角下社交媒体关系的构建与转换,吴子懿,2023,西部广播电视,10.3969/j.issn.1006-5628.2023.12.013,journal article,zh,CULT_MEDIA,T2
CITING-WORK-FB8FA7A41085,人工智能时代的师生交往:挑战与应对,张家军;黄儒军,2024,现代远程教育研究,10.3969/j.issn.1009-5195.2024.04.003,journal article,zh,EDUCATION,T3
CITING-WORK-02E5EF60E0D5,智能传播时代的主体性危机与复归路径研究,伍永花,2024,现代交际,,journal article,zh,CULT_MEDIA,T3
CITING-WORK-BC8AB707AC98,元宇宙视域下的社会交往:基本模式与演进逻辑——基于媒介和社会协同演化的视角,喻国明;张恩雨,2023,新媒体公共传播,,journal article,zh,CULT_MEDIA,T2
CITING-WORK-8536ABBB45BD,智能传播视域下中国品牌广告的叙事创新策略研究,唐舒天,2023,新媒体公共传播,,journal article,zh,CULT_MEDIA,T2
CITING-WORK-F65705F55AA0,智能具身传播的伦理风险及其治理探赜,杨先顺;路珍珍,2025,学术研究,10.3969/j.issn.1000-7326.2025.12.008,journal article,zh,INTERDISC_OTHER,T2
CITING-WORK-ED00BC03B754,元宇宙底层逻辑对传媒业未来的影响,凌静,2023,新闻前哨,10.3969/j.issn.1003-2827.2023.06.002,journal article,zh,CULT_MEDIA,T2
CITING-WORK-260B98D62A35,超写实虚拟代言人可信度的结构维度——基于扎根理论的探索,谷虹;傅宇;周春妍,2025,新闻与传播评论,10.14086/j.cnki.xwycbpl.2025.06.009,journal article,zh,CULT_MEDIA,T2
CITING-WORK-DDE9C0E8633B,"虚拟空间中的""陌生性""研究路径探析",张耀兰,2022,新闻知识,10.3969/j.issn.1003-3629.2022.06.001,journal article,zh,CULT_MEDIA,T2
CITING-WORK-A5173DD6A339,智能时代学生主体性的异化风险及其规避,岳伟;闫领楠,2023,中国电化教育,10.3969/j.issn.1006-9860.2023.02.013,journal article,zh,EDUCATION,T3
CITING-WORK-E552B9D133AC,元宇宙视域下的新闻产品:社会动因、实践模式和理念变革,郑满宁,2022,中国编辑,,journal article,zh,CULT_MEDIA,T2
CITING-WORK-C64B24EFAB50,数字搭桥:信息技术赋能儿童友好教学实践的路径研究,佚名,,,,thesis,zh,EDUCATION,T3
CITING-WORK-70020651B1E2,滇西民族地区基本公共文化服务均等化研究,张玉强,2022,,,thesis,zh,CULT_MEDIA,T3
CITING-WORK-6B1E5BECBAD4,共生理论视角下独立书店的发展策略研究--以“十点书店”为例,黄靖谊,2023,,,thesis,zh,INTERDISC_OTHER,T3
CITING-WORK-62E0D8DB6931,出版社参与城市公共阅读空间构建现象研究,刘若玉,2020,,,thesis,zh,URBAN_PLAN_GEO,T3
CITING-WORK-0297432DB3E6,A公司儿童书店营销策略研究,周慧,2023,,,thesis,zh,INTERDISC_OTHER,T3
CITING-WORK-19E0B344CB80,具身交互阅读: 数字化生存视域下深阅读复归图景,郭青青,2023,编辑之友,10.13786/j.cnki.cn14-1066/g2.2023.4.004,journal article,zh,INTERDISC_OTHER,T2
CITING-WORK-767F1F1F4FBB,疫情下传统书店的营销模式变革思考,廖珊珊;陈彦馨,2020,编辑学刊,,journal article,zh,INFO_TECH,T2
CITING-WORK-2C5C0C77FADE,新时代我国社办书店创新路径探究——以岳麓书社麓之风书店为例,黄莉华;郑鹏,2019,出版广角,10.16491/j.cnki.cn45-1216/g2.2019.23.019,journal article,zh,CULT_MEDIA,T2
CITING-WORK-E8C78E36F939,互联网环境下实体书店的困境与转型之路研究 ——以钟书阁为例,魏媛,2021,传播力研究,,journal article,zh,CULT_MEDIA,T2
CITING-WORK-77EC3C6AF714,可参观性文化视角下的台湾诚品书店研究,于千雯;张美娟,2021,高校图书馆工作,10.3969/j.issn.1003-7845.2021.06.003,journal article,zh,INFO_TECH,T2
CITING-WORK-F368503223EB,当下书店运营模式与空间场景的适应性解析,于浩;张险峰;曹其然,2021,华中建筑,,journal article,zh,ARCH_DES_HER,T2
CITING-WORK-7849D184FF95,实体书店角色的变迁,安梦钰;谢巍,2021,今传媒（学术版）,10.3969/j.issn.1672-8122.2021.05.022,journal article,zh,INTERDISC_OTHER,T2
CITING-WORK-2E984095DD83,"专业书店是否要""破圈""：基于人文考古书店反常个案的研究",宋奇;蒋雪颖,2024,科技与出版,,journal article,zh,CULT_MEDIA,T2
CITING-WORK-1CCD2B265743,场景理论视域下高职院校校园环境景观空间建构,楚晓红,2023,美与时代,,journal article,zh,ARCH_DES_HER,T2
CITING-WORK-8E4FD709A1B4,互联网背景下公共阅读空间智慧化建设路径,林芳,2021,绥化学院学报,10.3969/j.issn.2095-0438.2021.12.044,journal article,zh,INTERDISC_OTHER,T3
CITING-WORK-4B266F2341BD,独立书店消费者的休闲涉入和地方依恋研究——以广州1200bookshop为例,陈婉茹;李爽;伍艳慈,2021,世界地理研究,10.3969/j.issn.1004-9479.2021.02.2019527,journal article,zh,URBAN_PLAN_GEO,T2
CITING-WORK-24DEBD873164,农村居民公共阅读获得感及其影响因素,陈庚;邱晶钰,2022,图书馆论坛,10.3969/j.issn.1002-1167.2022.07.012,journal article,zh,INFO_TECH,T2
CITING-WORK-187ECA915B06,基于场景理论的博物馆数字化研究——以陕西汉阳陵博物馆为例,张希睿,2021,文物鉴定与鉴赏,10.3969/j.issn.1674-8697.2021.16.043,journal article,zh,ARCH_DES_HER,T2
CITING-WORK-1DB793AB5F23,媒介融合时代实体书店的空间重构,韩传喜;孙妍,2020,学习与探索,,journal article,zh,EDUCATION,T2
CITING-WORK-11EE57D2EB9A,场景化视角下零售商业模式创新研究,王宏莉,2022,中国商论,10.19699/j.cnki.issn2096-0298.2022.03.001,journal article,zh,ECON_BUS_CONS,T2
CITING-WORK-2DF0ED258719,主客共享视角下开封市夜间旅游发展策略研究,王玉杰,2023,,,thesis,zh,TOUR_HOSP,T3
CITING-WORK-AA3FCB15FE04,郑州市夜间文旅消费集聚区游客满意度提升策略研究,刘岭,2024,,,thesis,zh,TOUR_HOSP,T3
CITING-WORK-A61011D7EF5F,基于TPB模型的安全感知对夜间旅游行为意向的影响研究——以陕西西安为例,寇芮骐,2023,,,thesis,zh,TOUR_HOSP,T3
CITING-WORK-99637D620B4C,高质量发展背景下南京夜间旅游公共服务水平提升路径研究,沈谦,2024,,,thesis,zh,TOUR_HOSP,T3
CITING-WORK-CAF9BF87589A,广州市主城区夜间商业空间分布特征与提升对策探究,黄峻,2024,,,thesis,zh,ECON_BUS_CONS,T3
CITING-WORK-7E4505DD50D4,承德市鼎盛文化产业园夜间旅游体验提升策略研究,张媛,2024,,,thesis,zh,TOUR_HOSP,T3
CITING-WORK-B6750EED0BEC,影视基地民国街区的游客怀旧认同影响因素研究——浙江象山影视城案例,盛雨婷,2023,,,thesis,zh,ARCH_DES_HER,T3
CITING-WORK-1B5A27C86E7A,武汉市江汉路步行街夜间旅游体验提升研究,刘园,2024,,,thesis,zh,TOUR_HOSP,T3
CITING-WORK-D01913E06F6D,夜间旅游产品对游客旅游意愿的影响研究--以青州不夜城为例,刘义祖,2025,,,thesis,zh,TOUR_HOSP,T3
CITING-WORK-FF2B47E11C7F,重庆市中心城区夜间旅游空间集聚特征与影响因素研究,谢青青,2025,,,thesis,zh,TOUR_HOSP,T3
CITING-WORK-1956C9A2C2EC,基于游客满意度的洛邑古城夜间旅游产品优化研究,谢娆,2023,,,thesis,zh,TOUR_HOSP,T3
CITING-WORK-DB45EA567C4A,新媒体时代航空文化助推天府旅游发展路径研究,王霞;关田甜;杨青云,2025,传媒论坛,10.3969/j.issn.2096-5079.2025.21.032,journal article,zh,CULT_MEDIA,T2
CITING-WORK-73D362F96051,中国夜间文旅消费集聚区空间格局及影响机理,唐宇;薛东前;宋永永,2024,干旱区地理,10.12118/j.issn.1000-6060.2023.183,journal article,zh,TOUR_HOSP,T3
CITING-WORK-227E8A3ABB6E,惠州城市夜间文旅产业高质量发展策略探析,王萌;王瑶,2025,产业创新研究,,journal article,zh,ECON_BUS_CONS,T2
CITING-WORK-1F132FAF09D7,基于PLS-SEM的夜间旅游目的地品牌资产影响因素研究:以开封市为例,吴博;王亚西;陈楠,2024,河南大学学报（自然科学版）,,journal article,zh,TOUR_HOSP,T3
CITING-WORK-6B2B70166D4F,城市夜间经济业态空间格局及其影响因素——以长沙市区为例,许建和;何飞璇;夏小湘,2025,国土资源导刊,10.20147/j.cnki.gtzydk.2025.01.001,journal article,zh,ECON_BUS_CONS,T3
CITING-WORK-B2C732B56B7A,宁夏夜间旅游发展现状与优化策略,井微,2023,旅游纵览,10.3969/j.issn.1004-3292.2023.19.049,journal article,zh,TOUR_HOSP,T2
CITING-WORK-89341295C551,文旅夜游场景中光环境设计策略探究,覃祯;刘延东,2024,旅游纵览,10.3969/j.issn.1004-3292.2024.06.022,journal article,zh,TOUR_HOSP,T2
CITING-WORK-990F1B82E96F,基于旅游数字足迹的成都夜间旅游者空间行为特征及优化建议研究,李忠权;陈云;黄江凤,2023,漫旅,,journal article,zh,TOUR_HOSP,T2
CITING-WORK-13CF3A8BF739,基于具身理论的夜间旅游文化休闲街区游客体验研究——以西安市大唐不夜城为例,单鑫昊;杨瑞;任志艳,2023,内蒙古科技与经济,,journal article,zh,ARCH_DES_HER,T3
CITING-WORK-6C59550E6F7B,沉浸式体验视域下洛阳文旅街区文化基因谱系构建及转译研究,王梓筱;贾琦,2025,农业与技术,10.19754/j.nyyjs.20250730023,journal article,zh,RURAL_AGRI,T2
CITING-WORK-A4787D6A7930,旅游目的地创新影响因素及其作用机制研究——以乌镇为例,蔡礼彬;张玮,2024,青岛科技大学学报（社会科学版）,10.3969/j.issn.1671-8372.2024.01.002,journal article,zh,INFO_TECH,T2
CITING-WORK-C968ED253CBD,新疆南疆地区旅游业发展影响因素及对策,李明;冯江华,2024,时代经贸,10.3969/j.issn.1672-2949.2024.07.037,journal article,zh,ECON_BUS_CONS,T2
CITING-WORK-E9E6CA0B50F6,西安市钟楼夜间消费聚集区夜间旅游产品质量提升对策研究,赵紫旋,2024,西部旅游,,journal article,zh,TOUR_HOSP,T2
CITING-WORK-946F631FEF72,海岛文化旅游规划设计初探——以烟台庙岛文旅项目为例,叶定敏,2025,西部旅游,,journal article,zh,TOUR_HOSP,T2
CITING-WORK-16BD294231F1,基于群体感知的大城市边缘区夜间经济街区转型的区域效应差异——以天津市西青区姚村商业街为例,程玥,2023,云南地理环境研究,10.3969/j.issn.1001-7852.2023.06.004,journal article,zh,ARCH_DES_HER,T3
CITING-WORK-4EEB5D816FBD,基于多源数据的夜间经济集聚空间分布格局研究——以昆明市主城区为例,马言慧;马瑞衢;徐坚,2024,中国商论,10.19699/j.cnki.issn2096-0298.2024.09.013,journal article,zh,ECON_BUS_CONS,T2
CITING-WORK-37733F159075,中国夜间旅游资源的空间分布特征及影响因素研究,杨丽;王姣姣;付玉慧,2023,资源开发与市场,10.3969/j.issn.1005-8141.2023.12.014,journal article,zh,URBAN_PLAN_GEO,T2
CITING-WORK-4B3EC1F2C21F,集体记忆视域下侗寨情感空间营造研究,蒋轩,2024,,,thesis,zh,INTERDISC_OTHER,T3
CITING-WORK-D11229625A4B,肇庆市公共文化服务绩效评价及其优化对策研究,毕伊洋,2024,,,thesis,zh,CULT_MEDIA,T3
CITING-WORK-7A853A7DC83A,返乡青年视频博主的网络情感传播研究——以抖音新农人计划短视频为例,鲁占美,2024,,,thesis,zh,CULT_MEDIA,T3
CITING-WORK-2D0DA7C88512,纪实类网络综艺节目乡村劳作空间生产与意义表达——以纪实类网络综艺节目《种地吧》为例,张静,2024,,,thesis,zh,RURAL_AGRI,T3
CITING-WORK-C0053556DDEE,乡村公共空间融合交互景观设计应用研究——以仙桃排湖风景区为例,严驰,2024,,,thesis,zh,ARCH_DES_HER,T3
CITING-WORK-F513133BB871,乡村文化治理的实践逻辑研究——以内蒙古宁城县为例,洪学敏,2024,,,thesis,zh,RURAL_AGRI,T3
CITING-WORK-F6335B05508E,作为媒介空间的“三渔文化”地标研究,康立芬,2024,,,thesis,zh,CULT_MEDIA,T3
CITING-WORK-BBAAC51CBBC1,城市社区老年人志愿服务持续性参与的过程机理研究—基于武汉市典型社区的调研,武晋香,2024,,,thesis,zh,URBAN_PLAN_GEO,T3
CITING-WORK-112C68B5D36B,公共文化空间视域下的太原市图书馆研究,赵继瑜,2024,,,thesis,zh,CULT_MEDIA,T3
CITING-WORK-A470F7566885,成都地铁站点对城市文化空间的建构,何瑞琦,2024,,,thesis,zh,CULT_MEDIA,T3
CITING-WORK-4AB615722FD3,遗产批判视角下的非遗传播与话语转换——以国家级非遗“天河乞巧习俗”为例,姚树君,2024,,,thesis,zh,ARCH_DES_HER,T3
CITING-WORK-FB5DD3D42011,基于社区参与的佘村公共空间设计研究,廖海橦,2024,,,thesis,zh,ARCH_DES_HER,T3
CITING-WORK-66FBFF87B8D2,互动仪式理论视角下城市社区参与中的情感治理研究——以成都市D社区为例,刘子源,2024,,,thesis,zh,URBAN_PLAN_GEO,T3
CITING-WORK-32DCC825C192,农民闲置宅基地置换地券意愿、影响因素和提升对策研究：以BL为例,苏文琪,2024,,,thesis,zh,INTERDISC_OTHER,T3
CITING-WORK-B0CF000CC9E9,基层情感治理的实践、成效与启示--基于新疆“访惠聚”工作队的考察,付雷孟娇,2024,,,thesis,zh,SOC_POLICY,T3
CITING-WORK-09B9096BE799,“价值-结构-过程”视角下社区情感治理的运作研究,李晓,2024,,,thesis,zh,URBAN_PLAN_GEO,T3
CITING-WORK-22C96B3A4BCE,宗族身份认同过程及对乡村社会秩序的维系研究--以福建漳州Z村宗族为例,李晨霞,2025,,,thesis,zh,RURAL_AGRI,T3
CITING-WORK-DAF9C5316253,农民专业合作社中合作行为达成的情感运作机制研究--基于D村资金互助合作社的田野调查,刘永新,2025,,,thesis,zh,INTERDISC_OTHER,T3
CITING-WORK-CF6F423039DC,新时代乡村文化振兴的实践路径研究,么泽鑫,2025,,,thesis,zh,RURAL_AGRI,T3
CITING-WORK-6D5691C289AA,空间治理下传统村落保护发展研究综述,陈晓华;王慧蓉,2024,安徽建筑大学学报,10.11921/j.issn.2095-8382.20240202,journal article,zh,ARCH_DES_HER,T3
CITING-WORK-83F1A8F9FF0C,"""组织—仪式—空间""视角下文化赋能乡村治理的生成逻辑——基于H省D村的案例分析",陈相谭;曾泉海,2024,重庆科技大学学报（社会科学版）,10.19406/j.issn.2097-4523.2024.06.007,journal article,zh,RURAL_AGRI,T3
CITING-WORK-12BC74B7BE2F,"互动仪式链视角下民族节庆中的交往交流交融研究——以怒江州贡山县""仙女节""为例",赵钧灵;王万平,2023,大理大学学报,10.3969/j.issn.2096-2266.2023.11.004,journal article,zh,INTERDISC_OTHER,T3
CITING-WORK-8879078252C1,叙事重构:数字艺术何以营造乡村公共文化空间,於涵阳;吴小华,2025,公共艺术,10.3969/j.issn.1674-7038.2025.03.015,journal article,zh,RURAL_AGRI,T3
CITING-WORK-3019F147A1D2,挤压与缝合:新型乡村公共记忆空间的阶梯调适研究,刘彤瑶;陈波,2024,湖北民族大学学报（哲学社会科学版）,,journal article,zh,RURAL_AGRI,T2
CITING-WORK-1AEBE7E82B5A,场域理论视角下驻村干部的履责逻辑,李志星;汪来杰,2024,湖南行政学院学报,10.3969/j.issn.1009-3605.2024.02.004,journal article,zh,INTERDISC_OTHER,T3
CITING-WORK-F15772915F62,职业教育助推乡村文化空间建构的机制和路径,于莎;沈世伟,2024,教育学术月刊,,journal article,zh,EDUCATION,T2
CITING-WORK-5A78FBA87F77,联结、深化、延续:互动仪式链的城市营销路径研究,王锦华;徐东,2023,科技传播,10.3969/j.issn.1674-6708.2023.21.017,journal article,zh,CULT_MEDIA,T2
CITING-WORK-6B1209188136,邪教组织的资源依赖及防范对策,董昊赟,2024,科学与无神论,10.3969/j.issn.1008-9802.2024.05.012,journal article,zh,INTERDISC_OTHER,T3
CITING-WORK-402DB4E6A8E6,中国共产党乡村文化治理思想的三重性,张世定;齐文娟,2024,陇东学院学报,10.3969/j.issn.1674-1730.2024.04.004,journal article,zh,RURAL_AGRI,T3
CITING-WORK-4E13673A1F9F,文化强国战略驱动乡村振兴的内在机理、现实困境与实践进路,韩琳,2025,理论探讨,10.3969/j.issn.1000-8594.2025.06.019,journal article,zh,INTERDISC_OTHER,T2
CITING-WORK-D7D94C845FD2,互动仪式链理论下乡村公共文化服务与乡村振兴双向赋能研究,刘英;李婷,2025,牡丹江师范学院学报（哲学社会科学版）,10.3969/j.issn.1003-6121.2025.01.007,journal article,zh,RURAL_AGRI,T3
CITING-WORK-8DACC5E50841,乡村公共空间建设与发展的多元实践逻辑——以江苏省X镇B村为例,李文枢,2025,农村经济与科技,10.3969/j.issn.1007-7103.2025.09.050,journal article,zh,RURAL_AGRI,T2
CITING-WORK-D921F5B04BD6,"社区议事如何在基层共治创新中实现""作用迸发""——基于互动仪式链的双元案例研究",佚名,,,,thesis,zh,URBAN_PLAN_GEO,T3
CITING-WORK-1B33DC206086,新时代推进乡村公共文化空间建设行动研究——基于慈溪市创新实践考察,张超民;冯晓霞,2023,图书馆,10.3969/j.issn.1002-1558.2023.12.011,journal article,zh,INFO_TECH,T2
CITING-WORK-263B58F4D9D0,民族传统体育赋能乡村文化振兴探索,相金星;郭振华;赵玉颖,2024,体育文化导刊,10.3969/j.issn.1671-1572.2024.11.009,journal article,zh,SPORT_LEISURE,T2
CITING-WORK-246ED3C8F88F,"""情""从何起:贵州""村BA""短视频传播的情感互动机制研究",车雯;王先亮;高铭泽,2025,体育与科学,10.3969/j.issn.1004-4590.2025.05.008,journal article,zh,SPORT_LEISURE,T2
CITING-WORK-FFFDAC5F4EFD,农村人居环境的空间再造及其实现机制——以上海郊区Z村为例,林晓兰;李金梦,2023,学术论坛,10.3969/j.issn.1004-4434.2023.05.010,journal article,zh,RURAL_AGRI,T3
CITING-WORK-021A155D26BD,新时代乡村文化主体性培育的空间建构理路,杜妮;杨冰郁,2025,学海,10.3969/j.issn.1001-9790.2025.02.015,journal article,zh,RURAL_AGRI,T3
CITING-WORK-B695326ED4C4,基于乡愁记忆的农村公共文化空间修复理论框架与实践路径研究,王莹;朱旭光,2025,艺术探索,10.13574/j.cnki.artsexp.2025.03.010,journal article,zh,CULT_MEDIA,T2
CITING-WORK-D10160590F81,乡村公共文化空间再造的情感要素及其作用逻辑——以河南省垌头村为例,范仓海;宋雅婷,2025,资源开发与市场,10.3969/j.issn.1005-8141.2025.07.012,journal article,zh,URBAN_PLAN_GEO,T2
CITING-WORK-5D87F27CB97F,铸牢中华民族共同体意识视阈下西部民族地区地方政府能力建设研究,王永明,2022,,,thesis,zh,INTERDISC_OTHER,T3
CITING-WORK-BF35E7A3E291,文旅融合背景下峨边彝族乡村文化空间特征及优化策略研究,林雨菡,2022,,,thesis,zh,TOUR_HOSP,T3
CITING-WORK-A370717984CA,长江经济带乡村振兴综合绩效评价研究,赵航,2022,,,thesis,zh,RURAL_AGRI,T3
CITING-WORK-20B592ABB483,高质量发展视角下公共文化服务与文化产业耦合协调研究,王汝宾,2023,,,thesis,zh,ECON_BUS_CONS,T3
CITING-WORK-A3EC84E53AD2,公共文化建设对策研究--以丽水市水文化建设为例,赖心会,2023,,,thesis,zh,CULT_MEDIA,T3
CITING-WORK-4C7BDCE7A92D,高质量发展视阈下我国公共文化服务效能评价研究,朱敏,2023,,,thesis,zh,CULT_MEDIA,T3
CITING-WORK-960B5401AE2E,新时代四川省乡村文化振兴绩效评价与推进路径研究,雷清萍,2023,,,thesis,zh,RURAL_AGRI,T3
CITING-WORK-D39D88BA21C1,新时代农村公共文化服务高质量发展研究,任晓佳,2024,,,thesis,zh,RURAL_AGRI,T3
CITING-WORK-B8B569D3E472,四川省洪雅县公共文化空间治理问题研究,周子迦,2024,,,thesis,zh,CULT_MEDIA,T3
CITING-WORK-AB14CFEAAE5F,数字经济与乡村振兴耦合协调研究——以长江流域为例,王哑杰,2024,,,thesis,zh,RURAL_AGRI,T3
CITING-WORK-C1DE7741599E,公共文化空间协同治理效度评价研究--以西安城市书房为例,陈昱良,2024,,,thesis,zh,CULT_MEDIA,T3
CITING-WORK-43DAE89844B5,乡村政治精英权力运作的影响及机制研究,闫孟杰,2024,,,thesis,zh,RURAL_AGRI,T3
CITING-WORK-24E9B28A523C,习近平关于乡村振兴战略的重要论述研究,梁舒,2023,,,thesis,zh,RURAL_AGRI,T3
CITING-WORK-C4D7A031150A,大遗址特色文化空间与文化产业集群空间耦合机理及影响因素研究——以杜陵遗址为例,张亚轩,2023,,,thesis,zh,ECON_BUS_CONS,T3
CITING-WORK-E3A4B43536E0,新媒体视域下乡村公共文化空间重构研究,徐佳,2025,,,thesis,zh,RURAL_AGRI,T3
CITING-WORK-A9EC2E93D2D1,数字技术嵌入和美乡村建设的作用机理与推进路径研究--以G县L镇为例,谭雪婷,2025,,,thesis,zh,RURAL_AGRI,T3
CITING-WORK-0D5F6DB9B67D,乡村公共文化空间的构建与治理研究--以湖南D村广场舞为例,李伊颖,2022,,,thesis,zh,RURAL_AGRI,T3
CITING-WORK-CECE1A7AB31F,滨州博兴县美丽乡村建设综合评价研究,李玉玲,2023,,,thesis,zh,RURAL_AGRI,T3
CITING-WORK-084E71B1A195,基于乡村文化的乡村景观改造设计研究——以黄冈花油畈村为例,陈波;周子晗;祝陈心,2024,工业设计,10.3969/j.issn.1672-7053.2024.03.042,journal article,zh,ARCH_DES_HER,T2
CITING-WORK-E59B98930ED9,我国宜居宜业和美乡村建设水平测度、区域差异及动态演进,赵德起;王世哲,2024,江西财经大学学报,,journal article,zh,RURAL_AGRI,T3
CITING-WORK-CB08C447A2C5,依托革命文物推动湖北省乡村公共文化空间建设的机理及路径,高威,2024,老区建设,10.3969/j.issn.1005-7544.2024.05.010,journal article,zh,RURAL_AGRI,T3
CITING-WORK-19462D17B24F,乡村振兴视域下新农村文化建设路径探索,王琼,2023,南方农机,10.3969/j.issn.1672-3872.2023.01.025,journal article,zh,RURAL_AGRI,T2
CITING-WORK-B44DB7126645,公共文化服务高质量发展的研究现状及展望——以习近平文化思想为视角,代鑫,2024,宁夏党校学报,10.3969/j.issn.1008-2921.2024.02.012,journal article,zh,ECON_BUS_CONS,T2
CITING-WORK-54E08A76C83D,河南省农村高质量发展水平指标体系构建研究,于长立;岳汉秋;罗帅伟,2022,平顶山学院学报,10.3969/j.issn.1673-1670.2022.02.017,journal article,zh,URBAN_PLAN_GEO,T2
CITING-WORK-D5E17BB66C0A,面向共同富裕的乡村公共文化空间发展逻辑、主要困境与优化路径,何义珠,2024,图书馆工作与研究,,journal article,zh,INFO_TECH,T2
CITING-WORK-017DF1CE0544,公共文化空间中城市图书馆角色的三重视野,洪芳林;龚蛟腾,2023,图书情报知识,10.13366/j.dik.2023.04.019,journal article,zh,CULT_MEDIA,T3
CITING-WORK-234784DFB2B6,乡村振兴视域下重塑乡村文化的必要性与路径,柳雨晴,2024,乡村科技,10.19345/j.cnki.1674-7909.2024.14.005,journal article,zh,RURAL_AGRI,T2
CITING-WORK-5B33600ABC05,中国城市文化动力水平、区域差异与分布动态演进——基于285个城市的研究,沈卓锴,2026,中国集体经济,10.3969/j.issn.1008-1283.2026.10.028,journal article,zh,ECON_BUS_CONS,T2
CITING-WORK-489251C0DFBA,乡村振兴背景下公共文化空间的传承与营造,朱甜;褚作勇,2022,中外建筑,10.19940/j.cnki.1008-0422.2022.04.008,journal article,zh,ARCH_DES_HER,T2
CITING-WORK-8757E93E7DFA,传统村落村民日常生活公共空间保护策略研究,袁铃惠;曾卫,2018,,,conference paper,zh,RURAL_AGRI,T3
CITING-WORK-EAE1A11B73B8,顺从与抵抗：消费社会语境下的历史街道更新--以西安顺城巷为例,郝昊田,2019,,,conference paper,zh,ECON_BUS_CONS,T3
CITING-WORK-23324204B6C8,城市慢行单元步行网络修补设计研究--以深圳市华侨城为例,张琬乔,2017,,,thesis,zh,INFO_TECH,T3
CITING-WORK-0E5F1215E5EF,居伊·德波景观理论之异化视角分析,刘华鱼,2016,,,thesis,zh,ARCH_DES_HER,T3
CITING-WORK-88C9A239B413,厦门市营平片区风俗产业空间地景研究,路晨凯,2017,,,thesis,zh,ECON_BUS_CONS,T3
CITING-WORK-56DF41C54E3B,城市日常公共空间研究--以汉口原租界为例,陈立镜,2017,,,thesis,zh,URBAN_PLAN_GEO,T3
CITING-WORK-9CC9E1984C2E,基于“日常生活”的建筑公共空间设计研究,叶望清,2018,,,thesis,zh,ARCH_DES_HER,T3
CITING-WORK-37ACDC50C924,亚历杭德罗·阿拉维纳以“情”为本的创作理念研究,黄钰哲,2017,,,thesis,zh,INTERDISC_OTHER,T3
CITING-WORK-DE316F9391F5,基于“事件空间”的购物中心空间动态化设计研究,徐佳臻,2019,,,thesis,zh,INTERDISC_OTHER,T3
CITING-WORK-75874C3D27E5,德波景观社会理论探究,张广烈,2019,,,thesis,zh,ARCH_DES_HER,T3
CITING-WORK-B89F9EDEF5FA,景观异化视域下意识形态理论探究,窦秀彬,2020,,,thesis,zh,ARCH_DES_HER,T3
CITING-WORK-5B0D85B7486F,日常生活视域中的商业空间设计策略研究,刘晋,2020,,,thesis,zh,ARCH_DES_HER,T3
CITING-WORK-78D87B0BFA90,基于互动理念的城市公共空间设计初探,蔡恒屹,2020,,,thesis,zh,ARCH_DES_HER,T3
CITING-WORK-BF620070D7DE,日常生活视域下广州历史文化街区公共空间适宜性评价及复兴策略研究,廖雅平,2022,,,thesis,zh,ARCH_DES_HER,T3
CITING-WORK-A0CC265BDBFB,场所精神视域下沈阳市铁西区旧工业建筑空间重构设计研究,刘宇婧,2022,,,thesis,zh,ARCH_DES_HER,T3
CITING-WORK-3642016C3D2E,智慧互动设计背景下的高校教学建筑公共空间优化研究,田文惠,2022,,,thesis,zh,ARCH_DES_HER,T3
CITING-WORK-A5B410C09270,日常生活视角下成都玉林片区微型公共空间优化策略研究,谢锐,2022,,,thesis,zh,URBAN_PLAN_GEO,T3
CITING-WORK-E0FB88C27C82,城市摊贩空间研究——以武汉市大成路为例,李旺斌,2021,,,thesis,zh,URBAN_PLAN_GEO,T3
CITING-WORK-C5E3EDA6F6D8,战后法国情境主义游戏性研究,李丹,2023,,,thesis,zh,INTERDISC_OTHER,T3
CITING-WORK-FB1F20B409AE,20世纪西方建筑空间的审美想象性研究--以巴什拉、康斯坦特、福柯和伊利格瑞为例,李慧,2023,,,thesis,zh,ARCH_DES_HER,T3
CITING-WORK-ACD277B86F3F,关于列斐伏尔现代性城市理论的研究,赵怡帆,2022,,,thesis,zh,URBAN_PLAN_GEO,T3
CITING-WORK-131F7E64318C,情境化视角下的西安老工业社区环境空间更新设计研究--以五环社区为例,昌茂松,2023,,,thesis,zh,URBAN_PLAN_GEO,T3
CITING-WORK-1DA3BD029CBE,现当代艺术创作中的情境建构,刘易,2023,,,thesis,zh,CULT_MEDIA,T3
CITING-WORK-1BFF824D406D,戏剧题材纪录片中身体影像的叙事与审美解读--兼谈毕业作品《人生“五分熟”》,王欣,2023,,,thesis,zh,INTERDISC_OTHER,T3
CITING-WORK-777B416BB922,日常生活视角下山地街巷型老旧社区公共空间更新策略研究--以渝中区街巷型老旧社区为例,肖庆楠,2024,,,thesis,zh,URBAN_PLAN_GEO,T3
CITING-WORK-23735E6152AD,旧城更新进程中的城市规划决策分析--以武汉汉正街为例,胡娟,2010,,,thesis,zh,ARCH_DES_HER,T3
CITING-WORK-D4516FB500D4,基于日常生活的城市设计策略研究--以重庆为例,谭莹,2011,,,thesis,zh,ARCH_DES_HER,T3
CITING-WORK-DA7BDD994D2C,基于容积率的旧城更新规划情景分析方法研究,刘媛,2014,,,thesis,zh,ARCH_DES_HER,T3
CITING-WORK-B4650D7CEE26,情境空间营造--喀什地区城市情境空间研究,王雄英,2011,,,thesis,zh,URBAN_PLAN_GEO,T3
CITING-WORK-E5E2823C2559,城市居住情境营造研究,刘沅,2012,,,thesis,zh,URBAN_PLAN_GEO,T3
CITING-WORK-51F020A57C0E,步行街情境化设计研究,姜芹,2012,,,thesis,zh,INTERDISC_OTHER,T3
CITING-WORK-3ED8E7951B4E,展览建筑空间泛互动化设计研究--以2014青岛世界园艺博览会园艺文化中心设计为例,罗然,2013,,,thesis,zh,ARCH_DES_HER,T3
CITING-WORK-35DA7FC26718,滨海旅游地社区日常生活空间形态演化与意义重构：惠州巽寮湾渔业村案例,刘鸿运,2015,,,thesis,zh,TOUR_HOSP,T3
CITING-WORK-AA7DC888D28B,日常生活视野下的旧城开放空间重构研究,张帆,2015,,,thesis,zh,INTERDISC_OTHER,T3
CITING-WORK-63935BDB13EA,情境化设计在展示空间中的应用研究,武红侠,2015,,,thesis,zh,INTERDISC_OTHER,T3
CITING-WORK-C1A80656E4F7,边境旅游者情境感知研究--以德天瀑布景区为例,俞渊,2016,,,thesis,zh,TOUR_HOSP,T3
CITING-WORK-E5C73EBAB1CE,互动建筑研究初探--以当代世博会建筑场馆为例,朱鹏程,2017,,,thesis,zh,ARCH_DES_HER,T3
CITING-WORK-41A2E36A7999,基于“游戏精神”视角的智慧城市逻辑重构探索,李书音;王剑,2020,城市发展研究,,journal article,zh,URBAN_PLAN_GEO,T2
CITING-WORK-98E47E19A164,"基于""游戏""理念的城市场所感营造 ——以阿姆斯特丹游戏场与新巴比伦为例",邹玥,2022,城市建筑,10.19892/j.cnki.csjz.2022.09.28,journal article,zh,ARCH_DES_HER,T2
CITING-WORK-C678EED0E085,试论建筑情境:空间中身体感知与内在行为激发的关联性,王傲梅丽;徐锋;翟辉,2024,当代建筑,,journal article,zh,ARCH_DES_HER,T3
CITING-WORK-9A9E87229A32,迈向天空城市——高层建筑屋顶开放空间形态的演进与当代分野,佚名,,,,thesis,zh,ARCH_DES_HER,T3
CITING-WORK-1DEE36DCFE73,大众视角与情境--论典型公共空间的情境表达,李欣蔚;孙雁,2016,建筑与文化,10.3969/j.issn.1672-4909.2016.03.037,journal article,zh,ARCH_DES_HER,T2
CITING-WORK-DA246987B720,基于社会网络分析法的客栈情境研究--以平遥古城为例,屈册,2014,旅游研究,,journal article,zh,TOUR_HOSP,T3
CITING-WORK-C42C86709307,景观社会:当代旅游研究的情境主义视角,孙佼佼;谢彦君,2020,人文地理,10.13959/j.issn.1003-2398.2020.03.002,journal article,zh,TOUR_HOSP,T2
CITING-WORK-52D2A8FA2382,以日常需求为导向的城市微更新一次毕业设计中的上海老城区探索,蔡永洁;史清俊,2016,时代建筑,10.3969/j.issn.1005-684x.2016.04.005,journal article,zh,ARCH_DES_HER,T3
CITING-WORK-D286A05A3735,新型社区情境式养老环境设计初探——以杭州下沙江湾社区养老环境设计为例,陈雨茜,2015,设计,,journal article,zh,INTERDISC_OTHER,T2
CITING-WORK-29A3F0850A9F,城市生活空间质量观下的社区体系规划原理,王立;王兴中,2011,现代城市研究,10.3969/j.issn.1009-6000.2011.09.009,journal article,zh,URBAN_PLAN_GEO,T2
CITING-WORK-0EB293B087A3,中国日常生活批判多学科研究综述,贺苗;杨静;管小其,2011,学术交流,10.3969/j.issn.1000-8284.2011.06.003,journal article,zh,CULT_MEDIA,T2
CITING-WORK-61CBCB67CAEB,互动建筑理论与实践研究,蒋益清,2011,,,thesis,zh,ARCH_DES_HER,T3
CITING-WORK-E36AAF68EDDA,有温度的科研实验空间设计浅析,王彦,2021,住区,10.3969/j.issn.1674-9073.2021.05.011,journal article,zh,ARCH_DES_HER,T2
CITING-WORK-A17A15925D50,网络暴力事件中的情境因素研究,宛爽爽,2017,,,thesis,zh,INFO_TECH,T3
CITING-WORK-1BD42EB4B012,商业文化环境下粉丝的网络集体行动研究,王伟红,2018,,,thesis,zh,ECON_BUS_CONS,T3
CITING-WORK-4734C058DBBF,社交媒体评论中语言暴力的生成与扩散,徐伟,2018,,,thesis,zh,CULT_MEDIA,T3
CITING-WORK-384E14358AA0,社交媒体用户互动机制及关系转化研究--以微信微博为中心,范孟娟,2017,,,thesis,zh,CULT_MEDIA,T3
CITING-WORK-6A3732D240CB,新媒介素养视角下县城儿童媒介接触行为研究--基于河南省延津县公立小学的实证研究,李文靖,2019,,,thesis,zh,CULT_MEDIA,T3
CITING-WORK-BD81257588AE,媒介情境视角下的城市公共空间协同更新,琚慧,2020,,,thesis,zh,CULT_MEDIA,T3
CITING-WORK-69C35208F218,抖音短视频对龙孔镇农民工的生活建构研究,杨欢,2021,,,thesis,zh,CULT_MEDIA,T3
CITING-WORK-D6E9BFAF5973,基于新冠流调信息的微博用户集合行为研究,綦婷,2023,,,thesis,zh,INFO_TECH,T3
CITING-WORK-1D057262766C,网络趣缘社区中“新节俭”群体的自我建构与文化阐释--基于豆瓣“抠门男性联合会”小组的个案研究,冉佩瑶,2023,,,thesis,zh,CULT_MEDIA,T3
CITING-WORK-3C51ACCBFBE1,女性网络集合行为中的赋权问题研究,王璐瑶,2023,,,thesis,zh,INFO_TECH,T3
CITING-WORK-59D92341D318,社会冲突理论框架下的高校权力资源与公平诉求--基于四个典型案例舆情数据的分析,王菁,2023,,,thesis,zh,EDUCATION,T3
CITING-WORK-8DE5DE55BA7C,社交媒体中哀悼行为的情感传播研究,张文芳,2024,,,thesis,zh,CULT_MEDIA,T3
CITING-WORK-976EC763737C,直播电商场景下的客户体验及其测度研究,张星星,2023,,,thesis,zh,INTERDISC_OTHER,T3
CITING-WORK-B4FE6AF40C08,微信中的人际传播研究,曹文欣,2015,,,thesis,zh,CULT_MEDIA,T3
CITING-WORK-2870B19E904A,转基因话题微博谣言研究--以新浪微博为例,康亚杰,2016,,,thesis,zh,INTERDISC_OTHER,T3
CITING-WORK-80500343AA0A,青少年参与在线集体行动的网络媒介素养研究--基于长生疫苗事件的调查,竹筱,2019,,,thesis,zh,CULT_MEDIA,T3
CITING-WORK-B2FA2A0A3B4A,网络集合行为向现实空间的蔓延及其治理,张亚南,2020,,,thesis,zh,INFO_TECH,T3
CITING-WORK-D8B606F51135,信息的不确定性与后真相：以新冠疫情期间社会化媒体上的科技类虚假信息为例,迟妍玮,2021,,,thesis,zh,CULT_MEDIA,T3
CITING-WORK-A19F67D2F4E1,后疫情时代社交媒体与居民社区治理参与研究--以武汉市B社区为例,徐寅生,2022,,,thesis,zh,CULT_MEDIA,T3
CITING-WORK-84717D45A6F2,虚拟社区的知识传播机制研究--以豆瓣小组“掀起你的内幕来”为例,汪雅琪,2023,,,thesis,zh,CULT_MEDIA,T3
CITING-WORK-0549B39B0461,从私密到公共：在社交媒体上围绕痛经产生的性别冲突,张贝佳,2024,,,thesis,zh,CULT_MEDIA,T3
CITING-WORK-432A9A58E50D,媒介使用与社会资本积累:基于媒介效果视角,张苏秋;王夏歌,2021,国际新闻界,,journal article,zh,CULT_MEDIA,T2
CITING-WORK-E0EDB4CE10E3,二次元手游网络趣缘群体特征与集合行为研究——以手游《阴阳师》为例,李硕琳,2020,新媒体研究,,journal article,zh,CULT_MEDIA,T2
CITING-WORK-E57FFF572760,乡村振兴视域下虚拟社交构建社区共同体——以广州客家村仪式生活为例,朱琳,2021,新媒体研究,10.3969/j.issn.2096-0360.2021.18.030,journal article,zh,CULT_MEDIA,T2
CITING-WORK-26CECD158BCE,新媒介传播语境下的网络社群“正义观”及影响分析,高宪春,2015,南京社会科学,10.15937/j.cnki.issn,journal article,zh,INTERDISC_OTHER,T2
CITING-WORK-0291244E9AA6,情绪认知理论下高频转发微博的形成与传播,胡江伟;周云倩,2017,青年记者,,journal article,zh,CULT_MEDIA,T2
CITING-WORK-2235F5D9EE16,社交类App的开发现状及发展趋势,李文靖,2019,青年记者,,journal article,zh,CULT_MEDIA,T2
CITING-WORK-5CC5F6A1BEE0,媒介情境视角下医生媒介形象的建构与呈现,蒋昀洁;李燕丽;李洁,2022,西部广播电视,10.3969/j.issn.1006-5628.2022.15.044,journal article,zh,CULT_MEDIA,T2
CITING-WORK-D89DD9436D7B,从“想象”到“参与”：社交媒体与场景共同体--以春节微信红包为例,王军峰,2016,西部学刊,,journal article,zh,CULT_MEDIA,T2
CITING-WORK-390942B5FF7C,公共危机传播中社交媒体用户的参与动机与行为研究,薛可;余来辉;余明阳,2017,新闻界,,journal article,zh,CULT_MEDIA,T2
CITING-WORK-D9C2C0F7BC39,网络集体行动视角下的“周亮解说门”,陈力丹;徐志伟,2015,新闻记者,,journal article,zh,INTERDISC_OTHER,T2
CITING-WORK-DC50E7438155,网络情境中大学生的话语表达及其引导对策,张剑,2019,新闻前哨,10.3969/j.issn.1003-2827.2019.06.055,journal article,zh,CULT_MEDIA,T2
CITING-WORK-EA5FBCFA1AF6,地域消失：场景融合中公众人物的表达尴尬,陈晓光;陈红梅,2015,新闻知识,10.3969/j.issn.1003-3629.2015.06.006,journal article,zh,CULT_MEDIA,T2
CITING-WORK-94AD6141D321,社交媒体时代集合行为的运行机制与规避对策,台建林;范爽,2020,新闻知识,,journal article,zh,CULT_MEDIA,T2
CITING-WORK-AEB7E59ED16B,农业企业“渔光一体”商业模式的价值创造研究——以通威股份为例,张宇霞,2023,,,thesis,zh,RURAL_AGRI,T3
CITING-WORK-DF678A44587A,数字平台赋能与企业绩效--动态能力的中介和创业学习的调节作用研究,邓翔,2023,,,thesis,zh,EDUCATION,T3
CITING-WORK-F3F1CD45E9FC,DY公司直播带货效果的影响因素研究,雷丽思,2023,,,thesis,zh,INTERDISC_OTHER,T3
CITING-WORK-37DFC8CEC4D8,当代农民工抖音使用行为特征与影响因素研究,杨澜,2023,,,thesis,zh,INTERDISC_OTHER,T3
CITING-WORK-2758D097F2D3,互联网平台企业商业模式生命周期阶段划分及度量研究,幸子人,2023,,,thesis,zh,ECON_BUS_CONS,T3
CITING-WORK-0713C2BBD180,基于四要素的三七互娱盈利模式转型及效果研究,胡岳豪,2023,,,thesis,zh,INTERDISC_OTHER,T3
CITING-WORK-301E164DD978,电商主播推荐对消费者购买意愿的影响研究--基于SEM和fsQCA方法,喻广龙,2023,,,thesis,zh,ECON_BUS_CONS,T3
CITING-WORK-90DB2CDD8C2A,基于场景理论的植物空气净化器产品系统设计研究,赵成成,2023,,,thesis,zh,INTERDISC_OTHER,T3
CITING-WORK-E26E3DF2811D,短视频引流效应下的直播用户购买意愿研究--从依恋视角出发,黄敦虎,2023,,,thesis,zh,CULT_MEDIA,T3
CITING-WORK-164EBCE6182A,企业家导向对制造企业商业模式价值创造的影响：案例分析、实证检验与政策优化,周亚楠,2023,,,thesis,zh,ECON_BUS_CONS,T3
CITING-WORK-CF19361FB24A,考虑流量属性与激励机制的直播电商供应链决策研究,王一雯,2024,,,thesis,zh,INTERDISC_OTHER,T3
CITING-WORK-F500AD61C971,品效合一视角下抖音三农IP运营模式研究,陈淑意,2024,,,thesis,zh,INTERDISC_OTHER,T3
CITING-WORK-837A70D08833,基于 SOR 模型的短视频直播购物场景适老化交互设计研究,熊曾洁,2024,,,thesis,zh,CULT_MEDIA,T3
CITING-WORK-5FABA29A8712,自媒体商业模式要素价值创造路径研究——基于快手公司案例分析,李婧,2024,,,thesis,zh,ECON_BUS_CONS,T3
CITING-WORK-2BCBFE531790,涉农短视频平台功能动态模糊评价研究,向阳洋,2024,,,thesis,zh,CULT_MEDIA,T3
CITING-WORK-24A9CF28B028,抖音平台少数民族服饰类短视频的内容生产研究,乔璇,2024,,,thesis,zh,CULT_MEDIA,T3
CITING-WORK-EEA536DA057A,“双减”背景下教育企业盈利模式转型及效果研究——以新东方为例,李祥正,2024,,,thesis,zh,EDUCATION,T3
CITING-WORK-45407D70B4E7,A公司中台业务商业模式研究,罗美琴,2023,,,thesis,zh,ECON_BUS_CONS,T3
CITING-WORK-DE8287669F2D,A广告公司商业模式创新案例研究,温晓峰,2024,,,thesis,zh,ECON_BUS_CONS,T3
CITING-WORK-0EC7CDECF911,抖音三农短视频女性博主的自我呈现研究,木合塔白尔·木合甫力,2024,,,thesis,zh,CULT_MEDIA,T3
CITING-WORK-4ABA2DF97756,抖音平台品牌自播研究,常兆阳,2024,,,thesis,zh,ECON_BUS_CONS,T3
CITING-WORK-8EE8C47F68E1,S民用飞机配套企业供应链人力外协服务管理优化研究,周亦龙,2024,,,thesis,zh,ECON_BUS_CONS,T3
CITING-WORK-ADD8E6DAEB3B,参与式文化理论下中年女性用户的抖音使用研究--以玉粒姚村为例,郭万云,2024,,,thesis,zh,CULT_MEDIA,T3
CITING-WORK-5761B70E3FF3,农村短视频场景化商业模式创新路径研究,罗允淇,2025,,,thesis,zh,RURAL_AGRI,T3
CITING-WORK-7F0AAB42F835,旅游短视频信息质量与互动性对游客行为意向的影响研究,刘湘源,2024,,,thesis,zh,TOUR_HOSP,T3
CITING-WORK-0DF7D29BF8C3,小熊电器“创意小家电+互联网”商业模式价值创造研究,熊跃飞,2025,,,thesis,zh,ECON_BUS_CONS,T3
CITING-WORK-1B080FCEB452,基于4V理论的KS短视频平台营销策略优化研究,王卓,2025,,,thesis,zh,CULT_MEDIA,T3
CITING-WORK-8791D96F70C7,比亚迪颠覆式商业模式创新的价值创造效应研究,王龙斌,2025,,,thesis,zh,ECON_BUS_CONS,T3
CITING-WORK-88B1DC266904,南宁市S公司家电产品网络营销策略研究,刘烜佐,2025,,,thesis,zh,INFO_TECH,T3
CITING-WORK-08ED28319E74,中国石油在短视频平台上的品牌传播研究,熊巧玲,2025,,,thesis,zh,ECON_BUS_CONS,T3
CITING-WORK-C699844D0EF1,日本有邻堂书店新媒体视频推动实体书店发展的创新策略及其启示,佚名,,,,thesis,zh,CULT_MEDIA,T3
CITING-WORK-6DC14E744EBE,迷因模仿下的短视频营销广告传播机制研究——以抖音为例,张翔宇,2023,采.写.编,10.3969/j.issn.1007-8177.2023.07.032,journal article,zh,CULT_MEDIA,T2
CITING-WORK-94DB09487AE5,场景驱动下新零售商业模式创新及其价值创造的机理与策略,喻登科;熊曼玉;夏诗琦,2024,创新科技,10.19345/j.cxkj.1671-0037.2024.7.3,journal article,zh,ECON_BUS_CONS,T2
CITING-WORK-9376D50CEA73,智能互联环境下场景化服务对价值共创的影响,孙浩博;孙新波,2023,东北大学学报（自然科学版）,10.12068/j.issn.1005-3026.2023.11.020,journal article,zh,INFO_TECH,T3
CITING-WORK-FE5020FCA426,流量变现、价值创造与中国平台经济的高质量发展,曲创;种钰;刘莉,2024,当代经济科学,10.20069/j.cnki.djkx.202405006,journal article,zh,ECON_BUS_CONS,T3
CITING-WORK-4DC4A879DBF4,"场景如何基于""人货场""主导逻辑演变赋能新零售商业模式创新?——伊利集团案例研究",王福;刘俊华;长青,2023,管理评论,,journal article,zh,ECON_BUS_CONS,T2
CITING-WORK-2E61A7C4479F,场景如何赋能短视频立体化价值创造?——快手案例研究,王福;刘欣悦;刘俊华,2024,技术经济,10.12404/j.issn.1002-980x.j22091609,journal article,zh,ECON_BUS_CONS,T2
CITING-WORK-C861315ED512,数字民族志视角下的美食类短视频创意版权商业模式创新,武艳芹,2024,科学决策,10.3773/j.issn.1006-4885.2024.07.131,journal article,zh,ECON_BUS_CONS,T3
CITING-WORK-38DD3497C2EA,场景如何基于竞争战略选择借助价值主导逻辑演变赋能商业模式创新?——西贝莜面案例研究,王福;高化;刘俊华,2024,科学学与科学技术管理,,journal article,zh,ECON_BUS_CONS,T3
CITING-WORK-F9B3910979D3,数字内容平台如何实现商业模式场景化创新——基于资源行动视角的探索性单案例研究,孙新波;苑丽秀;何建笃,2024,南开管理评论,10.3969/j.issn.1008-3448.2024.08.002,journal article,zh,INTERDISC_OTHER,T2
CITING-WORK-4FE92C49CE75,短视频经济嵌入乡村振兴的困境、模式与实践,闫欣;马芊红,2024,农业经济,10.3969/j.issn.1001-6139.2024.04.021,journal article,zh,RURAL_AGRI,T2
CITING-WORK-DADF57561C40,短视频经济助力农村新质生产力发展的逻辑、价值与实践,杨雪晶;甄巍然,2026,农业经济,10.3969/j.issn.1001-6139.2026.01.047,journal article,zh,RURAL_AGRI,T2
CITING-WORK-80EB5DF0B8A8,组织学习、环境不确定性对直播电商企业场景化创新的影响——资源拼凑的视角,闫春;黄绍升,2024,企业经济,10.13529/j.cnki.enterprise.economy.2024.01.002,journal article,zh,ECON_BUS_CONS,T2
CITING-WORK-A79A91CFFD7C,场景赋能影视IP价值创造机理及实现路径研究,宋琪;周洢如,2025,生产力研究,10.3969/j.issn.1004-2768.2025.04.004,journal article,zh,ECON_BUS_CONS,T2
CITING-WORK-FAE8E723A0AA,内容、用户和收入:网络视频平台差异化管理模式研究,盛虎;张开阳;李静怡,2023,上海交通大学学报（哲学社会科学版）,10.13806/j.cnki.issn1008-7095.2023.11.003,journal article,zh,SOC_POLICY,T2
CITING-WORK-71EBBF94E4ED,主播赋能电商直播商业模式价值创造机理研究——基于小红书直播的双案例分析,毛丽娜;李可欣;易仙,2024,现代商业,,journal article,zh,ECON_BUS_CONS,T2
CITING-WORK-12050E589AFA,冰雪体育旅游IP运营逻辑及其传播路径探究,周晓旭;郑国华,2024,体育与科学,,journal article,zh,SPORT_LEISURE,T2
CITING-WORK-E3D68CE3BA25,流量赋能实体产业的内在机理与实施路径,李盼道;陈燃,2024,西南石油大学学报（社会科学版）,10.11885/j.issn.1674-5094.2023.12.29.01,journal article,zh,ECON_BUS_CONS,T3
CITING-WORK-BA65E506BB5E,价值共创视角下抖音平台商业模式创新研究,王琳琳;任远,2024,中国商论,10.19699/j.cnki.issn2096-0298.2024.23.126,journal article,zh,ECON_BUS_CONS,T2
CITING-WORK-DBFC94EE1447,工业遗产地旅游涉入、游客感知价值与满意度关系研究,贺雅娟,2023,,,thesis,zh,ARCH_DES_HER,T3
CITING-WORK-3D9908A29C35,文旅导向下胶济铁路（青岛站-沧口站）沿线工业遗产再利用研究,张瑜,2024,,,thesis,zh,ARCH_DES_HER,T3
CITING-WORK-9CCE71F8A41F,世界文化遗产旅游地居民地方依恋与主观幸福感关系研究--以丽江古城为例,李岚焘,2024,,,thesis,zh,ARCH_DES_HER,T3
CITING-WORK-6421D878A014,文创园区型工业遗产空间意象感知与评价研究--以合肥市“合柴1972”为例,倪瑞雪,2023,,,thesis,zh,ARCH_DES_HER,T3
CITING-WORK-3EB9E159A27D,工业遗产游客感知价值对游后行为意向的影响研究,杨雯心,2024,,,thesis,zh,ARCH_DES_HER,T3
CITING-WORK-31B3CA50C572,乡村工业遗产旅游地居民地方依恋变迁特征与影响因素研究——以重庆市大窝社区为例,陈琳,2024,,,thesis,zh,ARCH_DES_HER,T3
CITING-WORK-4BC057F54315,基于文化记忆理论的工业遗产旅游文创产品设计研究,李柳澄,2024,,,thesis,zh,ARCH_DES_HER,T3
CITING-WORK-F22143BB677C,“记忆-空间”视域下宜昌市三线工业遗产活化研究,魏丽蓉,2024,,,thesis,zh,ARCH_DES_HER,T3
CITING-WORK-27919CFFFCCD,文化旅游视域下苏联援华工业遗产保护利用分异研究--基于兰州与洛阳的比较,焦娇,2024,,,thesis,zh,ARCH_DES_HER,T3
CITING-WORK-15F157FA40A9,空间生产视角下西安市老钢厂历史地段空间更新研究,张恩泽,2024,,,thesis,zh,INTERDISC_OTHER,T3
CITING-WORK-5137A3728C20,可可托海工业遗产景观基因居民认知研究,林静,2024,,,thesis,zh,ARCH_DES_HER,T3
CITING-WORK-DACF412BE392,大同市工业遗产旅游感知价值评价研究,高占,2025,,,thesis,zh,ARCH_DES_HER,T3
CITING-WORK-9437B1787313,文旅融合背景下三线工业遗产空间改造设计实践研究--以重庆市双溪厂为例,杨恬恬,2025,,,thesis,zh,ARCH_DES_HER,T3
CITING-WORK-9BD3AE00C982,文旅视角下娄底市锡矿山工业遗产景观评价及优化策略研究,曹依敏,2024,,,thesis,zh,ARCH_DES_HER,T3
CITING-WORK-7DAC18B05E61,城市记忆视角下唐山工业遗产景观设计研究--以唐胥铁路为例,靳三锋,2025,,,thesis,zh,ARCH_DES_HER,T3
CITING-WORK-53B8B08BB7D3,基于行动者网络理论的鞍山市工业遗产保护与活化研究,邢智力,2024,,,thesis,zh,ARCH_DES_HER,T3
CITING-WORK-111FF88688E2,安徽肥东洋蛇灯的叙事考察与传承策略,高磊滔;闫淑心,2025,合肥大学学报,10.3969/j.issn.1673-162x.2025.01.005,journal article,zh,INTERDISC_OTHER,T3
CITING-WORK-2626A450D71A,工业文化遗产与旅游融合机理及评价指标研究,唐健雄;肖劲为;周颖,2025,湖南财政经济学院学报,10.16546/j.cnki.cn43-1510/f.2025.06.006,journal article,zh,ARCH_DES_HER,T3
CITING-WORK-1BACBB87A7A1,场景理论视域下历史文化名镇价值提升研究,陈波;毕欣雨,2025,江汉论坛,10.3969/j.issn.1003-854x.2025.02.017,journal article,zh,INTERDISC_OTHER,T2
CITING-WORK-05BE57F64A6B,文旅融合视域下工业遗产旅游推动城市更新的作用研究,席岳婷;马文博;张配,2025,经济研究参考,,journal article,zh,ARCH_DES_HER,T3
CITING-WORK-6ACE540D3D4C,中国传统工业遗产活化路径研究,黄志繁;邹旭,2025,江西社会科学,,journal article,zh,INTERDISC_OTHER,T2
CITING-WORK-CB93C540F1B4,基于TOE理论框架下的工业遗产旅游活化策略研究——以吉林省为例,佚名,,,,thesis,zh,ARCH_DES_HER,T3
CITING-WORK-58689C4AEECD,工业遗产实现价值激活的内在逻辑与模式研究,李海东;刘冰峰;许剑雄,2025,上海经济研究,10.3969/j.issn.1005-1309.2025.09.006,journal article,zh,ECON_BUS_CONS,T2
CITING-WORK-375637443E8D,精神文明视域下公共文化空间价值属性及其表达——基于三种公共场馆网络用户生成内容的分析,陈波;延书宁,2024,上海交通大学学报（哲学社会科学版）,10.13806/j.cnki.issn1008-7095.2024.09.007,journal article,zh,SOC_POLICY,T2
CITING-WORK-0D5F1AB62C37,被算法规训的文化表达:平台社会中数字内容生产的风险分析与治理路径,李晓兵,2025,深圳社会科学,10.3969/j.issn.1671-3575.2025.06.014,journal article,zh,CULT_MEDIA,T3
CITING-WORK-714AFCFF4188,三线工业遗产红色文化资源挖掘与传承,尚海永;任翠香,2025,唐山师范学院学报,10.3969/j.issn.1009-9115.2025.04.015,journal article,zh,ARCH_DES_HER,T3
CITING-WORK-948CD5B13C10,论电影工业遗产,韩晗;张慧敏,2024,同济大学学报（社会科学版）,10.3969/j.issn.1009-3060.2024.03.005,journal article,zh,ARCH_DES_HER,T2
CITING-WORK-57277B4EC8CF,文旅融合背景下工业遗产与旅游产业协同发展路径研究——以石家庄为例,王亚茹,2026,西部旅游,10.3969/j.issn.1006-2629.2026.01.016,journal article,zh,TOUR_HOSP,T2
CITING-WORK-CE6C02324E7C,游客感知视角下工业文化遗产旅游开发模式构建研究——以长沙铜官窑遗址为例,唐健雄;袁佳彤;周颖,2025,城市学刊,10.3969/j.issn.2096-059x.2025.05.010,journal article,zh,URBAN_PLAN_GEO,T2
CITING-WORK-903B58151B39,基于文化标识体系的湖南省工业遗产主题游径构建,陈珺瑶;王羽棠;陈素媛,2024,中外建筑,10.19940/j.cnki.1008-0422.2024.11.006,journal article,zh,ARCH_DES_HER,T2
CITING-WORK-4F9761B8129E,基于模糊数学的环鄱阳湖生态城市群城市舒适度评价,刘俊,2019,,,thesis,zh,URBAN_PLAN_GEO,T3
CITING-WORK-DC2B5E0E9DF8,互联网企业下沉的动因和结果研究,赵兴花,2021,,,thesis,zh,ECON_BUS_CONS,T3
CITING-WORK-030DA685955A,舒适物理论视角下城市休闲化评价研究——以中日新韩六大城市为例,赵才,2022,,,thesis,zh,SPORT_LEISURE,T3
CITING-WORK-10475176CD0C,我国农业科技人才集聚对农业绿色全要素生产率的影响研究,李佑平,2024,,,thesis,zh,RURAL_AGRI,T3
CITING-WORK-628B3AC9F961,乡村改造类短视频参与美丽乡村建设研究,金妍辰,2023,,,thesis,zh,RURAL_AGRI,T3
CITING-WORK-E55884D22DEF,地方感知与城市印象的形成--以H市为例,王泽雅,2019,,,thesis,zh,URBAN_PLAN_GEO,T3
CITING-WORK-82ED56F65EA6,"""场域-资本""视野下旅游村落社会分化动因研究",周坤,2022,阿坝师范学院学报,10.3969/j.issn.2096-1707.2022.04.012,journal article,zh,INTERDISC_OTHER,T2
CITING-WORK-A2E18D2AD801,独立书店何以生长于繁华商圈——基于消费社会学视角的解读,蔡静诚,2019,编辑之友,10.13786/j.cnki.cn14-1066/g2.2019.8.005,journal article,zh,INTERDISC_OTHER,T2
CITING-WORK-63162451B4DA,阈限空间与临界消费:城市书店的内在属性与经营路径研究,颜彬;马琳,2024,编辑之友,10.13786/j.cnki.cn14-1066/g2.2024.6.009,journal article,zh,INTERDISC_OTHER,T2
CITING-WORK-913BE49BD299,舒适物理论视角下莫干特色小镇建设解析——一个消费社会学视角,李敢,2017,城市规划,10.11819/cpr20170310a,journal article,zh,ARCH_DES_HER,T2
CITING-WORK-B818DC4129C5,我国城市舒适物区域差异及动态演进研究,扈爽;朱启贵,2022,城市问题,10.13239/j.bjsshkxy.cswt.220403,journal article,zh,URBAN_PLAN_GEO,T2
CITING-WORK-577EB2F419FA,转型期中国城市社会分层与流动的新趋势,李怀,2020,广东社会科学,,journal article,zh,ECON_BUS_CONS,T2
CITING-WORK-B1924E07C4E6,网购盛行背景下的社区商业、感性社区与社区认同感,王宁;任宁萱;曲奕璇,2025,广东社会科学,10.3969/j.issn.1000-114x.2025.06.015,journal article,zh,ECON_BUS_CONS,T2
CITING-WORK-76251FCEC124,城市人才吸引力提升路径研究 ——基于舒适物视角,扈爽;朱启贵,2021,管理现代化,10.19634/j.cnki.11-1403/c.2021.03.017,journal article,zh,URBAN_PLAN_GEO,T3
CITING-WORK-FF0B091E9675,消费不平等：资源支配逻辑和机会结构重塑,张翼;林晓珊,2015,甘肃社会科学,,journal article,zh,ECON_BUS_CONS,T2
CITING-WORK-60E238A159DE,城市舒适物、创意人才和城市创新,扈爽;朱启贵,2021,华东经济管理,10.19629/j.cnki.34-1014/f.210531020,journal article,zh,ECON_BUS_CONS,T2
CITING-WORK-B2105359CD6F,城市的消费集聚效应影响劳动力流入吗? ——基于35个大中城市面板数据的分析,武优勐;毛中根;朱雨可,2019,经济与管理研究,10.13502/j.cnki.issn1000-7636.2019.01.007,journal article,zh,ECON_BUS_CONS,T2
CITING-WORK-8EC1C08DCFA4,城市品质对人才聚集的影响:个人情感的中介作用,赵旭;赵祺,2021,荆楚理工学院学报,10.3969/j.issn.1008-4657.2021.06.008,journal article,zh,URBAN_PLAN_GEO,T3
CITING-WORK-2123284AF4E4,人力资本视角下对我国大城市低端劳动力供给的反思,吴文雅;兰国辉,2018,开封教育学院学报,10.3969/j.issn.1008-9640.2018.03.135,journal article,zh,EDUCATION,T3
CITING-WORK-E688AB824B0D,中国创意阶层的职业选择:来自体制与父代的影响,王荣欣,2017,青年探索,10.13583/j.cnki.issn1004-3780.2017.03.008,journal article,zh,URBAN_PLAN_GEO,T2
CITING-WORK-F807DEB0AF36,职场舒适物、心理收入与人才流动,王宁;叶华,2014,人文杂志,10.3969/j.issn.0447-662x.2014.09.015,journal article,zh,INTERDISC_OTHER,T3
CITING-WORK-5702495B6530,地方资本:一个乡村旅游研究的新概念,周坤,2019,四川师范大学学报（社会科学版）,10.3969/j.issn.1000-5315.2019.06.009,journal article,zh,TOUR_HOSP,T2
CITING-WORK-21595CD50904,历史进程中的美好生活诉求与个人全面发展和社会全面进步,杨敏;褚世伟,2022,思想战线,10.3969/j.issn.1001-778x.2022.02.011,journal article,zh,EDUCATION,T2
CITING-WORK-55AA4418C2C5,地方分层、人才流动与城市人才吸引力——“地理流动与社会流动”理论探究之二,王宁,2014,同济大学学报（社会科学版）,10.3969/j.issn.1009-3060.2014.06.006,journal article,zh,ARCH_DES_HER,T2
CITING-WORK-E46A27F9C6AF,我国农村消费结构与产业结构互动效应的区域测算,李自琼;刘东皇,2015,统计与决策,10.13546/j.cnki.tjyjc.2015.24.017,journal article,zh,RURAL_AGRI,T3
CITING-WORK-BF9D7BFFF7EF,舒适物理论视角下中国体育小镇运行机制与发展路径,秦立凯,2019,体育成人教育学刊,,journal article,zh,EDUCATION,T3
CITING-WORK-86B0A70D99B2,最美乡村空间开发的评价指标体系构建——基于舒适物的分析视角,吴志斌;姜照君,2015,文化产业研究,,journal article,zh,CULT_MEDIA,T2
CITING-WORK-C1175918FFF8,中国城市消费舒适度:内涵、测度及空间格局,武优勐;黄河;毛中根,2022,消费经济,,journal article,zh,ECON_BUS_CONS,T2
CITING-WORK-319D0F3F43FA,微观主体视角下土地综合整治对乡村舒适性的影响——基于武汉都市圈6个区县10个旅游村庄的实证,何硕研;夏薇;孙小宇,2024,自然资源学报,10.31497/zrzyxb.20240810,journal article,zh,URBAN_PLAN_GEO,T2
CITING-WORK-EB306C604B2E,珠三角人才空间分布格局演变与影响因素,张佳宁;李立勋,2020,中山大学学报（自然科学版）,10.13471/j.cnki.acta.snus.2020.02.014,journal article,zh,INTERDISC_OTHER,T3
CITING-WORK-F510BC767D9D,公园城市背景下社区绿道规划方法研究——以成都交子公园片区为例,黄丽锦,2020,,,thesis,zh,ARCH_DES_HER,T3
CITING-WORK-EAC65EDA2786,基于“未来产业社区”理念的产业园区设计探讨,王伟,2021,,,thesis,zh,ECON_BUS_CONS,T3
CITING-WORK-F0C31A989A6F,城市非工业区面源污染高风险区识别及雨洪管理措施设计策略研究-以成都市青羊区为例,赵瑞泽,2021,,,thesis,zh,URBAN_PLAN_GEO,T3
CITING-WORK-5E5CDB145899,成都公园社区评价指标体系构建研究,罗淑予,2021,,,thesis,zh,URBAN_PLAN_GEO,T3
CITING-WORK-C68913BE5AF4,“公园城市”视角下的小型绿地设计研究——以丰台丽泽体育文化综合体代征绿地园林设计为例,周晓菲,2021,,,thesis,zh,CULT_MEDIA,T3
CITING-WORK-A2403DF76E71,公园城市理念下中心城区公园体系概念及评价指标体系研究,姚夏晴,2022,,,thesis,zh,URBAN_PLAN_GEO,T3
CITING-WORK-908D247EEC07,南宁市小学生的自然体验与城市绿地野生动物保护意愿探究,徐佳苹,2023,,,thesis,zh,URBAN_PLAN_GEO,T3
CITING-WORK-660B8753E4F4,架空空间改造策略研究--以成都市为例基于社区微更新理念的住宅底部,汪蜀春,2022,,,thesis,zh,URBAN_PLAN_GEO,T3
CITING-WORK-950630FDA8DB,基于场景理论的成都市立交桥下剩余空间更新策略研究--以一二三环为例,侯捷,2023,,,thesis,zh,INTERDISC_OTHER,T3
CITING-WORK-245C60C467F1,社区公园游憩服务的重要性与满意度分析及空间优化研究——以深圳市南山区为例,滕淼,2024,,,thesis,zh,URBAN_PLAN_GEO,T3
CITING-WORK-DE341EB9E289,成都“东郊”单位型旧住区公共空间优化策略研究,游欣畅,2023,,,thesis,zh,URBAN_PLAN_GEO,T3
CITING-WORK-536CB8852662,健康需求导向下的社区公共设施服务绩效评价研究--以成都市成华区联合社区为例,肖钧,2023,,,thesis,zh,URBAN_PLAN_GEO,T3
CITING-WORK-02EC1C4209CE,后疫情时代健康社区的发展研究,孙荣红,2023,,,thesis,zh,URBAN_PLAN_GEO,T3
CITING-WORK-AD56BA3013B6,公园城市背景下苏州宝带桥文化公园景观设计研究,王杜若,2023,,,thesis,zh,ARCH_DES_HER,T3
CITING-WORK-5B69E35556B0,基于公园社区理论的特色小镇公共空间景观设计--以望亭运河公园为例,杨哲宏,2023,,,thesis,zh,ARCH_DES_HER,T3
CITING-WORK-9460C9952ED5,公园城市视域下成都市公园时空分异与生态系统文化服务评价,段琳,2024,,,thesis,zh,CULT_MEDIA,T3
CITING-WORK-3E101C952FB9,公园城市理念下城市绿地空间场景营造研究,张嘉慧,2022,城市建筑,10.19892/j.cnki.csjz.2022.24.49,journal article,zh,ARCH_DES_HER,T2
CITING-WORK-75CB581DEA15,基于手机信令数据的上海市社区公园服务半径及影响因素研究,刘颂;杨莹;贾虎,2021,风景园林,10.14085/j.fjyl.2021.06.0088.06,journal article,zh,ARCH_DES_HER,T2
CITING-WORK-76B7E7C322A9,公园城市语境下科创园区空间转型与规划策略——以湖南林业科技产业园规划为例,许仁宗;雷志刚,2024,规划师,10.3969/j.issn.1006-0022.2024.z1.039,journal article,zh,URBAN_PLAN_GEO,T2
CITING-WORK-FB0F420F7C38,沈阳市口袋公园基本建设思路探析,杨锐;吴楠;范久余,2024,现代园艺,10.3969/j.issn.1006-4958.2024.17.045,journal article,zh,ARCH_DES_HER,T2
CITING-WORK-EDACFB56E77A,"公园城市老旧社区""城市漫步""新场景营造研究——以成都市玉林社区为例",邢斌;唐莉英,2024,美术教育研究,10.3969/j.issn.1674-9286.2024.20.047,journal article,zh,ARCH_DES_HER,T2
CITING-WORK-15ACCA8A6778,基于场景理论的健康社区营造,孟丹诚;徐磊青,2021,南方建筑,10.3969/j.issn.1000-0232.2021.03.036,journal article,zh,ARCH_DES_HER,T2
CITING-WORK-48A3BD994A12,公园城市语境下的社区空间微更新研究——以成都市武侯区红牌楼健康公园为例,董彦卿;李朝晖,2023,设计,10.3969/j.issn.1003-0069.2023.04.044,journal article,zh,INTERDISC_OTHER,T2
CITING-WORK-8F855699FD13,基于文献计量分析的中国公园城市研究进展与展望,刘玉龙;张青萍;郑思俊,2021,园林,10.12193/j.laing.2021.11.0070.010,journal article,zh,ARCH_DES_HER,T2
CITING-WORK-1464F0719BD6,蕲春县艾产业集群发展研究,张晶,2020,,,thesis,zh,ECON_BUS_CONS,T3
CITING-WORK-DF498A725590,文化创意产业集聚对区域创新能力的影响研究——以西安市为例,曹桢,2020,,,thesis,zh,ECON_BUS_CONS,T3
CITING-WORK-439C067EE76B,创新网络视角下西安市文化企业创新绩效研究,王旭,2020,,,thesis,zh,ECON_BUS_CONS,T3
CITING-WORK-633D870A9C6F,基于知识网络的湖南省新一代信息技术产业集群创新能力研究,黄博恒,2020,,,thesis,zh,ECON_BUS_CONS,T3
CITING-WORK-558125BFEA6E,中国文化产业发展对于经济增长质量的影响研究,孙海欣,2021,,,thesis,zh,ECON_BUS_CONS,T3
CITING-WORK-E3C7A339EEF9,基于特色文化空间构建的大遗址文化产业集群空间规划机制研究——以汉长安城遗址为例,庄霆坚,2021,,,thesis,zh,ARCH_DES_HER,T3
CITING-WORK-2BDBF17FDD09,吉广集团“创意·TOP城”服务营销策略研究,高飞,2022,,,thesis,zh,INTERDISC_OTHER,T3
CITING-WORK-C259D1BE8B04,A企业产业园区发展策略研究,杜泉泓,2022,,,thesis,zh,ECON_BUS_CONS,T3
CITING-WORK-453D6983CD8B,开封S文化产业园区发展问题与对策研究,张慧娜,2021,,,thesis,zh,ECON_BUS_CONS,T3
CITING-WORK-0043CB47A2C8,大遗址文化产业集群空间规划模式研究——以杜陵遗址为例,刘畅,2023,,,thesis,zh,ARCH_DES_HER,T3
CITING-WORK-FCAB90E9AB1E,景德镇陶瓷文化博物馆集群发展研究,杨琳靖,2025,,,thesis,zh,CULT_MEDIA,T3
CITING-WORK-3781A1317896,中国数字文化产业发展的影响因素及其经济效应研究,邓凯文,2023,,,thesis,zh,ECON_BUS_CONS,T3
CITING-WORK-827291B8AC8C,藏羌彝文化产业走廊空间格局及演化研究,方永恒;王英;李晓军,2020,阿坝师范学院学报,,journal article,zh,INTERDISC_OTHER,T2
CITING-WORK-720DCD6893BA,建立适合城市文化产业发展的艺术美育集群研究,王界一,2023,包装世界,,journal article,zh,ECON_BUS_CONS,T3
CITING-WORK-9102FFB9E16E,"多元租差框架下城市存量空间更新动力的再阐释——以""朗园Vintage""和田子坊为例",谢金丰;涂文颖,2023,城市规划学刊,10.16361/j.upf.202301011,journal article,zh,URBAN_PLAN_GEO,T2
CITING-WORK-60F85E5C01D0,粤港澳大湾区文化产业协同发展策略研究,单婧,2021,广东经济,,journal article,zh,ECON_BUS_CONS,T3
CITING-WORK-89B255FC8D51,模具产业集群化的经济效应探究,杨睿,2020,产业创新研究,,journal article,zh,ECON_BUS_CONS,T2
CITING-WORK-D2FA4565AFB5,基于SWOT-AHP模型的滇桂黔地区文化产业发展战略选择研究,陈潇潇;莫麒民,2024,贺州学院学报,10.3969/j.issn.1673-8861.2024.01.016,journal article,zh,INTERDISC_OTHER,T2
CITING-WORK-78DBDED80120,"晋中文化生态保护区""非遗""分布特征及旅游利用模式",张建忠;温娟娟;刘家明,2023,经济地理,10.15957/j.cnki.jjdl.2023.07.023,journal article,zh,ECON_BUS_CONS,T2
CITING-WORK-8BF80B98A2E8,伦敦创意产业对深圳建设区域文化中心城市的借鉴和启示,佚名,,,,thesis,zh,ECON_BUS_CONS,T3
CITING-WORK-162C7D8887BA,世界湾区影视娱乐产业集聚格局与粤港澳应对策略——基于2008-2017年全球上市公司数据的区位熵分析,臧志彭;严艳璐,2020,同济大学学报（社会科学版）,,journal article,zh,ARCH_DES_HER,T2
CITING-WORK-4C1030002049,粤港澳大湾区文化创意产业集聚研究,刘芷璇;蔡晓珊,2021,探求,10.3969/j.issn.1003-8744.2021.03.007,journal article,zh,ECON_BUS_CONS,T3
CITING-WORK-DAEBD32AACF7,长三角文化产业集群发展:实践成效、现实困境与战略路径,王文姬;刘柏阳,2021,文化产业研究,,journal article,zh,CULT_MEDIA,T2
CITING-WORK-E0BFFA10DD4E,传统陶瓷文化产业机遇与挑战、融合发展模式及创新举措研究,李彦雯;杨哲伦,2024,文化产业研究,,journal article,zh,CULT_MEDIA,T2
CITING-WORK-7A6E3C79F45C,中国影视文化创意产业发展探析,陈彩霞,2020,西部广播电视,,journal article,zh,CULT_MEDIA,T2
CITING-WORK-11ABA576437D,粤港澳大湾区文化产业投融资趋势与人工智能赋能研究,袁侃,2025,现代商贸工业,10.19311/j.cnki.1672-3198.2025.14.003,journal article,zh,ECON_BUS_CONS,T2
CITING-WORK-29CC56E4C4F3,"""场景—场域""视角下文化创意产业赋能工业遗产更新研究——以景德镇""十大瓷厂""为例",王小溪,2024,艺术百家,10.3969/j.issn.1003-9104.2024.03.011,journal article,zh,CULT_MEDIA,T2
CITING-WORK-FC9410A6021C,我国文化产业未来发展策略探讨,尹梦瑶;谢冰清,2020,艺术科技,,journal article,zh,CULT_MEDIA,T2
CITING-WORK-E30052633667,知识经济背景下创意文化产业发展机制与对策研究,孟茂倩,2022,郑州大学学报（哲学社会科学版）,,journal article,zh,ECON_BUS_CONS,T3
CITING-WORK-92336E150E2A,旗袍线上场景营销对消费者行为意愿的影响,杨悦,2020,,,thesis,zh,ECON_BUS_CONS,T3
CITING-WORK-274B10EA632E,新消费时代下商业综合体空间场景化设计策略研究,曲宝琪,2021,,,thesis,zh,ECON_BUS_CONS,T3
CITING-WORK-FCBDD229F950,勒泰购物中心市场竞争战略研究,尚学红,2021,,,thesis,zh,ECON_BUS_CONS,T3
CITING-WORK-E473697C57DC,基于抖音短视频的成都场景意象特征探索,陈汝霜,2021,华南理工大学,,thesis,zh,CULT_MEDIA,T3
CITING-WORK-F87C73CDBD33,基于场景构建的商业综合体改造设计研究,李想,2020,,,thesis,zh,ECON_BUS_CONS,T3
CITING-WORK-F38C759A3E84,基于交互体验的建筑场景空间设计理论与方法研究,贺娇,2022,,,thesis,zh,ARCH_DES_HER,T3
CITING-WORK-2BF8A31A381A,W购物中心营销策略优化研究,封月娇,2022,,,thesis,zh,INTERDISC_OTHER,T3
CITING-WORK-DED2162F3B00,D购物中心营销策略优化研究,梁莹,2023,,,thesis,zh,INTERDISC_OTHER,T3
CITING-WORK-A003B2F7BA0D,户外运动赋能郊野公园建设研究--以上海为例,徐嘉璇,2024,,,thesis,zh,SPORT_LEISURE,T3
CITING-WORK-3D988691B532,城市记忆视角下怀旧空间感知与地方认同研究——以西安易俗社文化街区为例,马艳敏,2023,,,thesis,zh,ARCH_DES_HER,T3
CITING-WORK-8FA75014859F,LC农商银行老年客群场景营销策略研究,黄昱音,2024,,,thesis,zh,INTERDISC_OTHER,T3
CITING-WORK-517FF8905844,扬州WY广场整合营销传播策略研究,陈静,2019,,,thesis,zh,CULT_MEDIA,T3
CITING-WORK-49436E4896BD,X地产北碚J项目投资建设项目评价,彭棋,2021,,,thesis,zh,INTERDISC_OTHER,T3
CITING-WORK-16004FE34C87,国际消费中心城市建设背景下的首店经济发展研究——以重庆为例,廖玉姣,2023,重庆社会科学,10.19631/j.cnki.css.2023.003.009,journal article,zh,TOUR_HOSP,T2
CITING-WORK-9AE9A5A1F4CF,商业街底层界面量化研究 ——以合肥市壨街为例,孙浩;苏继会,2020,城市建筑,,journal article,zh,ARCH_DES_HER,T2
CITING-WORK-1BF31B94519B,线上购物冲击下的商场设计策略 ——基于商场建筑课程设计的思考,王超伟,2021,城市建筑,10.19892/j.cnki.csjz.2021.22.32,journal article,zh,ARCH_DES_HER,T2
CITING-WORK-142D30B1B2D6,基于空间场景化建构的商业综合体建筑设计探索,曲宝琪,2020,城市住宅,,journal article,zh,URBAN_PLAN_GEO,T2
CITING-WORK-9304C03B38CE,消费者视角下提升商业综合体活力策略探讨——以黄龙万科K-lab为例,俞悦;林帅君;陈炜,2020,建筑与文化,,journal article,zh,ARCH_DES_HER,T2
CITING-WORK-7999F99ED46D,购物中心内部公共空间公园化场景设计研究,吴福兴;倪阳,2023,建筑与文化,10.19875/j.cnki.jzywh.2023.05.070,journal article,zh,ARCH_DES_HER,T2
CITING-WORK-53C9E2CF5F45,跨国文化消费空间的演化过程及其特征体现——以上海市虹泉路韩国街街区为例,汤雨蒹;葛幼松,2025,上海城市规划,10.11982/j.supr.20250314,journal article,zh,URBAN_PLAN_GEO,T2
CITING-WORK-4A1CC6A2CC10,城市消费空间场景化对城市历史空间复兴的影响路径研究——以城市购物中心为例,谈佳洁,2020,上海城市管理,10.3969/j.issn.1674-7739.2020.01.014,journal article,zh,SOC_POLICY,T2
CITING-WORK-BEC00339566D,"城市消费空间""家""的想象与情感建构",蔡少燕,2021,世界地理研究,10.3969/j.issn.1004-9479.2021.06.2019560,journal article,zh,URBAN_PLAN_GEO,T2
CITING-WORK-79874092E8B1,我国消费中心城市发展水平测度与消费支点效应——基于区域一体化视角,钟诗梦;李平,2021,商业经济研究,,journal article,zh,ECON_BUS_CONS,T2
CITING-WORK-BD7073946BE9,论数字时代我国体育新消费,刘建武;钟丽萍;范成文,2023,体育文化导刊,10.3969/j.issn.1671-1572.2023.08.011,journal article,zh,SPORT_LEISURE,T2
CITING-WORK-A61FAE3CD1BF,"新媒体生态下""社群经济""的传播路径探索——以""盲盒""的热销为例",姜书婷;宋兆宽,2020,传媒观察,,journal article,zh,CULT_MEDIA,T2
CITING-WORK-7D082F919E89,打造开封“剧本杀之城”条件及对策研究,郝婷,2023,,,thesis,zh,INTERDISC_OTHER,T3
CITING-WORK-ADE5D69B1EB7,媒介化视域下电子游戏的场景建构研究,丁思雨,2023,,,thesis,zh,CULT_MEDIA,T3
CITING-WORK-C3DF0E60B321,思想政治教育促进乡村优秀传统文化传承与发展研究,刘莲香,2023,,,thesis,zh,RURAL_AGRI,T3
CITING-WORK-322589DA5034,衢州市柯城区文化旅游赋能乡村振兴发展对策研究,叶卿,2024,,,thesis,zh,TOUR_HOSP,T3
CITING-WORK-904E54E0C12E,基于游客感知的江西省瑞金市文化旅游发展对策研究,赖圆圆,2024,,,thesis,zh,TOUR_HOSP,T3
CITING-WORK-5B0D3FF1AD30,基于场景理论的旅游专列出行服务设计研究,闫鑫,2023,,,thesis,zh,TOUR_HOSP,T3
CITING-WORK-6A1191B1CEF1,体育展示场景化呈现的质性研究--以2022年WTT中国系列赛为例,赵佳钰,2024,,,thesis,zh,SPORT_LEISURE,T3
CITING-WORK-BBEF26908868,文化共生下的乡村文旅数字场景设计研究——以前童古镇为例,李儒涵,2024,,,thesis,zh,TOUR_HOSP,T3
CITING-WORK-68F6E7311593,L景区体验营销策略研究,殷舒汇,2025,,,thesis,zh,TOUR_HOSP,T3
CITING-WORK-6BA097CDCB7F,适老化数字技术驱动社区老年体育服务智慧化:生成逻辑与张力调适,郭彬;张锐,2025,社会工作,10.3969/j.issn.1672-4828.2025.02.006,journal article,zh,SOC_POLICY,T2
CITING-WORK-1D0A2E75F8BF,数字经济赋能文化消费的机理与路径研究,张茜,2025,财经界,10.3969/j.issn.1009-2781.2025.32.006,journal article,zh,ECON_BUS_CONS,T3
CITING-WORK-86BC45688CC0,数字经济与文旅产业融合发展的地区差异及影响因素,裴锐康;谢雪梅;白凯,2025,地域研究与开发,10.3969/j.issn.1003-2363.2025.05.002,journal article,zh,URBAN_PLAN_GEO,T2
CITING-WORK-F555B16C0193,元宇宙与文旅产业融合发展的理论逻辑与实施路径,陈意山;欧阳日辉,2023,广西社会科学,10.3969/j.issn.1004-6917.2023.02.016,journal article,zh,TOUR_HOSP,T3
CITING-WORK-D6B79558D8B5,河北省数字化引领文化旅游产业应用场景实践与创新,王颖;张乙喆,2024,工业技术与职业教育,,journal article,zh,TOUR_HOSP,T3
CITING-WORK-D3B294AD56E8,新质生产力与文旅深度融合的双向赋能:内在逻辑与实践路径,黄爱莲;高静;尚凡露,2024,中南林业科技大学学报（社会科学版）,10.14067/j.cnki.1673-9272.2024.04.003,journal article,zh,INTERDISC_OTHER,T2
CITING-WORK-CD8C734C1430,新质生产力视角下冰雪运动文化融入北方城市品牌塑造的路径,康成;黄丽敏,2026,吉林体育学院学报,10.3969/j.issn.1672-1365.2026.01.002,journal article,zh,ECON_BUS_CONS,T2
CITING-WORK-577D06E6BC77,数字孪生驱动社区治理智慧化:现实样态与路径探索,郭彬;陈功;邹昀瑾,2024,科技管理研究,10.3969/j.issn.1000-7695.2024.8.015,journal article,zh,URBAN_PLAN_GEO,T2
CITING-WORK-842F09F6FE47,"数字文旅中的沉浸式体验及其""气氛""审美探赜",徐雪,2023,广西科技师范学院学报,10.3969/j.issn.1003-7020.2023.05.006,journal article,zh,TOUR_HOSP,T3
CITING-WORK-B5F61164C0A6,社交网络赋能文化旅游深度融合:发展特征、作用机制与推进路径,周锦;曹鲁娜,2024,南京社会科学,10.15937/j.cnki.issn1001-8263.2024.03.015,journal article,zh,INTERDISC_OTHER,T2
CITING-WORK-E9E53517FE32,乡村文旅品牌建设对消费者消费行为的影响研究——以湘潭市为例,易文婷;杨春秋;周妍,2024,品牌研究,10.3969/j.issn.1671-1009.2024.15.001,journal article,zh,ECON_BUS_CONS,T2
CITING-WORK-CE61E234868A,虚实共生视角下目的地文旅IP开发模式探索——基于洛阳IP的符号机制研究,蔡礼彬;鲁懿慧,2026,四川师范大学学报（社会科学版）,10.13734/j.cnki.1000-5315.2026.0403,journal article,zh,TOUR_HOSP,T2
CITING-WORK-E143434837B2,元宇宙赋能数字旅游场景的理论逻辑与实践路径,马三喜,2024,社会科学家,10.3969/j.issn.1002-3240.2024.04.008,journal article,zh,TOUR_HOSP,T2
CITING-WORK-6DA1E9A40A74,元宇宙背景下数字文旅产品优化路径研究,王乐;高文智,2024,绥化学院学报,10.3969/j.issn.2095-0438.2024.08.014,journal article,zh,INTERDISC_OTHER,T2
CITING-WORK-683A51DAB1C9,数字孪生赋能体育场馆智慧化转型的理论架构、制约因素与优化路径,王爱萍;范峰,2025,上海体育大学学报,10.16099/j.sus.2024.10.09.0007,journal article,zh,INFO_TECH,T3
CITING-WORK-F21456E2745F,数字化背景下紫金山风景区体育旅游融合发展研究,王怡静,2023,文体用品与科技,10.3969/j.issn.1006-8902.2023.24.032,journal article,zh,SPORT_LEISURE,T2
CITING-WORK-C5102DC695B5,长江经济带数字经济与实体经济的时空耦合及驱动因素研究,王国宁,2023,无锡商业职业技术学院学报,10.3969/j.issn.1671-4806.2023.02.008,journal article,zh,ECON_BUS_CONS,T3
CITING-WORK-3E94F389F94C,文旅融合视角下粤港澳大湾区研学旅游发展路径研究,彭琳,2025,西部旅游,,journal article,zh,TOUR_HOSP,T2
CITING-WORK-D270BD714BF2,面向高质量发展的数字文化产业与旅游业深度融合:内涵、机理与测度,熊正德;柯意,2023,中国流通经济,10.14089/j.cnki.cn11-3664/f.2023.12.001,journal article,zh,ECON_BUS_CONS,T2
CITING-WORK-CF0D59BD70B1,以Z世代流行为中心的城市漫游路径感知评价研究——以福州市为例,谢佳晖;陈铮衍;林逸珊,2024,资源开发与市场,10.3969/j.issn.1005-8141.2024.12.015,journal article,zh,URBAN_PLAN_GEO,T2
CITING-WORK-F18A32730904,易地搬迁社区的失序化困境与空间治理研究--以桂南A县为例,李茜茜,2023,,,thesis,zh,URBAN_PLAN_GEO,T3
CITING-WORK-AB4833C2002C,芜湖古城文化资源保护利用研究,王齐玥,2023,,,thesis,zh,CULT_MEDIA,T3
CITING-WORK-38AC4EC61E23,城市更新下夜间文旅消费空间发展与治理研究,王慧彤,2024,,,thesis,zh,TOUR_HOSP,T3
CITING-WORK-54650E43E76B,日常生活实践视角下创意街区文化空间生产研究——以西安市老菜场市井文化创意街区为例,秦赛,2024,,,thesis,zh,ARCH_DES_HER,T3
CITING-WORK-99FA2444D6E2,旅游休闲街区文化元素游客感知及提升策略研究--以平江历史街区为例,雷梦园,2024,,,thesis,zh,ARCH_DES_HER,T3
CITING-WORK-0F385574886D,作为媒介的空间：宁夏吴忠早茶文化的空间生产及其地方认同研究,马小宁,2024,,,thesis,zh,CULT_MEDIA,T3
CITING-WORK-7F56DD9E30E6,成都市J社区治理中存在的问题与对策研究,黄麒羽,2024,,,thesis,zh,URBAN_PLAN_GEO,T3
CITING-WORK-C2D6E6B5955E,城市更新背景下的消费空间生产研究——以北京首开LONG街为例,佚名,,,,thesis,zh,ECON_BUS_CONS,T3
CITING-WORK-86BB88465D70,"文化经济地理视角下城市地方营造的过程与机制——""东莞茶仓""案例",邹小丹;蔡晓梅,2024,地理科学进展,10.18306/dlkxjz.2024.05.010,journal article,zh,RURAL_AGRI,T2
CITING-WORK-BB7CC4B0A2E7,数字化转型赋能公平、多元和包容的城市更新——以北京市朝阳区三里屯商区为例,史祚政;欧阳文;崔涵,2025,华中建筑,,journal article,zh,ARCH_DES_HER,T2
CITING-WORK-9A9446135515,"基于""场景力""构建的河北省旅游休闲街区提升研究",张葳;聂玮,2024,经济论坛,10.3969/j.issn.1003-3580.2024.09.008,journal article,zh,TOUR_HOSP,T2
CITING-WORK-58F2C8AF2681,石库门里的蜂鸣:城市文化街区的可持续性探索,周玲鹏,2024,美与时代,,journal article,zh,ARCH_DES_HER,T2
CITING-WORK-690A9D508002,数字化场景营造对游客价值共创行为的影响机制,张琰飞;仲伟佳;朱海英,2025,西部经济管理论坛（原四川经济管理学院学报）,10.12181/jjgl.2025.02.06,journal article,zh,TOUR_HOSP,T2
CITING-WORK-742E699EB7D2,福州苍霞街区空间特征分析及活力研究,林丁丁;徐子涵;陈冰滢,2024,山东林业科技,10.3969/j.issn.1002-2724.2024.03.005,journal article,zh,TOUR_HOSP,T2
CITING-WORK-6460CF1E485B,"农村婚礼仪式品味的变迁与""城里人""想象——以豫东P村为例",张敦福;高夏丽,2024,上海大学学报（社会科学版）,10.3969/j.issn1007-6522.2024.06.007,journal article,zh,RURAL_AGRI,T3
CITING-WORK-149A205226AA,公共图书馆阅读市集建设分析及提升策略——以浙江省台州市实践为例,佚名,,,,thesis,zh,INTERDISC_OTHER,T3
CITING-WORK-3566940077F9,文化消费试点政策如何促进创意城市发展,周锦;曹洋,2025,文化产业研究,,journal article,zh,CULT_MEDIA,T2
CITING-WORK-F6959076F820,龙舟兴乡:乡村振兴视域下民俗体育文化再生产的实践考察与机制探赜,童国军;王明建,2025,原生态民族文化学刊,10.3969/j.issn.1674-621x.2025.01.008,journal article,zh,RURAL_AGRI,T3
CITING-WORK-A93D9004B83E,社会质量视域下青年发展型街区营造的政策实践机制,王君健;郑子祎,2025,中国青年研究,10.3969/j.issn.1002-9931.2025.11.004,journal article,zh,SOC_POLICY,T2
CITING-WORK-ED818D5044FB,"""三新""领域妇联组织推进基层治理的行动策略——基于""公共价值共识—行动者网络—微治理""分析",陈丽琴;杜海艳,2026,中华女子学院学报,10.13277/j.cnki.jcwu.2026.01.002,journal article,zh,INFO_TECH,T3
CITING-WORK-1D6E9B06E06E,场景理论视角下的社区文化空间构建策略研究,鲁潇;陈玲;王载波,2024,智能建筑与智慧城市,10.13655/j.cnki.ibci.2024.12.017,journal article,zh,ARCH_DES_HER,T2
CITING-WORK-AD99128AAE7C,基于人文GIS的少林寺档案开发研究,明丽丽,2020,,,thesis,zh,INTERDISC_OTHER,T3
CITING-WORK-C87DA922FED3,博物馆IP的建构与传播路径研究——以陕西历史博物馆“唐妞”为例,延博,2021,,,thesis,zh,CULT_MEDIA,T3
CITING-WORK-66F719CD3504,博物馆空间设计中沉浸式体验的应用研究,庄宇宁,2021,,,thesis,zh,ARCH_DES_HER,T3
CITING-WORK-B6B558E0C6E6,跨媒体叙事：“博物馆-观众”链接及其构建研究,李馨雨,2022,,,thesis,zh,CULT_MEDIA,T3
CITING-WORK-79C096ECDC6D,基于公众体验需求的博物馆数字化艺术装置设计研究,季如,2022,,,thesis,zh,CULT_MEDIA,T3
CITING-WORK-B5605E4054C6,基于剧场理论的广州工业文化旅游体验设计策略研究,罗权德,2023,,,thesis,zh,TOUR_HOSP,T3
CITING-WORK-15B5D5C78DC5,基于展教融合视角下的博物馆展示空间体验式设计,沈佳琪,2023,,,thesis,zh,CULT_MEDIA,T3
CITING-WORK-5FF341F7573B,混合体验：数字文旅视域下考古遗址公园的体验设计研究,陈异子,2023,,,thesis,zh,TOUR_HOSP,T3
CITING-WORK-FB82D09B9E74,介休张壁古堡交互场景研究,刘悦,2024,,,thesis,zh,INTERDISC_OTHER,T3
CITING-WORK-AC2B39C1D802,河南博物院中原文化传播创新研究,赵衫衫,2024,,,thesis,zh,CULT_MEDIA,T3
CITING-WORK-5E5B507DBEF6,档案叙事论,李典诰,2024,,,thesis,zh,INTERDISC_OTHER,T3
CITING-WORK-FD4BF8A10828,太极拳文化记忆的叙事与空间建构研究--以中国太极拳博物馆为例,吴立建,2025,,,thesis,zh,CULT_MEDIA,T3
CITING-WORK-66CAAA5A90C2,交互叙事视角下数字化博物馆的沉浸式传播研究,杨蕊夷,2025,,,thesis,zh,CULT_MEDIA,T3
CITING-WORK-FF1DD351CA84,史前遗址博物馆多媒体展项研究,牟文星,2024,,,thesis,zh,CULT_MEDIA,T3
CITING-WORK-D7367EB5B362,湖北省博物馆楚文化艺术品展陈叙事与数字传播实践路径研究,彭雨凡,2025,,,thesis,zh,CULT_MEDIA,T3
CITING-WORK-64383B96927A,可供性视角下博物馆文化的数字化传播研究--以“数字敦煌”为例,夏芳,2025,,,thesis,zh,CULT_MEDIA,T3
CITING-WORK-3E13B8BEE319,基于景观叙事视角的博物馆游客文化身份建构策略研究--以海昏侯国遗址博物馆为例,舒艳萍,2025,,,thesis,zh,ARCH_DES_HER,T3
CITING-WORK-0827A6385A36,“社交型参与”视角下全球博物馆数字化传播的创新路径研究,潘利娜,2022,,,thesis,zh,CULT_MEDIA,T3
CITING-WORK-AC6187C70B66,Z博物馆新文创产品营销策略优化研究,张玮玮,2022,,,thesis,zh,CULT_MEDIA,T3
CITING-WORK-798CD13564B5,作为媒介的传播：南京博物院的叙事策略,陈萱,2023,,,thesis,zh,CULT_MEDIA,T3
CITING-WORK-D6AB7EE2CD9C,旅游者虚实交互对审美体验和文化认同的影响研究,杨威,2024,,,thesis,zh,TOUR_HOSP,T3
CITING-WORK-CC6E055A857B,数字技术驱动博物馆展陈模式优化研究,李颖;杜烨琳;刘雅萍,2024,河北旅游职业学院学报,10.3969/j.issn.1674-2079.2024.04.003,journal article,zh,TOUR_HOSP,T3
CITING-WORK-5B171EA7B769,泛在化连接:数字时代博物馆藏品的展示与传播,纪晓宇,2021,东南文化,10.3969/j.issn.1001-179x.2021.02.017,journal article,zh,CULT_MEDIA,T2
CITING-WORK-6E45F6B28A3F,博物馆媒介化对地方性文化身份认同的构建 ——以湖南省博物馆为例,周语欣;刘子涵,2022,国际公关,,journal article,zh,CULT_MEDIA,T2
CITING-WORK-2648F4F602E0,场域视角下工业博物馆旅游叙事空间的建构研究——以东方红农耕博物馆为例,李鑫雨,2024,黑龙江生态工程职业学院学报,10.3969/j.issn.1674-6341.2024.06.10,journal article,zh,TOUR_HOSP,T2
CITING-WORK-AAEBA9ED030E,传承与突破:新媒体视角下名人故居视觉场的重构——基于柳子明故居的实践应用,余喜林;何婧;李梦瑶,2023,互联网周刊,,journal article,zh,INFO_TECH,T2
CITING-WORK-FAFBD5469676,关于书信类文化节目的共情效果研究 ——以《见字如面》为例,杨福玲,2022,今传媒,10.3969/j.issn.1672-8122.2022.03.016,journal article,zh,INTERDISC_OTHER,T2
CITING-WORK-D603CD8A51DD,民族地区博物馆青少年教育功能建设探析——以广西崇左市壮族博物馆为例,张瑞娟,2023,科技传播,10.3969/j.issn.1674-6708.2023.17.007,journal article,zh,CULT_MEDIA,T2
CITING-WORK-4FCB155CC6FD,讲好新时代中国故事:拉萨旅游景点英语语言景观调研与对策研究,李江珂,2026,中国科技术语,10.12339/j.issn.1673-8578.2026.02.034,journal article,zh,INFO_TECH,T2
CITING-WORK-4D68894B7C3C,红色博物馆的时空叙事与记忆场域建构——以上海淞沪抗战纪念馆为例,邹润琪;孙佼佼;陈盛伟,2023,旅游学刊,10.19765/j.cnki.1002-5006.2022.00.033,journal article,zh,TOUR_HOSP,T2
CITING-WORK-5572C5DBD7E3,空间云锚点在博物馆移动端信息导览中的应用研究,李嘉俊;章立;邱钰,2023,设计,10.3969/j.issn.1003-0069.2023.03.038,journal article,zh,INTERDISC_OTHER,T2
CITING-WORK-462494A03552,云端与现场:数字时代博物馆传承中华优秀传统文化的路径,高杉;王秀伟,2023,文博,10.3969/j.issn.1000-7954.2023.03.013,journal article,zh,CULT_MEDIA,T3
CITING-WORK-65CD58829AF5,政策导向与社会舆论对文艺展览中浙江文化形象的影响探析——以良渚博物院的展陈为例,陈名;余启儒,2023,新闻研究导刊,10.3969/j.issn.1674-8883.2023.01.025,journal article,zh,CULT_MEDIA,T2
CITING-WORK-1ABC97BF8105,博物馆文化的游戏化传播路径研究,许甜甜;姒晓霞,2023,新闻研究导刊,10.3969/j.issn.1674-8883.2023.17.007,journal article,zh,CULT_MEDIA,T2
CITING-WORK-D914D6606985,"""新沉浸""式场景迭代,赋能数字文化产业",杭敏;黄培智,2023,新闻战线,,journal article,zh,ECON_BUS_CONS,T3
CITING-WORK-AF0EB25595C3,数字技术与文化传播:博物馆数字化研究的知识图谱分析,王夏歌,2024,中国博物馆,10.3969/j.issn.1002-9648.2024.01.004,journal article,zh,EDUCATION,T2
CITING-WORK-65052F861BA0,"浙江省博物馆""丽人行""展览中书画藏品展示的可及性研究",康婧;郑霞,2024,中国博物馆,10.3969/j.issn.1002-9648.2024.02.007,journal article,zh,EDUCATION,T2
CITING-WORK-ED000189412F,基于消费者接受的公共数字文化服务场景研究——以天津公共数字文化平台为例,裴淑媛;申春跃,2022,中国商论,10.19699/j.cnki.issn2096-0298.2022.20.109,journal article,zh,ECON_BUS_CONS,T2
CITING-WORK-9392818DCD53,改革开放以来中国共产党乡村文化建设研究,张世定,2019,,,thesis,zh,RURAL_AGRI,T3
CITING-WORK-5C93DF0CC2D5,三星堆博物馆品牌传播策略研究——以考古新发现之后的宣传为例,周益孜,2023,,,thesis,zh,ECON_BUS_CONS,T3
CITING-WORK-B2521DD11A7A,基于场景营造的重庆市鹅岭公园更新研究,席钰,2023,,,thesis,zh,INTERDISC_OTHER,T3
CITING-WORK-CBE26F3A0A65,基于计划行为理论的农民参与群众文化活动行为研究--以山东省菏泽市为例,刘路,2023,,,thesis,zh,CULT_MEDIA,T3
CITING-WORK-9CB31A2391F7,欠发达地区农村居民公共数字文化服务参与意愿及行为研究——基于吉林省汪清县八村的调查,鲍龙,2023,,,thesis,zh,RURAL_AGRI,T3
CITING-WORK-C316AFE4AD6F,基于解构计划行为理论的农村居民公共文化参与意愿影响因素研究,刘亚丽,2024,,,thesis,zh,RURAL_AGRI,T3
CITING-WORK-711E21FFCACD,郑州市蒋庄村公共文化服务发展的现状与对策研究,蒋晓星,2020,,,thesis,zh,CULT_MEDIA,T3
CITING-WORK-21C1834F7FC1,湖北省博物馆公众文化参与度影响因素研究,徐娜,2021,,,thesis,zh,CULT_MEDIA,T3
CITING-WORK-9DE7AA9C4AD6,乡村振兴背景下农村文化服务业发展策略研究,侯贤蓉,2022,,,thesis,zh,RURAL_AGRI,T3
CITING-WORK-CC77B78388B4,欠发达地区农村居民公共数字文化服务参与意愿研究——基于吉林省汪清县八村的调查,戴艳清;鲍龙,2022,档案学刊,10.3969/j.issn.1672-3627.2022.06.012,journal article,zh,INTERDISC_OTHER,T2
CITING-WORK-2761CA7A32BB,"农民文化""弱参与""的影响因素及作用机制——基于多主体深度访谈的扎根分析",吴雨寒,2026,甘肃开放大学学报,10.3969/j.issn.2097-1532.2026.01.010,journal article,zh,CULT_MEDIA,T3
CITING-WORK-EDBEAAB3E9B2,"技术主导与情感零度:""非遗""数字化技术伦理反思",高旸;陈鹏,2020,广西社会科学,10.3969/j.issn.1004-6917.2020.07.022,journal article,zh,INFO_TECH,T3
CITING-WORK-C5FFC54EC76D,农村社区治理中居民参与的现状及其影响因素 ——基于河南省部分农村社区的调查,韩江风,2019,湖北经济学院学报,10.3969/j.issn.1672-626x.2019.06.007,journal article,zh,ECON_BUS_CONS,T2
CITING-WORK-159D10C418C1,城市居民文化参与权实现的现状及路径探析——以重庆市为例,金莹;黄均倩,2021,江苏海洋大学学报（人文社会科学版）,10.3969/j.issn.2096-8256.2021.06.007,journal article,zh,CULT_MEDIA,T3
CITING-WORK-C58652C2464D,公共文化空间视角下农村公共文化服务体系建设研究,耿达,2019,思想战线,10.3969/j.issn.1001-778x.2019.05.016,journal article,zh,EDUCATION,T2
CITING-WORK-86FB394DB3DC,场景视阈下城市夜间文旅消费空间研究——基于长沙超级文和友文化场景的透视,傅才武;王异凡,2021,武汉大学学报（哲学社会科学版）,10.14086/j.cnki.wujss.2021.06.006,journal article,zh,INTERDISC_OTHER,T2
CITING-WORK-A15161545195,"超越流动:农村公共文化服务""弱参与""的形成机制及破解路径研究",张灵均;彭雷霆,2025,文化软实力研究,10.19468/j.cnki.2096-1987.2025.02.006,journal article,zh,CULT_MEDIA,T2
CITING-WORK-12165D6445BB,我国居民文化参与的影响因素——基于社会学新制度主义视角,吴延明;雷莎莎;杨洁,2023,湖北科技学院学报,10.3969/j.issn.1006-5342.2023.06.008,journal article,zh,SPORT_LEISURE,T2
CITING-WORK-08843F0E9B20,文化遗产虚拟场景维度设计与评价——以动态版《清明上河图》为例,陈波;巢雪薇,2022,中南民族大学学报（人文社会科学版）,10.19898/j.cnki.42-1704/c.2022.0709,journal article,zh,TOUR_HOSP,T2
CITING-WORK-E11B00E44C70,包头市产业园区发展中的政府职能优化问题研究,曹希丹,2020,,,thesis,zh,ECON_BUS_CONS,T3
CITING-WORK-AA46659608F7,文化企业管理创新的影响因素及其形成机制研究,史学慧,2021,,,thesis,zh,ECON_BUS_CONS,T3
CITING-WORK-C884AABBFD86,场景创新与商业模式成型的互动机理研究,谭琴,2021,,,thesis,zh,ECON_BUS_CONS,T3
CITING-WORK-54CDC73A755E,A珠宝产业园运营策略研究,万栩羽,2023,,,thesis,zh,ECON_BUS_CONS,T3
CITING-WORK-3D6418DA54F8,粤港澳大湾区背景下的产业园区开发策略研究,于婷,2021,,,thesis,zh,ECON_BUS_CONS,T3
CITING-WORK-52FB4A0F2435,城市更新理念下的晋中市双创中心街区景观设计研究,李春林,2024,,,thesis,zh,ARCH_DES_HER,T3
CITING-WORK-C83FD71AD994,济南GJSJ文化产业园区运营优化研究,康历姮,2022,,,thesis,zh,ECON_BUS_CONS,T3
CITING-WORK-70C0E45F8206,詠园·非遗文化产业园区管理路径研究,金文静,2021,,,thesis,zh,ECON_BUS_CONS,T3
CITING-WORK-D44347086E3F,场景理论下的工业遗产更新设计研究--以济南元首针织厂为例,阚雨欣,2025,,,thesis,zh,ARCH_DES_HER,T3
CITING-WORK-A44F68FF1FC8,传统文化进校园的传播模式与发展路径研究 ——以贵州花溪大学城为例,文艺霖,2022,畅谈,,journal article,zh,CULT_MEDIA,T3
CITING-WORK-5B9CC68B846F,柘荣剪纸活态传承与公共空间艺术双向赋能研究,陈莺娇,2022,雕塑,10.3969/j.issn.1007-2144.2022.02.012,journal article,zh,CULT_MEDIA,T3
CITING-WORK-35EEB937CDB2,高校图书馆服务:从馆藏物语到用户事语,郑勇,2024,国家图书馆学刊,10.13666/j.cnki.jnlc.2024.0506,journal article,zh,INFO_TECH,T2
CITING-WORK-A021BC5B5CAE,场景理论视域下西游乐园文化创意特征解构分析,刘志刚,2021,淮阴师范学院学报（哲学社会科学版）,10.3969/j.issn.1007-8444.2021.03.010,journal article,zh,INTERDISC_OTHER,T2
CITING-WORK-799324F7D207,中国文化产业研究2019年度学术报告,周建新;胡鹏林,2020,深圳大学学报（人文社会科学版）,,journal article,zh,CULT_MEDIA,T2
CITING-WORK-A8A9142A077A,文旅融合背景下我国文化产业园区高质量发展路径研究——以江苏为例,郭新茹;沈佳;陈天宇,2021,艺术百家,10.3969/j.issn.1003-9104.2021.05.007,journal article,zh,CULT_MEDIA,T2
CITING-WORK-1A7659B8F8BB,基于文化消费政策驱动的设计发展导向探讨,李晓瑜,2022,艺术与设计,,journal article,zh,ARCH_DES_HER,T2
CITING-WORK-F03EC6259AB3,非物质文化遗产与旅游融合发展策略研究--以南昌市万寿宫历史文化街区为例,肖瑟后,2024,,,thesis,zh,ARCH_DES_HER,T3
CITING-WORK-48AC299D64C6,基于空间三元辩证法的非遗+文旅空间生产研究——以上海罗泾为例,黄同予,2024,,,thesis,zh,TOUR_HOSP,T3
CITING-WORK-C8D8E61A4043,数字技术赋能非物质文化遗产传承发展研究——以景宁畲族民歌为例,李金娟,2024,,,thesis,zh,ARCH_DES_HER,T3
CITING-WORK-6F8188E28B23,山东省（济宁段）运河旅游资源评价与开发研究,肖荣玉,2024,,,thesis,zh,TOUR_HOSP,T3
CITING-WORK-0932DDA56ED3,基于白马关风景区文旅融合的交互式动画设计研究,龚静,2024,,,thesis,zh,TOUR_HOSP,T3
CITING-WORK-2A1DC28ED711,文旅融合背景下鄂温克族档案资源开发研究,王涵,2024,,,thesis,zh,TOUR_HOSP,T3
CITING-WORK-1027BD70389E,基于沉浸式体验的非遗数字化平台设计--以朱仙镇木版年画为例,杨昊,2024,,,thesis,zh,INFO_TECH,T3
CITING-WORK-30B95F353291,融合传承人社交关系的非遗内容推荐方法研究,许蓓莹,2024,,,thesis,zh,INTERDISC_OTHER,T3
CITING-WORK-3DB22E2C5592,基于行动者网络的青神竹编乡村文旅服务平台设计研究,黄曾祺,2024,,,thesis,zh,TOUR_HOSP,T3
CITING-WORK-4426A24454DB,基于专利挖掘的文化产业数字化关键技术识别研究,欧志梅,2024,,,thesis,zh,ECON_BUS_CONS,T3
CITING-WORK-8B7036B9BD4D,旅游城市新型公共文化空间建设研究-以长沙市为例,任雅雯,2024,,,thesis,zh,TOUR_HOSP,T3
CITING-WORK-E39D790A893E,长三角地区省级公共图书馆非遗保护问题与对策研究,赵梦婷,2025,,,thesis,zh,INTERDISC_OTHER,T3
CITING-WORK-0586504A1A91,区域协同发展视域下湖北体育非遗的发展现状、时代困境及保护策略研究,谈逍博,2025,,,thesis,zh,SPORT_LEISURE,T3
CITING-WORK-30D82460DC6A,基于图数据库的戏剧类非遗知识图谱构建及语义关系发现,胡诗硕,2025,,,thesis,zh,INTERDISC_OTHER,T3
CITING-WORK-ACEAEA4185B1,基于RMP分析的卫辉市非物质文化遗产旅游产品开发研究,张月,2025,,,thesis,zh,ARCH_DES_HER,T3
CITING-WORK-5F90ED75DFE9,基于RMP分析的太原市非物质文化遗产旅游产品开发研究,郭怡辰,2025,,,thesis,zh,ARCH_DES_HER,T3
CITING-WORK-DC6B50FFF0B6,季季红服务场景策略对品牌幸福感提升路径研究,张本群,2025,,,thesis,zh,ECON_BUS_CONS,T3
CITING-WORK-C01542B65272,文旅融合背景下文旅企业业务转型研究--以A公司为例,郜岩,2024,,,thesis,zh,TOUR_HOSP,T3
CITING-WORK-0A9DD0F2EB49,兰州市文旅融合发展政策执行过程研究--基于史密斯模型,刘璐,2025,,,thesis,zh,TOUR_HOSP,T3
CITING-WORK-AE5DBBFA02B1,婺源县非物质文化遗产与旅游融合创新路径研究,杜琴琴,2025,,,thesis,zh,ARCH_DES_HER,T3
CITING-WORK-41E707F40053,非遗数字化产品游客传播意愿的影响因素研究,王昕,2025,,,thesis,zh,TOUR_HOSP,T3
CITING-WORK-937E228A64FA,文旅融合视角下淄博非遗文化园景观规划设计研究,袁甲,2025,,,thesis,zh,ARCH_DES_HER,T3
CITING-WORK-90E350F68EFC,B公司非遗产品营销策略优化研究,苏欣,2025,,,thesis,zh,ARCH_DES_HER,T3
CITING-WORK-9D5FC14D13E8,人技关系理论下非遗档案资源建设的文化失真困境探究,周扬翌;王亦婷;谭必勇,2025,北京档案,10.3969/j.issn.1002-1051.2025.11.005,journal article,zh,INFO_TECH,T2
CITING-WORK-11488918F5C7,长江经济带数字经济与文旅融合发展耦合协调度分析——基于2017-2021年面板数据,张旭璐;吴亮芳,2023,长江论坛,10.3969/j.issn.1005-3980.2023.06.003,journal article,zh,TOUR_HOSP,T3
CITING-WORK-A417EDAC3754,"贵州苗族蜡染的传承与创新研究——""互联网+""大学生创新创业项目",李菊;欧阳雪;王后杰,2025,大众文艺,10.20112/j.cnki.issn1007-5828.2025.01.009,journal article,zh,ARCH_DES_HER,T2
CITING-WORK-84185B6D743A,郑州非物质文化遗产数字化传播及发展研究,刘舒畅;金佳玮;李雨函,2024,E动时尚,10.3969/j.issn.1673-6508.2024.6.edss-d202406039,journal article,zh,CULT_MEDIA,T2
CITING-WORK-41D9CBA4A58C,非遗视域下淄博陶瓷的数字化保护与发展策略研究,商彦彦;郭亚男,2024,佛山陶瓷,10.3969/j.issn.1006-8236.2024.01.022,journal article,zh,INTERDISC_OTHER,T2
CITING-WORK-861A81CFE9A9,仪式观下非物质文化遗产的展演实践研究——基于湘西苗族鼓文化节的考察,唐丝蜜,2023,贵州民族大学学报（哲学社会科学版）,10.3969/j.issn.1003-6644.2023.04.013,journal article,zh,CULT_MEDIA,T2
CITING-WORK-E8CAC2BDC803,基于非遗文化大众化传播的高校文旅复合型人才培养体系的构建,赵雪梅,2025,湖北开放职业学院学报,10.3969/j.issn.2096-711x.2025.08.011,journal article,zh,TOUR_HOSP,T3
CITING-WORK-60AD19D4CFF6,文化遗产地服务场景对游客契合行为的影响研究,侯志强;邵婷婷;杨菲,2025,华侨大学学报（哲学社会科学版）,10.3969/j.issn.1006-1398.2025.02.004,journal article,zh,ARCH_DES_HER,T3
CITING-WORK-D330419BF169,张家界砂石画产业创新发展研究,李权睿;蔡建刚,2024,合作经济与科技,10.3969/j.issn.1672-190x.2024.22.021,journal article,zh,ECON_BUS_CONS,T2
CITING-WORK-38E1ED30DEDA,桂林龙胜非遗数字化保护与传承研究,邓艳蓉;杨柳;龙江溪,2026,合作经济与科技,10.3969/j.issn.1672-190x.2026.09.007,journal article,zh,ECON_BUS_CONS,T2
CITING-WORK-8B33DCB6F70C,数字文旅中生物识别信息侵权的司法认定,胡学军;杨馥源,2025,江淮论坛,10.3969/j.issn.1001-862x.2025.05.018,journal article,zh,TOUR_HOSP,T3
CITING-WORK-90072F2DAE58,具身认知视角下阳新布贴的数字化设计与应用,李敏;李兰;陈文凤,2025,服装学报,10.3969/j.issn.1671-7147.2025.01.004,journal article,zh,INFO_TECH,T3
CITING-WORK-A75D518AC4C0,建设全国统一大市场背景下的文旅融合发展——基于社会政策耦合性分析视角,王燊成,2024,开放导报,10.3969/j.issn.1004-6623.2024.04.012,journal article,zh,TOUR_HOSP,T3
CITING-WORK-6B689DA3F570,我国数字文旅融合水平测度及驱动路径研究——基于发达和欠发达地区视角的实证分析,张新成;王琳艳;高楠,2026,旅游科学,,journal article,zh,TOUR_HOSP,T2
CITING-WORK-5544D5C4DB93,中国省域文旅融合态势演变及影响因素研究,江金波;王超,2023,旅游论坛,10.15962/j.cnki.tourismforum.202305057,journal article,zh,TOUR_HOSP,T2
CITING-WORK-F125BBE205E1,畲族非遗数字化传承与创新策略探究,杨雪芬;周俪;祁艳,2023,旅游纵览,10.3969/j.issn.1004-3292.2023.18.017,journal article,zh,TOUR_HOSP,T2
CITING-WORK-C65F26D9033A,文旅融合赋能非遗传承发展——以阳江风筝为例,何汝彤;张欢;黄相裕,2023,旅游纵览,10.3969/j.issn.1004-3292.2023.24.044,journal article,zh,TOUR_HOSP,T2
CITING-WORK-7C7F7D4FF7E1,中国非物质文化遗产研究2023年度报告,郭平;张洁,2024,民间文化论坛,,journal article,zh,CULT_MEDIA,T2
CITING-WORK-BF3128095DC1,民族旅游村寨农民数字素养对农民旅游收入的影响机制研究,黄月玲;喻洒王露,2026,南宁师范大学学报（哲学社会科学版）,10.16601/j.cnki.issn2096-7349.2026.03.006,journal article,zh,INTERDISC_OTHER,T2
CITING-WORK-C68932B6C658,欧盟文化数字化发展战略:时代背景、实施路径与保障体系,卢明嘉;林迎娟,2025,情报科学,10.13833/j.issn.1007-7634.2025.06.017,journal article,zh,INFO_TECH,T2
CITING-WORK-51D661C5CE94,非物质文化遗产保护与传承的智能决策情报支持体系,顾佐佐;汪璐;王玥,2025,情报科学,10.13833/j.issn.1007-7634.2025.09.005,journal article,zh,INFO_TECH,T2
CITING-WORK-5D5B5F786D0E,数字经济赋能旅游产业结构调整优化的影响机制研究,王兆峰;彭雯;陈勤昌,2024,人文地理,10.13959/j.issn.1003-2398.2024.06.019,journal article,zh,TOUR_HOSP,T2
CITING-WORK-EB14096D4816,乡村振兴视域下徽州文旅融合数字化创新设计与实践,束晓永;张亭;王健,2026,设计,10.3969/j.issn.1003-0069.2026.03.017,journal article,zh,INTERDISC_OTHER,T2
CITING-WORK-36E90D31FE20,文化遗产保护视角下博物馆数字化传承与展示研究,郭敏,2024,数码设计,,journal article,zh,ARCH_DES_HER,T3
CITING-WORK-A404158790AD,数字赋能池州傩戏文化与旅游融合新业态研究,吴晴;施威,2025,铜陵学院学报,10.3969/j.issn.1672-0547.2025.04.015,journal article,zh,TOUR_HOSP,T3
CITING-WORK-853F57A33B04,数智赋能重要非物质文化遗产价值阐释与展示利用综合研究,王曰芬;吕淑仪;巴志超,2026,图书馆工作与研究,,journal article,zh,INFO_TECH,T2
CITING-WORK-9167D53D423C,2023年中国图书情报领域研究概览,邱嘉萱;刘佳静;郑建明,2024,图书馆论坛,10.3969/j.issn.1002-1167.2024.09.003,journal article,zh,INFO_TECH,T2
CITING-WORK-3A28793DD63D,公共图书馆非物质文化遗产保护创新研究——以丹东市图书馆为例,徐子冰,2024,图书馆学刊,10.3969/j.issn.1002-1884.2024.03.007,journal article,zh,INFO_TECH,T2
CITING-WORK-0C67C5DB5977,文化传承视角下我国公共图书馆非物质文化遗产活化利用研究,赵蕊菡;谢枝彤;薛淑允,2024,图书情报工作,10.13266/j.issn.0252-3116.2024.15.009,journal article,zh,INFO_TECH,T2
CITING-WORK-6188494D7007,面向非遗爱好者的数字资源服务模式构建,汤金羽;朱学芳,2024,图书情报工作,10.13266/j.issn.0252-3116.2024.16.004,journal article,zh,INFO_TECH,T2
CITING-WORK-CD5423A9974B,达州非物质文化遗产与旅游的深度融合研究,向龙辉,2024,文化创新比较研究,10.3969/j.issn.2096-4110.2024.04.025,journal article,zh,CULT_MEDIA,T2
CITING-WORK-3E97614E2A9A,基于数字孪生技术的非物质文化遗产传播,佚名,,,,thesis,zh,ARCH_DES_HER,T3
CITING-WORK-C3F31E2CABB2,山东非遗艺术资源的文旅转化与可持续利用研究,袁帅,2025,西部旅游,10.3969/j.issn.1006-2629.2025.23.014,journal article,zh,TOUR_HOSP,T2
CITING-WORK-6DE23144FD0A,数字化非遗推进中华民族共同体建设的学理依据、方法阐释与实践路径,马晓娜;李政,2026,新疆大学学报（哲学社会科学版）,10.13568/j.cnki.issn1000-2820.2026.01.002,journal article,zh,INFO_TECH,T3
CITING-WORK-BFEB65ED9710,数字赋能提升城市旅游绩效机制初探,刘凤,2024,云南大学学报（社会科学版）,10.3969/j.issn.1671-7511.2024.03.012,journal article,zh,TOUR_HOSP,T3
CITING-WORK-3C1DFB9D7768,数智赋能民族非遗文旅高质量发展的内在逻辑、现实困境与优化路径——以广西宾阳炮龙节为例,王爽,2026,中国集体经济,10.3969/j.issn.1008-1283.2026.13.039,journal article,zh,ECON_BUS_CONS,T2
CITING-WORK-5FDC968AE11B,智慧旅游背景下菏泽大平调文旅产品数字化开发研究,杨宜瑾;吴双,2025,中国民族博览,10.3969/j.issn.1007-4198.2025.09.078,journal article,zh,ARCH_DES_HER,T2
CITING-WORK-93CD70BC786F,价值共创视角下数智技术赋能葡萄酒文旅融合的路径研究,刘谦;张远记;渠继光,2025,中国酿造,10.11882/j.issn.0254-5071.2025.09.044,journal article,zh,TOUR_HOSP,T3
CITING-WORK-7C8DF066F6C7,长征国家文化公园建设背景下甘肃省会宁县红色旅游发展策略研究,李莉,2023,,,thesis,zh,TOUR_HOSP,T3
CITING-WORK-9CC1BACB0F1E,感官视角下红色旅游景区游客的怀旧体验及其与重游意愿的关系研究--以建川博物馆为例,董韦华青,2023,,,thesis,zh,TOUR_HOSP,T3
CITING-WORK-CF4D00AB9ED3,文旅融合视角下景区图书馆使用意愿研究,刘艺,2024,,,thesis,zh,TOUR_HOSP,T3
CITING-WORK-18CF23B3342B,江西红色旅游产品网络营销的影响因素研究,王桂梅,2024,,,thesis,zh,TOUR_HOSP,T3
CITING-WORK-1305F93B56C6,红色精神洗礼量表开发与生成机制--基于变革性旅游视角,李慧,2023,,,thesis,zh,TOUR_HOSP,T3
CITING-WORK-1C5771A9327C,Y酒庄葡萄酒旅游体验提升策略研究,吴文静,2024,,,thesis,zh,TOUR_HOSP,T3
CITING-WORK-D33408D12D63,博物馆旅游体验对游客文化保护行为的影响研究—以文化自信为中介变量,李子越,2024,,,thesis,zh,TOUR_HOSP,T3
CITING-WORK-EC729777D414,沉浸式场景对游客旅游体验影响机理研究,武兴佳,2024,,,thesis,zh,TOUR_HOSP,T3
CITING-WORK-CF968D42169F,基于网络集群行为的甘肃省A级旅游景区旅游体验感知影响因素研究,甄洁,2024,,,thesis,zh,TOUR_HOSP,T3
CITING-WORK-3246822E09AE,Z世代视域下湖北红安县红色文化旅游高质量发展研究,王圆圆,2024,,,thesis,zh,TOUR_HOSP,T3
CITING-WORK-12E5251CE2DD,旅游凝视下红色旅游沉浸式展示空间设计研究——以淮海战役纪念塔园林为例,张芯梦,2024,,,thesis,zh,ARCH_DES_HER,T3
CITING-WORK-428F8D4CB2DF,基于游客体验的遂宁市牛角沟村红色旅游发展策略研宄,补媛媛,2024,,,thesis,zh,TOUR_HOSP,T3
CITING-WORK-AE871C8C0A59,乡村振兴背景下梅县区红色旅游高质量发展对策研究,罗鸿彬,2024,,,thesis,zh,TOUR_HOSP,T3
CITING-WORK-17AE0BC84A08,大学生红色旅游体验对红色文化认同的影晌研究--以百色起义纪念馆为例,魏亚洲,2024,,,thesis,zh,TOUR_HOSP,T3
CITING-WORK-351B010427F9,非物质文化遗产旅游者基本心理需求满足对体验价值的影响研究,李燕瑶,2023,,,thesis,zh,ARCH_DES_HER,T3
CITING-WORK-37BA68F42EA9,红色旅游体验对游客公民行为的影响研究,何涛,2024,,,thesis,zh,TOUR_HOSP,T3
CITING-WORK-4B5C2AD0E324,恢复性环境感知对游客游后行为意向的作用机制研究——沙漠越野自驾游案例,何敬一,2024,,,thesis,zh,TOUR_HOSP,T3
CITING-WORK-3D32F263375E,目的地文旅融合质量的游客感知：维度识别与测度,洪圣东,2024,,,thesis,zh,TOUR_HOSP,T3
CITING-WORK-0045C7A1B182,基于体验场景视角的红色旅游者价值共创行为影响研究,高斐,2025,,,thesis,zh,TOUR_HOSP,T3
CITING-WORK-BC5A7B639B3A,基于具身理论的三苏祠博物馆旅游体验研究,杨欣,2025,,,thesis,zh,TOUR_HOSP,T3
CITING-WORK-6F2B23619188,场域视角下精致露营恢复性体验场景建构及其对恢复效应与游客行为意向的作用机制,张晓萱,2024,,,thesis,zh,TOUR_HOSP,T3
CITING-WORK-DD6DA794C764,黑色旅游地旅游者旅游体验影响因素及其与行为意向的关系研究--以映秀地震遗址为例,万佑凤,2024,,,thesis,zh,TOUR_HOSP,T3
CITING-WORK-FFE27B94BEA5,南宁三街两巷历史文化街区旅游体验价值评价研究,唐未,2025,,,thesis,zh,ARCH_DES_HER,T3
CITING-WORK-A45EE91AEDD2,新媒体视角下兰溪市诸葛八卦村旅游形象优化策略研究,胡雨嘉,2025,,,thesis,zh,TOUR_HOSP,T3
CITING-WORK-229886D17A80,基于MEC模型的青年人打卡网红美食旅游地动机研究--以柳州为例,黄春云,2025,,,thesis,zh,TOUR_HOSP,T3
CITING-WORK-8BE3B44E78DC,物流服务场景对顾客参与意愿影响研究,刘缓缓,2023,,,thesis,zh,INTERDISC_OTHER,T3
CITING-WORK-CB434A536228,乡村旅游地居民生活质量评价及其作用机制研究,王佳琪,2024,,,thesis,zh,TOUR_HOSP,T3
CITING-WORK-F576E13282E2,红色旅游空间建构过程与机制研究--以沂南县常山庄村为例,马晓雨,2025,,,thesis,zh,TOUR_HOSP,T3
CITING-WORK-7FCB7CE607FF,红色旅游仪式感对游客亲社会行为意向的影响机制研究,房琳清,2025,,,thesis,zh,TOUR_HOSP,T3
CITING-WORK-30D34511882E,中国式现代化视域下旅游产业发展图景——基于媒体报道的量化分析,邵鹏;李星楠,2025,安徽师范大学学报（自然科学版）,10.14182/j.cnki.1001-2443.2025.05.006,journal article,zh,TOUR_HOSP,T3
CITING-WORK-574E9416DB74,红色旅游文创产品顾客感知价值模型构建与影响因子研究,黄文娟;许瀚予;曾凡桂,2025,包装工程,10.19554/j.cnki.1001-3563.2025.06.049,journal article,zh,ARCH_DES_HER,T2
CITING-WORK-9A61502E19F1,红色旅游体验对游客地方依恋的影响研究——以社会记忆为中介,周文丽;张海玲,2024,长江师范学院学报,10.19933/j.cnki.issn1674-3652.2024.04.005,journal article,zh,ECON_BUS_CONS,T2
CITING-WORK-DE7B7C1D8FB5,基于Kano-IPA模型的甘肃省红色旅游体验质量研究,蔺国伟;白姝美,2024,甘肃科技纵横,10.3969/j.issn.1672-6375.2024.7.005,journal article,zh,TOUR_HOSP,T3
CITING-WORK-87F47FC45B29,沉浸式场景理论探讨,武兴佳;宋梦珂;赵希勇,2024,合作经济与科技,10.3969/j.issn.1672-190x.2024.06.031,journal article,zh,ECON_BUS_CONS,T2
CITING-WORK-8F6CF9479344,游客群体画像与红色旅游体验场景精准匹配建构过程及机理研究,娄在凤,2025,嘉兴大学学报,10.3969/j.issn.2097-5228.2025.05.016,journal article,zh,TOUR_HOSP,T3
CITING-WORK-BD4221F2370B,新时代红色旅游的非功用性体验研究——以大别山金寨为例,吴仁献;余佳华;方芳,2026,陇东学院学报,10.3969/j.issn.1674-1730.2026.01.016,journal article,zh,RURAL_AGRI,T2
CITING-WORK-7C8FF5674937,"家门口的""远方"":旅游者的乡村微度假选择行为研究",王佳琪;黄震方;张子昂,2024,旅游科学,10.3969/j.issn.1006-575x.2024.11.004,journal article,zh,TOUR_HOSP,T2
CITING-WORK-6B8D52F305B7,乡村民宿精益服务:基于顾客网络评价的量表开发与有效性检验,邢博;谢丁丁;李诗韩,2025,旅游科学,10.3969/j.issn.1006-575x.2025.09.007,journal article,zh,TOUR_HOSP,T2
CITING-WORK-48FA8DAF4423,红色旅游教育功能的实现:基于变革性旅游体验的视角,王咏;李冬花;符琳蓉,2024,旅游学刊,10.19765/j.cnki.1002-5006.2024.02.015,journal article,zh,TOUR_HOSP,T2
CITING-WORK-AD209104F009,红色旅游体验:生成机理与结构测度,吴艾凌;姚延波;贾广美,2025,旅游学刊,10.19765/j.cnki.1002-5006.2025.12.011,journal article,zh,TOUR_HOSP,T2
CITING-WORK-71E39D81679A,怀旧视角下红色旅游对大学生家国认同的影响研究,钟家雨;周洋坤;林智鹰,2026,南阳师范学院学报,10.3969/j.issn.1671-6132.2026.03.002,journal article,zh,TOUR_HOSP,T3
CITING-WORK-29FD8679CE80,红色旅游疗愈生活：自我超越实现机制的质性研究,赖斌;柴怡;龚亚星,2026,人文地理,10.13959/j.issn.1003-2398.2026.01.014,journal article,zh,TOUR_HOSP,T2
CITING-WORK-89351541EA55,红色旅游体验对消费意愿作用机制及提升路径研究——基于一种混合研究法,娄在凤;阚莹莹;陈秋洁,2025,商业经济研究,10.3969/j.issn.1002-5863.2025.08.014,journal article,zh,ECON_BUS_CONS,T2
CITING-WORK-2D12C9CAF1BF,认知与唤醒:红色文化空间环境偏好的逻辑机理与提升路径,耿志杰;文婷钰,2025,图书馆论坛,10.3969/j.issn.1002-1167.2025.06.011,journal article,zh,INFO_TECH,T2
CITING-WORK-C051A1B51240,国内红色旅游研究评述及展望,于晨;李翠林,2024,新疆社科论坛,10.3969/j.issn.1671-4741.2024.01.012,journal article,zh,ARCH_DES_HER,T2
CITING-WORK-DC9A37A0E64B,红色旅游产业与红色旅游专业教育的耦合发展研究——以浙江省为例,王艳娟;楼简丹,2024,浙江理工大学学报,10.3969/j.issn.1673-3851(s).2024.06.007,journal article,zh,INTERDISC_OTHER,T2
CITING-WORK-51A20D3E1A5D,基于Q方法的难忘红色旅游体验研究,王红艳;薛鹏嵩泽;董锦娜,2025,资源与生态学报（英文版）,10.5814/j.issn.1674-764x.2025.03.021,journal article,zh,ARCH_DES_HER,T2
CITING-WORK-91335CDD03A5,成都青羊“小游园·微绿地”建设与管理主体职能案例研究,杜兴剑,2022,,,thesis,zh,INTERDISC_OTHER,T3
CITING-WORK-D2CB6C061DDF,成都高密度城区综合公园的空间环境特征及设计策略研究,余艺敏,2023,,,thesis,zh,INTERDISC_OTHER,T3
CITING-WORK-16D028B99475,公园城市理念下小型游园景观环境设计研究,杨紫琳,2023,,,thesis,zh,ARCH_DES_HER,T3
CITING-WORK-8CF1D728639E,成都公园城市建设中传统村落的保护与发展,余可心,2023,,,thesis,zh,RURAL_AGRI,T3
CITING-WORK-D19C6C8A2195,公园城市理念下青岛城阳区魅力景观空间格局优化与发展研究,黄璐璐,2024,,,thesis,zh,ARCH_DES_HER,T3
CITING-WORK-BC472CDEEF34,大型体育赛事媒体宣传项目跟踪审计研究--以C市“赛事营城”为例,周楠,2024,,,thesis,zh,CULT_MEDIA,T3
CITING-WORK-B744AA43E5A2,深圳市建成环境与公园使用活跃度的非线性关系探究,刘牛,2023,,,thesis,zh,INTERDISC_OTHER,T3
CITING-WORK-C18CD43EE65A,沙市中山公园空间变迁研究,陈宇茜,2024,,,thesis,zh,INTERDISC_OTHER,T3
CITING-WORK-B4FE4ED76D8D,城园融合视角下轮台县水上乐园规划设计研究,董丽君,2024,,,thesis,zh,ARCH_DES_HER,T3
CITING-WORK-B1E0C98B69D7,严寒城市蓝绿空间的老年心理健康恢复性效应提升研究——以长春市为例,闫天娇,2023,,,thesis,zh,URBAN_PLAN_GEO,T3
CITING-WORK-7F28C469EBB1,供需耦合协调视角下马鞍山市公园体系规划研究,张晨雅,2024,,,thesis,zh,ARCH_DES_HER,T3
CITING-WORK-50916C325161,城市综合公园空间活力评估及其影响因素研究,梁美玥,2024,,,thesis,zh,URBAN_PLAN_GEO,T3
CITING-WORK-184C2D4F3341,河西走廊县域城绿空间关系的类型化研究,戴怡茹,2024,,,thesis,zh,INTERDISC_OTHER,T3
CITING-WORK-06DD55C01D9D,西安市中心城区遗址公园时空演进及规划策略研究,黄灿,2024,,,thesis,zh,ARCH_DES_HER,T3
CITING-WORK-CF951BC23E5F,济南排洪河道滨水公共空间功能复合设计研究,高海岑,2023,,,thesis,zh,URBAN_PLAN_GEO,T3
CITING-WORK-3DB792161CEF,基于扎根理论的城市公园更新设计研究--以重庆市沙坪公园为例,桂晨曦,2024,,,thesis,zh,URBAN_PLAN_GEO,T3
CITING-WORK-E3C2096A9DE9,公园城市背景下自然闲置地的游憩功能及优化策略研究--以苏州市中心城区为例,王婧,2025,,,thesis,zh,URBAN_PLAN_GEO,T3
CITING-WORK-C52AE43C07FC,低碳视角下泰安泮河中央公园规划设计研究,王琳,2023,,,thesis,zh,ARCH_DES_HER,T3
CITING-WORK-A36C93F1CE0D,公园城市理念下邻里街道可步行性评价研究--以青岛市市南区为例,王凡,2023,,,thesis,zh,URBAN_PLAN_GEO,T3
CITING-WORK-30E0715F2EFA,市场化经营视角下G城市公园旅游营销策略研究,李宝江,2025,,,thesis,zh,TOUR_HOSP,T3
CITING-WORK-41AE19F5896F,山地城市滨江建筑的微景观场景营造——以长江宜昌水文站为例,何睦歌,2022,重庆建筑,10.3969/j.issn.1671-9107.2022.s1.154,journal article,zh,ARCH_DES_HER,T2
CITING-WORK-21F798821731,公园城市理念下的城乡公园体系构建与优化研究——基于国内外实践,苏婷婷;李欢;马嘉,2023,城市发展研究,10.3969/j.issn.1006-3862.2023.04.017,journal article,zh,URBAN_PLAN_GEO,T2
CITING-WORK-CC3612F17714,"""五好""园林及其构建方法:从生态型、节约型到运营型园林",王欣国,2024,工程建设与设计,10.13616/j.cnki.gcjsysj.2024.07.032,journal article,zh,ARCH_DES_HER,T2
CITING-WORK-8E9A4522A58F,公园城市街道场景营造一体化路径——以成都公园城市街道一体化实践为例,周逸影;李永华,2024,规划师,10.3969/j.issn.1006-0022.2024.z1.040,journal article,zh,URBAN_PLAN_GEO,T2
CITING-WORK-479B3B5B3174,南宁园博园城市展园人工植物群落调查与分析,何悦;唐世斌;张海燕,2023,广西林业科学,10.19692/j.issn.1006-1126.20230117,journal article,zh,URBAN_PLAN_GEO,T3
CITING-WORK-FA99227AECEB,山水营城:城市更新的美学转向与文化实践,骆玉平,2025,河北学刊,10.3969/j.issn.1003-7071.2025.5.hbxk202505016,journal article,zh,URBAN_PLAN_GEO,T2
CITING-WORK-DA1A9F6AC79A,基于G2SFCA的公园绿地步行可达性分析,侯宇星;林先成;曹骞,2024,建材技术与应用,10.3969/j.issn.1009-9441.2024.01.019,journal article,zh,INTERDISC_OTHER,T3
CITING-WORK-535070D8332F,城市老旧公园更新改造设计浅谈 ——以昆山市城市生态森林公园改造为例,蒋彦之,2022,现代园艺,10.3969/j.issn.1006-4958.2022.05.052,journal article,zh,ARCH_DES_HER,T2
CITING-WORK-AC8B22BD43E4,成都中心城区滨河绿道场景营造策略探析,朱晓敏;宋志坚,2024,现代园艺,10.3969/j.issn.1006-4958.2024.07.038,journal article,zh,ARCH_DES_HER,T2
CITING-WORK-AC9A504E35D3,美丽宜居公园城市规划建设的实施路径探索,陈伟;孟瑶;穆丹,2022,建设科技,10.16116/j.cnki.jskj.2022.13.001,journal article,zh,ARCH_DES_HER,T3
CITING-WORK-9D97CDCCE1B9,城市绿地系统规划引领城市绿化发展与启示——以济宁市为例,孔锋;张贺英;马林,2023,绿色科技,10.3969/j.issn.1674-9944.2023.05.002,journal article,zh,ARCH_DES_HER,T3
CITING-WORK-871A839DB8EF,基于地域性景观重构视角下的徐州市彭祖园景观改造研究,陆磊;徐志洋;徐敏萱,2022,林业科技情报,10.3969/j.issn.1009-3303.2022.03.038,journal article,zh,ARCH_DES_HER,T3
CITING-WORK-30C257C0C2A5,"我国""公园城市""内涵辨析与实践探索",秦尊文;聂夏清,2023,区域经济评论,,journal article,zh,ECON_BUS_CONS,T2
CITING-WORK-1BC2FF600FB8,"基于""五态协同""理念的医院设计——成都市高新区妇幼保健院的设计实践",涂愚;王加,2023,四川建筑,10.3969/j.issn.1007-8983.2023.03.023,journal article,zh,ARCH_DES_HER,T2
CITING-WORK-C0D8C01EEF43,乡村生态文明现代化理论传导探析,王彦博,2025,四川建筑,10.3969/j.issn.1007-8983.2025.01.002,journal article,zh,ARCH_DES_HER,T2
CITING-WORK-404A3753A525,城乡融合视域下农业净碳汇与公园城市关系研究——来自成都的证据,戴小文;严丹悌;何思妤,2025,四川农业大学学报,10.16036/j.issn.1000-2650.202408497,journal article,zh,RURAL_AGRI,T3
CITING-WORK-014F7E4A1FFE,城市公园亲子互动园区设计策略——基于北京四所亲子乐园的实证分析与需求响应,王烜赫;刘剑,2026,设计,10.3969/j.issn.1003-0069.2026.04.034,journal article,zh,INTERDISC_OTHER,T2
CITING-WORK-9BB01F4065B7,"""多态""协同视角下都市乡村片区更新路径研究——以贵阳花溪区朝阳村为例",张沛;席娅宁;陶保强,2025,小城镇建设,10.3969/j.issn.1009-1483.2025.06.012,journal article,zh,URBAN_PLAN_GEO,T2
CITING-WORK-612740EF2EAC,福州冶山古迹更新之于城市空间营造探究,庄晓敏;杜波,2023,西南林业大学学报,,journal article,zh,ARCH_DES_HER,T2
CITING-WORK-AFEA476D763C,文化生态学视域下公园城市的文化保护策略研究——以重庆市大足区为例,王正;龚楚杰;杨大东,2022,园林,10.12193/j.laing.2022.09.0098.013,journal article,zh,ARCH_DES_HER,T2
CITING-WORK-4C7254228EBA,基于公园城市营建的超大城市高质量发展路径研究,佚名,,,,thesis,zh,URBAN_PLAN_GEO,T3
CITING-WORK-A4A7EA025806,标准化视角下公园场景营造和业态融合策略与路径研究,陈明坤;高歌;苟丹丹,2025,园林,10.12193/j.laing.2025.04.0018.003,journal article,zh,ARCH_DES_HER,T2
CITING-WORK-CFB09E7A5846,公园城市生态产品及价值实现路径研究,管晓;张卫民;宋春雨,2024,中国国土资源经济,10.19676/j.cnki.1672-6995.000978,journal article,zh,ECON_BUS_CONS,T3
CITING-WORK-4D7142413BDE,中国式现代化视域下成都公园城市建设的实践路径与经验启示,廖茂林;林浩曦,2026,中国国土资源经济,10.19676/j.cnki.1672-6995.001235,journal article,zh,ECON_BUS_CONS,T3
CITING-WORK-DCC0BBF1EB69,场景营城理念下城市街区公园场景的美学营造方法研究——以成都市望江楼街区为例,宦凌云;陈明坤;张清彦,2022,中国园林,10.19775/j.cla.2022.s2.0047,journal article,zh,ARCH_DES_HER,T2
CITING-WORK-396B746ADBCB,"""五态协同、场景营城""的公园城市规划建设方法、策略与实践",景泽宇;王忠杰;吴岩,2026,中国园林,10.19775/j.cla.2026.s1.0026,journal article,zh,ARCH_DES_HER,T2
CITING-WORK-5D1CCA991E99,公园城市视角下的城市大型绿色空间建设发展策略思考——以雄安金湖公园规划建设为例,徐向希;辛泊雨;邓力文,2026,中国园林,10.19775/j.cla.2026.s1.0046,journal article,zh,ARCH_DES_HER,T2
CITING-WORK-B1D8FC095BD4,"""三位一体""公园城市建设路径优化研究 ——以四川省成都市为例",王晓灵;杨碧婧,2023,中国名城,10.19924/j.cnki.1674-4144.2023.002.003,journal article,zh,URBAN_PLAN_GEO,T2
CITING-WORK-2196885051DB,公园城市视角下西安中心城区公园可达性研究,高洋洋,2022,资源与人居环境,10.3969/j.issn.1672-822x.2022.12.015,journal article,zh,INFO_TECH,T2
CITING-WORK-5063EF3C319A,非物质文化遗产湘西土家族摆手舞传承与保护研究,贺佳颖,2020,,,thesis,zh,ARCH_DES_HER,T3
CITING-WORK-F6CB8A393E27,基于SIVA理论的敦煌研究院文创产品的场景营销策略探究,郑紫薇,2023,青岛科技大学,,thesis,zh,INTERDISC_OTHER,T3
CITING-WORK-D9D92B02CD16,人物视角下的成都古城营建研究--战国至宋,林芷汀,2022,,,thesis,zh,INTERDISC_OTHER,T3
CITING-WORK-CCFFAECB65DE,普查扩容效应下县域旅游资源分类评价研究--以禹城市为例,谭凯悦,2025,,,thesis,zh,TOUR_HOSP,T3
CITING-WORK-F2819D1AFFE7,传统文化复兴背景下文化类节目的跨媒介传播研究,陈丹迪,2023,,,thesis,zh,CULT_MEDIA,T3
CITING-WORK-4B4848267A63,后世园视角下2024年成都世园会规划路径探讨,秦伟,2023,城市建筑,10.19892/j.cnki.csjz.2023.14.06,journal article,zh,ARCH_DES_HER,T2
CITING-WORK-BB37963E4E50,陶都紫砂学院基于人工智能通识课程的产学研实践研究,邓举青,2025,创新创业理论研究与实践,,journal article,zh,INFO_TECH,T3
CITING-WORK-681645A515E6,国家文化数字化战略与非遗生产传播生态重构,许燕转,2023,东莞理工学院学报,,journal article,zh,CULT_MEDIA,T3
CITING-WORK-A09004CC0ECB,"高职院校公共艺术教育融入""非遗""文化的探索与实践",黄韵,2022,大众文艺,10.3969/j.issn.1007-5828.2022.23.072,journal article,zh,ARCH_DES_HER,T2
CITING-WORK-A7FADE095404,"乐舞表演""场景""中的民族交往交流交融——基于贵州雷山黄里村、大龙村苗族鼓藏节的田野考察",李星星;赵书峰,2024,贵州大学学报（艺术版）,10.15958/j.cnki.gdxbysb.2024.03.013,journal article,zh,CULT_MEDIA,T3
CITING-WORK-E71A83525C30,场景理论视域下乡村民宿与民俗文化融合发展策略研究,佚名,,,,thesis,zh,RURAL_AGRI,T3
CITING-WORK-6DDA6BABA1A9,基于场景理论的河南非遗越调数字文创产品设计,胡晴云;宋华;付正甜,2023,河南建材,,journal article,zh,INFO_TECH,T3
CITING-WORK-72E08B9FCC2B,基于场景理论的工业遗产文创产品设计研究,刘维尚;何妍;郭绮涵,2023,家具与室内装饰,10.16771/j.cn43-1247/ts.2023.10.012,journal article,zh,ARCH_DES_HER,T2
CITING-WORK-80EAB53BCB78,场景理论视域下浙东运河(绍兴段)沿线非物质文化遗产活态传承路径研究,孙琳琳;姜宇;王涛,2024,建筑与文化,10.19875/j.cnki.jzywh.2024.02.059,journal article,zh,ARCH_DES_HER,T2
CITING-WORK-A24E406973A5,5G时代文化产业数字化转型的历史逻辑、理论逻辑与实践进路 ——5G时代广西文化产业转型研究系列论文之三,唐琳,2021,南宁师范大学学报（哲学社会科学版）,10.16601/j.cnki.issn2096-7349.2021.05.006,journal article,zh,INTERDISC_OTHER,T2
CITING-WORK-DA9BC1245538,"""花儿""进校园传承模式与传承路径研究",叶静;黄悦,2021,时代报告,,journal article,zh,EDUCATION,T2
CITING-WORK-97F882DD43BA,安徽省传统手工艺助力乡村振兴的路径,佚名,,,,thesis,zh,RURAL_AGRI,T3
CITING-WORK-7B960A3F981D,雄安新区传统手工艺与文创产业融合发展探析,马凤娟;王秀丽;张千千,2022,石家庄学院学报,10.3969/j.issn.1673-1972.2022.01.005,journal article,zh,CULT_MEDIA,T2
CITING-WORK-8C36BC5909A8,日常生活理论下非遗短视频消费意愿研究,丁诗瑶,2021,现代商业,,journal article,zh,ECON_BUS_CONS,T2
CITING-WORK-A24A3FF42A0C,学校武术教育在传承文化中存在的问题与对策,向玮,2020,现代交际,,journal article,zh,CULT_MEDIA,T2
CITING-WORK-CC3DF54D6DCF,吉安采茶戏保护与传承研究——基于高校校园广播站的传播功能,夏贤智;曾冬林,2020,戏剧之家,,journal article,zh,INFO_TECH,T2
CITING-WORK-B3E8E0975542,景德镇陶瓷乐器的发展综述,于芳,2021,中国陶瓷,10.16521/j.cnki.issn.1001-9642.2021.06.014,journal article,zh,INTERDISC_OTHER,T3
CITING-WORK-EE3AF6D617E6,基于游客体验的中街营销策略研究,曹琪,2024,,,thesis,zh,TOUR_HOSP,T3
CITING-WORK-C1ECA50C5588,文旅融合背景下Z文旅公司发展战略研究,詹婷婷,2023,,,thesis,zh,TOUR_HOSP,T3
CITING-WORK-831FED379471,新疆文化与旅游产业绿色融合发展水平及驱动力研究,徐楷,2024,,,thesis,zh,TOUR_HOSP,T3
CITING-WORK-91B8E2ED69BA,直播营销模式下T旅游公司用户运营优化策略研究,张姊威,2024,,,thesis,zh,TOUR_HOSP,T3
CITING-WORK-4AF773A80263,旅游休闲街区游客参与对口碑传播的影响研究,张瑞锦,2024,,,thesis,zh,ARCH_DES_HER,T3
CITING-WORK-BAE9F3087F5A,人工智能提振文旅消费研究,赵睿智,2025,,,thesis,zh,TOUR_HOSP,T3
CITING-WORK-B3582DCAF23B,游客感知视角下“邕州古城·三街两巷”夜间旅游提升策略研究,文颖,2025,,,thesis,zh,TOUR_HOSP,T3
CITING-WORK-B46860C70C99,我国旅游消费政策的量化评价与组态效应--基于消费政策文本分析,陈悦,2025,,,thesis,zh,TOUR_HOSP,T3
CITING-WORK-F7DB8C67241A,基于POI大数据的青岛市休闲旅游业态空间分布及影响机理研究,马文文,2025,,,thesis,zh,TOUR_HOSP,T3
CITING-WORK-66A3FB040754,文旅融合背景下的庐陵杨万里品牌形象设计研究,廖琪,2025,,,thesis,zh,TOUR_HOSP,T3
CITING-WORK-EDCB4E9F8074,基于景观视觉吸引要素的乡村文旅街区设计研究--以大黄镇左庄为例,罗昊佳,2024,,,thesis,zh,ARCH_DES_HER,T3
CITING-WORK-258B1B9B8654,茶文旅融合的场景表达及实现路径——以江苏茶博园为例,姚培君;李萍萍;史德林,2025,安徽农业科学,10.3969/j.issn.0517-6611.2025.15.023,journal article,zh,RURAL_AGRI,T2
CITING-WORK-C749067EF522,旅游休闲街区citywalk网络影响力评价与发展路径,佚名,,,,thesis,zh,ARCH_DES_HER,T3
CITING-WORK-6C925D3A90FA,旅游影响下历史街区空间生产与叙事实践,刘佳;卢子娴;张桐艳,2025,地理研究,10.11821/dlyj020240071,journal article,zh,URBAN_PLAN_GEO,T2
CITING-WORK-2FE0A3282363,中国旅游休闲街区空间差异及成因分析,庞家朋;李梦园,2025,干旱区地理,10.12118/j.issn.1000-6060.2024.419,journal article,zh,TOUR_HOSP,T2
CITING-WORK-D16B3881448C,国家级旅游休闲街区空间分布特征及影响因素,孙莉霞;熊琛然;翟珊,2025,国土与自然资源研究,10.16202/j.cnki.tnrs.2025.06.014,journal article,zh,TOUR_HOSP,T2
CITING-WORK-3BFEFA87E6CE,数字+共生治理:边疆地区国家级旅游休闲街区治理新模式研究,王卓,2025,广西社会科学,10.3969/j.issn.1004-6917.2025.05.019,journal article,zh,ARCH_DES_HER,T3
CITING-WORK-AC989934CD9A,大运河江浙段沿线城市文旅消费水平时空特征与影响路径研究,余凤龙;徐留倩;侯兵,2025,经济地理,10.15957/j.cnki.jjdl.2025.05.020,journal article,zh,ECON_BUS_CONS,T2
CITING-WORK-2FB1E3EBD94B,新时期河北周末休闲旅游发展路径探索,佚名,,,,thesis,zh,TOUR_HOSP,T3
CITING-WORK-7B64DF0957A4,内容至上:文旅融合进程中的二元创新模式演化与转向,舒伯阳;郭海荣;阮先炳,2025,旅游导刊,10.12054/lydk.bisu.289,journal article,zh,TOUR_HOSP,T2
CITING-WORK-A6E4932F17D5,城市旅游休闲街区发展模式创新研究——以罍街、合柴1972和黎阳映巷为例,李云岫;刘嘉辉;牛子纤,2023,旅游纵览,10.3969/j.issn.1004-3292.2023.20.028,journal article,zh,TOUR_HOSP,T2
CITING-WORK-28B8EE8B0C7D,宁波加快培育消费新场景的思路与策略研究,杨宗之;伍婵提,2024,宁波经济,10.3969/j.issn.1007-5259.2024.24.005,journal article,zh,ECON_BUS_CONS,T3
CITING-WORK-B58E33E48F00,中国城市旅游休闲街区空间格局及影响因素,高原;乔赛;曲博婷,2025,人文地理,10.13959/j.issn.1003-2398.2025.03.015,journal article,zh,TOUR_HOSP,T2
CITING-WORK-33DCB82C9312,中国文化产业研究2023年度学术报告,周建新;谢金苗,2024,深圳大学学报（人文社会科学版）,10.3969/j.issn.1000-260x.2024.01.006,journal article,zh,CULT_MEDIA,T2
CITING-WORK-F9631731DD91,新质生产力赋能文体旅消费场景高质量发展探究,佚名,,,,thesis,zh,ECON_BUS_CONS,T3
CITING-WORK-4B2DD116C579,文旅融合赋能城市更新的机理分析:以景观为方法,宋波;蔡子鑫,2025,文化艺术研究,10.3969/j.issn.1674-3180.2025.03.010,journal article,zh,ARCH_DES_HER,T3
CITING-WORK-DCF5902B80C4,21世纪以来我国文旅融合研究:主题脉络、热点演化与前沿分析,袁硕,2025,昭通学院学报,10.3969/j.issn.1008-9322.2025.01.015,journal article,zh,TOUR_HOSP,T3
CITING-WORK-9E5E1654FB18,长三角城市群产城融合机制与空间特征研究,姚立洁,2016,,,thesis,zh,URBAN_PLAN_GEO,T3
CITING-WORK-A4D65580143F,杭州高新技术产业开发区产城融合评价研究,陶杰,2018,,,thesis,zh,ECON_BUS_CONS,T3
CITING-WORK-521923DD5452,老龄化视角下的住宅小区居住适宜性评价--以南京市建邺区为例,毛奥琳,2019,,,thesis,zh,INTERDISC_OTHER,T3
CITING-WORK-11F4574941B3,旅游城市舒适物水平及驱动机制研究,王媛媛,2019,,,thesis,zh,TOUR_HOSP,T3
CITING-WORK-DFEA2237C26B,城市人才居留吸引力评价研究,朱敏,2021,,,thesis,zh,URBAN_PLAN_GEO,T3
CITING-WORK-DBCF2EB2CE8F,基于VIKOR法的技能人才城市吸引力评价研究——以长三角副中心城市为例,郑天宇,2021,,,thesis,zh,URBAN_PLAN_GEO,T3
CITING-WORK-DAB97F1C8B86,土地综合整治对乡村舒适性的影响研究--以武汉都市圈部分村庄为例,夏薇,2023,,,thesis,zh,RURAL_AGRI,T3
CITING-WORK-05E2663D9DCC,舒适物视角下“美丽乡村”图书馆的空间生产与传播研究——以南京市桦墅村图书馆为例,程琳,2023,,,thesis,zh,RURAL_AGRI,T3
CITING-WORK-EA9B6FE60DA7,幸福感新模式:休闲舒适物对城市幸福感影响的实证研究,李丽梅,2020,城市观察,10.3969/j.issn.1674-7178.2020.02.013,journal article,zh,ECON_BUS_CONS,T2
CITING-WORK-ECAB4F5D0A07,遗产型乡村舒适性评价指标体系建构,庄葳;吉洁;陈飞,2023,城市建筑,10.19892/j.cnki.csjz.2023.07.20,journal article,zh,ARCH_DES_HER,T2
CITING-WORK-7171BCFE00D3,长三角城市居民休闲生活满意度影响机理分析——以杭州、南京、苏州、宁波和合肥为例,施蓓琦;李丽梅;楼嘉军,2021,城市问题,10.13239/j.bjsshkxy.cswt.210509,journal article,zh,URBAN_PLAN_GEO,T2
CITING-WORK-BE35751E6D8F,国内外多站点聚合地段典型案例分析与设计模式提取,翟建宇;万鑫;李兴钢,2025,当代建筑,10.20268/j.cnki.issn2096-8051.20256202,journal article,zh,ARCH_DES_HER,T2
CITING-WORK-D9679A5574CD,新型全球化与流动性背景下知识移民研究:议题与展望,马凌;谢圆圆;袁振杰,2021,地理科学,,journal article,zh,URBAN_PLAN_GEO,T2
CITING-WORK-5A3177F611A0,"后城市景观中的乡愁与地方批判:基于""珠江夜游""艺术展的图像分析",马凌;陈浩然;朱竑,2021,地理研究,10.11821/dlyj020200758,journal article,zh,URBAN_PLAN_GEO,T2
CITING-WORK-E11251B0BF55,青年知识移民就业城市选择及其影响因素 ——以广州市高校大学生为例,谢圆圆;李锦昊;马凌,2022,热带地理,10.13284/j.cnki.rddl.003458,journal article,zh,URBAN_PLAN_GEO,T2
CITING-WORK-89BCC784A6B4,中国社会转型背景下高校毕业生空间反向流动的影响因素及机制解释,罗加威;马凌;陈家豪,2025,热带地理,10.13284/j.cnki.rddl.20240693,journal article,zh,URBAN_PLAN_GEO,T2
CITING-WORK-0D51F25FF231,现代城市增强人才吸引力的几个维度,林滨;夏银平,2021,人民论坛,,journal article,zh,SOC_POLICY,T2
CITING-WORK-DD37E252BBE4,城市休闲舒适物与城市发展的协调度——以成都为例,李丽梅;楼嘉军,2018,首都经济贸易大学学报,10.13504/j.cnki.issn1008-2700.2018.01.009,journal article,zh,ECON_BUS_CONS,T2
CITING-WORK-7A799FCC730B,购物空间的气氛美学与场景营造——以skp-s为例的实证研究,董慧,2023,现代商业,,journal article,zh,ECON_BUS_CONS,T2
CITING-WORK-51DEB6325D84,基于GIS分析的老龄化视角下居住适宜性评价,毛奥琳,2019,特区经济,,journal article,zh,ECON_BUS_CONS,T2
CITING-WORK-79A276EA243B,可参观性的空间生产与乡村舒适物的耦合关系--以“最美乡村”为主线,吴志斌;姜照君,2015,现代经济探讨,10.3969/j.issn.1009-2382.2015.11.015,journal article,zh,RURAL_AGRI,T2
CITING-WORK-929FC8DB8C27,从空间观的视角看新型城镇化的本质发展——以杭州市为例,唐晓俊,2016,现代经济信息,10.3969/j.issn.1001-828x.2016.03.397,journal article,zh,ECON_BUS_CONS,T3
CITING-WORK-DFB87AB6DA24,舒适物理论视角下特色小镇规划建设路径与对策,李妍;李秋,2018,邢台学院学报,,journal article,zh,ARCH_DES_HER,T3
CITING-WORK-0A73C44C10FD,"由""生产型资本""迈向""消费型资本""——中国城市舒适物的属性升级与功能定位",刘凯强,2022,云南社会科学,10.3969/j.issn.1000-8691.2022.06.017,journal article,zh,ARCH_DES_HER,T2
CITING-WORK-9B4740AFC6DE,城市休闲舒适物发展水平测度及与生活品质的关系研究,李丽梅,2021,四川理工学院学报（社会科学版）,10.11965/xbew20210601,journal article,zh,SPORT_LEISURE,T3
CITING-WORK-EBF065A7FA1E,基于舒适物视角的返乡创业生态系统对科技创新人才吸引力评价研究,许尧;刘雨婷;叶俊杰,2021,浙江农业科学,10.16178/j.issn.0528-9017.20210652,journal article,zh,RURAL_AGRI,T3
CITING-WORK-36D77B7D7C12,网络社会青年群体去“附近”现实下的社区公共空间优化--以大连高新园区为例,刘佳玉,2023,,,thesis,zh,INFO_TECH,T3
CITING-WORK-AF1EE6539F40,古村镇舒适性研究--基于长三角24个古村镇的实证分析,吉洁,2023,,,thesis,zh,INTERDISC_OTHER,T3
CITING-WORK-5D4496EE9E9D,住房阶层形成机制研究--以广州为例,魏万青,2012,,,thesis,zh,INTERDISC_OTHER,T3
CITING-WORK-E208B3D2FB19,城市休闲环境舒适性感知及其对空间活力的影响研究--以南京市为例,陈夏微,2024,,,thesis,zh,SPORT_LEISURE,T3
CITING-WORK-42C5FEDFCEAA,老旧小区改造对住房价格的影响评估——以杭州市拱墅区为例,秦贝贝;韩帅军;李轶楠,2025,北京建筑大学学报,10.19740/j.2096-9872.2025.06.02,journal article,zh,ARCH_DES_HER,T2
CITING-WORK-B36B583D6690,汉江生态经济带孝感段水资源开发利用问题初探,林承园,2016,长江论坛,10.3969/j.issn.1005-3980.2016.01.006,journal article,zh,ECON_BUS_CONS,T3
CITING-WORK-347939F21752,城市适宜性对创新型人才集聚影响的研究进展及启示,崔丹;李国平;吴殿廷,2021,城市发展研究,10.3969/j.issn.1006-3862.2021.04.016,journal article,zh,URBAN_PLAN_GEO,T2
CITING-WORK-385DD246464B,住房与城市居民主观幸福感实证研究,高红莉;张东;许传新,2014,调研世界,10.3969/j.issn.1004-7794.2014.11.004,journal article,zh,URBAN_PLAN_GEO,T3
CITING-WORK-F920CB2A81A4,企业技术创新的线性范式与网络范式:基于经济社会学视角,丘海雄;谢昕琰,2016,广东财经大学学报,,journal article,zh,ECON_BUS_CONS,T3
CITING-WORK-586444FE9988,城市适宜性视角下创新型人才集聚影响因素研究评述,崔丹;吴殿廷;陈笑啸,2020,管理现代化,10.19634/j.cnki.11-1403/c.2020.05.027,journal article,zh,URBAN_PLAN_GEO,T3
CITING-WORK-28FED867FA8A,社会空间利益争夺与能动社会建构--以广州LJ小区业主维权为例,张应祥,2011,,,thesis,zh,SOC_POLICY,T3
CITING-WORK-5ACA33B348AA,基于舒适物理论的高新技术开发区人才政策体系分析,童蕊;李新亮,2015,江汉大学学报（社会科学版）,10.16387/j.cnki.42-1867/c.2015.04.004,journal article,zh,SOC_POLICY,T3
CITING-WORK-01E1D7025F5C,区域科技人才开发效率测算及时空差异分析,吕一清;童谣,2023,科技管理研究,10.3969/j.issn.1000-7695.2023.5.014,journal article,zh,URBAN_PLAN_GEO,T2
CITING-WORK-5A14B8DBD874,中国城市基础研究综合竞争力的时空演变及影响因素,莫广欣;颜金彪,2024,科学观察,10.15978/j.cnki.1673-5668.20240705,journal article,zh,URBAN_PLAN_GEO,T3
CITING-WORK-E45895DE359B,旅游地日常生活的康复性意义研究 ——以丽江古城为例,黄清燕;白凯;杜涛,2022,旅游学刊,10.19765/j.cnki.1002-5006.2022.02.008,journal article,zh,TOUR_HOSP,T2
CITING-WORK-589F20380049,基于文化舒适物空间格局的新型城河共生模式研究——以大运河国家文化公园为例,李东晔;周永博;贾文通,2023,旅游学刊,10.19765/j.cnki.1002-5006.2023.09.013,journal article,zh,TOUR_HOSP,T2
CITING-WORK-C0DABA6283E8,城市舒适物与消费型资本^从消费社会学视角看城市产业升级,王宁,2014,兰州大学学报（社会科学版）,10.3969/j.issn.1000-2804.2014.01.001,journal article,zh,TOUR_HOSP,T2
CITING-WORK-6C7CA742F66D,舒适性视角下安徽省城市可持续竞争力评价研究,周娟;赵文龙;李玉东,2020,广东石油化工学院学报,,journal article,zh,URBAN_PLAN_GEO,T3
CITING-WORK-F96504C212F4,创意城市与消费升级融合发展的机理与模式,刘慧,2025,求索,,journal article,zh,ECON_BUS_CONS,T3
CITING-WORK-8461C32E6E50,旅游者饮食舒适度构成要素及影响机制研究,余凤龙;潘薇;徐羽可,2021,人文地理,10.13959/j.issn.1003-2398.2021.04.022,journal article,zh,TOUR_HOSP,T2
CITING-WORK-5179866F068C,制度舒适物与高新技术人才竞争--基于人才吸引策略的分析,郑姝莉,2014,人文杂志,10.3969/j.issn.0447-662x.2014.09.016,journal article,zh,INTERDISC_OTHER,T3
CITING-WORK-C8E46087BB11,城市棚户区改造对周边舒适物的影响效应研究,王昊;张晓煜;高然,2024,西部人居环境学刊,10.13791/j.cnki.hsfwest.20240106,journal article,zh,URBAN_PLAN_GEO,T2
CITING-WORK-581E4EAF9F7A,城镇家庭住房保有中的责任伦理与经济实践,许弘智,2025,社会学研究,,journal article,zh,SOC_POLICY,T2
CITING-WORK-D6DAEE2B553F,住房空间分化与社会不平等:一个解释框架,李怀;鲁蓉,2012,西北师大学报（社会科学版）,10.3969/j.issn.1001-9162.2012.01.014,journal article,zh,SOC_POLICY,T3
CITING-WORK-552A94C500E6,需求治理:城镇住房政策发展的理念转型,赵方杜;杨彩云,2017,学术论坛,10.3969/j.issn.1004-4434.2017.05.011,journal article,zh,RURAL_AGRI,T2
CITING-WORK-A503BA8426FC,创新城区舒适物的空间布局与形成机制研究——以杭州市为例,刘可文;王林柯;傅晓敏,2024,中国名城,10.19924/j.cnki.1674-4144.2024.007.010,journal article,zh,URBAN_PLAN_GEO,T2
CITING-WORK-51B1E25F924B,面向长三角城市老人异地养老需求的田园综合体设计策略,张云帆;周若男;柴鸿举,2023,浙江工贸职业技术学院学报,10.3969/j.issn.1672-0105.2023.04.017,journal article,zh,URBAN_PLAN_GEO,T3
CITING-WORK-5A9D1DF5FB50,云报传媒集团数字文旅平台优化策略研究,黄河山,2023,,,thesis,zh,TOUR_HOSP,T3
CITING-WORK-9D6C1A4A6580,智慧旅游网络服务平台价值影响因素研究--基于ISM-MSEM-ANP方法,崔本娜,2023,,,thesis,zh,TOUR_HOSP,T3
CITING-WORK-91E87749B36C,基于CPFR的智慧旅游供应链协同预测研究,陈佳乐,2023,,,thesis,zh,TOUR_HOSP,T3
CITING-WORK-7B870C83B052,数字化转型下的旅游集团服务生态系统价值共创演化机理研究——以陕旅集团为例,关凯伦,2023,,,thesis,zh,TOUR_HOSP,T3
CITING-WORK-5A660657DF24,万维公司智慧旅游业务营销策略优化研究,冯小翠,2024,,,thesis,zh,TOUR_HOSP,T3
CITING-WORK-5E6EBC879DB6,甘肃省旅游产业与信息产业耦合协调发展及影响因素研究,马晓晗,2025,,,thesis,zh,TOUR_HOSP,T3
CITING-WORK-CDBD45C5D738,基于RMP分析的广东省阳山县韩愈文化旅游发展研究,罗玉珊,2025,,,thesis,zh,TOUR_HOSP,T3
CITING-WORK-A3B843F6ACEC,虚实融合旅游空间中游客情感体验的形成机制研究,岳艳莹,2025,,,thesis,zh,TOUR_HOSP,T3
CITING-WORK-44FF9294031F,主客感知视角下四川仓山古镇旅游发展研究,陈敏,2025,,,thesis,zh,TOUR_HOSP,T3
CITING-WORK-1F4B58754686,新茶饮营销策略对年轻群体购买意愿影响研究,阎鹏翔,2025,,,thesis,zh,INTERDISC_OTHER,T3
CITING-WORK-317CD7B7EC22,数字经济对文旅融合的影响机制与空间效应研究,李隆燕,2025,,,thesis,zh,TOUR_HOSP,T3
CITING-WORK-21032677CC39,乡村旅游产业资源整合中的权力主体互动研究--以赣南P村为例,谢喆,2025,,,thesis,zh,TOUR_HOSP,T3
CITING-WORK-17DB31AA0CA1,体验经济理论下台儿庄古城文化旅游数字化开发研究,倪吴玥,2023,,,thesis,zh,TOUR_HOSP,T3
CITING-WORK-0EAF64ADC220,大庆市旅游业发展政策效果评价研究,王萍,2023,,,thesis,zh,TOUR_HOSP,T3
CITING-WORK-988C9E55FE58,元宇宙创新扩散中社会群体接入差异及其问题研究,冯兆,2024,重庆邮电大学学报（社会科学版）,10.3979/1673-8268.20221206006,journal article,zh,INFO_TECH,T3
CITING-WORK-2DCF0ED2B64A,文旅融合背景下剧本游沉浸式体验的演化发展,佚名,,,,thesis,zh,TOUR_HOSP,T3
CITING-WORK-946A71E360F3,沉浸式旅游场景中游客多元互动的测度与影响路径研究,吴昕阳;张新成;高楠,2025,地理科学,10.13249/j.cnki.sgs.20230761,journal article,zh,URBAN_PLAN_GEO,T2
CITING-WORK-1A29DF6570FA,中国旅游业数字化与绿色化时空耦合特征及互动响应关系,王兆峰;林鲁雄;陈勤昌,2025,地理与地理信息科学,10.3969/j.issn.1672-0504.2025.04.016,journal article,zh,TOUR_HOSP,T3
CITING-WORK-816D584386CD,文化遗产旅游数字化开发的理性思考——以黔中屯堡文化为例,佚名,,,,thesis,zh,ARCH_DES_HER,T3
CITING-WORK-FDF85E8983B2,基于游客感知的智慧景区旅游者分类研究——以滕王阁景区为例,马晓龙;乐子娜;郭嘉欣,2025,华中师范大学学报（自然科学版）,10.19603/j.cnki.1000-1190.2025.03.017,journal article,zh,TOUR_HOSP,T3
CITING-WORK-C3EF9AEDE4C5,旧法新构:体验经济视角下数字文旅服务的需求探究,王样;鄢莉;殷科,2025,家具与室内装饰,10.16771/j.cn43-1247/ts.2025.03.013,journal article,zh,ARCH_DES_HER,T2
CITING-WORK-F852151EBCEB,中国智慧景区研究进展与展望,周志利;明庆忠;史鹏飞,2022,六盘水师范学院学报,10.16595/j.1671-055x.2022.05.002,journal article,zh,EDUCATION,T2
CITING-WORK-75DE59BD3DE8,酒店数字化转型动态能力:内涵、结构及测量,唐健雄;孙婧瑶;孙桥,2023,旅游科学,,journal article,zh,TOUR_HOSP,T2
CITING-WORK-DF4A25F309EA,数字赋能文旅深度融合的理论逻辑与研究框架,黄震方;张子昂;李涛,2024,旅游科学,,journal article,zh,TOUR_HOSP,T2
CITING-WORK-EBC964DF94FE,虚实融合旅游空间的人地互动与想象建构——以故宫深圳数字体验展为例,郑春晖;温云波;王祎,2024,旅游科学,,journal article,zh,TOUR_HOSP,T2
CITING-WORK-596193738AF8,"""新质""还是""传统"":新质生产力影响旅游发展的机制及效应研究",王静;杨勇;黄鑫,2025,旅游科学,,journal article,zh,TOUR_HOSP,T2
CITING-WORK-82A0620C3725,数字经济能推动旅游业高质量发展吗?基于PSTR模型的实证分析,李明龙;孙晓洋;郭海荣,2024,旅游导刊,10.12054/lydk.bisu.254,journal article,zh,TOUR_HOSP,T2
CITING-WORK-C63DE5D8A1BF,数字经济下福建森林旅游与乡村振兴的融合发展,邹芳芳;吕柯佳;张海燕,2024,林业经济问题,10.16832/j.cnki.1005-9709.20230317,journal article,zh,TOUR_HOSP,T3
CITING-WORK-246752154EE6,数字鸿沟是否加剧了旅游消费不平等?——内在机制与微观实证,杨勇;王静,2024,旅游学刊,10.19765/j.cnki.1002-5006.2024.11.007,journal article,zh,TOUR_HOSP,T2
CITING-WORK-ABE5670E8C81,景区自助讲解器持续使用意愿的实证研究——基于层次回归与fsQCA的分析,蒲波;胡佳玮;马晨宇,2025,旅游学刊,10.19765/j.cnki.1002-5006.2025.00.005,journal article,zh,TOUR_HOSP,T2
CITING-WORK-4E8EF750FCE3,元宇宙技术在图书馆中的应用文献综述,江淑洁,2023,情报探索,10.3969/j.issn.1005-8095.2023.02.016,journal article,zh,CULT_MEDIA,T2
CITING-WORK-33514E0862F9,全域旅游视域下县级文旅新媒体的建设探究,张贻苒;蒋喆,2023,四川旅游学院学报,10.3969/j.issn.1008-5432.2023.02.009,journal article,zh,TOUR_HOSP,T2
CITING-WORK-CFF51A302969,非物质文化遗产在县域旅游中的新媒体传播机制分析——以泉州蟳埔女簪花为例,佚名,,,,thesis,zh,ARCH_DES_HER,T3
CITING-WORK-3E02D7EF4E11,从《我的阿勒泰》到《日光之城》:民族题材电视剧的创新路径探析,贾媛媛;张佳琪,2025,视听,10.3969/j.issn.1674-246x.2025.18.015,journal article,zh,CULT_MEDIA,T2
CITING-WORK-987C16D85A4E,数字经济驱动体育消费升级的内在机理、问题审视与推进策略,曾玉兰;许文鑫;沈克印,2023,西安体育学院学报,10.16063/j.cnki.issn1001-747x.2023.02.003,journal article,zh,RURAL_AGRI,T2
CITING-WORK-E5C39C4A50AC,全域旅游背景下文旅新媒体助力县域旅游品牌建设路径探讨,史丽萍,2023,西部旅游,,journal article,zh,TOUR_HOSP,T2
CITING-WORK-CDFFD42573DB,湘西地区乡村旅游多元主体价值共创机制研究——以竹山苗寨旅游为例,张琰飞;李欣雨;朱海英,2025,重庆文理学院学报（社会科学版）,10.19493/j.cnki.issn1673-8004.2025.03.002,journal article,zh,SOC_POLICY,T2
CITING-WORK-AA10F383EEB8,数字乡村背景下缙云县鱼川村文化数字活化策略探析,唐贺愉;叶湄;施静媚,2023,智慧农业导刊,10.20028/j.zhnydk.2023.16.017,journal article,zh,RURAL_AGRI,T2
CITING-WORK-C0F117535684,数字乡村建设赋能文旅融合发展的效应及机制研究——以云南省为实证案例,邹建琴;明庆忠;龚雅俐,2025,资源开发与市场,10.3969/j.issn.1005-8141.2025.07.016,journal article,zh,URBAN_PLAN_GEO,T2
CITING-WORK-6F97F52990AF,传播仪式观视角下“江小白”品牌传播研究,许海凤,2019,,,thesis,zh,ECON_BUS_CONS,T3
CITING-WORK-D78CF04BA74B,文化人类学视野下中国独立纪录片的影像书写研究,刘钰,2020,,,thesis,zh,CULT_MEDIA,T3
CITING-WORK-78B1E189374D,视频博客（Vlog）的场景研究,孟璐,2020,,,thesis,zh,INTERDISC_OTHER,T3
CITING-WORK-588B32F7F519,基于情怀挖掘的博物馆文创设计研究,黄雪遥,2020,,,thesis,zh,CULT_MEDIA,T3
CITING-WORK-D7BE084B5B04,军营文化的媒介建构与传播研究—以解放军报《长征》副刊（2020）为例,朱花平,2021,,,thesis,zh,CULT_MEDIA,T3
CITING-WORK-7F78D50AC652,人类学视阈下中国纪录片都市影像的书写研究,李金玉,2021,,,thesis,zh,INTERDISC_OTHER,T3
CITING-WORK-AD2A2C2DE2A4,幼儿教师中华文化课程理解研究——以广府文化课程为例,陈晓怡,2021,,,thesis,zh,CULT_MEDIA,T3
CITING-WORK-F06A199E249B,文化资本视角下旧城更新策略研究——以广西武宣县城为例,陈军,2021,,,thesis,zh,CULT_MEDIA,T3
CITING-WORK-EF08C329C1CC,助农短视频和直播中消费者价值共创行为的影响研究,薛欢,2022,,,thesis,zh,ECON_BUS_CONS,T3
CITING-WORK-04847A5344CE,王征宇综艺节目研究,邢毓雯,2022,,,thesis,zh,INTERDISC_OTHER,T3
CITING-WORK-41FFBC8B7F16,文化营销视角下汝瓷区域品牌塑造策略研究,程亚静,2021,,,thesis,zh,ECON_BUS_CONS,T3
CITING-WORK-8DE025651EEF,建筑投影中地域文化的可视化研究——以“长江灯光秀”启幕秀为例,万心言,2021,,,thesis,zh,ARCH_DES_HER,T3
CITING-WORK-A83EF63A71B6,文旅融合背景下广播旅游节目的地域化研究,丁家诚,2023,,,thesis,zh,TOUR_HOSP,T3
CITING-WORK-7B536EC41514,旅游地大型实景演出的空间生产研究,段晨,2023,,,thesis,zh,TOUR_HOSP,T3
CITING-WORK-A05E19D95CC6,传统文化类线上虚拟博物馆沉浸性传播现状与优化策略研究,于思洋,2023,,,thesis,zh,CULT_MEDIA,T3
CITING-WORK-11BB2E639ED3,基于可供性理论的文博新零售体验设计研究,华杨,2023,,,thesis,zh,INTERDISC_OTHER,T3
CITING-WORK-F75563341712,场景理论视域下中文播客的知识生产与传播策略研究——以“小宇宙”APP为例,胡皓雯,2024,,,thesis,zh,CULT_MEDIA,T3
CITING-WORK-FAE36C9308D5,在线学习社区情绪对活跃度的因果效应与作用机制研究,韩守港,2024,,,thesis,zh,EDUCATION,T3
CITING-WORK-EE75BBD6DB0D,文化类综艺节目《舞千年》的文化记忆建构与传播研究,朱荷徽,2024,,,thesis,zh,CULT_MEDIA,T3
CITING-WORK-F7E51946B831,短视频文化元素对观看用户旅游意向的影响研究--以泉州文旅短视频为例,王虹羽,2025,,,thesis,zh,TOUR_HOSP,T3
CITING-WORK-9CF2BEBDF5C6,游记类短视频城市形象传播组态效应研究--基于47个案例的定性比较分析（QCA）,吴怡靓,2025,,,thesis,zh,CULT_MEDIA,T3
CITING-WORK-BFDAC291561A,2018-2024年原创文化节目对中国文化记忆的具身传播研究,康鑫鑫,2025,,,thesis,zh,CULT_MEDIA,T3
CITING-WORK-1D2951C8E749,赵邯郸故城王城遗址保护与展示策略研究,遵田苗,2025,,,thesis,zh,INTERDISC_OTHER,T3
CITING-WORK-1E1AFFB20B9F,影视剧中卡通动画在人物内心表现的研究--以毕业作品《冬梦》为例,张越,2023,,,thesis,zh,INTERDISC_OTHER,T3
CITING-WORK-A97AD5D2D6B7,公众情绪信息视角下传统文化节目的传播机制研究,赵海志,2023,,,thesis,zh,CULT_MEDIA,T3
CITING-WORK-D14BF4755F11,媒介情境视域下“播客”媒介形态的品牌传播研究,江淑怡,2023,,,thesis,zh,ECON_BUS_CONS,T3
CITING-WORK-C0C239C24F03,武术短视频传播效果影响因素研究,袁硕,2024,,,thesis,zh,CULT_MEDIA,T3
CITING-WORK-59A004E0B967,农村“高龄零工”务工角色研究--以F市T村为例,徐龙龙,2024,,,thesis,zh,RURAL_AGRI,T3
CITING-WORK-CB94CF609C6B,学校武术教育为载体传承中华文化存在的主要问题,向玮,2020,武术研究,,journal article,zh,SPORT_LEISURE,T2
CITING-WORK-6BCE7101661A,"从""读者小站""看新型公共文化空间价值",马永强;吴艳丽;原彦平,2022,出版发行研究,10.3969/j.issn.1001-9316.2022.02.014,journal article,zh,CULT_MEDIA,T2
CITING-WORK-12DA58471CE8,读者参与视角下的交互式阅读:价值效应、现实困境和纾解路径,郑禾名稀;周建新,2023,出版广角,10.16491/j.cnki.cn45-1216/g2.2023.13.013,journal article,zh,CULT_MEDIA,T2
CITING-WORK-4A8254B13DFF,文化场景视域下图书馆阅读空间视觉效能研究——以天津滨海图书馆为例,陈辉;姜丽娟,2021,城市建筑,10.19892/j.cnki.csjz.2021.06.25,journal article,zh,ARCH_DES_HER,T2
CITING-WORK-8D7DD5BBE596,"档案文创产品中的""在地性""",葛悦,2025,档案学研究,10.16065/j.cnki.issn1002-1620.2025.04.011,journal article,zh,INFO_TECH,T2
CITING-WORK-7B4C00FFA293,共情视域下中国非遗文化视频的国际传播,张龙;蒋烨红;康骏驰,2023,当代传播,,journal article,zh,EDUCATION,T2
CITING-WORK-C627363111C0,中华民族情感的三重共鸣——以电影《海的尽头是草原》为例,苟爽,2024,电影评介,10.3969/j.issn.1002-6916.2024.16.009,journal article,zh,ARCH_DES_HER,T2
CITING-WORK-A2DCDE05FF98,场景、符号、情感:区域形象国际传播中的共情策略,党洁,2025,湖北师范大学学报（哲学社会科学版）,10.3969/j.issn.2096-3130.2025.04.016,journal article,zh,CULT_MEDIA,T3
CITING-WORK-5333CDE23342,文化记忆理论视角下三线工业遗产的活化设计策略研究,翁春萌;陈子阳,2024,家具与室内装饰,10.16771/j.cn43-1247/ts.2024.01.016,journal article,zh,ARCH_DES_HER,T2
CITING-WORK-48DE31AEBC4D,基于情感共鸣理念的室内人居环境生态设计探析——以阳羡居茶室为例,李俊河;尹齐,2023,美术文献,,journal article,zh,ARCH_DES_HER,T2
CITING-WORK-9B587F7E1335,疍家村落文化空间生产的模型建构和路径选择,李漪琳;邓颖妍,2023,农村经济与科技,10.3969/j.issn.1007-7103.2023.04.023,journal article,zh,RURAL_AGRI,T2
CITING-WORK-D95DEA198329,"""脱嵌""—""再嵌入"":元宇宙阅读的价值意蕴与风险困境",赵明范;刘宁,2024,南阳理工学院学报,10.16827/j.cnki.41-1404/z.2024.01.009,journal article,zh,ARCH_DES_HER,T2
CITING-WORK-D80CB20481F2,体验场景下象征性消费箱包产品模式设计,王钫;梅云,2020,皮革科学与工程,10.19677/j.issn.1004-7964.2020.06.014,journal article,zh,ECON_BUS_CONS,T3
CITING-WORK-8E8D3E368897,认同与反思均衡:民族传统体育促进文化自信生成的理论逻辑,张星杰;樊晓燕,2024,上海体育大学学报,10.16099/j.sus.2023.11.13.0003,journal article,zh,CULT_MEDIA,T3
CITING-WORK-C7E13EEE648F,互构·共振·破壁:《姥姥的外孙》中的东亚共同体美学与跨文化传播,杨淏淞;柯霖,2025,声屏世界,10.3969/j.issn.1006-3366.2025.23.042,journal article,zh,TOUR_HOSP,T2
CITING-WORK-4B05815C3933,基于文化嵌入的新零售场景构建研究,胡保玲;丁丹丹,2020,商业经济研究,,journal article,zh,ECON_BUS_CONS,T2
CITING-WORK-51745B0B02CD,社会功能视角下实体零售企业转型 ——基于单案例的研究,王介石;王震;周晓宏,2022,商业经济研究,10.3969/j.issn.1002-5863.2022.04.002,journal article,zh,ECON_BUS_CONS,T2
CITING-WORK-28FD4F488419,数字文化服务场景构建的驱动机理与价值图景——基于可供性视角,肖代柏;郑禾名稀,2023,学术论坛,10.3969/j.issn.1004-4434.2023.05.012,journal article,zh,RURAL_AGRI,T2
CITING-WORK-841161823C32,"历史文化传承的电视""活化""与共情传播",魏艳文;邓进,2024,新闻战线,,journal article,zh,CULT_MEDIA,T3
CITING-WORK-F6696937E46E,民国时期苏南乡村建设运动中的公共空间,戚晓明;刘春卉;尹秋玲,2023,中国农史,,journal article,zh,RURAL_AGRI,T3
CITING-WORK-3EC6998D2D69,遗址的景观重构方法及价值呈现——基于复写理论的玉架山考古遗址公园景观营建研究,金兰兰,2022,中国园林,10.19775/j.cla.2022.s2.0053,journal article,zh,ARCH_DES_HER,T2
CITING-WORK-E49936A83C80,博物馆在线展览系统行为模型与体验设计研究,黄雅堃,2022,,,thesis,zh,CULT_MEDIA,T3
CITING-WORK-D5C414FA2CB9,云演艺受众参与行为的影响因素研究——基于心流体验的中介作用,侯晓甜,2022,,,thesis,zh,INTERDISC_OTHER,T3
CITING-WORK-E97E36F55C68,博物馆对城市形象的建构与传播研究——以成都博物馆为例,马诗思,2022,,,thesis,zh,CULT_MEDIA,T3
CITING-WORK-2C1623852E6B,博物馆官方网络直播用户观看意愿的影响因素研究,赖宇,2023,,,thesis,zh,CULT_MEDIA,T3
CITING-WORK-73B77A332903,面向中国故事讲述的档案数字叙事框架与策略研究,丁晓雪,2023,,,thesis,zh,INFO_TECH,T3
CITING-WORK-86750DDCBC45,博物馆文化传播对南京城市形象的塑造研究--基于南京市10家博物馆的调查,吴仁慧,2024,,,thesis,zh,CULT_MEDIA,T3
CITING-WORK-43273D5A5425,文化类综艺节目的符号建构研究--以《典籍里的中国》为例,邱思源,2024,,,thesis,zh,CULT_MEDIA,T3
CITING-WORK-BD76979517C3,数字化背景下传统乡村公共空间设计研究——以店头村为例,白昕,2024,,,thesis,zh,ARCH_DES_HER,T3
CITING-WORK-E996ECFDA1E4,基于品牌文化传播视角的虚拟展示设计研究,汤方卉,2024,,,thesis,zh,ECON_BUS_CONS,T3
CITING-WORK-028F698FF603,南京遗址类博物馆数字化传播问题研究,杜宗昊,2024,,,thesis,zh,CULT_MEDIA,T3
CITING-WORK-806B638D1B2F,基于交互叙事理论与Kano模型的海昏侯文创产品设计研究,王江滢,2025,,,thesis,zh,INTERDISC_OTHER,T3
CITING-WORK-919C1AD00943,云游博物馆：线上体验对博物馆实地访问意愿的影响,张欣慧,2022,,,thesis,zh,CULT_MEDIA,T3
CITING-WORK-58742CE1332B,智慧校园视角下复合型教育空间设计研究--以济南市泉欣小学为例,师梅慧,2024,,,thesis,zh,ARCH_DES_HER,T3
CITING-WORK-7BB0821E9BFD,数字化技术在智慧博物馆建设中的应用--以河南博物院为例,张汜允,2025,,,thesis,zh,CULT_MEDIA,T3
CITING-WORK-F0A7E9E597AC,综合档案馆虚拟文化空间:内涵阐释、生成逻辑及培育方略,马双双;张静;周冉瑶,2025,北京档案,10.3969/j.issn.1002-1051.2025.06.006,journal article,zh,INFO_TECH,T2
CITING-WORK-B6B19BF8161E,场所精神理论下传统街区文化空间呈现与感知,赵寰熹,2024,北京社会科学,10.13262/j.bjsshkxy.bjshkx.240509,journal article,zh,RURAL_AGRI,T2
CITING-WORK-AFB4D0B5331E,可及性视域下博物馆智慧服务的创新维度,佚名,,,,thesis,zh,CULT_MEDIA,T3
CITING-WORK-92A5C48FD97D,活化IP:数字化赋能革命文物保护传承新路径研究,申林;李子萱,2025,河北师范大学学报（哲学社会科学版）,,journal article,zh,INFO_TECH,T3
CITING-WORK-0C14EC565A92,高校图书馆虚拟文化空间的理论研究与建构分析,刘越明;刘文社,2025,科技资讯,10.16661/j.cnki.1672-3791.2410-5042-0706,journal article,zh,INFO_TECH,T2
CITING-WORK-B1E63C1BBC09,基于广府文化的社交体验式空间场景重构研究,曾紫琳,2025,美与时代,10.3969/j.issn.1003-2592.2025.48.043,journal article,zh,ARCH_DES_HER,T2
CITING-WORK-C83158903D17,符号与象征:文化类综艺节目的仪式建构——基于《国家宝藏》第三季视觉语言的分析,路梅岳;刘冰,2022,青年记者,,journal article,zh,CULT_MEDIA,T2
CITING-WORK-DB10DEB906B0,文旅融合创新背景下楚纹样的数字化开发,邹璐;王筱杭,2024,纺织科技进展,10.3969/j.issn.1673-0356.2024.10.008,journal article,zh,TOUR_HOSP,T3
CITING-WORK-CDA00F763C68,博物馆展厅中情节点设计策略研究——以内蒙古博物院为例,赵燕;巴亦君,2023,设计,10.3969/j.issn.1003-0069.2023.01.011,journal article,zh,INTERDISC_OTHER,T2
CITING-WORK-614C104B55A7,虚拟文化空间研究的主要内容与理论展望,耿达;曾雅,2023,社会科学动态,,journal article,zh,CULT_MEDIA,T2
CITING-WORK-A07BE0DAEAB0,基于数字活化的大运河国家文化公园构建,刘均星;苏燕,2025,苏州大学学报（社会科学版）,10.19563/j.cnki.sdzs.2025.03.017,journal article,zh,CULT_MEDIA,T3
CITING-WORK-3BC20E85A9A1,数智驱动乡村公共文化服务高质量发展:向度、图景与进路,赵友华;王璐,2024,数字图书馆论坛,10.3772/j.issn.1673-2286.2024.06.007,journal article,zh,RURAL_AGRI,T3
CITING-WORK-FA1B102C84CB,数智时代乡村教师网络研修的媒介场景变革机遇、挑战及优化路径,赵钱森;张雨婷,2025,西北成人教育学院学报,10.20012/j.cnki.issn1008-8539.2025.06.014,journal article,zh,RURAL_AGRI,T3
CITING-WORK-7175104B3CD3,数字乡村视角下公共文化空间重构研究,陈铭;储著琴,2022,小城镇建设,10.3969/j.issn.1009-1483.2022.08.005,journal article,zh,URBAN_PLAN_GEO,T2
CITING-WORK-752822176E15,文化产业虚拟集群的形态特征与空间解构研究,黄蕊;李雪威,2021,学习与探索,10.3969/j.issn.1002-462x.2021.10.020,journal article,zh,EDUCATION,T2
CITING-WORK-0B5EB9CC3F43,场景理论视域下红色档案资源开发利用优化路径,边媛;舒丽莎,2024,中国档案,,journal article,zh,INTERDISC_OTHER,T3
CITING-WORK-8C792EACA74E,虚拟文化空间风险研究综述:现状与展望,宋琪;张甜甜,2023,中国海洋大学学报（社会科学版）,10.16497/j.cnki.1672-335x.202306011,journal article,zh,CULT_MEDIA,T3
CITING-WORK-B3567F5BE79D,关于青少年科学教育路径的思考 ——中国科技馆的实践与展望,殷皓;马宇罡,2022,中国校外教育,,journal article,zh,EDUCATION,T3
CITING-WORK-0E0673CE0471,文化原动力及其传导机制研究,吴福平,2018,,,thesis,zh,CULT_MEDIA,T3
CITING-WORK-3494A6362BED,文旅产业融合发展中的乡村文化空间生产研究--以黄山市M村为例,葛惠芳,2023,,,thesis,zh,TOUR_HOSP,T3
CITING-WORK-90F72B3E0922,城市更新背景下山地社区街巷边缘空间活化研究——以重庆市张家花园社区为例,傅三超,2026,城市建筑空间,10.3969/j.issn.2097-1141.2026.02.006,journal article,zh,ARCH_DES_HER,T2
CITING-WORK-035CC3802AC8,基于场景理论的文化动力型乡村振兴模式探析,陈姝颖,2021,大理大学学报,10.3969/j.issn.2096-2266.2021.07.015,journal article,zh,INTERDISC_OTHER,T2
CITING-WORK-CE926B6336B0,文化增长机器:后工业城市与社区发展路径探索,吴志明;马秀莲;吴军,2017,东岳论丛,,journal article,zh,CULT_MEDIA,T2
CITING-WORK-E6ED4FA7ACC6,场所叙事下的三线工业遗产保护再利用策略浅析——以成都东郊记忆为例,蔡静盈,2025,华中建筑,,journal article,zh,ARCH_DES_HER,T2
CITING-WORK-ECA0997514CE,场景理论视角下的高密度住区公共空间营造策略探究,曹时语;薛凯,2023,建筑与文化,10.19875/j.cnki.jzywh.2023.11.037,journal article,zh,ARCH_DES_HER,T2
CITING-WORK-F910B8ED816D,邮轮经济与国际消费中心城市建设互动研究,王慧彤;吴国清;徐嘉璇,2024,科学发展,10.3969/j.issn.1674-6171.2024.02.005,journal article,zh,ECON_BUS_CONS,T2
CITING-WORK-6B337F9E2249,蜂鸣理论视角下的城市文化创新,齐骥;亓冉,2020,理论月刊,10.14180/j.cnki.1004-0544.2020.10.011,journal article,zh,TOUR_HOSP,T2
CITING-WORK-5CD043F46E4C,"数字创意产业推进文化自信自强的""全球—地方""创新",亓冉;李凤亮,2023,理论月刊,10.14180/j.cnki.1004-0544.2023.07.008,journal article,zh,TOUR_HOSP,T2
CITING-WORK-FDC0B074DDFC,场景理论视角下的城市发展——景德镇的后工业时代,张颖,2018,美与时代（城市）,,journal article,zh,ARCH_DES_HER,T2
CITING-WORK-AEB02398ED0B,"略论以文化动力驱动""东方文明之都""建设的作用机理及其发展思路",王志强,2018,宁波广播电视大学学报,10.3969/j.issn.1672-3724.2018.01.010,journal article,zh,CULT_MEDIA,T3
CITING-WORK-3F6186B2DAE5,激活、符号与城市:武汉城市文化的解析与建构,沈劲夫;姚复怡,2022,南京艺术学院学报（美术与设计版）,10.3969/j.issn.1008-9675.2022.05.032,journal article,zh,CULT_MEDIA,T2
CITING-WORK-220A24A7CDC8,我国城市公共阅读空间发展策略研究,周清雅;陈雅,2024,内蒙古科技与经济,,journal article,zh,ARCH_DES_HER,T2
CITING-WORK-785D485A7906,文化场景理论视角下天津夜间经济发展路径分析,郭芳;李晓光,2022,天津经济,10.3969/j.issn.1006-8570.2022.01.005,journal article,zh,ECON_BUS_CONS,T3
CITING-WORK-B4E26F67895A,城市发展视角下西安历史文化资源传承创新研究,孙百亮,2020,西安文理学院学报（社会科学版）,,journal article,zh,CULT_MEDIA,T3
CITING-WORK-94AC71736343,文化艺术介入下城市滨水空间品牌塑造与传播——以上海西岸为例,丁凡;张灿;勒琴,2025,住宅科技,10.3969/j.issn.1002-0454.2025.05.002,journal article,zh,ARCH_DES_HER,T2
CITING-WORK-DDE6E125E8DE,国家公共文化服务体系示范区创建提高公共图书馆文献资源供给能力了吗?——基于双重差分模型的实证分析,文娇慧,2021,,,thesis,zh,CULT_MEDIA,T3
CITING-WORK-D313130B5081,社会美育视角下乡村闲置校舍改造研究——以黄冈市罗田县大河岸镇为例,鲁钰洁,2023,,,thesis,zh,RURAL_AGRI,T3
CITING-WORK-DC465FA1AB2D,湖北省公共图书馆研学旅行服务研究,任金红,2024,,,thesis,zh,INTERDISC_OTHER,T3
CITING-WORK-4A847A1A8B34,扬州城市书房发展现状及对策研究,王祎,2023,,,thesis,zh,URBAN_PLAN_GEO,T3
CITING-WORK-C2E374E27BCC,信息生态视角下城市书房文化空间功能的用户需求研究--以潍坊城市书房为例,张欣琪,2025,,,thesis,zh,CULT_MEDIA,T3
CITING-WORK-01D812D9590E,场景视域下公共图书馆作为知识交流空间的价值研究,李泽华,2023,国家图书馆学刊,10.13666/j.cnki.jnlc.2023.0503,journal article,zh,INFO_TECH,T2
CITING-WORK-D2A8ABC4EB7F,公共文化空间价值视域下图书馆职业人员空间素养研究:内涵、现状与提升路径,蒋一平,2023,国家图书馆学刊,10.13666/j.cnki.jnlc.2023.0504,journal article,zh,INFO_TECH,T2
CITING-WORK-AE109A2109CE,城乡要素交互作用下乡村文化消费空间的建构模式——以瓷颜咖啡店为例,朱媛媛;邸佳琦;陈思苒,2025,湖北大学学报（自然科学版）,10.3969/j.issn.1000-2375.2023.00.074,journal article,zh,RURAL_AGRI,T3
CITING-WORK-4D5071BB8FBF,读者文化自信培育下公共图书馆服务升级研究,于风娥,2023,河南图书馆学刊,10.3969/j.issn.1003-1588.2023.04.017,journal article,zh,INFO_TECH,T2
CITING-WORK-0E6D40053592,场所精神理论视角下高校图书馆空间再造中的场所认同构建研究,陈敏贤;王焕景,2023,晋图学刊,10.3969/j.issn.1004-1680.2023.03.008,journal article,zh,EDUCATION,T2
CITING-WORK-7C7932A6AB04,"空间-资源双视角下的儿童图书馆""数智化""建设研究",牛泉,2025,晋图学刊,10.3969/j.issn.1004-1680.2025.06.008,journal article,zh,EDUCATION,T2
CITING-WORK-648B20787F9A,基于文献计量的图书馆空间服务研究成果分析,杨宁,2024,江苏科技信息,10.3969/j.issn.1004-7530.2024.18.016,journal article,zh,EDUCATION,T2
CITING-WORK-7EF96CF95098,公共空间建设与文化传承——以三元区岩前镇老旧街区改造为例,高超岩,2021,江西建材,10.3969/j.issn.1006-2890.2021.12.125,journal article,zh,ARCH_DES_HER,T3
CITING-WORK-874FEFA31B2A,"社会组织何以重塑基层社区集体行动——基于""文化场域""的个案分析",邢磊,2025,求实,10.3969/j.issn.1007-8487.2025.04.006,journal article,zh,SOC_POLICY,T2
CITING-WORK-CEB39FBAC637,场景理论下体育促进城市区域经济发展的价值与路径,王峰;温阳,2024,四川体育科学,10.13932/j.cnki.sctykx.2024.05.18,journal article,zh,ECON_BUS_CONS,T3
CITING-WORK-D9A251BEB661,新时代高校图书馆文化传承场景构建研究,赵霞琦;李爱民;王南,2023,山东图书馆学刊,10.3969/j.issn.1002-5197.2023.01.004,journal article,zh,INFO_TECH,T2
CITING-WORK-56C4D0F0B0EF,公共图书馆场景化阅读空间建构策略,芦健,2021,绥化学院学报,10.3969/j.issn.2095-0438.2021.09.043,journal article,zh,INTERDISC_OTHER,T2
CITING-WORK-1C456875F014,数字赋能全民健身公共服务高质量供给:基本内涵、动力因素与实现方略,周铭扬;严鑫;缪律,2023,沈阳体育学院学报,10.12163/j.ssu.20230066,journal article,zh,SPORT_LEISURE,T2
CITING-WORK-B1DEFF234B04,儿童友好型图书馆建设的多视角研究——以青岛市少年儿童图书馆为例,牛泉;房惠,2024,图书馆界,10.3969/j.issn.1005-6041.2024.03.013,journal article,zh,CULT_MEDIA,T2
CITING-WORK-FBD9471D714B,"虚实共生,文化浸润:国内公共图书馆沉浸式服务模式研究",范心怡,2025,图书馆界,10.3969/j.issn.1005-6041.2025.06.012,journal article,zh,CULT_MEDIA,T2
CITING-WORK-A1E566BBF2EB,数智赋能公共阅读服务精准化:一个分析框架,佚名,,,,thesis,zh,INTERDISC_OTHER,T3
CITING-WORK-FB742859BD1A,社会组织推动乡村图书馆高质量发展的空间生产路径研究,鲁云鹏;付轼辉,2025,图书馆建设,10.19764/j.cnki.tsgjs.20240675,journal article,zh,INFO_TECH,T2
CITING-WORK-AF4C256398A9,"""感知—构想—亲历""三元视角下图书馆参与新型公共文化空间生产的行动机制",杨秀,2026,图书馆理论与实践,10.3969/j.issn.1005-8214.2026.02.005,journal article,zh,INFO_TECH,T2
CITING-WORK-0628E5D7C7A2,用户需求视角下公共图书馆阅读空间发展策略,吴金敦,2022,图书馆学刊,10.14037/j.cnki.tsgxk.2022.08.008,journal article,zh,INFO_TECH,T2
CITING-WORK-85E2CF5E0ABD,公共图书馆创新空间构建要素分析,马骏;刘亚宁;葛力云,2021,图书馆学研究,,journal article,zh,INFO_TECH,T2
CITING-WORK-163FF4E0C10F,基于用户多元需求的图书馆文化创意产品设计要素研究,王毅;张茴,2025,图书馆杂志,10.13663/j.cnki.lj.2025.09.003,journal article,zh,INFO_TECH,T2
CITING-WORK-B7D79BBEAB43,产业生态覆盖与消费场景变革: 物联网时代下体育消费升级的探索与思考,刘冬磊;崔丽丽;孙晋海,2022,体育科学,10.16469/j.css.202204010,journal article,zh,ECON_BUS_CONS,T2
CITING-WORK-441A7EB3F728,基于场景理论的乡村文化改造设计研究——以新县丁李湾为例,魏正聪;汪柄江,2022,艺术科技,10.3969/j.issn.1004-9436.2022.10.034,journal article,zh,CULT_MEDIA,T2
CITING-WORK-CFFA6546D757,盐都区公共文化服务供给问题及对策研究,陈雪,2022,,,thesis,zh,CULT_MEDIA,T3
CITING-WORK-8F3452D7C323,淮阴区公共文化服务问题及对策研究,李倩影,2022,,,thesis,zh,CULT_MEDIA,T3
CITING-WORK-D08E9E2C4083,公共数字文化服务中数字排斥的生发逻辑与消解对策研究,于嘉逊,2022,,,thesis,zh,CULT_MEDIA,T3
CITING-WORK-16C848A0D1F0,基本公共文化服务均等化水平地区差距研究,李丹,2022,,,thesis,zh,CULT_MEDIA,T3
CITING-WORK-98B16CC30964,多元主体共治视角下基层政府公共文服务职能研究--以中山市小榄镇为例,高姗,2023,,,thesis,zh,INTERDISC_OTHER,T3
CITING-WORK-DFE55F46343D,成都市公共数字文化服务平台用户需求层次及满足策略研究,王婷,2023,,,thesis,zh,CULT_MEDIA,T3
CITING-WORK-E5E5043AE95E,内蒙古自治区公共文化服务绩效评估及优化对策研究,宋畅,2023,,,thesis,zh,CULT_MEDIA,T3
CITING-WORK-34B3642FF446,农村公共数字文化服务利用意愿及其影响因素研究--以安陆市巡店镇为例,吴泽,2024,,,thesis,zh,RURAL_AGRI,T3
CITING-WORK-30729D6C7459,河北省昌黎县公共文化服务数字化供给研究,秦治国,2024,,,thesis,zh,CULT_MEDIA,T3
CITING-WORK-DC235CCF6D15,数字赋能乡村公共文化服务的现实困境及其消解研究,秦瑜遥,2023,,,thesis,zh,RURAL_AGRI,T3
CITING-WORK-EC9994E0E0D4,数字技术提升乡村公共文化服务供给能力研究,王帆,2023,,,thesis,zh,RURAL_AGRI,T3
CITING-WORK-656F6D895F9E,我国公共图书馆参与新型公共文化空间建设研究,王晓静,2024,,,thesis,zh,CULT_MEDIA,T3
CITING-WORK-726810AD0A07,新泰市公共文化服务人才队伍建设研究,张丽,2024,,,thesis,zh,CULT_MEDIA,T3
CITING-WORK-F89627BF7CB0,武汉市蔡甸区公共文化服务供给问题及对策研究,郭文瑶,2024,,,thesis,zh,CULT_MEDIA,T3
CITING-WORK-0CC121B4F27C,乡村振兴视域下乡村公共文化服务体系建设问题及对策研究,代春林,2024,,,thesis,zh,RURAL_AGRI,T3
CITING-WORK-27A08601F707,数字赋能重庆市城市社区老年人体育公共服务治理策略研究,童棵,2024,,,thesis,zh,INFO_TECH,T3
CITING-WORK-B09F3C92D11F,推动M市公共文化服务数字化建设主体多元化研究,陈庚,2024,,,thesis,zh,CULT_MEDIA,T3
CITING-WORK-C54431E3D7A6,广西公共图书馆绩效困境与改革策略研究,李来霖,2023,,,thesis,zh,INTERDISC_OTHER,T3
CITING-WORK-6019389AA5DB,新时代我国乡村文化空间建设研究,冯媛,2024,,,thesis,zh,RURAL_AGRI,T3
CITING-WORK-CF999ABE00D0,文化惠民工程的政策调适研究--以南京市“百千万工程”为例,王可妮,2024,,,thesis,zh,CULT_MEDIA,T3
CITING-WORK-65CB62740EB8,新时代城乡公共文化服务一体化建设研究,陈静怡,2025,,,thesis,zh,CULT_MEDIA,T3
CITING-WORK-C83006C7231E,价值共创视角下公共文化服务数字化水平测评及影响因素研究--以内蒙古地区为例,候文静,2025,,,thesis,zh,CULT_MEDIA,T3
CITING-WORK-4228F0343900,公共文化服务供给优化研究--以北京CBD为例,金秋曼,2022,,,thesis,zh,CULT_MEDIA,T3
CITING-WORK-FCEC86432B45,朝阳区博物馆公共文化服务现状及其效能提升路径研究,赵冰悦,2022,,,thesis,zh,CULT_MEDIA,T3
CITING-WORK-6DF7A8186C5E,基于县级融媒体的公共文化服务创新研究,贺明悦,2023,,,thesis,zh,CULT_MEDIA,T3
CITING-WORK-24E16988FC66,呼和浩特市公共文化服务质量研究,黄亚茹,2023,,,thesis,zh,CULT_MEDIA,T3
CITING-WORK-0452130A0FB3,格式塔理论视角下湘西乡村公共空间重构设计研究,林进,2022,,,thesis,zh,RURAL_AGRI,T3
CITING-WORK-6F83C2EDB96E,湖北省博物馆新馆公共数字文化服务优化研究,陈锦秀,2023,,,thesis,zh,CULT_MEDIA,T3
CITING-WORK-939E67F4D644,改革开放以来我国文化体制改革研究,薛景,2024,,,thesis,zh,CULT_MEDIA,T3
CITING-WORK-ADE20E24FE92,城市公共文化空间治理研究--以郑州市城市书房为例,张会丽,2024,,,thesis,zh,CULT_MEDIA,T3
CITING-WORK-C28332D964D6,多元治理视角下日照市城市书房公共文化服务供给研究,刘誉迪,2024,,,thesis,zh,CULT_MEDIA,T3
CITING-WORK-208D4977CF27,基于在线评论文本分析的公共图书馆数字化服务用户满意度研究,龙嵛葭,2022,,,thesis,zh,INFO_TECH,T3
CITING-WORK-5C24088CED72,"公共文化服务促进""村改居""社区治理现代化的机理和路径",张三元;任利鹏,2023,长江论坛,10.3969/j.issn.1005-3980.2023.03.007,journal article,zh,CULT_MEDIA,T3
CITING-WORK-2066EABAF195,我国公共数字文化服务研究领域的科学知识图谱分析,曾荣,2024,大学图书情报学刊,10.3969/j.issn.1006-1525.2024.04.016,journal article,zh,CULT_MEDIA,T2
CITING-WORK-1D923B9CFFFA,我国公共数字文化服务研究:主题、特点与展望,曾粤亮;明冉;吕晓龙,2025,国家图书馆学刊,10.13666/j.cnki.jnlc.2025.0110,journal article,zh,INFO_TECH,T2
CITING-WORK-4DBECBBF067B,农村公共数字文化服务发展的现实困境与突破路径,赵迪,2022,广东蚕业,10.3969/j.issn.2095-1205.2022.12.46,journal article,zh,ARCH_DES_HER,T2
CITING-WORK-8ECB37FFE5AA,马克思主义共享思想视域下公共文化服务均等化及其优化路径,魏周新龙,2024,贵州社会主义学院学报,10.3969/j.issn.1673-9310.2024.04.010,journal article,zh,CULT_MEDIA,T3
CITING-WORK-C08237D75D41,算法赋能公共文化治理现代化:逻辑、症候与纾解,黄莹莹;杨弘,2024,湖北社会科学,10.3969/j.issn.1003-8477.2024.01.007,journal article,zh,INTERDISC_OTHER,T2
CITING-WORK-A3AA945568A2,数字政府空间的协同价值共创:识别与实现,金瑶;张毅,2023,合肥工业大学学报（社会科学版）,10.3969/j.issn.1008-3634.2023.06.006,journal article,zh,INFO_TECH,T3
CITING-WORK-F08FBA9AC24C,公共文化服务高质量发展评价研究,彭雷霆;张璐,2023,宏观质量研究,10.13948/j.cnki.hgzlyj.2023.02.007,journal article,zh,CULT_MEDIA,T3
CITING-WORK-9FD7A2A81CB1,"""可及性""视角下数字农家书屋服务效能评价指标体系研究",刘念;宋婧宁,2024,科技与出版,,journal article,zh,CULT_MEDIA,T2
CITING-WORK-297D0192106C,数字化视域下的公共文化发展探析,赵雪,2021,科技资讯,10.16661/j.cnki.1672-3791.2110-5042-3293,journal article,zh,INFO_TECH,T2
CITING-WORK-4D2EE84B5296,公共数字文化全局性协同治理决策模式研究:基于算法重构建及数值模拟,廖楚晖,2023,兰州学刊,10.3969/j.issn.1005-3492.2023.08.007,journal article,zh,CULT_MEDIA,T3
CITING-WORK-2C0C17DE6B7D,技术赋能与文化认同:公共文化空间铸牢中华民族共同体意识路径探索,江银珊,2025,绵阳师范学院学报,10.16276/j.cnki.cn51-1670/g.2025.12.003,journal article,zh,CULT_MEDIA,T3
CITING-WORK-EC3050AAFABF,公共数字文化平台服务效能评价体系构建及提升策略研究,朱莉,2023,情报科学,10.13833/j.issn.1007-7634.2023.05.014,journal article,zh,INFO_TECH,T2
CITING-WORK-050B3C1BA2F7,优质文化资源直达基层数字创新生态系统:内在结构、运行机制与建构路径,姜照君,2025,求索,,journal article,zh,CULT_MEDIA,T3
CITING-WORK-69C09E980174,数字赋能公共文化服务高质量发展的探索与实践,李少旺,2023,参花,,journal article,zh,INTERDISC_OTHER,T2
CITING-WORK-3CBB51BCEB66,文化技术阶梯理论:技术范式转变中的文化体制改革进路,傅才武;赵辉,2024,上海交通大学学报（哲学社会科学版）,10.13806/j.cnki.issn1008-7095.2024.09.005,journal article,zh,SOC_POLICY,T2
CITING-WORK-10607421774F,数字科技叠加美学创新——解锁建筑艺术新时空,王晨;赵若姝,2022,世界建筑,10.3969/j.issn.1002-4832.2022.11.017,journal article,zh,ARCH_DES_HER,T2
CITING-WORK-057AF1D56F0E,虚拟公共文化空间的个体价值及生成机制,陈波;延书宁,2025,深圳大学学报（人文社会科学版）,10.3969/j.issn.1000-260x.2025.02.005,journal article,zh,CULT_MEDIA,T2
CITING-WORK-749CF9DDA594,数字技术何以推动优质文化资源直达基层——基于重庆群众文化云平台的实践考察,张欣,2026,探索,10.3969/j.issn.1007-5194.2026.02.011,journal article,zh,CULT_MEDIA,T3
CITING-WORK-21011CB48FF9,文化创意产业园区公共文化服务体系构建研究,李小元,2023,特区实践与理论,10.3969/j.issn.1673-5706.2023.06.015,journal article,zh,SOC_POLICY,T2
CITING-WORK-7C2E4595A7E1,图书馆基于数字化转型的文化主体机制研究,王红梅,2024,图书馆学刊,10.3969/j.issn.1002-1884.2024.06.005,journal article,zh,INFO_TECH,T2
CITING-WORK-A854CF55FACE,我国公共数字文化服务政策的脉络演进及文本量化分析,彭丽徽;顾般若;洪闯,2024,图书馆杂志,10.13663/j.cnki.lj.2024.06.003,journal article,zh,INFO_TECH,T2
CITING-WORK-93A4116B7B12,数字化赋能公共文化服务体系高质量发展:逻辑、困境与路径,杨博;王连,2023,图书与情报,10.11968/tsyqb.1003-6938.2023075,journal article,zh,INFO_TECH,T2
CITING-WORK-7C91D8DE8E3D,沉浸式阅读视域下公共图书馆阅读推广理念和路径探索,黄雅麟,2022,图书馆,10.3969/j.issn.1002-1558.2022.08.016,journal article,zh,INFO_TECH,T2
CITING-WORK-8519903168B6,国家文化数字化战略视域下的公共文化VR内容供给力提升路径研究,李俊炀;彭国超;张宁,2023,图书馆,10.3969/j.issn.1002-1558.2023.04.012,journal article,zh,INFO_TECH,T2
CITING-WORK-7663AF9D727E,由新发展理念引领的黄河流域公共文化服务体系建设,祖文洁;段景湛,2023,文化创新比较研究,10.3969/j.issn.2096-4110.2023.11.037,journal article,zh,CULT_MEDIA,T2
CITING-WORK-472149556BD0,数字赋能:体育公共服务整体性治理的运行机制与实施策略,张文静;沈克印,2022,武汉体育学院学报,10.3969/j.issn.1000-520x.2022.07.002,journal article,zh,SPORT_LEISURE,T2
CITING-WORK-746D263F1303,农家书屋数字化转型面临的困境及对策 ——以湘西土家族苗族自治州农家书屋为例,宋亦琳;刁晴;宋梦璇,2022,乡村科技,10.3969/j.issn.1674-7909.2022.16.012,journal article,zh,RURAL_AGRI,T2
CITING-WORK-066FC890AF10,基于CiteSpace的文化和旅游标准化研究文献分析,职鹏飞;冯艳滨,2024,西南林业大学学报,,journal article,zh,ARCH_DES_HER,T2
CITING-WORK-2C7D70242C39,论中国共产党文化强国建设的历史脉络、核心内涵与实现路径,范建华;周丽,2023,云南师范大学学报（哲学社会科学版）,10.3969/j.issn.1000-5110.2023.03.002,journal article,zh,CULT_MEDIA,T3
CITING-WORK-E844C1A7D0B1,从数字资源整合到数字空间构建——图书馆文化遗产数字资源建设与服务的新趋势,周晓英;张秀梅;牛力,2025,中国图书馆学报,10.13530/j.cnki.jlis.2025015,journal article,zh,ARCH_DES_HER,T3
CITING-WORK-9BFBA167DC88,公共数字文化服务体系高质量发展的分析框架与发展路径,佚名,,,,thesis,zh,CULT_MEDIA,T3
CITING-WORK-89DF80C679CA,数智时代公共文化智慧化服务设计策略,徐延章;李佳宁,2024,中国艺术,,journal article,zh,CULT_MEDIA,T3
CITING-WORK-DEBB1899AF55,文化产业数字化内生生长与外生协同创新的进化机理研究,罗仕鉴;王瑶;张德寅,2022,浙江大学学报（人文社会科学版）,10.3785/j.issn.1008-942x.cn33-6000/c.2022.01.197,journal article,zh,RURAL_AGRI,T2
CITING-WORK-97512592D29A,论数字文化服务平台嵌入社区的路径研究,石仲贤,2021,中外交流,,journal article,zh,CULT_MEDIA,T3
CITING-WORK-FE5581C53580,新时代国家文化公园建设路径研究,嵇睿,2023,,,thesis,zh,CULT_MEDIA,T3
CITING-WORK-B26ABA5A6BD5,城市滨水区的空间生产机制与效应研究--以济南市曲水亭街为例,姚宇宸,2024,,,thesis,zh,URBAN_PLAN_GEO,T3
CITING-WORK-47C5A1869D58,基于服务设计理念下的郑州黄河文化公园APP设计研究,杨云婕,2024,,,thesis,zh,CULT_MEDIA,T3
CITING-WORK-637D1B9ACAF0,国家文化公园的思想政治教育价值研究--以长征国家文化公园为例,王丽,2024,,,thesis,zh,EDUCATION,T3
CITING-WORK-92B9AEB7898B,专题片《黄河岸上龙腾飞》创作阐述,赵伯泉,2024,,,thesis,zh,INTERDISC_OTHER,T3
CITING-WORK-F17C38F53AF5,武汉“八七”会址历史文化街区更新与文旅融合研究,周聪慧,2024,,,thesis,zh,ARCH_DES_HER,T3
CITING-WORK-D1B70114C95F,城市记忆视角下深圳改革开放标志性场所识别研究——基于《深圳口述史》,张朋晖,2024,,,thesis,zh,URBAN_PLAN_GEO,T3
CITING-WORK-9354CFC9C4B3,作为媒介的胡同：开封胡同的空间生产实践研究,耿书新,2024,,,thesis,zh,CULT_MEDIA,T3
CITING-WORK-853CE551FAD3,晋陕峡谷黄河国家文化公园旅游景区时空格局与国家形象标识构建,耿梦杰,2024,,,thesis,zh,TOUR_HOSP,T3
CITING-WORK-890B1D84A7BD,空间三元论视角下的百里黄河风景区景观设计研究,孙志超,2025,,,thesis,zh,ARCH_DES_HER,T3
CITING-WORK-3D0F6AD5823A,基于戏剧五位一体理论的公园空间设计研究,庞书博,2025,,,thesis,zh,ARCH_DES_HER,T3
CITING-WORK-7E742D27112E,长江国家文化公园重庆段文化景观廊道构建及优化研究,周小河,2025,,,thesis,zh,ARCH_DES_HER,T3
CITING-WORK-22D09D4F2475,文化源地视角下非遗文化与国家文化公园标识体系研究--以青川甘黄河流域为例,何静,2024,,,thesis,zh,CULT_MEDIA,T3
CITING-WORK-2FD69D127359,古渡新声--基于声景优化的济南百里黄河文化公园景观设计研究,孔繁星,2024,,,thesis,zh,ARCH_DES_HER,T3
CITING-WORK-169EF4B9CB27,黄河国家文化公园（山东段）体育旅游绩效测度及提升路径研究,郭志杰,2025,,,thesis,zh,TOUR_HOSP,T3
CITING-WORK-9A6B24A651D0,新场景建构视角下黄河山西段神话传说资源的文旅开发与利用,侯姝慧;魏艾婧,2023,创意设计源,10.3969/j.issn.1674-5159.2023.02.002,journal article,zh,TOUR_HOSP,T2
CITING-WORK-BFE7F9D5759D,景观修复与文化塑造:传统村落的空间生产与符号构建——以湖南省通道县皇都侗文化村为例,李伯华;张浩;窦银娣,2023,地理科学进展,10.18306/dlkxjz.2023.08.013,journal article,zh,RURAL_AGRI,T2
CITING-WORK-58760A2071FE,国家文化公园建设中的央地关系研究——基于制度堕距的视角,吴承忠;彭建峰,2023,福建论坛（人文社会科学版）,,journal article,zh,INTERDISC_OTHER,T2
CITING-WORK-91BB45AD94EE,黄河国家文化公园文化生态补偿的内在逻辑与实施路径,王秀伟,2024,福建论坛（人文社会科学版）,,journal article,zh,INTERDISC_OTHER,T2
CITING-WORK-B2D8B2A1C674,从端午仪式到文化遗产:泽林旱龙舟文化传承的历史进程、现实困境与发展路径,黎锁,2024,长江师范学院学报,10.19933/j.cnki.issn1674-3652.2024.01.003,journal article,zh,ECON_BUS_CONS,T2
CITING-WORK-252D3E031DF4,国家文化公园文旅融合发展路径,王克敏;杨明;张翾,2025,长江师范学院学报,10.19933/j.cnki.issn1674-3652.2025.02.003,journal article,zh,ECON_BUS_CONS,T2
CITING-WORK-A6EE1BB427F6,文化强国战略下中国国家文化公园研究述评与展望,唐承财;黄梓若;王逸菲,2023,干旱区资源与环境,10.13448/j.cnki.jalre.2023.131,journal article,zh,CULT_MEDIA,T3
CITING-WORK-A47232DB178E,二十四节气与黄河国家文化公园建设融合发展路径,夏楠,2025,古今农业,10.3969/j.issn.1672-2787.2025.01.010,journal article,zh,RURAL_AGRI,T3
CITING-WORK-02CDEF556AB7,图书馆新型公共文化空间建设进展、挑战与方略,邹淑梅;龚蛟腾;王凤姣,2023,高校图书馆工作,10.3969/j.issn.1003-7845.2023.05.003,journal article,zh,INFO_TECH,T2
CITING-WORK-548F7551A2CC,长江文化跨区域协同保护的价值、困境与路径,佚名,,,,thesis,zh,CULT_MEDIA,T3
CITING-WORK-E6F4D542F4EF,黄河国家文化公园省级建设保护政策量化研究,宋航;梁学成;程遂营,2025,经济地理,10.15957/j.cnki.jjdl.2025.01.025,journal article,zh,ECON_BUS_CONS,T2
CITING-WORK-924614003570,国家文化公园的旅游者文化认同生成机制研究 ——以黄河国家文化公园标志性自然景观为例,戴靖怡;黄潇婷;孙晋坤,2023,旅游学刊,10.19765/j.cnki.1002-5006.2023.01.009,journal article,zh,TOUR_HOSP,T2
CITING-WORK-BC0889E0729A,文化基因、文化要素和文化场景——国家文化公园建构的文化逻辑,张野;王伟;程遂营,2024,旅游学刊,10.19765/j.cnki.1002-5006.2024.08.011,journal article,zh,TOUR_HOSP,T2
CITING-WORK-94EEFAF63047,黄河文化在公共空间设计中的价值与创新,姚鸣,2024,美与时代,,journal article,zh,ARCH_DES_HER,T2
CITING-WORK-630F2EBB66F4,黄河生态廊道景观规划与中原美学重构研究,李峥峥,2025,美与时代,,journal article,zh,ARCH_DES_HER,T2
CITING-WORK-400030E73C45,黄河国家文化公园地方段建设的文脉梳理、应然要求和推进路径——以内蒙古段为例,王光文,2025,内蒙古艺术学院学报,10.26973/j.cnki.1378.2025.03.002,journal article,zh,TOUR_HOSP,T2
CITING-WORK-DBD5F4D34FA9,认同理论下长江国家文化公园建设的价值取向与创新路径,曹海燕,2023,青海社会科学,,journal article,zh,RURAL_AGRI,T2
CITING-WORK-C551D63E83D9,共建国家文化公园与美丽中国:逻辑关系、现实基础与实践进路,朱虹;袁佳,2025,青海社会科学,10.3969/j.issn.1001-2338.2025.05.005,journal article,zh,RURAL_AGRI,T2
CITING-WORK-F35D96AD49B5,黄河国家文化公园阐释与展示体系建构研究,程圩;李水,2024,人文杂志,10.3969/j.issn.0447-662x.2024.12.013,journal article,zh,CULT_MEDIA,T3
CITING-WORK-50E6F8324F00,国家文化公园研究源起及当前发展综述,张锦龙,2024,四川旅游学院学报,10.3969/j.issn.1008-5432.2024.06.008,journal article,zh,TOUR_HOSP,T2
CITING-WORK-9D6B7BA32651,黄河国家文化公园(山东段)生态景观建构的空间生产机制研究,夏冬;王国瑜;王瀚墨,2025,山东农业工程学院学报,10.3969/j.issn.1008-7540.2025.10.004,journal article,zh,RURAL_AGRI,T2
CITING-WORK-F7B15BAC1BF5,黄河国家文化公园文旅产业协同集聚与空间特征分析,袁丹;张陈梦悦;杜晨郑泽,2024,上海城市管理,10.3969/j.issn.1674-7739.2024.05.010,journal article,zh,SOC_POLICY,T2
CITING-WORK-EBF8FA9A0F73,挖掘大禹渡历史文化内涵与时代价值将其打造为黄河文化明珠之探究,张重阳,2025,太原城市职业技术学院学报,10.3969/j.issn.1673-0046.2025.02.013,journal article,zh,ARCH_DES_HER,T2
CITING-WORK-10E73F68B41C,黄河国家博物馆高质量建设路径研究,张玉;黎晨璐,2023,文物鉴定与鉴赏,10.20005/j.cnki.issn.1674-8697.2023.24.018,journal article,zh,ARCH_DES_HER,T2
CITING-WORK-80FCA735B027,文化传播互构模式:国家文化公园建设的新媒介实践,李清瑞,2024,现代传播,10.3969/j.issn.1007-8770.2024.05.019,journal article,zh,CULT_MEDIA,T2
CITING-WORK-9A5A03EDF8BA,国家文化公园:空间结构叙事与文化认同塑造,傅才武,2024,学习与实践,,journal article,zh,EDUCATION,T2
CITING-WORK-64D7CBE34FCC,中华文明空间叙事视角下的国家文化公园建设,佚名,,,,thesis,zh,CULT_MEDIA,T3
CITING-WORK-95093C109C22,黄河国家文化公园与中华优秀传统文化连接模型的构建与应用——以河南段戏曲文化为例,张淑梅;宋涵华;邵佳雯,2025,信阳农林学院学报,10.3969/j.issn.2095-8978.2025.04.009,journal article,zh,CULT_MEDIA,T3
CITING-WORK-BA0136645C3D,国家文化公园立法的现状审视与完善进路,王敏,2023,自然资源学报,10.31497/zrzyxb.20230909,journal article,zh,URBAN_PLAN_GEO,T2
CITING-WORK-469984E7B6CB,建设雄安新区对京津冀协同发展的影响研究,张琳琳,2019,,,thesis,zh,INTERDISC_OTHER,T3
CITING-WORK-268C888A4527,流动人口对创新型创业活跃度的空间影响研究,磨春妗,2020,,,thesis,zh,INTERDISC_OTHER,T3
CITING-WORK-E6129BF5A371,工业型城镇环境综合治理研究——以温州市柳市镇为例,陈奇,2021,,,thesis,zh,SOC_POLICY,T3
CITING-WORK-3D38CEE76C30,雄安新区新兴产业集聚机制设计与路径优化,张泽波,2022,,,thesis,zh,ECON_BUS_CONS,T3
CITING-WORK-74DB5E98FDF3,空间品质对区域创新能力的影响研究——基于创新要素集聚视角,郝凯凯,2022,,,thesis,zh,URBAN_PLAN_GEO,T3
CITING-WORK-B0FB91EAC39B,区域协同视角下鄂州城镇空间发展规划策略研究,郭欢,2022,,,thesis,zh,ARCH_DES_HER,T3
CITING-WORK-C073498B05EB,科技创新投入对科技人才聚集影响的实证研究,马文静,2024,,,thesis,zh,INTERDISC_OTHER,T3
CITING-WORK-E8074A5A65CD,交通一体化影响都市圈收入差距的机理与效应研究,王君慧,2023,,,thesis,zh,INTERDISC_OTHER,T3
CITING-WORK-5D74F76F445A,地方政府竞争对绿色经济增长的影响机理研究,苏旭峰,2023,,,thesis,zh,ECON_BUS_CONS,T3
CITING-WORK-90F36B8757EF,基于概率主题模型的京津冀协同发展网络信息资源主题发现与演化研究,李海峰,2022,,,thesis,zh,INFO_TECH,T3
CITING-WORK-CCB45881D277,省域人才创新活力评价指标体系构建及应用研究,卢雨秋,2024,,,thesis,zh,INTERDISC_OTHER,T3
CITING-WORK-9B8CD1CCF6F6,中国油气资源城市转型机制与策略研究,王咏剑,2019,,,thesis,zh,URBAN_PLAN_GEO,T3
CITING-WORK-C406E6F7EDE3,城市群空间结构对经济增长的影响机理研究--来自我国沿海三大城市群的例证,李瑞鹏,2022,,,thesis,zh,ECON_BUS_CONS,T3
CITING-WORK-3A3A6310289A,基于人力资本中介效应的宜居度对创新力影响研究,巢佩玲,2022,,,thesis,zh,INTERDISC_OTHER,T3
CITING-WORK-78AC425A2D2B,京津冀建设中国式现代化先行区、示范区的理论逻辑与路径选择,刘秉镰;边杨,2024,北京社会科学,10.13262/j.bjsshkxy.bjshkx.240702,journal article,zh,RURAL_AGRI,T2
CITING-WORK-FEF46C93CFB6,地方品质对异质性劳动力流动的影响——基于中国CMDS微观调查数据的分析,顾芸;董亚宁,2021,财经科学,10.3969/j.issn.1000-8306.2021.11.007,journal article,zh,URBAN_PLAN_GEO,T2
CITING-WORK-0FAF590513BC,空间品质对创业型流动劳动力区位选择的影响,李少鹏;顾芸;杨开忠,2023,财经科学,10.3969/j.issn.1000-8306.2023.11.008,journal article,zh,URBAN_PLAN_GEO,T2
CITING-WORK-EB891945C0DB,成渝地区双城经济圈协同发展的理论逻辑与路径探索 ——基于功能主义理论的视角,秦鹏;刘焕,2021,重庆大学学报（社会科学版）,10.11835/j.issn.1008-5831.jg.2020.10.005,journal article,zh,ECON_BUS_CONS,T2
CITING-WORK-A154E37DC596,区域协调发展战略下推进环渤海大湾区建设的逻辑与时序探讨,王丽艳;戴毓辰;宋顺锋,2020,城市发展研究,,journal article,zh,URBAN_PLAN_GEO,T2
CITING-WORK-07669CFEB8EE,作为城市基础设施的新能源汽车充电桩——服务新特性与规划新思维,申明锐;蒋曌;周文昌,2024,城市规划,10.11819/cpr20240703a,journal article,zh,ARCH_DES_HER,T2
CITING-WORK-93E741175DF0,面向人与自然和谐共生的城市群高质量发展研究,单菁菁;宋德骞;董亚宁,2023,城市与环境研究,,journal article,zh,URBAN_PLAN_GEO,T3
CITING-WORK-70958ABBF7F0,人才开发环境与国家创新产出:来自GTCI数据的实证检验,王福世,2023,创新科技,10.19345/j.cxkj.1671-0037.2023.10.007,journal article,zh,ECON_BUS_CONS,T2
CITING-WORK-C88FF7385605,地方品质驱动新时期中国城市创新力时空演化,李在军;姜友雪;秦兴方,2020,地理科学,,journal article,zh,URBAN_PLAN_GEO,T2
CITING-WORK-E390EA13047C,中国高学历人才的空间演化特征及驱动因素,古恒宇;沈体雁,2021,地理学报,10.11821/dlxb202102006,journal article,zh,TOUR_HOSP,T2
CITING-WORK-C18CCE558479,京津冀地区经济增长相对衰落的创新地理基础,杨开忠;范博凯,2022,地理学报,10.11821/dlxb202206003,journal article,zh,TOUR_HOSP,T2
CITING-WORK-781697B0B229,"基于空间计量交互模型的人才流动影响因素研究——以中国""双一流""高校毕业生为例",王强;崔璨;劳昕,2023,地理学报,10.11821/dlxb202306005,journal article,zh,TOUR_HOSP,T2
CITING-WORK-474037272FA8,雄安新区承接北京非首都功能的进展、问题与对策,柳天恩;张泽波,2021,改革与战略,10.16331/j.cnki.issn1002-736x.2021.07.012,journal article,zh,ECON_BUS_CONS,T2
CITING-WORK-C88DB3F06974,公共服务业的发展能否促进企业出口技术复杂度提升,宋国豪;董有德;丁春林,2024,国际商务（对外经济贸易大学学报）,,journal article,zh,ECON_BUS_CONS,T3
CITING-WORK-8D2102BBA0A1,新中国70年城市规划理论与方法演进,杨开忠,2019,管理世界,,journal article,zh,ARCH_DES_HER,T3
CITING-WORK-EED537E12255,区域集群化发展对首都经济圈的启示,王维薇;赵滨元,2020,环渤海经济瞭望,,journal article,zh,ECON_BUS_CONS,T3
CITING-WORK-741D6897B918,京津冀协同发展战略的调整与政策完善,安树伟,2022,河北学刊,,journal article,zh,URBAN_PLAN_GEO,T2
CITING-WORK-AE4DD37C7D72,数字技术与城市韧性耦合——基于我国285个城市的实证分析,毛丽娟;夏杰长;刘睿仪,2024,河海大学学报（哲学社会科学版）,10.3876/j.issn.1671-4970.2024.02.009,journal article,zh,URBAN_PLAN_GEO,T2
CITING-WORK-BE943DCE4E8C,中国创新型人才集聚的时空格局演变与影响机理,崔丹;李国平;吴殿廷,2020,经济地理,10.15957/j.cnki.jjdl.2020.09.001,journal article,zh,ECON_BUS_CONS,T2
CITING-WORK-E5089E4BDFA0,空间品质与区域价格水平——基于新空间经济学的分析,刘威;董亚宁;李方,2025,经济地理,10.15957/j.cnki.jjdl.2025.03.001,journal article,zh,ECON_BUS_CONS,T2
CITING-WORK-7B2EC3D26FBC,粤港澳大湾区土地绿色利用推动构建新质生产力研究,彭文英;陈泽宇;赵爽,2025,经济地理,10.15957/j.cnki.jjdl.2025.09.019,journal article,zh,ECON_BUS_CONS,T2
CITING-WORK-6986D54467CF,"地区""人才新政""能否提升创新绩效?——基于出台新政城市的准自然实验",乐菡;黄明;李元旭,2021,经济管理,,journal article,zh,ECON_BUS_CONS,T2
CITING-WORK-3F41DDD7261C,区域协同发展研究综述与展望,王元亮,2021,开发研究,10.13483/j.cnki.kfyj.2021.02.005,journal article,zh,ARCH_DES_HER,T2
CITING-WORK-7B20E219C0DA,京津冀区域创新生态系统:运行机理及效果评价,王德起;何皛彦;吴件,2020,科技进步与对策,10.6049/kjjbydc.2019110196,journal article,zh,INTERDISC_OTHER,T2
CITING-WORK-CBD1DCA0D216,雄安新区承接北京非首都功能:国际经验与对策建议,张泽波;王利动,2022,廊坊师范学院学报（自然科学版）,10.3969/j.issn.1674-3229.2022.04.016,journal article,zh,INTERDISC_OTHER,T3
CITING-WORK-5CA531095F7B,全域旅游重塑地方品质,厉新建;宋昌耀;陆文励,2020,旅游学刊,10.19765/j.cnki.1002-5006.2020.02.003,journal article,zh,TOUR_HOSP,T2
CITING-WORK-EEF70C24C5EA,创新驱动:新时代人民城市建设的实践逻辑,潘闻闻;邓智团,2022,南京社会科学,10.15937/j.cnki.issn1001-8263.2022.04.007,journal article,zh,INTERDISC_OTHER,T2
CITING-WORK-AA50D2DFB636,高质量发展背景下沪苏通区域协同发展的效度评价,张小燕;顾佳乐;沈慧,2022,内蒙古科技与经济,,journal article,zh,ARCH_DES_HER,T2
CITING-WORK-328B22739BFF,以优化新质生产力布局为中心推动新区域协调发展——新发展阶段和十五五时期区域协调发展战略思路,杨开忠,2024,区域经济评论,,journal article,zh,ECON_BUS_CONS,T2
CITING-WORK-3DB743F7BB4E,全域旅游视角下娄底市乡村旅游发展路径,文婷;王晶晶,2019,区域治理,10.3969/j.issn.2096-4595.2019.45.020,journal article,zh,SOC_POLICY,T2
CITING-WORK-0B242683F9B1,地方品质差异与城市间劳动要素流动,周光跃;侯新烁,2021,区域治理,10.3969/j.issn.2096-4595.2021.46.051,journal article,zh,SOC_POLICY,T2
CITING-WORK-031631B7F079,城市基础设施、人才集聚与创新,张所地;闫昱洁;李斌,2021,软科学,10.13956/j.ss.1001-8409.2021.02.02,journal article,zh,URBAN_PLAN_GEO,T2
CITING-WORK-A00B64A704FA,人居环境感知与城市创意人才居住选择——异质性与影响路径分析,毛燕玲;洪佳璇,2022,软科学,10.13956/j.ss.1001-8409.2022.11.09,journal article,zh,URBAN_PLAN_GEO,T2
CITING-WORK-D5E8AA6EB9F7,论数字经济发展的区域响应机制——基于长三角和浙江经验的研究,陈建军,2020,人民论坛（学术前沿）,10.16619/j.cnki.rmltxsqy.2020.17.004,journal article,zh,CULT_MEDIA,T2
CITING-WORK-B13DF6E1AF61,宜居水平对超大特大城市人口规模的影响效应研究 ——基于全国第七次人口普查数据,邵任薇;张立宇,2023,上海城市管理,10.3969/j.issn.1674-7739.2023.01.008,journal article,zh,SOC_POLICY,T2
CITING-WORK-6011A149047F,中国人才空间分布的变化及其影响因素——基于2000-2020年三次全国人口普查数据的分析,马双,2024,上海经济,10.3969/j.issn.1000-4211.2024.06.005,journal article,zh,ECON_BUS_CONS,T3
CITING-WORK-3E58145914CB,区域经济发展新逻辑:纳入旅行成本的新空间经济学,杨开忠;刘威;董亚宁,2024,世界经济,,journal article,zh,ECON_BUS_CONS,T3
CITING-WORK-4248EBA714DB,城市公共服务设施空间布局、人才流入与城市空间效率,魏新月;田伟腾,2025,统计与信息论坛,,journal article,zh,ECON_BUS_CONS,T2
CITING-WORK-BE8453508284,人口区位选择研究回顾与展望:基于新空间经济学视角,董亚宁;杨开忠;顾芸,2019,西北人口,10.15884/j.cnki.issn.1007-0672.2019.06.001,journal article,zh,ECON_BUS_CONS,T2
CITING-WORK-BEDE4F89F6E0,地方品质、劳动力区位与区域创新发展——基于新空间经济学理论,董亚宁;顾芸;陈威,2020,西北人口,10.15884/j.cnki.issn.1007-0672.2020.04.005,journal article,zh,ECON_BUS_CONS,T2
CITING-WORK-C09BAE0BBCCA,环境宜居、人力资本与城市创新,闫金玲;冉启英,2021,现代经济探讨,,journal article,zh,RURAL_AGRI,T2
CITING-WORK-2245FF7BA594,城市竞争力对财务共享中心选址影响,许汉友;赵静;谢晓俊,2022,新会计,10.3969/j.issn.1674-5434.2022.08.003,journal article,zh,URBAN_PLAN_GEO,T3
CITING-WORK-EA26DF1436E6,公共服务、人才资源空间重配与创新增长差异——基于新空间经济学的研究,董亚宁;顾芸;杨开忠,2020,西南民族大学学报（人文社科版）,,journal article,zh,ECON_BUS_CONS,T3
CITING-WORK-86CC93F41617,雄安新区推动京津冀协同发展的可行性分析,王娟娟,2019,中国流通经济,10.14089/j.cnki.cn11-3664/f.2019.04.003,journal article,zh,ECON_BUS_CONS,T2
CITING-WORK-AF159F539579,"""十四五""时期高质量发展视角下的工业用地配置优化",周麟,2020,中国软科学,,journal article,zh,INTERDISC_OTHER,T2
CITING-WORK-95DC63ACE772,京津冀协同发展十年来区域协同创新的成效、挑战与对策,董亚宁,2025,中国物价,,journal article,zh,ECON_BUS_CONS,T2
CITING-WORK-635F9AB231CE,数字化赋能乡村振兴的内在机理与实施路径,毛丽娟;夏杰长,2023,治理现代化研究,,journal article,zh,TOUR_HOSP,T2
CITING-WORK-69048EB694AA,基于农户满意度的济南市莱芜区农村公共文化服务研究,郭瑶,2020,,,thesis,zh,RURAL_AGRI,T3
CITING-WORK-B7838E44B3FA,大学生村官参与基层公共文化建设路径研究,吴钦,2020,,,thesis,zh,CULT_MEDIA,T3
CITING-WORK-20B201276B2C,新乡村主义视野下的山地乡村审美空间建构研究,曹倩颖,2020,,,thesis,zh,RURAL_AGRI,T3
CITING-WORK-CED75F2482F7,民族地区乡村旅游文化空间重构研究——以广西龙胜大寨村为例,原云芬,2020,,,thesis,zh,TOUR_HOSP,T3
CITING-WORK-CDEFF555A701,农户满意度视角下阎良区乡村“三生”空间优化策略研究,刘瑞莹,2020,,,thesis,zh,RURAL_AGRI,T3
CITING-WORK-99C83C8442AB,文化参与视角下农村公共文化空间的形塑机制研究——以Z镇为例,赵梓辰,2021,,,thesis,zh,RURAL_AGRI,T3
CITING-WORK-00A5382B0F40,高校图书馆特色文化空间的学生参与影响因素研究,罗晓瑶,2021,,,thesis,zh,EDUCATION,T3
CITING-WORK-CFD2E009333D,基于使用后评价（POE）的美丽乡村公共空间优化策略研究——以桓台县为例,毕国庆,2021,,,thesis,zh,RURAL_AGRI,T3
CITING-WORK-8D339AF2FF99,民族地区农村公共文化服务内生供给机制研究——以汪清县为例,李童,2022,,,thesis,zh,RURAL_AGRI,T3
CITING-WORK-6AE871CF3CE8,人性化视角下乡村公共空间更新研究——以洛阳市吉利区为例,张钰杰,2021,,,thesis,zh,RURAL_AGRI,T3
CITING-WORK-246B6BC247AF,新时代乡村文化振兴的现状和优化策略研究——以重庆市万州区甘宁镇为例,李清泉,2023,,,thesis,zh,RURAL_AGRI,T3
CITING-WORK-E1A293D38903,乡村公共文化空间韧性治理研究--以广州沙湾古镇祠堂群为例,梁瑜,2023,,,thesis,zh,RURAL_AGRI,T3
CITING-WORK-87D4F6AEC56C,广州市白云区基本公共文化服务资源非均衡配置问题及对策研究,曾语嫣,2023,,,thesis,zh,CULT_MEDIA,T3
CITING-WORK-4FB2E18A8911,民族地区乡村非遗传习所（馆）文化空间生产研究--以石屏县李怀秀李怀福非遗传习所为例,许韵嘉,2024,,,thesis,zh,RURAL_AGRI,T3
CITING-WORK-2E49ECD26E01,社会文化组织参与是否能够促进农村公共事务治理--基于CLDS2018的实证分析,张子晴,2024,,,thesis,zh,RURAL_AGRI,T3
CITING-WORK-D38861CF94F0,乡村振兴背景下乐清市乡村文化建设的政府职能研究,高适之,2023,,,thesis,zh,RURAL_AGRI,T3
CITING-WORK-54465A9E0358,福建省俞邦村公共文化空间建设研究,陈淦龙,2024,,,thesis,zh,CULT_MEDIA,T3
CITING-WORK-F97A83A65D17,基于行动者网络视角的乡村重构研究——以堰河村为例,周宇轩,2024,,,thesis,zh,RURAL_AGRI,T3
CITING-WORK-D76D24AA59D3,基于情感化交互设计的图书馆品牌设计研究——以月牙山书院为例,姜文鑫,2024,,,thesis,zh,ECON_BUS_CONS,T3
CITING-WORK-B75D7B6FEAF3,空间生产理论视域下公共母婴室性别关系生产研究,张明雪,2025,,,thesis,zh,INTERDISC_OTHER,T3
CITING-WORK-7CFDFBC81AB2,面向留守儿童的乡村图书馆室内设计,朱瑶,2021,,,thesis,zh,RURAL_AGRI,T3
CITING-WORK-D6819A084056,乡村振兴战略背景下农村公共文化服务供给优化研究--基于苏州市T镇的调研,姚佳逸,2022,,,thesis,zh,RURAL_AGRI,T3
CITING-WORK-234961E64E3C,基于扎根理论的乡村绿色发展模式比较研究,黄怡然,2023,,,thesis,zh,RURAL_AGRI,T3
CITING-WORK-8C734F658BA4,灵武市村集体经济发展研究,李艳,2024,,,thesis,zh,ECON_BUS_CONS,T3
CITING-WORK-71961C82F626,空间叙事视角下张家泉村公共文化空间设计研究,李若彤,2025,,,thesis,zh,ARCH_DES_HER,T3
CITING-WORK-D9B4064A3EC3,媒介空间理论视域中公共阅读空间参与乡村文化创新的演进轨迹,张萱,2023,出版广角,10.16491/j.cnki.cn45-1216/g2.2023.17.012,journal article,zh,CULT_MEDIA,T2
CITING-WORK-BB3C5ADE3081,城乡要素交互作用下乡村公共文化空间的演变及机制研究——以河南舞阳县柴庄村为例,朱媛媛;罗源;王优聪,2023,地理科学,,journal article,zh,URBAN_PLAN_GEO,T2
CITING-WORK-04174413C066,乡村公共文化空间新内源式发展的实现机制与治理价值——基于登云书院的案例探索,刘美新;蔡晓梅;彭星星,2025,地理科学,10.13249/j.cnki.sgs.20241083,journal article,zh,URBAN_PLAN_GEO,T2
CITING-WORK-122B03099C98,乡村文化治理视角下当代祠堂空间的再生产——广东案例,刘美新;蔡晓梅;黄凯洁,2023,地理科学进展,10.18306/dlkxjz.2023.08.012,journal article,zh,RURAL_AGRI,T2
CITING-WORK-2689CDB9BC77,数字技术使用对农户公益参与的影响,刘志阳;孙孟子;陆亮亮,2024,东南学术,,journal article,zh,INTERDISC_OTHER,T2
CITING-WORK-3901720B44CB,新乡贤公共服务供给行为的触发机制——基于湖南省石羊塘镇的扎根理论研究,朱侃;郭小聪;宁超,2020,公共管理学报,,journal article,zh,SOC_POLICY,T3
CITING-WORK-D23F2074DAD1,"乡村文化振兴的主体再造与路径创新 ——以""赣南新妇女""运动为例",崔盼盼,2021,湖北民族大学学报（哲学社会科学版）,,journal article,zh,RURAL_AGRI,T2
CITING-WORK-8EB7C2ACE48F,文化治理视域下乡村文化建设路径研究,许碧涵,2025,河南图书馆学刊,10.3969/j.issn.1003-1588.2025.10.023,journal article,zh,INFO_TECH,T2
CITING-WORK-99BEE09A278B,乡村振兴的空间之维——基于福建土楼修缮的案例,王杰;洪佩;朱志伟,2021,华中农业大学学报（社会科学版）,10.13300/j.cnki.hnwkxb.2021.04.017,journal article,zh,RURAL_AGRI,T2
CITING-WORK-334F16F0DDA9,乡村振兴视域下乡村公共文化空间的建构路径研究,吴丹婷,2024,经济师,10.3969/j.issn.1004-4914.2024.08.064,journal article,zh,ECON_BUS_CONS,T2
CITING-WORK-AA1D5205B297,图书馆和阅读空间创新发展的实现机制——基于公共文化服务体系示范项目的扎根理论分析,章照微,2025,科技和产业,10.3969/j.issn.1671-1807.2025.04.007,journal article,zh,ECON_BUS_CONS,T2
CITING-WORK-53140C6EBCDD,扎根理论在国内人文社会科学应用现状分析,魏瑞斌;李博文;田大芳,2023,科技情报研究,10.19809/j.cnki.kjqbyj.2023.02.001,journal article,zh,SOC_POLICY,T3
CITING-WORK-401CA77F1D35,乡村振兴视阈下浙江农村共同富裕的模式与路径研究——以浙江省B村为例,朱诗佳,2023,农村经济与科技,10.3969/j.issn.1007-7103.2023.24.066,journal article,zh,RURAL_AGRI,T2
CITING-WORK-090D5985F832,公共图书馆助力乡村文化振兴的路径探索,康涛,2023,山东农业工程学院学报,10.3969/j.issn.1008-7540.2023.11.019,journal article,zh,RURAL_AGRI,T2
CITING-WORK-0D4D10668442,乡村公共空间的文化特征与文化治理启示:贵州黔东南侗族村寨的案例,徐荣芳;高梦瑶;许园婧,2024,西部人居环境学刊,10.13791/j.cnki.hsfwest.20240604,journal article,zh,URBAN_PLAN_GEO,T2
CITING-WORK-64D356E70F5C,农村公共文化空间助力乡村振兴的实践与启示——对湖南省浏阳市秧田村农家书屋的田野调查,汪全莉;李秀玲;陶庭玉,2024,图书馆理论与实践,,journal article,zh,INFO_TECH,T2
CITING-WORK-9C19BCD768DA,乡村公共文化振兴的基本样态与实践路径,李少惠;张玉强,2021,图书馆论坛,10.3969/j.issn.1002-1167.2021.03.009,journal article,zh,INFO_TECH,T2
CITING-WORK-30636DF26690,高质量发展背景下公共图书馆主题图书馆建设策略研究,丁若时;应悦,2021,图书馆学刊,10.3969/j.issn.1002-1884.2021.09.009,journal article,zh,INFO_TECH,T2
CITING-WORK-C62F0CE64D15,"公共文化服务购买中社会组织""弱参与""形成机理研究",韩慧;李少惠,2023,图书情报工作,10.13266/j.issn.0252-3116.2023.07.007,journal article,zh,INFO_TECH,T2
CITING-WORK-E451C3006DE9,腾冲和顺图书馆建筑群建筑艺术的表里中外,陈西欢;李翰林;钟晖,2024,西安建筑科技大学学报（社会科学版）,10.15986/j.1008-7192.2024.02.006,journal article,zh,ARCH_DES_HER,T2
CITING-WORK-EC3FD4143BA0,有机更新视角下的传统村落空间秩序修复研究——以张谷英村为例,李伯华;龙翔宇;窦银娣,2022,小城镇建设,10.3969/j.issn.1009-1483.2022.05.014,journal article,zh,URBAN_PLAN_GEO,T2
CITING-WORK-F48A753B347A,基层治理视角下乡村公共文化空间重构对居民幸福感的影响研究,蔡晓梅;何洁,2023,学术研究,10.3969/j.issn.1000-7326.2023.11.011,journal article,zh,INTERDISC_OTHER,T2
CITING-WORK-01A30837C87B,基层乡村文化振兴的现状与建议 ——以新乡县七里营镇杨堤村为例,李晓红;王新利;焦蕊,2022,行政科学论坛,10.3969/j.issn.2095-7017.2022.05.012,journal article,zh,CULT_MEDIA,T2
CITING-WORK-33ABA3CBBFB2,社会文化组织对农村居民幸福感的影响——基于中国劳动力动态调查数据的分析,范红丽;杨嘉乐;张晓慧,2022,中国农村观察,,journal article,zh,RURAL_AGRI,T2
CITING-WORK-BF7793EDF47B,农村内生型集体经济发展的社会效应——基于鲁西南蔡庄村的个案研究,马平瑞;李祖佩,2023,中国农村观察,,journal article,zh,RURAL_AGRI,T2
CITING-WORK-071E54348419,农村公共阅读空间的弱化特征及优化策略——基于中部3省27个行政村的田野调查,陈庚;周若依,2024,中国图书馆学报,10.13530/j.cnki.jlis.2024032,journal article,zh,RURAL_AGRI,T3
CITING-WORK-EE870DBA2D8C,用户行为视角下医学高校图书馆智慧学习空间影响因素研究,崔乐乐;杨蕴芝,2025,智能城市,10.19301/j.cnki.zncs.2025.09.021,journal article,zh,CULT_MEDIA,T2
CITING-WORK-6EFE4758EC52,旅游特色小镇地方性生产研究--以喜洲古镇、双廊古镇为例,王爱霞,2023,,,thesis,zh,TOUR_HOSP,T3
CITING-WORK-3C60801F7077,新时代大学生共产党员传承红色文化的价值及路径研究,鲍瑞男,2023,,,thesis,zh,CULT_MEDIA,T3
CITING-WORK-D0117D4DE689,泾县桃花潭镇古村落文化旅游协同发展研究,黄翼峰,2023,,,thesis,zh,TOUR_HOSP,T3
CITING-WORK-77EC54E7C3EE,像素艺术在石家庄红色文旅品牌形象设计中的应用研究,谢馨如,2024,,,thesis,zh,TOUR_HOSP,T3
CITING-WORK-52FA117D039A,YZG景区旅游产品营销策略优化研究,刘小玉,2023,,,thesis,zh,TOUR_HOSP,T3
CITING-WORK-1FA4AA12CB4D,红色纪念性场馆空间设计研究--以六安市大别山革命历史纪念馆为例,高颖,2023,,,thesis,zh,ARCH_DES_HER,T3
CITING-WORK-4BC4588C0936,游客感知视角下襄阳市红色旅游产品质量提升策略研究,贾娴雅,2024,,,thesis,zh,TOUR_HOSP,T3
CITING-WORK-1A89F94F1A22,基于IPA分析的哈尔滨市红色旅游游客满意度研究,李铭傲,2024,,,thesis,zh,TOUR_HOSP,T3
CITING-WORK-873874056F30,红色文化空间协同性构建研究,韩冬,2024,,,thesis,zh,CULT_MEDIA,T3
CITING-WORK-ED2AA74187B0,基于游客感知的Y县红色旅游发展问题及对策研究,王伟颖,2024,,,thesis,zh,TOUR_HOSP,T3
CITING-WORK-196D4146A52C,江西省上饶市弋阳县红色文化旅游发展路径研究,诸轶卿,2024,,,thesis,zh,TOUR_HOSP,T3
CITING-WORK-8248AD99639C,红色文化氛围对游客行为意愿的影响--以安徽泾县云岭新四军军部旧址景区为例,章小芳,2024,,,thesis,zh,TOUR_HOSP,T3
CITING-WORK-7B7A418341DC,延安红色文化价值挖掘及转化路径研究,杨妍,2024,,,thesis,zh,CULT_MEDIA,T3
CITING-WORK-1364FF712CAD,阿拉尔市政府推动红色文化旅游的现状及优化策略研究,李广聚,2023,,,thesis,zh,TOUR_HOSP,T3
CITING-WORK-4ABE54D8588D,基于视觉叙事理论的高校红色文化环境图形设计研究,牛轩,2024,,,thesis,zh,EDUCATION,T3
CITING-WORK-C74A079C01C9,沂蒙红色文化的传承研究,顾宇晓,2024,,,thesis,zh,CULT_MEDIA,T3
CITING-WORK-55B094789ED1,文旅融合背景下草木染文创的设计研究,王文悦,2024,,,thesis,zh,TOUR_HOSP,T3
CITING-WORK-A3C640C06A40,好客山东文旅品牌传播策略研究,王安琪,2024,,,thesis,zh,TOUR_HOSP,T3
CITING-WORK-19262A5D201D,红色文化赋能乡村振兴的瑞金实践研究,杜敏琳,2025,,,thesis,zh,RURAL_AGRI,T3
CITING-WORK-30857BE2E198,兵团红色文化叙事中的历史记忆建构研究--以五家融媒体平台为例,王路,2025,,,thesis,zh,CULT_MEDIA,T3
CITING-WORK-69680C8027D0,甘肃省文化与旅游产业协调态势及其影响因素研究,李丹妮,2025,,,thesis,zh,TOUR_HOSP,T3
CITING-WORK-016CB8459970,基于叙事理论的延安革命纪念馆游客记忆场域建构策略研究,惠舒文,2025,,,thesis,zh,TOUR_HOSP,T3
CITING-WORK-4FEEBC8EC433,新质生产力视域下沂蒙红色文化旅游产业高质量发展研究--以山东省L市为例,张敬玲,2025,,,thesis,zh,TOUR_HOSP,T3
CITING-WORK-5C4387E23332,山西红色文化遗址的特征及活化路径研究--以新民主主义革命时期典型性遗址为例,孙艺,2025,,,thesis,zh,CULT_MEDIA,T3
CITING-WORK-F5ADB7A07E13,多元共治视角下固原红色文化资源保护与传承路径探究,李静,2023,,,thesis,zh,CULT_MEDIA,T3
CITING-WORK-D847FC188836,山东省公共图书馆红色文化服务质量的影响因素及提升策略研究,宋争行,2024,,,thesis,zh,CULT_MEDIA,T3
CITING-WORK-88FB233F8B97,四川红色文化传承发展研究,黄浩,2024,,,thesis,zh,CULT_MEDIA,T3
CITING-WORK-EDD107207F35,多模态视域下红色文化数字传播路径研究——以金寨为例,盛榕;杨健;姚连军,2024,安徽工业大学学报（社会科学版）,10.3969/j.issn.1671-9247.2024.04.008,journal article,zh,CULT_MEDIA,T3
CITING-WORK-B84A66215A26,数字技术赋能沂蒙红色文化传承路径研究,李孟霜,2024,传播与版权,,journal article,zh,CULT_MEDIA,T2
CITING-WORK-34A0BEB21940,沉浸式体验融入党的创新理论青年化阐释实践探索,王露;周伟义,2024,巢湖学院学报,10.12152/j.issn.1672-2868.2024.04.003,journal article,zh,CULT_MEDIA,T2
CITING-WORK-E0DF0632B230,基于数字化的辽宁红色文旅资源发展对策研究,刘笑男;郭桐彤,2024,传媒论坛,10.3969/j.issn.2096-5079.2024.12.020,journal article,zh,CULT_MEDIA,T2
CITING-WORK-00E055E089B5,红色文化涵养党员干部初心使命:逻辑、现状与路径,魏开宏,2025,大连干部学刊,10.3969/j.issn.1671-6183.2025.05.010,journal article,zh,CULT_MEDIA,T3
CITING-WORK-2276C6B5E269,大视听产业的内涵范畴、作用优势及能级提升策略,李滋阳;张诗怡,2025,东南传播,10.3969/j.issn.1672-9579.2025.10.032,journal article,zh,CULT_MEDIA,T2
CITING-WORK-AF6A3B8C6C21,红色文化空间中的青年情感数字书写,钱烨夫,2026,东南学术,10.3969/j.issn.1008-1569.2026.02.019,journal article,zh,INTERDISC_OTHER,T2
CITING-WORK-644FC60D55B6,文旅融合下城市品牌视觉形象更新策略研究,王珊珊;关慧良,2023,大众文艺,10.20112/j.cnki.issn1007-5828.2023.20.073,journal article,zh,ARCH_DES_HER,T2
CITING-WORK-0226FFB38519,湖南桑植红色文化传承的法治保障,胡玲芝;石浩文,2024,湖南行政学院学报,10.3969/j.issn.1009-3605.2024.06.014,journal article,zh,INTERDISC_OTHER,T2
CITING-WORK-85479E706E42,文化资本视角下历史文化街区的发展优化探析——以开封市双龙巷为例,曹嘉莹,2024,华中建筑,,journal article,zh,ARCH_DES_HER,T2
CITING-WORK-3AD2FD29887D,我国红色文化研究现状与热点趋势可视化分析——基于CSSCI来源期刊(2012-2024年)的图谱呈现,余兰;曹宣明,2025,景德镇学院学报,10.3969/j.issn.1008-8458.2025.04.013,journal article,zh,CULT_MEDIA,T3
CITING-WORK-C5CE8E75146B,贵州红色旅游资源空间分异格局及其影响因素,孙小龙;宋育典;朱林彤,2024,经济地理,10.15957/j.cnki.jjdl.2024.04.023,journal article,zh,ECON_BUS_CONS,T2
CITING-WORK-9967625C8869,新质生产力视角下红色文化资源设计转译策略研究,吴春茂;王星雨;冉佳丽,2025,家具与室内装饰,10.16771/j.cn43-1247/ts.2025.11.018,journal article,zh,ARCH_DES_HER,T2
CITING-WORK-C911428774FD,沂蒙革命老区档案的数字叙事维度及数智化转型策略,李婕;杨丹丹,2023,兰台内外,,journal article,zh,INFO_TECH,T3
CITING-WORK-A37D09AAC832,红色旅游促进青少年红色文化认同形成机制研究——基于学段差异的组态路径分析,张茜;许春晓;温卫宁,2025,旅游科学,,journal article,zh,TOUR_HOSP,T2
CITING-WORK-06F5E274648B,基于文化旅游理念的旅游管理模式创新探究,惠梦梦,2023,旅游纵览,10.3969/j.issn.1004-3292.2023.14.016,journal article,zh,TOUR_HOSP,T2
CITING-WORK-B5E089580339,文旅融合背景下四川红色文化旅游高质量发展研究,梁欢,2023,旅游纵览,10.3969/j.issn.1004-3292.2023.20.027,journal article,zh,TOUR_HOSP,T2
CITING-WORK-C27898205614,乡村振兴战略背景下扬州红色旅游发展研究,赖继年;徐凌飞,2024,旅游纵览,10.3969/j.issn.1004-3292.2024.14.059,journal article,zh,TOUR_HOSP,T2
CITING-WORK-D218550404E6,生态文化视角下榆林旅游资源开发战略研究,李港;李冰洁,2024,全国流通经济,10.3969/j.issn.1009-5292.2024.17.038,journal article,zh,ECON_BUS_CONS,T2
CITING-WORK-ED4A74C11BF8,时空拓展与记忆延续:数字时代的红色文化空间建构研究,刘铭秋,2025,四川师范大学学报（社会科学版）,10.13734/j.cnki.1000-5315.2025.0419,journal article,zh,TOUR_HOSP,T2
CITING-WORK-1A2A4F3434AB,红色文化资源数字叙事服务:概念内涵、关键维度与实践路径,佚名,,,,thesis,zh,CULT_MEDIA,T3
CITING-WORK-FE7E8C97C994,场景视域下山西红色旅游资源融入高校课程思政教育的路径研究,高翠翠,2024,山西能源学院学报,10.3969/j.issn.1008-8881.2024.01.004,journal article,zh,TOUR_HOSP,T3
CITING-WORK-5F14AE4E5227,"""三色""资源融合下传统村落保护利用研究——以休宁县石屋坑村为例",彭志明;陈晓磊;钟杰,2025,宿州学院学报,10.3969/j.issn.1673-2006.2025.02.006,journal article,zh,INTERDISC_OTHER,T2
CITING-WORK-D2FA68637D5C,叙事表达在高校图书馆红色资源建设中的应用研究,冯鑫;赵明,2024,图书馆学刊,10.3969/j.issn.1002-1884.2024.11.010,journal article,zh,INFO_TECH,T2
CITING-WORK-3E8F3BC2DA2B,革命文物助推红色旅游高质量发展路径研究,林雨欣;杨秋雪,2023,文物鉴定与鉴赏,10.20005/j.cnki.issn.1674-8697.2023.19.043,journal article,zh,ARCH_DES_HER,T2
CITING-WORK-462ECFD74331,红色文旅视野下乡村公共空间设计研究,刘乐;吴丽平,2024,皖西学院学报,10.3969/j.issn.1009-9735.2024.01.006,journal article,zh,ARCH_DES_HER,T3
CITING-WORK-ED4E48680455,基于网络文本的盐文化旅游游客满意度研究——以自贡盐业历史博物馆为例,邓婷尹;魏鹂霆;江雪梅,2024,艺术科技,10.3969/j.issn.1004-9436.2024.15.053,journal article,zh,CULT_MEDIA,T2
CITING-WORK-4BC422E23D3E,数字技术赋能国产商业动画的创作路径与困境研究,陈靖昊,2023,中国新通信,10.3969/j.issn.1673-4866.2023.20.028,journal article,zh,INFO_TECH,T2
CITING-WORK-1DD184913843,红色文旅资源赋能乡村振兴的时代价值、现实困境与发展路径——以温州市泽雅镇为例,夏春雨;庄一伊,2025,浙江工贸职业技术学院学报,10.3969/j.issn.1672-0105.2025.04.012,journal article,zh,TOUR_HOSP,T3
CITING-WORK-A92C0073490A,公共文化服务可及性发展研究——以温州城市书房为例,章群杰,2020,,,thesis,zh,CULT_MEDIA,T3
CITING-WORK-CF0FCA163040,基于场所文脉理论的景区空间规划设计研究,汪倩,2020,,,thesis,zh,ARCH_DES_HER,T3
CITING-WORK-F7C01408D7F8,延安清凉山新闻出版革命纪念馆的文化演绎研究,史楠,2021,,,thesis,zh,CULT_MEDIA,T3
CITING-WORK-3DCD01F189F1,数字媒介视角下的历史文化街区景观设计研究,谭思雨,2024,,,thesis,zh,ARCH_DES_HER,T3
CITING-WORK-686CDDA82AEE,历史文化街区复兴动力机制研究——以南锣鼓巷为例,李丽丽;李胜;周飞跃,2025,北京联合大学学报,10.16255/j.cnki.ldxbz.2025.05.008,journal article,zh,ARCH_DES_HER,T2
CITING-WORK-73855FC9FEFF,场景理论视角下历史文化街区空间活力研究——以苏州山塘历史文化街区为例,苏临,2023,城市建筑空间,10.3969/j.issn.1006-6659.2023.06.023,journal article,zh,ARCH_DES_HER,T2
CITING-WORK-85336326AD37,视觉媒介与空间场景建构下的文化街区考察,杨忠杨;钱伟浩,2024,武陵学刊,10.16514/j.cnki.cn43-1506/c.2024.05.017,journal article,zh,ARCH_DES_HER,T3
CITING-WORK-DF0C35D07EA6,基于袖珍公园的新型公共文化空间建设路径探析,周航,2024,农业与技术,10.19754/j.nyyjs.20240115024,journal article,zh,RURAL_AGRI,T2
CITING-WORK-C61CD89675B7,基于语义的湘西非遗数字资源建设与服务研究,曾惠,2022,,,thesis,zh,INFO_TECH,T3
CITING-WORK-50730A88452B,天台干漆夹苎造像技艺的调查与研究,褚少俊,2022,,,thesis,zh,INTERDISC_OTHER,T3
CITING-WORK-9E0778C7DAD3,海南民族村寨非遗旅游与生态博物馆建设研究--以槟榔谷为例,陈豪,2023,,,thesis,zh,TOUR_HOSP,T3
CITING-WORK-54F66320F7FA,城市近郊乡村文化记忆价值及其建构研究--以昆明呈贡区万溪冲村为例,王蕾,2023,,,thesis,zh,RURAL_AGRI,T3
CITING-WORK-7D0F1935D2C7,文旅融合下“汴京灯笼张”的发展路径研究,王珂,2023,,,thesis,zh,TOUR_HOSP,T3
CITING-WORK-341291569CC9,文化记忆理论视角下程阳八寨传统建筑文化旅游化保护研究,罗露,2023,,,thesis,zh,ARCH_DES_HER,T3
CITING-WORK-FE3CA1B62836,文化记忆视角下壮族铜鼓文化的数字化保护路径研究,章晓洁,2024,,,thesis,zh,CULT_MEDIA,T3
CITING-WORK-96042918C518,黄姚古镇文化遗产研究,黄琼,2023,,,thesis,zh,ARCH_DES_HER,T3
CITING-WORK-C11AA40AB0B1,文旅融合背景下窑业村镇文化景观资源活化与更新设计--以陈炉镇为例,马馨璐,2024,,,thesis,zh,ARCH_DES_HER,T3
CITING-WORK-C5388E8FED30,成都国际非物质文化遗产节研究,吴光芬,2024,,,thesis,zh,ARCH_DES_HER,T3
CITING-WORK-ECF957379AA6,文旅融合视角下城市文创空间更新设计研究,刘燕,2025,,,thesis,zh,TOUR_HOSP,T3
CITING-WORK-E3200098277A,陕西省非物质文化遗产与旅游深度融合发展中政府职能优化研究--以B市为例,谢婷,2025,,,thesis,zh,ARCH_DES_HER,T3
CITING-WORK-C48FC04EBD67,山西省孝义市非物质文化遗产与乡村旅游融合发展研究,梁甜,2025,,,thesis,zh,ARCH_DES_HER,T3
CITING-WORK-7C39394F26A6,文旅融合视角下传统戏剧类非物质文化遗产的旅游活化研究--以河南豫剧为例,丁佳梦,2023,,,thesis,zh,ARCH_DES_HER,T3
CITING-WORK-1E718C4C9947,山西文水吴村烙画葫芦文化记忆研究,李笑,2023,,,thesis,zh,CULT_MEDIA,T3
CITING-WORK-83234A810D08,空间感知视角下徐州户部山历史文化街区设计改造研究,乔冉,2024,,,thesis,zh,ARCH_DES_HER,T3
CITING-WORK-949ADD2A7823,基于POE的成都少城历史文化街区公共空间景观优化研究,郭思颖,2023,,,thesis,zh,ARCH_DES_HER,T3
CITING-WORK-6038E88280FD,基于文献计量的文化遗产数字化体验设计中外语境研究比较,佚名,,,,thesis,zh,ARCH_DES_HER,T3
CITING-WORK-9E7A92F869E3,郑州非遗文化传承策略研究,张天姿,2024,传播力研究,,journal article,zh,CULT_MEDIA,T2
CITING-WORK-1C187740F528,中国非物质文化遗产保护与传承研究的演进脉络和框架构建,邓运员;李君培;曾灿,2026,长沙大学学报,10.3969/j.issn.1008-4681.2026.02.007,journal article,zh,TOUR_HOSP,T2
CITING-WORK-11EEBE99CF14,"""工艺美术+"":新文科境遇下上海工艺美术职业教育的方向与举措",刘中华;焦基鹏,2022,创意设计源,10.3969/j.issn.1674-5159.2022.05.012,journal article,zh,TOUR_HOSP,T2
CITING-WORK-082EC3722461,基于扎根理论的非遗传承人成长的影响因素研究,冯旭芳;寿泉洪;王佳桐,2024,当代职业教育,10.3969/j.issn.1674-9154.2024.03.005,journal article,zh,RURAL_AGRI,T2
CITING-WORK-C3900C844D6D,非遗保护视角下文旅融合模式研究——基于CiteSpace的可视化分析,郭延龙;郑晶晶,2022,呼伦贝尔学院学报,10.3969/j.issn.1009-4601.2022.01.029,journal article,zh,TOUR_HOSP,T3
CITING-WORK-16D9E836C839,非遗文创的概念、功能演变:从单一技艺传承到多元审美体验,袁芳,2025,湖南包装,10.19686/j.cnki.issn1671-4997.2025.06.005,journal article,zh,ARCH_DES_HER,T2
CITING-WORK-2CFE49A7F127,长征国家文化公园非物质文化遗产的空间分布特征及影响因素,佚名,,,,thesis,zh,ARCH_DES_HER,T3
CITING-WORK-8B20C91D007C,"""非遗""与研学融合发展的思考",喻峰;傅安平,2022,江西教育,10.3969/j.issn.1006-270x.2022.23.001,journal article,zh,EDUCATION,T3
CITING-WORK-D8B055EA8755,农文旅融合背景下景观资源活化与更新设计探讨,卢军,2025,现代园艺,10.3969/j.issn.1006-4958.2025.24.028,journal article,zh,ARCH_DES_HER,T2
CITING-WORK-F9A952436973,文旅融合发展的社会福祉效应研究:逻辑诠释、测度与机制框架,张圆刚;张宏梅;何杨媚,2022,经济地理,10.15957/j.cnki.jjdl.2022.05.024,journal article,zh,ECON_BUS_CONS,T2
CITING-WORK-5A3C1001ADF3,推进非遗馆文旅融合:面临问题、可鉴案例和可行路径,王光文,2023,经济论坛,10.3969/j.issn.1003-3580.2023.02.008,journal article,zh,TOUR_HOSP,T2
CITING-WORK-8B79516B4E2D,文化和旅游融合发展成效评估研究综述,王克岭;黄姝菡;段玲,2024,经济问题探索,,journal article,zh,TOUR_HOSP,T3
CITING-WORK-F6EA87CAFB98,合肥市非物质文化遗产与旅游融合研究,秦珊珊,2023,佳木斯大学社会科学学报,10.3969/j.issn.1007-9882.2023.05.027,journal article,zh,ARCH_DES_HER,T2
CITING-WORK-C7564C419646,基于CiteSpace的非物质文化遗产科技创新研究热点及趋势分析,王娇;李志红,2023,科技促进发展,10.11842/chips.20230203001,journal article,zh,ARCH_DES_HER,T3
CITING-WORK-6A50D139A205,传承与创新博弈视角下体育非遗旅游开发的张力调和,邓星;张铁雄,2022,辽宁体育科技,10.3969/j.issn.1007-6204.2022.04.019,journal article,zh,SPORT_LEISURE,T2
CITING-WORK-038A03C5B50D,基于文旅融合的南京非遗项目保护与传承研究,王丽娜,2021,连云港师范高等专科学校学报,10.3969/j.issn.1009-7740.2021.04.002,journal article,zh,TOUR_HOSP,T3
CITING-WORK-5748481F6345,文旅融合背景下青岛非物质文化遗产旅游活化路径研究,刘迎华,2023,旅游纵览,10.3969/j.issn.1004-3292.2023.07.031,journal article,zh,TOUR_HOSP,T2
CITING-WORK-42951B380782,非遗旅游设施建设困境及其突破,王光文;李欣远,2022,内蒙古农业大学学报（社会科学版）,10.16853/j.issn.1009-4458.2022.06.015,journal article,zh,TOUR_HOSP,T3
CITING-WORK-917280FF5FB4,藏东南井盐生产技艺的主要内涵及保护传承路径,吴成立;谷中原,2022,青海社会科学,,journal article,zh,RURAL_AGRI,T2
CITING-WORK-9BF27C52A9A5,城市文化研究的历史演变与发展路径——以上海为例,张雯惠;孟勇,2024,上海城市管理,10.3969/j.issn.1674-7739.2024.03.007,journal article,zh,SOC_POLICY,T2
CITING-WORK-AEB00767B8E4,"""东盟文化遗产数字档案馆""项目及启示",刘婧,2022,数字图书馆论坛,10.3772/j.issn.1673-2286.2022.04.003,journal article,zh,RURAL_AGRI,T2
CITING-WORK-3751160DCBB3,数字时代下非遗嵌瓷艺术的发展与创新研究,林晓雪,2023,陶瓷,10.3969/j.issn.1002-2872.2023.11.020,journal article,zh,CULT_MEDIA,T3
CITING-WORK-96306F4D6DFB,非物质文化遗产保护与红色旅游相互融合的韶山模式,林海聪,2023,文化遗产,10.3969/j.issn.1674-0890.2023.03.007,journal article,zh,ARCH_DES_HER,T2
CITING-WORK-8DE35EC4182A,城市更新背景下文化旅游融合路径与对策研究,王莉琴;石培华;张一楠,2022,未来与发展,10.3969/j.issn.1003-0166.2022.04.002,journal article,zh,TOUR_HOSP,T3
CITING-WORK-FC951D3D1544,"""3I""理念赋能上海传统手工艺类非遗旅游高质量发展研究",焦基鹏,2026,无锡商业职业技术学院学报,10.3969/j.issn.1671-4806.2026.01.008,journal article,zh,ECON_BUS_CONS,T2
CITING-WORK-1FC010B5E8B0,河南非物质文化遗产与旅游融合发展研究,李红梅,2023,西部旅游,,journal article,zh,TOUR_HOSP,T2
CITING-WORK-46A150D33766,场景理论视角下城市非遗保护与旅游开发——以永庆坊为例,曾君美,2024,西部旅游,,journal article,zh,TOUR_HOSP,T2
CITING-WORK-B1F57700C1D5,全域旅游视域下河北非遗旅游融合发展研究——以蔚县为例,佚名,,,,thesis,zh,TOUR_HOSP,T3
CITING-WORK-EF47CAD866C1,文旅融合背景下秦皇岛市非遗研学旅行发展策略研究,孙佳茵,2025,西部旅游,10.3969/j.issn.1006-2629.2025.16.012,journal article,zh,TOUR_HOSP,T2
CITING-WORK-35E1EC06E6CD,场景赋能乡村农文旅融合的理论逻辑、营造要素与路径探索,马谊妮;姜芹春,2025,玉溪师范学院学报,10.3969/j.issn.1009-9506.2025.04.007,journal article,zh,TOUR_HOSP,T3
CITING-WORK-9289B65D58D8,文旅融合背景下海派传统工艺美术IP资源开发策略研究,刘中华;焦基鹏,2022,浙江大学学报（人文社会科学版）,10.3785/j.issn.1008-942x.cn33-6000/c.2020.11.304,journal article,zh,RURAL_AGRI,T2
CITING-WORK-26D0BB484E10,湖南省乡村非物质文化遗产空间格局与旅游利用潜力研究,谭书佳;雷媛婷;韩雅如,2024,湖南工业大学学报（社会科学版）,10.3969/j.issn.1674-117x.2024.03.007,journal article,zh,ARCH_DES_HER,T3
CITING-WORK-A1FB69CE6245,凝视理论下复建古城旅游优化策略研究,曾佳玉,2022,,,thesis,zh,TOUR_HOSP,T3
CITING-WORK-337061C0A314,基于价值延续的广州西关历史环境中的新设计策略研究,余俊颖,2022,,,thesis,zh,INTERDISC_OTHER,T3
CITING-WORK-9E9375759AFF,历史环境信息传播视角下广州城市历史景观保护活化研究,郭雨薇,2023,,,thesis,zh,ARCH_DES_HER,T3
CITING-WORK-06BFAC35C4FD,空间生产视角下的汉口租界建筑演进模式研究,雷姗姗,2023,,,thesis,zh,ARCH_DES_HER,T3
CITING-WORK-2C86A410EFF5,文旅融合视角下的南京江宁区乡村景观偏好研究,蒯旭,2023,,,thesis,zh,ARCH_DES_HER,T3
CITING-WORK-2C82991A229C,扬州漆器企业转型的艺术学诊断,蔡璧嶺,2023,,,thesis,zh,ECON_BUS_CONS,T3
CITING-WORK-361FD742DD88,基于场所体验理论的大熊猫国家公园科普宣教馆空间优化策略研究,窦启轩,2023,,,thesis,zh,INTERDISC_OTHER,T3
CITING-WORK-8105A77034DF,基于价值评价与需求判定的历史街区活力再生策划体系研究,张玉争,2024,,,thesis,zh,ARCH_DES_HER,T3
CITING-WORK-71F3AF710C5B,广西现代农业节庆时空分异及其影响因素研究,李显婷,2025,,,thesis,zh,RURAL_AGRI,T3
CITING-WORK-B0BCC7E11594,重庆市乡村消费空间变化格局及影响因素研究,陈倩倩,2025,,,thesis,zh,RURAL_AGRI,T3
CITING-WORK-EC515956858C,基于空间叙事理论的徽剧文化介入茶室设计研究,黄蓉,2025,,,thesis,zh,CULT_MEDIA,T3
CITING-WORK-1230F6811D02,乡村民宿的场景要素识别及环境恢复性功能研究——基于旅游者环境恢复性感知视角,李东和;谢珍珍,2024,安徽大学学报（哲学社会科学版）,10.13796/j.cnki.1001-5019.2024.06.019,journal article,zh,CULT_MEDIA,T2
CITING-WORK-3E5583E398FC,Research on Developing an Assessment Scale for Tourism Experience Elements of Ancient Shu Road Heritage Trail,Wang Yuan;Wang Bo;Zhou Jiang,2024,当代社会科学（英文版）,,journal article,unknown,CULT_MEDIA,T2
CITING-WORK-792DF9B2C747,数字足迹支持下的景观视觉感知评价:以秦淮河历史性城市景观为例,周详;刘子玥;施佳颖,2022,风景园林,10.14085/j.fjyl.2022.09.0018.08,journal article,zh,ARCH_DES_HER,T2
CITING-WORK-190D1F7F884E,基于机器学习的福建泉州世界文化遗产景观感知研究,任维;李巧婷;詹开元,2024,风景园林,10.3724/j.fjyl.202403310190,journal article,zh,ARCH_DES_HER,T2
CITING-WORK-C59DE1270346,"Heritage Corridor Routing Method From Historic Urban Landscape and Digital Footprint Perspectives—The Case of Historical Urban Area in Nanjing, China",周详;汤雨杭;苏俊吉,2023,景观设计学（中英文）,10.15302/j-laf-1-020080,journal article,unknown,ARCH_DES_HER,T3
CITING-WORK-07AC2B6D16A2,市镇型历史文化街区价值特征及保护策略研究,邓巍;胡贝贝,2024,现代城市研究,10.3969/j.issn.1009-6000.2024.03.002,journal article,zh,URBAN_PLAN_GEO,T2
CITING-WORK-19C95878123C,基于集体记忆的城市历史景观活化途径研究——以襄阳为例,赵星雅;李佳怡;张志远,2024,现代城市研究,10.3969/j.issn.1009-6000.2024.04.004,journal article,zh,URBAN_PLAN_GEO,T2
CITING-WORK-304F47EF7A3C,数字足迹支持下的历史性城市景观空间感知与游憩体验研究,周详;孙泽仪;刘轩轩,2022,新建筑,10.12069/j.na.202201010,journal article,zh,ARCH_DES_HER,T2
CITING-WORK-54BF329E0904,"从""数字敦煌""看元宇宙数字文博的沉浸传播",高军梅;钟丽;王莹莹,2024,中国传媒科技,10.19483/j.cnki.11-4653/n.2024.10.032,journal article,zh,CULT_MEDIA,T2
CITING-WORK-67A275E54897,数字化背景下工业遗产场景营造与社会交往相互作用研究——以广州琶醍啤酒文化创意产业园为例,江海燕;宋天昊;夏燕,2023,装饰,10.3969/j.issn.0412-3662.2023.08.029,journal article,zh,ARCH_DES_HER,T3
CITING-WORK-AFC97C3C7BD9,场景理论视角下艺术介入街区空间的设计研究--以五山街中心片区为例,黄丹妮,2023,,,thesis,zh,ARCH_DES_HER,T3
CITING-WORK-CB92C46B7138,“结构—行为”互动视角下广州社区更新规划中公众利益的实现机制,赵楠楠,2022,,,thesis,zh,ARCH_DES_HER,T3
CITING-WORK-03706B195858,老旧小区改造中的居民参与有效性研究,余雨寒,2024,,,thesis,zh,INTERDISC_OTHER,T3
CITING-WORK-3806B95B3921,未来乡村公园社区公共空间营造研究,朱洛铤,2024,,,thesis,zh,RURAL_AGRI,T3
CITING-WORK-FFEF6D8E6584,基于空间场景的氮磷污染负荷估算与风险评估--以江门市为例,肖朝亮,2022,,,thesis,zh,INTERDISC_OTHER,T3
CITING-WORK-43371E939E1E,TOD地下步行空间环境设计研究,玉璋,2023,,,thesis,zh,INTERDISC_OTHER,T3
CITING-WORK-1437D931EBEA,城市功能对餐饮业空间聚集的影响机制研究——以成都市中心城区为例,雷雪颖,2023,,,thesis,zh,URBAN_PLAN_GEO,T3
CITING-WORK-7B7C8D3E5C7E,面向老年主动式健康的邻里目的地建成环境影响效应及规划策略,魏越,2024,,,thesis,zh,ARCH_DES_HER,T3
CITING-WORK-496536BE3E6A,多元主体博弈视角下社区更新公众参与机制优化研究--以成都市中优区域为例,付鸿莲,2024,,,thesis,zh,URBAN_PLAN_GEO,T3
CITING-WORK-532E803A98C4,城市更新视角下成华区老旧社区公共空间景观设计研究--以新鸿社区为例,李雪莹,2023,,,thesis,zh,ARCH_DES_HER,T3
CITING-WORK-E69FEC44E827,公园城市背景下老旧小区改造实践探索——以成都老旧小区改造为例,何昕;张启茂;王明哲,2023,城市规划,10.11819/cpr20231311a,journal article,zh,ARCH_DES_HER,T2
CITING-WORK-E42F5CBF5C89,基于文化资本的社区更新研究 ——以呼市老城墙片区为例,马嘉翼;白洁,2023,城市建筑,10.19892/j.cnki.csjz.2023.03.07,journal article,zh,ARCH_DES_HER,T2
CITING-WORK-A30AFA98BEB5,日常生活视野下的犀浦旧城区更新设计策略研究 ——以犀浦蔬菜交易中心片区为例,雷洪谦;祁桦桦,2023,城市建筑,10.19892/j.cnki.csjz.2023.04.47,journal article,zh,ARCH_DES_HER,T2
CITING-WORK-404453D7BAFE,基于场景营造的社区综合体优化策略研究——以成都市清源社区综合体为例,王巍;王载波;杨诗皓,2023,城市建筑,10.19892/j.cnki.csjz.2023.21.12,journal article,zh,ARCH_DES_HER,T2
CITING-WORK-5FFEC8E54F28,城市发展历程中城市更新的梳理总结——以成都市实践为例,杨家璇;韩效,2023,城市建筑,10.19892/j.cnki.csjz.2023.23.31,journal article,zh,ARCH_DES_HER,T2
CITING-WORK-18C977586584,基于生活场景营造的存量更新策略探索——以厦门本岛为例,赖添,2025,城市建筑,10.19892/j.cnki.csjz.2025.13.25,journal article,zh,ARCH_DES_HER,T2
CITING-WORK-340F5557413C,街头的魅力:成都城市社区更新中的公共空间营造之道,赵炜;李春玲;石杨,2022,建筑学报,10.19819/j.cnki.issn0529-1399.202203007,journal article,zh,ARCH_DES_HER,T3
CITING-WORK-F849B690564A,场景理论视角下的杭州桥下空间设计策略研究,王涵,2024,美与时代,,journal article,zh,ARCH_DES_HER,T2
CITING-WORK-47645E5C3AE7,基于成都实践的城市社区更新多元共治模式探索——以成华区社区规划设计节为例,赵炜;陈怡可;李春玲,2024,西部人居环境学刊,10.13791/j.cnki.hsfwest.20240606,journal article,zh,URBAN_PLAN_GEO,T2
CITING-WORK-A4CBB3BA6A76,场景理论下成都西村大院的集体记忆空间建构研究,张文力;朱天可;何思琪,2024,室内设计与装修,10.3969/j.issn.1005-7374.2024.01.027,journal article,zh,ARCH_DES_HER,T2
CITING-WORK-934DF56061A1,从空间失序到场景营造:历史文化街区空间赋权的治理逻辑,高红;魏文超,2025,学习与实践,10.3969/j.issn.1004-0730.2025.11.013,journal article,zh,EDUCATION,T2
CITING-WORK-5F03B624FC45,济南都市民俗文化新景观探究--以芙蓉街-百花洲历史文化街区为个案,孙程程,2020,,,thesis,zh,ARCH_DES_HER,T3
CITING-WORK-2E684DA94687,W市O区乡土要素融入农村文化礼堂建设的问题与对策研究,汪舒静,2021,,,thesis,zh,RURAL_AGRI,T3
CITING-WORK-15E97572E760,光艺术介入历史街区——以重庆义渡古镇为例,刘韵诗,2021,,,thesis,zh,ARCH_DES_HER,T3
CITING-WORK-BAA0921819E8,文化街区的游客感知与空间建构——以“江南古巷”平江路为例,赵星,2021,,,thesis,zh,ARCH_DES_HER,T3
CITING-WORK-5C0B0A26FD96,城市滨水工业遗产活态保护策略研究,王国庆,2021,,,thesis,zh,ARCH_DES_HER,T3
CITING-WORK-48720035D788,蒲圻历史文化街区的景观微更新设计,彭佳,2021,,,thesis,zh,ARCH_DES_HER,T3
CITING-WORK-F3284A97E437,文旅融合视角下城市历史文化街区保护与更新探析-以济南明府城百花洲片区为例,赵小茜,2022,,,thesis,zh,ARCH_DES_HER,T3
CITING-WORK-6280C89F5FBB,基于织补理论的青岛四方路历史文化街区更新策略研究,刘春广,2023,,,thesis,zh,ARCH_DES_HER,T3
CITING-WORK-510802DAC763,空间的留白：萝苜田历史文化街区保护与更新规划设计,樊宇辰,2024,,,thesis,zh,ARCH_DES_HER,T3
CITING-WORK-A1738B764833,苏州平江历史文化街区的保护与管理研究,曾夕,2024,,,thesis,zh,ARCH_DES_HER,T3
CITING-WORK-26EE4AFCD95C,基于眼动追踪的烟台开埠历史文化街区吸引度与改造研究,曹静峰,2024,,,thesis,zh,ARCH_DES_HER,T3
CITING-WORK-A09711A59503,在地性视角下扬州早茶馆环境改造设计研究——以富春茶社为例,姚逸凡,2024,,,thesis,zh,INTERDISC_OTHER,T3
CITING-WORK-74423FFAAB07,基于城市体检的长春市历史城区更新策略研究,曾剑,2024,,,thesis,zh,URBAN_PLAN_GEO,T3
CITING-WORK-AD8A5DC4049F,历史文化街区保护与更新策略研究--基于居民与游客的满意度评价分析,邹馨仪,2025,,,thesis,zh,ARCH_DES_HER,T3
CITING-WORK-30A26C01E4F5,基于社会网络分析的十笏园历史文化街区公共空间优化设计研究,武明辉,2025,,,thesis,zh,ARCH_DES_HER,T3
CITING-WORK-CB267F9EE1A5,协同治理视阈下乡村公共文化空间的治理研究,李舒薇,2020,,,thesis,zh,RURAL_AGRI,T3
CITING-WORK-87AE6462F3AF,武汉户部巷美食街区发展中的政府职能优化研究,张博文,2022,,,thesis,zh,ARCH_DES_HER,T3
CITING-WORK-98B69860193F,供需视角下乡村生活圈公共服务体系构建与配置研究,董翰霏,2023,,,thesis,zh,RURAL_AGRI,T3
CITING-WORK-E91E201F9C4D,旅游体验视角下珠海市香洲历史城区更新策略研究,王一婷,2023,,,thesis,zh,TOUR_HOSP,T3
CITING-WORK-9E6A0A21FFF5,文旅融合背景下Y公司“运河记忆”历史文化街区营销策略提升研究,张羽裳,2024,,,thesis,zh,ARCH_DES_HER,T3
CITING-WORK-34F6D69B443E,旅游开发影响下民族社区文化记忆的代际传承——以西安回民街历史文化街区为例,郭云娇;王嫣然;罗秋菊,2021,地理研究,10.11821/dlyj020200865,journal article,zh,URBAN_PLAN_GEO,T2
CITING-WORK-313B64DBC3F2,场景理论视角下城市现代服务创新路径的拓展研究--基于漳州的实证,佚名,,,,thesis,zh,URBAN_PLAN_GEO,T3
CITING-WORK-6B5B3E40F841,基于扎根理论的文化街区品牌运营研究——以邛崃文脉坊为例,常萱诗;岳子尧;杨宇航,2024,公关世界,10.3969/j.issn.1005-3239.2024.02.015,journal article,zh,EDUCATION,T2
CITING-WORK-05B3EB0895E6,上海历史文化风貌区研究综述 ——基于CiteSpace的文献计量分析,宋凯璇;吴文治,2021,湖南包装,10.19686/j.cnki.issn1671-4997.2021.01.001,journal article,zh,ARCH_DES_HER,T2
CITING-WORK-DE45530B6F3B,"""互联网+""苏州平江历史文化街区发展研究",王翠,2019,合作经济与科技,10.3969/j.issn.1672-190x.2019.22.007,journal article,zh,ECON_BUS_CONS,T2
CITING-WORK-DC97FAF2D962,场景理论下历史文化街区公共空间优化策略研究——以北京白塔寺街区为例,王钰雁;金承协;王园,2025,建筑与文化,10.19875/j.cnki.jzywh.2025.11.052,journal article,zh,ARCH_DES_HER,T2
CITING-WORK-02B6609CD31E,基于价值体系的兴化府历史文化街区保护与更新,余可绎,2023,莆田学院学报,10.3969/j.issn.1672-4143.2023.06.013,journal article,zh,CULT_MEDIA,T2
CITING-WORK-72DE39BC4F67,商业空间体育化利用的主要模式、现实阻滞与推进策略,陈元欣;周雨轩;周彪,2025,体育文化导刊,10.3969/j.issn.1671-1572.2025.08.002,journal article,zh,SPORT_LEISURE,T2
CITING-WORK-56EB9F457E52,人本视角下的历史文化街区更新思考,张菁;徐萌;李晨然,2024,中国名城,10.19924/j.cnki.1674-4144.2024.002.001,journal article,zh,URBAN_PLAN_GEO,T2
CITING-WORK-81220DE96FFF,栖居与回归——百年城市更新回顾,尹超琪,2020,中国艺术,,journal article,zh,CULT_MEDIA,T2
CITING-WORK-4365C03B48B2,基于街景技术的街道风貌类型研究 ——以上海历史文化风貌区为例,江浩波;卢珊;肖扬,2022,住宅科技,10.3969/j.issn.1002-0454.2022.03.005,journal article,zh,ARCH_DES_HER,T2
CITING-WORK-4CB4CDB98EF7,基于增强现实的湘西乡村文旅新闻游戏设计研究,丁宇,2023,,,thesis,zh,TOUR_HOSP,T3
CITING-WORK-5CE8F2E38348,文旅品牌叙事性建构策略研究--以灵渠活态文化遗产为例,史党文,2023,,,thesis,zh,ARCH_DES_HER,T3
CITING-WORK-BBB4238905F6,论乔叶豫北小说的多重叙事空间,武佳杰,2024,,,thesis,zh,INTERDISC_OTHER,T3
CITING-WORK-D9154AF819C0,数字乡村建设赋能乡村文旅融合的组态路径研究—基于动态QCA的省域面板数据分析,朱林波,2024,,,thesis,zh,TOUR_HOSP,T3
CITING-WORK-121FAA53630D,文旅融合政策对旅游经济增长的影响--基于文化资源禀赋的视角,惠荣,2024,,,thesis,zh,TOUR_HOSP,T3
CITING-WORK-3B4CCA528F45,文旅融合背景下泰安市梁林村公共空间设计研究,刘晓平,2024,,,thesis,zh,ARCH_DES_HER,T3
CITING-WORK-F5DC798BCF4B,黄冈市乡村文旅融合发展的问题及对策研究,刘旭,2024,,,thesis,zh,TOUR_HOSP,T3
CITING-WORK-74CEC4B3EE3A,文脉传承视角下蔚县浮图村公共空间设计研究,张晶璐,2024,,,thesis,zh,ARCH_DES_HER,T3
CITING-WORK-E6CB39CB3DF2,宁波余慈地区城市中央公园文体旅资源-市场评价及耦合协调度分析,柳燕,2024,,,thesis,zh,ECON_BUS_CONS,T3
CITING-WORK-B206D76248C1,多元互动框架下乡村文旅融合的实践与路径优化--以W镇为例,吕薇,2025,,,thesis,zh,TOUR_HOSP,T3
CITING-WORK-B08E22F536E9,文旅融合背景下乡村旅游品牌形象设计研究--以浙江省淳安县芹川古村为例,唐正,2025,,,thesis,zh,TOUR_HOSP,T3
CITING-WORK-43A855A20CAA,乡村振兴背景下廉江市乡村旅游发展问题及对策探究,何星鹏,2024,,,thesis,zh,TOUR_HOSP,T3
CITING-WORK-752AD057F0B1,文旅融合视野下的乡村艺术实验--薛池集装箱式建筑,董霄鸿,2024,,,thesis,zh,ARCH_DES_HER,T3
CITING-WORK-6E536BA5B40D,文旅融合驱动乡村振兴:内在机制与实证检验,李德山;许秋生,2024,安徽农业大学学报（社会科学版）,10.19747/j.cnki.1009-2463.2024.04.003,journal article,zh,SOC_POLICY,T2
CITING-WORK-0E039B768D20,文旅融合对乡村振兴的影响研究,佚名,,,,thesis,zh,TOUR_HOSP,T3
CITING-WORK-7396A0DC8B4E,文化和旅游视域下中国乡村振兴研究评述与展望,唐承财;秦珊;戴湘毅,2023,地理科学进展,10.18306/dlkxjz.2023.08.001,journal article,zh,RURAL_AGRI,T2
CITING-WORK-9B3E3126554D,基于Citespace的艺术设计助力乡村振兴研究热点与趋势——以CNKI数据库2017-2022为数据源,刘宗明;盛砺冰,2023,湖南包装,10.19686/j.cnki.issn1671-4997.2023.01.013,journal article,zh,ARCH_DES_HER,T2
CITING-WORK-AEC00BB70F2A,乡村振兴背景下安徽农村旧工厂空间更新策略,赵蕾;倪妮;周欣怡,2024,安徽理工大学学报（社会科学版）,10.3969/j.issn.1672-1101.2024.04.011,journal article,zh,RURAL_AGRI,T3
CITING-WORK-E484A11CD617,规划驱动乡村文旅融合策略,王桂芹;黄欢,2023,经济地理,10.15957/j.cnki.jjdl.2023.12.023,journal article,zh,ECON_BUS_CONS,T2
CITING-WORK-41D8EB74609F,设计驱动乡村文旅融合创新发展策略研究,谭静,2023,经济问题,,journal article,zh,ECON_BUS_CONS,T2
CITING-WORK-5B3420190395,中国乡村文化振兴研究热点及发展趋势,王守强;李广艳;冉鑫,2024,吉林农业科技学院学报,10.3969/j.issn.1674-7852.2024.05.005,journal article,zh,RURAL_AGRI,T3
CITING-WORK-5A7978E3BCC2,乡村文化治理:场景营造与动能转向——以浙东S市X村为例,石伟;韩玉祥,2025,暨南学报（哲学社会科学版）,10.11778/j.jnxb.20240926,journal article,zh,SOC_POLICY,T2
CITING-WORK-112F5012C8F9,低空经济助推文旅产业融合发展的协同创新研究,侯冠宇;闫芳超;赵娜,2025,科学与管理,10.3969/j.issn.1003-8256.2025.05.004,journal article,zh,TOUR_HOSP,T3
CITING-WORK-E9484A256622,虚实互构:数字化背景下的乡村文旅空间感知,刘彤瑶,2025,理论月刊,10.14180/j.cnki.1004-0544.2025.06.010,journal article,zh,TOUR_HOSP,T2
CITING-WORK-E977174753EC,旅游在线视频研究:发展、主题与趋势,郑雪静;罗佳琦,2024,旅游学刊,10.19765/j.cnki.1002-5006.2024.06.014,journal article,zh,TOUR_HOSP,T2
CITING-WORK-C09A0EFA917D,"探究""以文塑旅""在乡村文旅融合空间的重构之路",刘锋华,2023,旅游纵览,10.3969/j.issn.1004-3292.2023.11.039,journal article,zh,TOUR_HOSP,T2
CITING-WORK-0E978C58DDE6,文旅深度融合促进乡村振兴的发展路径研究——以黄山市徽州区为例,朱红兵;程莉莉;张静,2023,旅游纵览,10.3969/j.issn.1004-3292.2023.13.032,journal article,zh,TOUR_HOSP,T2
CITING-WORK-8FBB7E9B9006,文旅融合背景下淮北市黄里社区乡村旅游发展问题与路径,代宇星;权伟,2024,旅游纵览,10.3969/j.issn.1004-3292.2024.16.049,journal article,zh,TOUR_HOSP,T2
CITING-WORK-73F0C5348E2B,文旅融合视角下传统村落有机更新规划设计思考——以台州市江口村为例,李馨蕾,2025,旅游纵览,10.3969/j.issn.1004-3292.2025.05.052,journal article,zh,TOUR_HOSP,T2
CITING-WORK-215A3E9F2FBD,"""即时策略""理念下乡土文化景观更新设计研究——以溧水郭塘头村为例",王雨琦;曹莹,2024,美与时代,,journal article,zh,ARCH_DES_HER,T2
CITING-WORK-A6A467117306,乡村旅游街景经营管理探讨,刘琪,2024,农村经济与科技,10.3969/j.issn.1007-7103.2024.10.039,journal article,zh,RURAL_AGRI,T2
CITING-WORK-8935054E6B22,乡村振兴背景下数字化文旅融合模式——以西部地区为例,侯欣宇;李雪娇,2024,农村经济与科技,10.3969/j.issn.1007-7103.2024.17.039,journal article,zh,RURAL_AGRI,T2
CITING-WORK-4C88E334F90F,"""五业""融合推动乡村振兴的路径",星悦,2024,农村经济与科技,10.3969/j.issn.1007-7103.2024.24.049,journal article,zh,RURAL_AGRI,T2
CITING-WORK-9A8E69674443,乡村文旅融合发展的名实关系探析——以山东省Z村为例,曹军锋;王厚森,2024,农村.农业.农民,10.3969/j.issn.1003-6261.2024.19.009,journal article,zh,TOUR_HOSP,T3
CITING-WORK-4A3F3D79CBA2,文化为魂:乡村文旅融合中的空间重构＊,罗大蒙;吴理财,2023,南京社会科学,10.15937/j.cnki.issn1001-8263.2023.03.015,journal article,zh,INTERDISC_OTHER,T2
CITING-WORK-63AF8CCDF48B,系统工程思想视角下文旅深度融合促进民族村寨高质量发展的路径——来自贵州省化屋村的经验分析,肖小虹;孙延喆,2023,南宁师范大学学报（哲学社会科学版）,10.16601/j.cnki.issn2096-7349.2023.05.002,journal article,zh,INTERDISC_OTHER,T2
CITING-WORK-FD700B2BDF89,乡村文化元素在动画设计创作中的应用研究,赵媛媛,2022,山东农业工程学院学报,10.3969/j.issn.1008-7540.2022.12.019,journal article,zh,RURAL_AGRI,T2
CITING-WORK-2444F5DA9322,场景视域下乡村体育文化与冰雪旅游融合的价值表达与推进策略,朱廉杰;潘宏伟;曹健,2024,山东体育科技,10.3969/j.issn.1009-9840.2024.06.011,journal article,zh,SPORT_LEISURE,T2
CITING-WORK-F70E9984C19B,基于场域理论的文化和旅游融合测度及机制研究——以安徽省为例,王乃举;王塞;李玉年,2025,沈阳大学学报（社会科学版）,10.3969/j.issn.2095-5464.2025.01.004,journal article,zh,TOUR_HOSP,T3
CITING-WORK-251B401E8F87,基于SWOT分析的德化县乡村旅游发展提升策略,张源;戴永务,2023,台湾农业探索,10.16006/j.cnki.twnt.2023.03.010,journal article,zh,TOUR_HOSP,T3
CITING-WORK-456A74A6B3D7,想象·凝视·游历:乡村场景叙事散论,吕珊珊,2023,文艺争鸣,,journal article,zh,RURAL_AGRI,T2
CITING-WORK-17137E693450,文旅融合发展对村庄乡村性的影响研究 ——基于武义县坛头村的发展实践,周毓,2022,西部旅游,,journal article,zh,TOUR_HOSP,T2
CITING-WORK-AC2CCB68D6AA,媒介、场景与传承:数字营销驱动少数民族乡村文化的再生产研究,李欣阳;王俊俊,2026,西部旅游,10.3969/j.issn.1006-2629.2026.02.005,journal article,zh,TOUR_HOSP,T2
CITING-WORK-5F80E475B447,乡村旅游发展实践逻辑与产业发展路径反思,李玉霞,2023,西北农林科技大学学报（社会科学版）,10.13968/j.cnki.1009-9107.2023.03.09,journal article,zh,RURAL_AGRI,T2
CITING-WORK-3499D4CB3F27,人本视角下文旅生产的三个向度,林子涵;宋旸,2023,湖北文理学院学报,10.3969/j.issn.1009-2854.2023.11.007,journal article,zh,TOUR_HOSP,T2
CITING-WORK-FBE6567E7DF3,"""文化+场景"":文旅融合的发展路径与数字化传播实践——以第二届文博会湖北馆打造荆楚文化IP为例",黄芙蓉;涂盛青;王馨婷,2023,新闻前哨,10.3969/j.issn.1003-2827.2023.13.009,journal article,zh,CULT_MEDIA,T2
CITING-WORK-D24724CF9F17,"低空经济赋能影视文旅融合发展的逻辑与路径研究——以东阳横店""低空+影视+文旅""模式为例",卢进帅;黄敏;章正伟,2025,新西部,10.3969/j.issn.1009-8607.2025.12.030,journal article,zh,TOUR_HOSP,T2
CITING-WORK-F3B7E24FC0C1,徽州传统村落文旅融合高质量发展研究,周亚琴,2024,安徽乡村振兴研究,10.13454/j.issn.2097-1931.2024.01.012,journal article,zh,TOUR_HOSP,T3
CITING-WORK-AEE4647EA438,流量经济驱动乡村文旅产业高质量发展的机理与对策,吴寿平;吴碧波,2025,安徽乡村振兴研究,10.13454/j.issn.2097-1931.2025.04.007,journal article,zh,TOUR_HOSP,T3
CITING-WORK-47989F7174D7,"""小而美""文旅场景视域下乡村旅游集聚区发展研究",何琼峰,2026,影剧新作,,journal article,zh,TOUR_HOSP,T3
CITING-WORK-E70524796833,"""互联网+""背景下乡村文旅品牌叙事性设计策略研究",刘昕昆;郭楷,2025,艺术科技,10.3969/j.issn.1004-9436.2025.19.050,journal article,zh,CULT_MEDIA,T2
CITING-WORK-5E718DDCA3A9,旅游高质量发展下文旅融合的内在逻辑、现实问题与解决对策——以南京市为例,万绪才;何昭丽;张雪桃,2023,中国名城,10.19924/j.cnki.1674-4144.2023.008.008,journal article,zh,URBAN_PLAN_GEO,T2
CITING-WORK-66C5051F4D36,中国式现代化建设中文旅深度融合的理论内涵与研究框架,任以胜;侯颖;陆林,2025,自然资源学报,10.31497/zrzyxb.20250412,journal article,zh,URBAN_PLAN_GEO,T2
CITING-WORK-811FEE2AC417,基于旅游虚拟社区价值共创的云南文化旅游IP构建研究,张晶,2020,,,thesis,zh,TOUR_HOSP,T3
CITING-WORK-439B0195B645,基于场景理论的企业文化建设研究--以小米公司为例,徐志达,2020,,,thesis,zh,ECON_BUS_CONS,T3
CITING-WORK-9BED9CA933AF,场景化戏剧《杨仁山》的策划方案及理论阐释,金晓霜,2019,,,thesis,zh,INTERDISC_OTHER,T3
CITING-WORK-EA11BE5BD576,1995-2021年景德镇陶瓷文化创意社区发展与问题研究,于靖,2021,,,thesis,zh,CULT_MEDIA,T3
CITING-WORK-907B1B6E164A,社区参与角度下的社区服务平台设计与研究,石玥,2021,,,thesis,zh,INFO_TECH,T3
CITING-WORK-D01AC49D34E9,场景设计思维下文旅建筑空间设计研究,胡宇彤,2022,,,thesis,zh,ARCH_DES_HER,T3
CITING-WORK-A2091D562AC8,成都市产业社区综合发展水平评价指标体系构建研究,张美萍,2022,,,thesis,zh,ECON_BUS_CONS,T3
CITING-WORK-CAB917F97E6F,需求导向下的城市创意街区公共空间认知评价研究——以西安两个街区为例,冀聪,2021,,,thesis,zh,ARCH_DES_HER,T3
CITING-WORK-EF4B8DD0DD6A,洛阳新安窑体验式场景设计研究,金燏萌,2024,,,thesis,zh,INTERDISC_OTHER,T3
CITING-WORK-CCF256F64587,“城园关联”视角下的城市文创园区共生模式解析与更新策略研究,吴国玉,2023,,,thesis,zh,URBAN_PLAN_GEO,T3
CITING-WORK-067F0E108F49,政策转移视角下中国文化创意产业园区变迁研究--基于定性比较分析,肖博文,2019,,,thesis,zh,ECON_BUS_CONS,T3
CITING-WORK-98696DDEEFC8,文旅融合背景下武汉旅游地人文景观研究,吴巍;邹佳熹,2021,安徽建筑,10.16330/j.cnki.1007-7359.2021.02.012,journal article,zh,ARCH_DES_HER,T2
CITING-WORK-20AE2C1BE13A,社会-生态系统分析框架下改自旧厂房的文创园区研究——以红专厂为例,朱一中;涂紫琼,2019,华南理工大学学报（社会科学版）,10.19366/j.cnki.1009-055x.2019.03.011,journal article,zh,SOC_POLICY,T3
CITING-WORK-E21011D267CC,产业转型与升级背景下的珠三角地区村镇工厂改造及更新研究,贺楠,2019,建材与装饰,10.3969/j.issn.1673-0038.2019.18.056,journal article,zh,URBAN_PLAN_GEO,T2
CITING-WORK-E20E2F9A64F4,文化产业集群要素特征、成长路径及案例分析 ——以场景理论为视角,詹绍文;王敏;王晓飞,2020,江汉学术,10.16388/j.cnki.cn42-1843/c.2020.01.001,journal article,zh,ECON_BUS_CONS,T3
CITING-WORK-B6C23067597D,场景视域下城市创意街区的空间营造:理论维度与范式,钟晟,2022,理论月刊,10.14180/j.cnki.1004-0544.2022.09.008,journal article,zh,TOUR_HOSP,T2
CITING-WORK-9512B100076E,南京私人小型当代艺术空间生存现状研究,陆霄虹;黄炳良,2020,美术文献,,journal article,zh,ARCH_DES_HER,T2
CITING-WORK-326BF2714276,融合与创新:场景理论在地域文化再生中的文创设计,佚名,,,,thesis,zh,CULT_MEDIA,T3
CITING-WORK-C28F50EB2DE2,"""全球-本土""视野下的乡愁美学及其逻辑转向",周洁,2025,文化遗产,10.3969/j.issn.1674-0890.2025.01.004,journal article,zh,ARCH_DES_HER,T2
CITING-WORK-7DB441B1F678,场景理论框架下艺术与科技学科发展的新维度,范振坤,2019,艺术百家,10.3969/j.issn.1003-9104.2019.03.006,journal article,zh,CULT_MEDIA,T2
CITING-WORK-C70EC12244D8,都市文化创新视角下的创意园与街区活化研究 ——以杭州LOFT49创意园为例,赵秀敏;石坚韧;钱润庭,2019,中国名城,10.3969/j.issn.1674-4144.2019.06.008,journal article,zh,URBAN_PLAN_GEO,T2
CITING-WORK-9DD561A73966,基于健康促进理论的高校附属居住区公共空间设计研究——以湖北工业大学教师居住区为例,陈冠宇,2022,,,thesis,zh,ARCH_DES_HER,T3
CITING-WORK-0A7C189DFD52,健康理念下的城市社区景观设计研究,漆红,2022,,,thesis,zh,ARCH_DES_HER,T3
CITING-WORK-074D0AE3F25B,“无接触交互”影响下的城市社区生活圈规划策略研究,胡雪薇,2022,,,thesis,zh,ARCH_DES_HER,T3
CITING-WORK-F3308B81E6B0,基于积极心理学的青年公寓室外公共空间需求解析及营造策略——以广州市为例,李洁,2022,,,thesis,zh,URBAN_PLAN_GEO,T3
CITING-WORK-F750D2091D2E,体验消费背景下社区商业中心空间设计研究,黄婷婷,2022,,,thesis,zh,ARCH_DES_HER,T3
CITING-WORK-693B58FAE5E8,广州高密度住区空间防疫能力评价指标体系研究,王沐霖,2022,,,thesis,zh,INTERDISC_OTHER,T3
CITING-WORK-89CDEE5DF9A0,深基坑工程系统安全韧性的识别、度量与提升研究,张震祺,2022,,,thesis,zh,INTERDISC_OTHER,T3
CITING-WORK-26579B514878,传统医药类非物质文化遗产的传承与发展研究--以上海市为例,纪志晴,2023,,,thesis,zh,ARCH_DES_HER,T3
CITING-WORK-F4139F30BBDA,用户行为视角下的冥想练习辅助产品设计研究,宋沛缇,2023,,,thesis,zh,INTERDISC_OTHER,T3
CITING-WORK-27FC54629926,健康导向下的老旧社区微空间更新设计策略研究,梁娟,2023,,,thesis,zh,URBAN_PLAN_GEO,T3
CITING-WORK-D922CC7F57A4,儿童友好社区行为健康支持体系构建及规划应对研究--以南昌市为例,李聪,2023,,,thesis,zh,ARCH_DES_HER,T3
CITING-WORK-D53F103033AB,城市住区建成环境对居民健康的影响及路径研究--以重庆市主城区为例,曾育嘉,2023,,,thesis,zh,URBAN_PLAN_GEO,T3
CITING-WORK-7E4CBD53450E,健康促进理论下老旧社区公共空间更新设计研究,陈欣,2023,,,thesis,zh,URBAN_PLAN_GEO,T3
CITING-WORK-735040F55946,大连住区建筑环境多品质更新要素对老年人主观幸福感的影响,滕敏伶,2023,,,thesis,zh,ARCH_DES_HER,T3
CITING-WORK-B03F3D7CF6FC,健康社区理念下公共艺术适老化设计研究,王婕,2023,,,thesis,zh,CULT_MEDIA,T3
CITING-WORK-3072616DFCCC,健康视域下的全龄友好型社区公共空间营造策略研究,赵珂莹,2023,,,thesis,zh,URBAN_PLAN_GEO,T3
CITING-WORK-01A457834A74,西关传统住区建成环境与交往行为的关联性研究——以昌华苑住区为例,林芮欣,2024,,,thesis,zh,INTERDISC_OTHER,T3
CITING-WORK-C009BEA0905C,社区建成环境对老年人步行行为影响研究,周安琪,2023,,,thesis,zh,URBAN_PLAN_GEO,T3
CITING-WORK-36F2E4623AD4,健康社区视角下寒地老旧社区公共空间优化策略研究--以沈阳市典型社区为例,杜柏莹,2024,,,thesis,zh,URBAN_PLAN_GEO,T3
CITING-WORK-39146916A158,邻里效应理论下老旧小区公共空间活化与景观设计研究-以沈阳市北塔小区为例,孟锡洮,2025,,,thesis,zh,ARCH_DES_HER,T3
CITING-WORK-07ECDF11391A,基于亲生物视角的高密度住区环境健康促进机制及优化设计策略研究,岳淼,2025,,,thesis,zh,INTERDISC_OTHER,T3
CITING-WORK-10178F77BFD9,基于场景理论下的外卖电动车产品设计研究,沈聪,2025,,,thesis,zh,INTERDISC_OTHER,T3
CITING-WORK-4F31A8E19B3A,面向健康促进的社区公共空间评价及优化策略研究,曾珍珍,2023,,,thesis,zh,URBAN_PLAN_GEO,T3
CITING-WORK-12ECBB316640,微更新理念下的老旧社区公共空间改造设计研究--以济南市陈家楼社区为例,相茂林,2023,,,thesis,zh,URBAN_PLAN_GEO,T3
CITING-WORK-1964EE708192,社会工作介入儿童友好型社区公共空间营造研究--以H市T社区为例,徐文莉,2024,,,thesis,zh,URBAN_PLAN_GEO,T3
CITING-WORK-96DB71412A40,基于参与式影像方法的低碳健康社区研究--以道口古镇顺北片区为例,王晓颖,2025,,,thesis,zh,URBAN_PLAN_GEO,T3
CITING-WORK-A3FC2EEFD508,基于需求层次理论的老旧社区更新研究--以新乡市两个老旧社区为例,赵嘉文,2025,,,thesis,zh,URBAN_PLAN_GEO,T3
CITING-WORK-838160D863AA,基于场景理论的乡村空间治理探究——以平顶山市岳庄村为例,温赛;和雪;于海龙,2025,城市建筑,10.19892/j.cnki.csjz.2025.16.40,journal article,zh,ARCH_DES_HER,T2
CITING-WORK-C15D399647F7,艺术肌理化景观设计手法在城市绿地设计中的运用研究,郑蔚青;王贵刚,2026,城市建筑,10.19892/j.cnki.csjz.2026.02.09,journal article,zh,ARCH_DES_HER,T2
CITING-WORK-115D686BFED4,健康导向的社区更新需求研究——以上海17个建成小区为例,易欣蕾;徐磊青,2022,城乡规划,10.12049/j.urp.202204010,journal article,zh,URBAN_PLAN_GEO,T2
CITING-WORK-87B07352C59C,人本需求理念下的珠海市富山工业园工业社区规划思路探讨,谭文杰;向守乾;张一恒,2023,规划师,10.3969/j.issn.1006-0022.2023.01.020,journal article,zh,URBAN_PLAN_GEO,T2
CITING-WORK-5E9FF0A45F0A,设计健康生活:健康中国视角下社区景观系统构建,徐衍慧;刘群阅,2024,黑龙江生态工程职业学院学报,10.3969/j.issn.1674-6341.2024.05.05,journal article,zh,TOUR_HOSP,T2
CITING-WORK-7244F3FAA9E3,场景理论视域下天津五大道历史文化街区的沉浸式旅游活化策略研究,于子尧;周延伟,2025,湖南包装,10.19686/j.cnki.issn1671-4997.2025.01.020,journal article,zh,ARCH_DES_HER,T2
CITING-WORK-A7EB550518AF,基于场景理论的重庆市十八梯传统风貌区人群文化感知差异研究,王中德;赵青,2024,华中建筑,,journal article,zh,ARCH_DES_HER,T2
CITING-WORK-FA86CBC27A19,老旧小区低效空间健康化改造策略研究——以天大教工社区为例,于浩;胡期光;姚钢,2024,华中建筑,,journal article,zh,ARCH_DES_HER,T2
CITING-WORK-196FFB844557,景观体验视角下社区绿道步行场景研究——以杭州为例,桂玥;张云,2024,华中建筑,,journal article,zh,ARCH_DES_HER,T2
CITING-WORK-7F7F8D61CB9F,"基于场地营造的公园文化节点设计研究 ——以城市绿心森林公园""小寒""节点为例",郅爽,2022,现代园艺,10.3969/j.issn.1006-4958.2022.11.053,journal article,zh,ARCH_DES_HER,T2
CITING-WORK-26B38D7CBF6A,文旅融合视域下的东北乡村民宿空间与家具设计——以嘉荫县红光乡为例,陈姝元;赵俊学,2023,家具与室内装饰,10.16771/j.cn43-1247/ts.2023.12.021,journal article,zh,ARCH_DES_HER,T2
CITING-WORK-584CFB0EA381,中美健康社区评价标准的对比研究,周天夫,2022,建筑科学,10.13614/j.cnki.11-1962/tu.2022.12.25,journal article,zh,ARCH_DES_HER,T3
CITING-WORK-92FB4F19E3BB,工业型乡村家庭生产场景互助性特征及机制研究,仲利强;刘胜昆;叶倩衡,2023,建筑与文化,10.19875/j.cnki.jzywh.2023.05.002,journal article,zh,ARCH_DES_HER,T2
CITING-WORK-42D893DB32A7,基于全民健康理念的住区景观环境优化策略研究——以昆明市住区为例,陈盟丹;李煜,2022,绿色科技,10.3969/j.issn.1674-9944.2022.03.010,journal article,zh,ARCH_DES_HER,T2
CITING-WORK-C67A8E60AEE0,出行目的差异视角下社区建成环境对骑行行为的影响研究,彭迎澳;杨林川,2025,南方建筑,10.3969/j.issn.1000-0232.2025.04.011,journal article,zh,ARCH_DES_HER,T2
CITING-WORK-64AB59A16645,基于Citespace的我国风景园林健康社区研究进展分析,杨智伟;李东升;罗铠,2024,山东林业科技,10.3969/j.issn.1002-2724.2024.02.021,journal article,zh,TOUR_HOSP,T2
CITING-WORK-F1E208A8D968,基于全国网络调研的防疫社区功能需求研究,谭宇星;黄健美;孟丹诚,2022,上海城市规划,10.11982/j.supr.20220316,journal article,zh,URBAN_PLAN_GEO,T2
CITING-WORK-C03371D23C25,基于多源数据的城市人居环境质量评价研究,沈山;马跃;胡庭浩,2022,西部人居环境学刊,10.13791/j.cnki.hsfwest.20220307,journal article,zh,URBAN_PLAN_GEO,T2
CITING-WORK-03388E060B93,既有住区建筑多品质提升指标因素住户满意度分析 ——以大连市为例,索健;王继辉;陈宇,2022,西部人居环境学刊,10.13791/j.cnki.hsfwest.20220314,journal article,zh,URBAN_PLAN_GEO,T2
CITING-WORK-AD9EDBDFADB0,健康社区视角下的老旧社区公共设施布局评估——以武汉市望丰社区为例,佚名,,,,thesis,zh,URBAN_PLAN_GEO,T3
CITING-WORK-2EDF93C9875D,健康社区导向下的老旧社区改造策略——以吉安市为例,陈帅;邹佳旻;胡鸣,2024,四川建材,10.3969/j.issn.1672-4011.2024.09.011,journal article,zh,URBAN_PLAN_GEO,T3
CITING-WORK-B89C21101A75,压力感知与社区街道更新研究:基于跨学科方法,谭宇星;孟丹诚;徐磊青,2023,园林,10.12193/j.laing.2023.06.0063.008,journal article,zh,ARCH_DES_HER,T2
CITING-WORK-6625E28BAB4B,健康社区的发展研究,郑晓云;孙荣红;宋浩,2022,中国房地产（下旬刊）,10.3969/j.issn.1001-9138.2022.06.012,journal article,zh,URBAN_PLAN_GEO,T3
CITING-WORK-D3F734405416,居住环境对青少年健康的影响及社会适应能力的中介作用,成晓芬;胡依;郭芮绮,2023,中国健康教育,10.16168/j.cnki.issn.1002-9982.2023.02.001,journal article,zh,EDUCATION,T3
CITING-WORK-F281CF9F246E,浙江省健康细胞数字化管理评价指标体系构建,王辉;田会懿;崔琳琳,2024,中国农村卫生事业管理,10.19955/j.cnki.1005-5916.2024.07.002,journal article,zh,RURAL_AGRI,T3
CITING-WORK-86D982C14327,西关传统住区交往行为与空间的关联性研究——以昌华苑为例,林芮欣;张春阳,2024,住区,10.3969/j.issn.1674-9073.2024.03.002,journal article,zh,ARCH_DES_HER,T2
CITING-WORK-F1EB029C17F5,基于居民视角的既有社区健康社区建设指标研究,徐磊青;易欣蕾,2022,住宅科技,10.3969/j.issn.1002-0454.2022.08.003,journal article,zh,ARCH_DES_HER,T2
CITING-WORK-1CB4D009542C,上海城市IP的传播策略研究--基于城市品牌营销视角,庞天乐,2023,,,thesis,zh,ECON_BUS_CONS,T3
CITING-WORK-4E76397EC551,融媒体环境下提升兰州城市文化认同的策略研究,康睿,2022,,,thesis,zh,CULT_MEDIA,T3
CITING-WORK-D6E758FE89A9,中华优秀传统文化的游戏传播研究——以《梦幻西游》手游为例,朱晓帆,2024,,,thesis,zh,CULT_MEDIA,T3
CITING-WORK-F0DDA53E9A6E,基于青创群体需求的环高校创新空间品质评价及优化策略--以哈尔滨为例,王春琦,2025,,,thesis,zh,EDUCATION,T3
CITING-WORK-46ADADBC8D83,体验经济视域下中小型产业园更新设计研究--以安徽慕嘉新创产业园为例,张子健,2025,,,thesis,zh,ECON_BUS_CONS,T3
CITING-WORK-6ABB2F3BBBB3,非物质文化遗产文化空间的网络构建研究--以开封市主城区为例,丁晨,2023,,,thesis,zh,ARCH_DES_HER,T3
CITING-WORK-8AE07C379CB4,场景理论下的精品酒店文化体验功能营造研究,邢瑜;刘苏,2023,安徽建筑大学学报,10.11921/j.issn.2095-8382.20230314,journal article,zh,ARCH_DES_HER,T2
CITING-WORK-E1A2CD8FA218,"因""势""而动:城市街区更新的社会肌理与空间生产研究——以J市北极街为例",沙宁,2025,关东学刊,,journal article,zh,CULT_MEDIA,T2
CITING-WORK-5DABD3642007,城市公共文化空间精细化治理:转向、维度与路径,崔烁,2022,湖北社会科学,10.3969/j.issn.1003-8477.2022.10.005,journal article,zh,INTERDISC_OTHER,T2
CITING-WORK-DAFB9D3713D0,从地域文化视角探索城市新型公共文化空间建设——以郑州市为例,郑若楠,2023,现代园艺,10.3969/j.issn.1006-4958.2023.08.043,journal article,zh,ARCH_DES_HER,T2
CITING-WORK-407A6EC99943,优秀传统文化涵养青年爱国情怀的功能及路径研究,王寿铭,2023,佳木斯职业学院学报,,journal article,zh,INTERDISC_OTHER,T2
CITING-WORK-EE780A3B7039,乡村文旅融合对游客满意度的影响研究——基于场景理论的实证分析,黎玲,2021,技术经济与管理研究,10.3969/j.issn.1004-292x.2021.04.020,journal article,zh,TOUR_HOSP,T3
CITING-WORK-2F1142C9D9F3,基于场景理论的未来乡村文化场景构建研究 ——以龙游县溪口村为例,陈小玉,2023,农村实用技术,,journal article,zh,RURAL_AGRI,T2
CITING-WORK-C0693B1E0E81,城市文化空间中的当代文学传播研究,吴石保,2020,人文之友,10.3969/j.issn.2096-4684.2020.01.075,journal article,zh,CULT_MEDIA,T3
CITING-WORK-FD43E60B5AA5,我国城市文化消费空间的生成逻辑与发展趋向,陈天宇;张海防,2023,艺术百家,10.3969/j.issn.1003-9104.2023.02.009,journal article,zh,CULT_MEDIA,T2
CITING-WORK-214C41300838,数字公共艺术视域下城市文化空间建构的策略研究,林隽,2026,艺术科技,10.3969/j.issn.1004-9436.2026.01.022,journal article,zh,CULT_MEDIA,T2
CITING-WORK-7915F38E4F2F,多元协同与基层下沉:中国城市文化治理的基层实践,宋道雷;郭苏建,2023,治理研究,10.3969/j.issn.1007-9092.2023.01.010,journal article,zh,SOC_POLICY,T2
CITING-WORK-422C7E681803,底特律社区艺术发展研究——以能量屋项目为例,曾伟,2021,装饰,10.3969/j.issn.0412-3662.2021.03.016,journal article,zh,CULT_MEDIA,T3
CITING-WORK-EC44FF4BE87B,产业结构变迁下传统村落文化空间生产演化研究——以陕西袁家村为例,陈长兴;廖嘉玮;王兰兰,2024,资源开发与市场,10.3969/j.issn.1005-8141.2024.06.016,journal article,zh,URBAN_PLAN_GEO,T2
CITING-WORK-1962459C1002,江南建筑符号在乡村文化空间的转译设计研究,张钰婧,2023,,,thesis,zh,ARCH_DES_HER,T3
CITING-WORK-2AF9878D31D3,少数民族地区乡村文化治理问题与对策研究--以广西三江侗族自治县L村为例,陈嘉玉,2023,,,thesis,zh,RURAL_AGRI,T3
CITING-WORK-BCFB562AC22A,W镇农村人居环境治理问题研究,张源康,2023,,,thesis,zh,RURAL_AGRI,T3
CITING-WORK-8D923416D682,新时代文明实践赋能文化治理的成效及改善策略研究--以Y县D乡为例,张双燕,2023,,,thesis,zh,CULT_MEDIA,T3
CITING-WORK-0BE348FF9D4E,荥阳市W镇新时代文明实践建设问题及对策研究,陈冰,2023,,,thesis,zh,INTERDISC_OTHER,T3
CITING-WORK-2C53C9A499C0,美丽乡村建设背景下山西省Z县人居环境治理研究,张潍,2023,,,thesis,zh,RURAL_AGRI,T3
CITING-WORK-9EC801B97AA8,乡村治理中地方立法的嵌入作用研究,张诗琪,2023,,,thesis,zh,RURAL_AGRI,T3
CITING-WORK-E1645E69C6F7,村庄规划编制中的乡村空间治理--以H区C村为例,孔咪雪,2022,,,thesis,zh,ARCH_DES_HER,T3
CITING-WORK-68F9D18E8AD7,邛崃市乡村生态振兴存在的问题及对策研究,周璐,2023,,,thesis,zh,RURAL_AGRI,T3
CITING-WORK-16F1D53F40BA,空间权力视域下边散型村庄有效治理的实现逻辑研究--以河南省Q村河道治淤为例,王凯,2023,,,thesis,zh,SOC_POLICY,T3
CITING-WORK-3987417FE985,文化治理视角下武术文化网络传播乱象防治研究,郑清文,2024,,,thesis,zh,CULT_MEDIA,T3
CITING-WORK-3450028C643A,嵌入式治理：南昌县融媒体中心文化治理的具体实践及其困境,赵文鑫,2024,,,thesis,zh,CULT_MEDIA,T3
CITING-WORK-8CFDBAF5F6BF,积极老龄化视域下康养小镇适宜性评价体系构建及应用研究--以江西省靖安县中源乡为例,马鑫玉,2024,,,thesis,zh,INTERDISC_OTHER,T3
CITING-WORK-2F24615EE9DC,短视频对乡村文化空间的塑造——基于短视频用户的质性研究,孙祺冉,2024,,,thesis,zh,RURAL_AGRI,T3
CITING-WORK-4C98B8D2139B,乡村文化空间的变迁与重构研究——以重庆市L村的保护实践为例,朱洋,2024,,,thesis,zh,RURAL_AGRI,T3
CITING-WORK-C661E38CE035,乡村美术馆中的情感体验设计研究——以刘坪田园美术馆为例,李子明,2024,,,thesis,zh,RURAL_AGRI,T3
CITING-WORK-430CFC72335C,乡村公共数字文化服务用户采纳行为研究,钱婧,2023,,,thesis,zh,RURAL_AGRI,T3
CITING-WORK-6A422A0A6ED9,安徽省乡村公共文化空间建设研究——基于宣城市L村的实践探索,季嘉伟,2024,,,thesis,zh,RURAL_AGRI,T3
CITING-WORK-960842A986D7,新乡贤参与乡村治理的政府激励机制研究———以江苏省赣榆区为例,刘哲,2024,,,thesis,zh,RURAL_AGRI,T3
CITING-WORK-0A5151CF9170,新媒介赋能乡村文化治理研究——以宁夏闽宁镇原隆村为例,张玥,2023,,,thesis,zh,RURAL_AGRI,T3
CITING-WORK-7853D5AB7109,文化基因视角下元阳垭口村公共空间更新设计研究,凡征,2025,,,thesis,zh,CULT_MEDIA,T3
CITING-WORK-A0BD284EA63E,D市J区乡村文化治理的问题及对策研究,王潇,2025,,,thesis,zh,RURAL_AGRI,T3
CITING-WORK-7C7A5E53B785,城镇化进程中镇郊农村“偷青”习俗研究--以L市M镇为例,杨晓蝶,2025,,,thesis,zh,RURAL_AGRI,T3
CITING-WORK-39F505292655,传统村落保护背景下株洲市炎陵县西草坪村张氏祠堂文化园设计,苏鹏宇,2025,,,thesis,zh,RURAL_AGRI,T3
CITING-WORK-59B60E9DA122,城市保障房社区文化治理机制研究--以南京市Y区D街道“理想教育小镇”实践为例,陈黄翘楚,2025,,,thesis,zh,EDUCATION,T3
CITING-WORK-85668C171647,制度逻辑理论视角下乡村文化治理的运行逻辑与优化路径--以太原市Z村为例,王鹏辉,2023,,,thesis,zh,RURAL_AGRI,T3
CITING-WORK-046B8ACF2BF0,空间再造与媒介呈现：艺术乡建的媒介实践研究,刘子钰,2023,,,thesis,zh,CULT_MEDIA,T3
CITING-WORK-C993BE2832A3,空间三元理论视域下莱芜战役纪念馆文化传播研究,韩凤艳,2023,,,thesis,zh,CULT_MEDIA,T3
CITING-WORK-3B44C5B55D30,黑龙江省数字农业农村发展水平评价及障碍因素分析,杨尚志,2024,,,thesis,zh,RURAL_AGRI,T3
CITING-WORK-558F44E0E684,新内生发展视角下乡村空间治理及动力机制研究--以盐城市建河村为例,胡正玉,2024,,,thesis,zh,RURAL_AGRI,T3
CITING-WORK-1C5C0268FB35,"梁启超""乡治""到""五治融合"":江门茶坑村文化治理的实践与反思",赵建华;梁译允;梁译文,2026,安徽农业科学,10.3969/j.issn.0517-6611.2026.02.044,journal article,zh,RURAL_AGRI,T2
CITING-WORK-59283C8F78E0,乡村治理共同体构建的困局与纾解之道,罗维梅;程银,2026,安徽农业科学,10.3969/j.issn.0517-6611.2026.07.045,journal article,zh,RURAL_AGRI,T2
CITING-WORK-F32A5757DAC3,乡村文化空间的现实困顿与发展进路,佚名,,,,thesis,zh,RURAL_AGRI,T3
CITING-WORK-03E5F9884356,新质生产力驱动乡村全面振兴:理论逻辑、关键问题与实践方向,赵健君;刘启明;任雅静,2024,重庆理工大学学报,10.3969/j.issn.1674-8425(s).2024.08.006,journal article,zh,RURAL_AGRI,T3
CITING-WORK-E132169F5E4A,城市老年人需求视角下河北省新型公共文化空间布局策略研究,景立燕;徐珊珊;崔伟,2025,城市开发,10.3969/j.issn.1002-3062.2025.21.048,journal article,zh,CULT_MEDIA,T3
CITING-WORK-BCAC8BBB648D,地方高职院校服务乡村空间营造的实践路径与实施对策研究,张莹莹,2024,大众文艺,10.20112/j.cnki.issn1007-5828.2024.10.049,journal article,zh,ARCH_DES_HER,T2
CITING-WORK-91D600994399,符号·话语·信息:乡村文化构筑精神空间的三个维度,罗兰,2025,贵州社会主义学院学报,10.3969/j.issn.1673-9310.2025.04.002,journal article,zh,CULT_MEDIA,T2
CITING-WORK-66B204675FC3,城市公共文化服务政府购买的空间转向研究,龚蛟腾;方美;洪芳林,2023,高校图书馆工作,10.3969/j.issn.1003-7845.2023.05.002,journal article,zh,INFO_TECH,T2
CITING-WORK-0DD5C878B008,民族地区乡村治理现代化的几个关键转向,卫松,2023,贵州民族大学学报（哲学社会科学版）,10.3969/j.issn.1003-6644.2023.06.005,journal article,zh,CULT_MEDIA,T2
CITING-WORK-79D009C24B75,乡村文化振兴的治理逻辑与发展路径,孟祥林,2025,华北电力大学学报（社会科学版）,10.14092/j.cnki.cn11-3956/c.2025.06.006,journal article,zh,RURAL_AGRI,T3
CITING-WORK-85F87BDD089E,文化治理视域下艺术乡建与乡村振兴的耦合效应,张贲,2025,湖北美术学院学报,10.3969/j.issn.1009-4016.2025.04.018,journal article,zh,RURAL_AGRI,T3
CITING-WORK-0B5B4EC540D9,"乡村文化治理共同体建设中""合作生产""的建构逻辑与实现路径——基于关中平原""横渠模式""的实证考察",胡卫卫;赵子强,2024,湖北民族大学学报（哲学社会科学版）,,journal article,zh,RURAL_AGRI,T2
CITING-WORK-26214E4D0513,乡村文化治理数智化转型:伦理冲突与纾解之道,佚名,,,,thesis,zh,RURAL_AGRI,T3
CITING-WORK-971B0DAD9028,传统村落文化空间再生产的实践逻辑与三维耦合——基于赣南L村的个案研究,刘姗;吴理财,2025,湖南农业大学学报（社会科学版）,10.13331/j.cnki.jhau(ss).2025.04.005,journal article,zh,RURAL_AGRI,T3
CITING-WORK-AF42A2E50227,乡村文化振兴中的乡村网红群体审视:在场的身体叙事与超真实表演,谈海亮;叶提芳,2023,华中农业大学学报（社会科学版）,10.13300/j.cnki.hnwkxb.2023.06.014,journal article,zh,RURAL_AGRI,T2
CITING-WORK-F49B3AC63FAF,基于场景思维的数字农家书屋平台发展新进路,郭慧;尹章池,2024,科技与出版,,journal article,zh,CULT_MEDIA,T2
CITING-WORK-18959C826CD3,感知、行为、表征三元逻辑:乡村振兴视域下传统村落文化空间的主客互动与再生产,张画画;周晶晶,2023,昆明理工大学学报（社会科学版）,10.16112/j.cnki.53-1160/c.2023.02.261,journal article,zh,SOC_POLICY,T2
CITING-WORK-002BC4B02060,文化建设如何促进乡村善治——基于天津市U村剧社实践的案例分析,程同顺;刘佳,2026,理论与改革,10.13553/j.cnki.llygg.2026.01.012,journal article,zh,SOC_POLICY,T2
CITING-WORK-3D51B305AE02,新时代文明实践中心参与乡村文化治理的机制与路径,傅慧平,2023,老区建设,10.3969/j.issn.1005-7544.2023.12.006,journal article,zh,ECON_BUS_CONS,T2
CITING-WORK-068041269D7A,促进老龄参与:沟通生态视域下的乡村公共空间设计策略——以杭州市青柯村为例,冯之煜;李龙飞,2024,南京艺术学院学报（美术与设计版）,10.3969/j.issn.1008-9675.2024.05.033,journal article,zh,CULT_MEDIA,T2
CITING-WORK-949526D78ED4,以文治村:文化治理视域下乡村文化振兴研究——以徽州地区的四个村落为例,李剑强,2023,内蒙古农业大学学报（社会科学版）,10.16853/j.issn.1009-4458.2023.03.002,journal article,zh,RURAL_AGRI,T3
CITING-WORK-FC3ADEF40159,多元联动与协同共建:民族地区产业兴旺的实践与启示——以青海省T乡光伏产业为个案视角,彭毛卓玛;郑磊,2023,青海社会科学,,journal article,zh,RURAL_AGRI,T2
CITING-WORK-0C0EE4988693,日常生活走向文化场景——以西江千户苗寨为例,郑美雁;杜梦倩;彭燕,2023,社会发展研究,,journal article,zh,SOC_POLICY,T2
CITING-WORK-2B17C13F4168,乡村文化振兴研究的热点、演进与趋势,张健;张慧敏,2024,社会科学动态,,journal article,zh,CULT_MEDIA,T2
CITING-WORK-0763F414C93B,"""制造景观""还是""创造生活"":一个乡村空间生产的案例分析",赵晓峰;符郁松,2024,陕西师范大学学报（哲学社会科学版）,10.15983/j.cnki.sxss.2024.0310,journal article,zh,ARCH_DES_HER,T3
CITING-WORK-51AA1302A904,中国文化产业研究2022年度学术报告,周建新;骆梦柯,2023,深圳大学学报（人文社会科学版）,10.3969/j.issn.1000-260x.2023.01.007,journal article,zh,CULT_MEDIA,T2
CITING-WORK-7F5C6D2E7CDA,民族地区乡村公共文化服务治理有效路径探索——以贵州滚龙文化为例,李少惠;何志强,2024,图书馆,10.3969/j.issn.1002-1558.2024.10.008,journal article,zh,INFO_TECH,T2
CITING-WORK-E3D807B79693,乡贤嵌入乡村新型公共阅读空间生产的样态与逻辑,文立杰;纪东东,2025,图书馆,10.3969/j.issn.1002-1558.2025.01.002,journal article,zh,INFO_TECH,T2
CITING-WORK-B751C4C8E40A,中国山区地带乡村生态文明建设的路径研究——以广东清远连山太保莲塘村为例,严星柔;詹小花;赖文君,2024,文化软实力研究,10.19468/j.cnki.2096-1987.2024.06.005,journal article,zh,CULT_MEDIA,T2
CITING-WORK-71482B9BF30C,艺术乡建:乡村治理的文化空间转向,姚望;吴开翔;张晔,2024,未来传播,,journal article,zh,CULT_MEDIA,T2
CITING-WORK-116A3E8E39A0,县域中职学校服务乡村文化振兴路径——以洛浦县中等职业技术学校为例,吉文丽;钱磊;李苗苗,2023,西部素质教育,10.16681/j.cnki.wcqe.202310048,journal article,zh,RURAL_AGRI,T3
CITING-WORK-DE23649F6E5E,国家叙事与地方表达——论武陵山区民族村寨建设中的文化主体性价值,乔杰;李晓峰;洪亮平,2024,新建筑,10.12069/j.na.20240221,journal article,zh,ARCH_DES_HER,T2
CITING-WORK-638061B3CC1C,统合式引导:乡村公共文化治理现代化的基层政府行为及其逻辑,何晓龙;张婷婷,2024,西南民族大学学报（人文社会科学版）,10.3969/j.issn.1004-3926.2024.12.021,journal article,zh,SOC_POLICY,T2
CITING-WORK-9A8085393B16,二十一世纪以来我国乡村移风易俗研究与展望,卫松;温丽娜,2023,西南学术,,journal article,zh,INTERDISC_OTHER,T2
CITING-WORK-F109649A381A,乡村文化建设对空间治理可持续的影响研究——基于湖南省首批特色文旅小镇的实证分析,宋一鸣;刘永红,2025,湘潭大学学报（哲学社会科学版）,10.3969/j.issn.1001-5981.2025.03.006,journal article,zh,TOUR_HOSP,T3
CITING-WORK-9701F59B8838,乡村振兴背景下民族村寨的文化记忆重构与文化基因治理,杨春;杨军,2025,原生态民族文化学刊,10.3969/j.issn.1674-621x.2025.01.009,journal article,zh,RURAL_AGRI,T2
CITING-WORK-A973D71B13C4,中国式现代化进程中职业教育助推乡村振兴的时代意涵、运作机理与文化作为,吴晓英,2024,职业教育,10.3969/j.issn.2095-4530.2024.18.005,journal article,zh,RURAL_AGRI,T3
CITING-WORK-14D3860184F9,媒介化视域下博物馆文化传播功能:理论意涵、关系重构与社会连接,赵澄澄,2023,中国博物馆,10.3969/j.issn.1002-9648.2023.03.006,journal article,zh,EDUCATION,T2
CITING-WORK-803B21048F66,公共性建构:乡村文化治理先行的实现逻辑,季乃礼;尹剑,2025,中国农村观察,,journal article,zh,RURAL_AGRI,T2
CITING-WORK-4761393DA1C6,乡村文化场景的时空演化机制研究:-基于Z村的考察,陈立豪;陈波,2023,中国软科学,10.3969/j.issn.1002-9753.2023.11.007,journal article,zh,INTERDISC_OTHER,T2
CITING-WORK-DA2AE961C90E,乡村旅游社区治理研究进展与展望,盛方清;王金伟;徐冬,2025,中国生态旅游,10.12342/zgstly.20240258,journal article,zh,TOUR_HOSP,T2
CITING-WORK-6A26687FD343,结构—情境—主体:转型社区治理共同体的叙事逻辑,宋辉;张梦康,2025,中国治理评论,,journal article,zh,URBAN_PLAN_GEO,T3
CITING-WORK-75414F71D774,乡村振兴战略下乡村公共文化服务体系建设困境与进路研究,李颜;丁晓彤;张津珠,2024,智慧农业导刊,10.20028/j.zhnydk.2024.02.045,journal article,zh,RURAL_AGRI,T2
CITING-WORK-EB59C990C540,邯郸农村地区室外公共空间适老性研究,宋晨旭,2020,,,thesis,zh,RURAL_AGRI,T3
CITING-WORK-57BC4D4271CC,地区性文化视野下乡村传统公共空间的更新设计研究,张虹逸,2020,,,thesis,zh,RURAL_AGRI,T3
CITING-WORK-AA0F53B7E341,乡村振兴战略下吉林省农村文化建设研究,阎楚,2020,,,thesis,zh,RURAL_AGRI,T3
CITING-WORK-C933BCCA032E,湖南地区新建祠堂传承和功能拓展研究,杨晓冰,2020,,,thesis,zh,INTERDISC_OTHER,T3
CITING-WORK-8FC31DF3AEFF,农村公共文化空间中青年“文化反哺”的行动逻辑研究——以甘肃L县各村镇为例,刘凌博,2021,,,thesis,zh,RURAL_AGRI,T3
CITING-WORK-FC5707A3A0D1,乡村振兴战略视域下传统村落文化发展研究——以赣州市Z村为例,严姗红,2021,,,thesis,zh,RURAL_AGRI,T3
CITING-WORK-47A46D80AC2E,杭州市双桥村闲置公共服务设施特征与再利用策略研究,陈利民,2021,,,thesis,zh,SOC_POLICY,T3
CITING-WORK-DDB47BF27746,基于场所依恋的珠三角乡村公共空间营建策略研究,毕慧缘,2021,,,thesis,zh,RURAL_AGRI,T3
CITING-WORK-99FEC093145C,乾陵村文化空间演变机制及规划应对,陈震,2021,,,thesis,zh,ARCH_DES_HER,T3
CITING-WORK-8C024B96C8EE,村民角色转型下乡村旅游地物质空间重构过程研究——以湖州长兴顾渚村为例,张晓瑶,2021,,,thesis,zh,TOUR_HOSP,T3
CITING-WORK-AF7D01F312F9,基于文化空间价值评估的近代城市公园更新改造设计研究——以青岛市贮水山公园为例,董雪莹,2021,,,thesis,zh,CULT_MEDIA,T3
CITING-WORK-AF8DFEF89AE8,乡村水域空间场所营造研究——以苏州为例,谢炎朋,2021,,,thesis,zh,RURAL_AGRI,T3
CITING-WORK-F789D54C62BB,石厢子堰塘村公共空间重构研究,黄月,2022,,,thesis,zh,URBAN_PLAN_GEO,T3
CITING-WORK-86F16AFCCA71,乡村宗祠文化治理现代化研究,张玮婧,2021,,,thesis,zh,RURAL_AGRI,T3
CITING-WORK-2E57C9E83D4B,邳州市乡村公共空间治理研究,张星,2021,,,thesis,zh,RURAL_AGRI,T3
CITING-WORK-6049E233A6E0,戛洒平寨社区的适老性公共文化空间改造设计研究,李小妮,2022,,,thesis,zh,CULT_MEDIA,T3
CITING-WORK-BA840E54FA95,桂林龙脊平安壮寨乡村民宿空间重构研究,胡宏猛,2022,,,thesis,zh,RURAL_AGRI,T3
CITING-WORK-0F6B42E1EAF4,乡村振兴背景下传统乡村三生空间优化策略研究——以江西永修县上贯垄村为例,林雅菁,2022,,,thesis,zh,RURAL_AGRI,T3
CITING-WORK-186030911A20,黄河流域河南段传统村落文化的传承与发展研究,王舰君,2023,,,thesis,zh,RURAL_AGRI,T3
CITING-WORK-51C6796D0FDC,中央苏区赣南祠堂文化空间的活化设计策略研究,王涛,2023,,,thesis,zh,CULT_MEDIA,T3
CITING-WORK-9BE5F89880CC,文化融合视角下黄洞村客侨聚落空间形态与保护活化策略研究,韩茜,2023,,,thesis,zh,CULT_MEDIA,T3
CITING-WORK-8F09BD7FC7A8,乡村老年文化活动中心设计研究--以宁远县下灌村诚公祠更新改造为例,宁心怡,2023,,,thesis,zh,RURAL_AGRI,T3
CITING-WORK-10799C0F9D67,乡村精英参与乡村产业发展困境与对策研究--以开封市X乡为例,徐素珍,2023,,,thesis,zh,RURAL_AGRI,T3
CITING-WORK-D7150D413A2C,旅游场域下郭亮村传统文化记忆空间重构研究,马倩倩,2023,,,thesis,zh,TOUR_HOSP,T3
CITING-WORK-E5F514B90599,江苏省乡村重构格局特征与驱动因素研究,李叶洋,2024,,,thesis,zh,RURAL_AGRI,T3
CITING-WORK-10B6AF918011,广西程阳八寨传统公共文化空间旅游开发效应评价,李沿沿,2024,,,thesis,zh,TOUR_HOSP,T3
CITING-WORK-1EB2AD858260,乡村居民对祠堂活化的认同研究—以广州市黄埔古村为例,黄纪丹,2024,,,thesis,zh,RURAL_AGRI,T3
CITING-WORK-BB6F28155782,广州赤山东村文化空间叙事性设计研究,张俊文,2024,,,thesis,zh,CULT_MEDIA,T3
CITING-WORK-384FC6957A80,四川省农村公共文化服务供给优化研究,寇冬菊,2024,,,thesis,zh,RURAL_AGRI,T3
CITING-WORK-1AC05AAD49B0,基于乡村振兴的传统村落文化利用研究——以铜仁市楼上村为例,陈琳,2024,,,thesis,zh,RURAL_AGRI,T3
CITING-WORK-C0BB7CF48F40,蔚县传统村落门户空间的传承与重构研究,王方,2021,,,thesis,zh,RURAL_AGRI,T3
CITING-WORK-D16BEDFDCF99,北方寒地康养小镇景观设计适老性研究——以长春市莲花山康养小镇设计为例,王敏新,2024,,,thesis,zh,ARCH_DES_HER,T3
CITING-WORK-4CDF70557D2B,田园综合体模式下乡村公共空间重构策略研究--以河北省青龙县石城子村为例,吴辰懿,2024,,,thesis,zh,RURAL_AGRI,T3
CITING-WORK-1BBCE587AE59,宗祠文化对村民参与乡风文明建设的影响研究--以梅州市侨乡村为例,王一帆,2025,,,thesis,zh,RURAL_AGRI,T3
CITING-WORK-4FD064A47640,基于SD法与空间句法下的广府村落街道空间游客满意度与行为关联研究--以沙湾古镇为例,马泽锋,2024,,,thesis,zh,TOUR_HOSP,T3
CITING-WORK-179BF5DBAC37,乡村振兴视角下祠堂公共空间的更新策略研究--以江西万载田下古镇为例,王梓怡,2025,,,thesis,zh,RURAL_AGRI,T3
CITING-WORK-44F5BA224FE0,乡村振兴背景下吉林省乡村重构格局特征及优化策略研究,石一然,2025,,,thesis,zh,RURAL_AGRI,T3
CITING-WORK-DEDBFA2C452E,行为模式引导的乡村社区公共空间优化研究--以里下河地区水金村为例,葛睿,2020,,,thesis,zh,RURAL_AGRI,T3
CITING-WORK-91B33579E320,主客感知视角下理县木卡羌寨公共空间优化设计研究,张宁,2023,,,thesis,zh,URBAN_PLAN_GEO,T3
CITING-WORK-A5C34253EDFF,空间媒介视野下祠堂空间功能转变研究--以金寨县汤家汇镇祠堂为例,蒋锐,2023,,,thesis,zh,CULT_MEDIA,T3
CITING-WORK-615555C88152,乡村振兴背景下江山市农村文化礼堂的空间媒介化研究,柴刘斌,2023,,,thesis,zh,RURAL_AGRI,T3
CITING-WORK-9E26F6E0E8EE,乡村振兴背景下徽州传统村落保护与发展路径研究--以黄山市文堂村为例,蔡翔羽,2024,,,thesis,zh,RURAL_AGRI,T3
CITING-WORK-AC98F4AA1915,安徽省宿松县许岭镇乡村公共文化建设的对策研究,张海清,2022,,,thesis,zh,RURAL_AGRI,T3
CITING-WORK-6E810D523041,乡村振兴战略下农村传统文化对村民思想影响机理研究,田立法;巫玉琴;胡静冰,2022,北京农业职业学院学报,10.3969/j.issn.1671-7252.2022.04.008,journal article,zh,RURAL_AGRI,T2
CITING-WORK-A3ABF13281F6,主体凝合:行动者网络理论视角下乡村文化振兴的实现机制研究——基于S省J村的田野考察,贺芒;李灿,2023,东北农业大学学报（社会科学版）,10.3969/j.issn.1672-3805.2023.05.007,journal article,zh,RURAL_AGRI,T2
CITING-WORK-55F5A08B2873,从祠堂到文史馆:皖西东山文史苑设计中的乡村社会价值重构,陈铮衍;林逸珊;谢佳晖,2023,佛山陶瓷,10.3969/j.issn.1006-8236.2023.05.048,journal article,zh,INTERDISC_OTHER,T2
CITING-WORK-ABB0E2C8B8B3,祠堂研究中的内群体假设及其超越,张龙,2023,广东社会科学,10.3969/j.issn.1000-114x.2023.03.020,journal article,zh,ECON_BUS_CONS,T2
CITING-WORK-29A919CF0558,武陵山区传统村落建筑空间的功能类型与文化特征——基于来凤县河东村兴安片区的田野调查,全翔;龚志祥,2025,百色学院学报,10.3969/j.issn.1673-8233.2025.03.003,journal article,zh,ARCH_DES_HER,T3
CITING-WORK-7DE577479C7A,传统手工艺工作坊空间的适老化设计研究――以嘎洒作坊为例,宋宜岭;郭宇静;陈新,2023,工业设计,10.3969/j.issn.1672-7053.2023.03.061,journal article,zh,ARCH_DES_HER,T2
CITING-WORK-8F27D4205BAC,新时期乡村公共空间的生产与重构——以皖南X村祠堂为例,洪舒华,2022,中北大学学报（社会科学版）,10.3969/j.issn.1673-1646.2022.05.020,journal article,zh,ARCH_DES_HER,T2
CITING-WORK-13C33D04BBB0,乡村文化振兴中新时代文明实践站作用探析——以新疆吐鲁番市为例,于净;孔维凤;杨志彬,2024,领导科学论坛,10.19299/j.cnki.42-1837/c.2024.02.027,journal article,zh,SOC_POLICY,T2
CITING-WORK-1BA646C2BA37,文旅融合背景下传统村落公共空间更新策略研究——以婺源县思溪延村公共空间为例,朱文泺,2023,湖南包装,10.19686/j.cnki.issn1671-4997.2023.05.026,journal article,zh,ARCH_DES_HER,T2
CITING-WORK-C1D0F87C74EB,"从""三重异化""到""三维均衡"":项目制如何有效塑造农村公共文化服务?",董毅;曹海林,2026,农林经济管理学报,10.16195/j.cnki.cn36-1328/f.2026.02.20,journal article,zh,RURAL_AGRI,T2
CITING-WORK-C3FCD10875B4,文化融合视域下村落公共空间的微活化有机更新 ——以大同市东沙窝村为例,曹其然;张险峰;刘俞彤,2021,建筑与文化,10.19875/j.cnki.jzywh.2021.09.063,journal article,zh,ARCH_DES_HER,T2
CITING-WORK-CBB29C9A8D87,乡村振兴视域下的乡村公共文化空间设计研究——以山东省莒县墩头村为例,蒋传磊,2023,美与时代,,journal article,zh,ARCH_DES_HER,T2
CITING-WORK-451ABD06B69D,具身认知视角下的村落公共空间重构与体验研究,徐菲悦;徐健,2024,美与时代,,journal article,zh,ARCH_DES_HER,T2
CITING-WORK-CF8BE0DA9AA6,村落民族传统体育文化传播的价值与发展取向研究 ——宁夏三村的田野调查,虎晓东;咸云龙;王彩平,2022,绵阳师范学院学报,10.16276/j.cnki.cn51-1670/g.2022.05.019,journal article,zh,CULT_MEDIA,T2
CITING-WORK-CE1BC9614A39,乡村振兴背景下的农村公共文化空间研究,陈扬;陈振宇;杨媛媛,2021,农村经济与科技,10.3969/j.issn.1007-7103.2021.08.094,journal article,zh,RURAL_AGRI,T2
CITING-WORK-67BBE80FF270,人口转移对乡村文化振兴的影响研究——基于贵州省441份村庄样本的分析,韦琪,2023,农村经济与科技,10.3969/j.issn.1007-7103.2023.18.034,journal article,zh,RURAL_AGRI,T2
CITING-WORK-A9E440C7F4AB,乡村治理在乡村振兴视域下的新突破,李小伟,2021,南方论刊,10.3969/j.issn.1004-1133.2021.07.022,journal article,zh,RURAL_AGRI,T3
CITING-WORK-1A7788AA6320,新时代背景下乡村振兴与农村公共文化发展探索,陈金镟;张军,2021,南方农业,10.19415/j.cnki.1673-890x.2021.18.075,journal article,zh,RURAL_AGRI,T2
CITING-WORK-8B48900E3293,文化民生视域下乡村优秀传统文化传承与发展研究,张祝平,2022,农业经济,10.3969/j.issn.1001-6139.2022.02.026,journal article,zh,RURAL_AGRI,T2
CITING-WORK-5399996A983A,公共文化服务研究热点与前沿的知识图谱分析——基于 CSSCI(2002-2021)数据,王秀伟,2022,山东社会科学,,journal article,zh,TOUR_HOSP,T2
CITING-WORK-33814AEA21C8,乡村振兴背景下祠堂文化的重构——以歙县郑氏宗祠为例,黄冠君,2023,宿州学院学报,10.3969/j.issn.1673-2006.2023.08.005,journal article,zh,INTERDISC_OTHER,T2
CITING-WORK-28F9D18CB2DB,新民风引领乡村公共文化治理能力现代化制度设计,冯永财;彭逊;郭利伟,2020,图书馆,,journal article,zh,INFO_TECH,T2
CITING-WORK-4E1527AC6E91,乡村振兴战略下乡村文化振兴的多维检视:价值、困境与路径,段雨,2024,图书馆,10.3969/j.issn.1002-1558.2024.03.008,journal article,zh,INFO_TECH,T2
CITING-WORK-A49F23340939,"文化自信视域下传统文化旅游开发路径研究 ——以桂林""东漓古村""为例",周密;吴忠军,2020,武汉商学院学报,,journal article,zh,TOUR_HOSP,T2
CITING-WORK-53D161535E69,乡村振兴背景下重建乡村文化共同体的价值、困境与路径,权丽华;刘宇琪,2024,渭南师范学院学报,10.3969/j.issn.1009-5128.2024.11.008,journal article,zh,RURAL_AGRI,T3
CITING-WORK-845428CD8B6F,行为需求视角下徽州传统村落公共空间优化研究,方群莉;朱远,2021,预测,10.11847/fj.40.6.90,journal article,zh,RURAL_AGRI,T3
CITING-WORK-6D6FF0815648,国家文化安全嵌入乡村公共文化空间建设:协同逻辑与路径导向,张锦龙,2024,汉江师范学院学报,10.19575/j.cnki.cn42-1892/g4.2024.02.015,journal article,zh,CULT_MEDIA,T2
CITING-WORK-708AC21470F7,"文化浸润基层,治理始于微末:顺德祠堂在基层微治理中的价值转型",沙思廷;林顺浩,2024,中国非营利评论,,journal article,zh,CULT_MEDIA,T3
CITING-WORK-A70AFF431224,历史文化名城公共文化空间文化基因解析与传承研究——以云南建水为例,车震宇;游智明;李腾冲,2024,中国名城,10.19924/j.cnki.1674-4144.2024.007.013,journal article,zh,URBAN_PLAN_GEO,T2
CITING-WORK-AE2D628381E8,乡村传统型公共文化空间的良性再生产——以湖北恩施州咸丰县严家祠堂为例,方菲;李旺,2023,中南民族大学学报（人文社会科学版）,10.19898/j.cnki.42-1704/c.20220426.01,journal article,zh,TOUR_HOSP,T2
CITING-WORK-D22CB0D9AA7D,自觉到自信——乡村振兴语境下《耕织图》的文化叙事与价值传承,李洋;王迪;张潇,2024,中外建筑,10.19940/j.cnki.1008-0422.2024.12.004,journal article,zh,ARCH_DES_HER,T2
CITING-WORK-857FE91E40D9,XY控股集团有限责任公司发展战略研究,宁力维,2021,,,thesis,zh,INTERDISC_OTHER,T3
CITING-WORK-87A1CBFBC2D8,X县文化旅游产业战略发展研究,郑月茹,2021,,,thesis,zh,TOUR_HOSP,T3
CITING-WORK-5D2E79ED8727,旅游景区全渠道解说服务质量对游客满意度影响研究,何静,2022,,,thesis,zh,TOUR_HOSP,T3
CITING-WORK-1BCDBD1D3C24,蕉岭县乡村旅游游客满意度影响因素实证分析,梁启烜,2022,,,thesis,zh,TOUR_HOSP,T3
CITING-WORK-BC719CBE9B8C,芜湖市营商环境满意度及其影响因素研究,张莉,2022,,,thesis,zh,INTERDISC_OTHER,T3
CITING-WORK-9C302B2B9664,基于IPA分析的瑶里古镇游客满意度调查研究,李婷,2023,,,thesis,zh,TOUR_HOSP,T3
CITING-WORK-CCB25A78D3D8,T古镇旅游服务质量评价研究,顾裕玲,2022,,,thesis,zh,TOUR_HOSP,T3
CITING-WORK-02ED03C0E691,Q休闲服务公司文化沙龙产品客户满意度研究,张逸云,2023,,,thesis,zh,CULT_MEDIA,T3
CITING-WORK-694E1FAC6D6A,河源民宿旅游游客满意度研究,陈英花,2022,,,thesis,zh,TOUR_HOSP,T3
CITING-WORK-F00E9250A3E0,游客满意度视域下湘西州矮寨镇乡村旅游服务质量评价与提升策略研究,郑芳,2023,,,thesis,zh,TOUR_HOSP,T3
CITING-WORK-7A838CB4EFAC,东营市垦利区黄河口滨海旅游小镇服务质量提升对策研究,崔颖,2023,,,thesis,zh,TOUR_HOSP,T3
CITING-WORK-472E60AE0EA1,基于游客感知的歙县传统村落空间基因保护研究,肖然,2023,,,thesis,zh,TOUR_HOSP,T3
CITING-WORK-25235B515443,鸡西市乡村休闲旅游意愿影响因素研究,李佳宇,2024,,,thesis,zh,TOUR_HOSP,T3
CITING-WORK-3026A2569318,基于IPA分析的邯郸市粮画小镇游客满意度研究,冀旭梦,2023,,,thesis,zh,TOUR_HOSP,T3
CITING-WORK-7586801D0AEC,感知价值、满意度、新奇寻求和重游意愿的结构关系研究--以开封市为例,闻静,2023,,,thesis,zh,INTERDISC_OTHER,T3
CITING-WORK-B35B5E8D982D,万州区乡村旅游游客满意度影响因素及提升对策研究,李亚林,2024,,,thesis,zh,TOUR_HOSP,T3
CITING-WORK-B737C14DC3B8,数字化转型视域下河南博物院游客满意度提升策略研究,黄晓月,2024,,,thesis,zh,TOUR_HOSP,T3
CITING-WORK-557CBF30500F,基于游客满意度的神农架景区民宿发展策略研究,方瀚文,2024,,,thesis,zh,TOUR_HOSP,T3
CITING-WORK-7E90596E53A9,文旅融合型乡村的空间再生产--以星火村为例,肖紫琼,2024,,,thesis,zh,TOUR_HOSP,T3
CITING-WORK-F9167451C988,基于IPA分析法的三亚后海村旅游服务满意度提升研究,郑佳琦,2024,,,thesis,zh,TOUR_HOSP,T3
CITING-WORK-534079EE7733,增城区莲塘村休闲农业游客满意度影响因素研究,姚柏洲,2024,,,thesis,zh,TOUR_HOSP,T3
CITING-WORK-7FAE948D1E0F,夏津县乡村旅游游客满意度提升对策研究,付荫硕,2024,,,thesis,zh,TOUR_HOSP,T3
CITING-WORK-840C2F48FD28,基于修正IPA分析法的乡村旅游游客满意度研究——以嘉兴市梅花洲景区为例,徐越涛,2024,,,thesis,zh,TOUR_HOSP,T3
CITING-WORK-B54678833EFA,民族优秀传统文化与乡村旅游深度融合发展研究——以贵定县音寨村为例,杨沅蓉,2024,,,thesis,zh,TOUR_HOSP,T3
CITING-WORK-FD77975BE66E,文旅融合视角下Y县乡村旅游发展研究,崔媛,2024,,,thesis,zh,TOUR_HOSP,T3
CITING-WORK-1FA305004E07,五峰山街道乡村旅游发展问题及对策研究,邢禹诺,2024,,,thesis,zh,TOUR_HOSP,T3
CITING-WORK-6ABACC31BAB3,乡村振兴战略下潍坊市乡村旅游发展研究,王莹,2023,,,thesis,zh,TOUR_HOSP,T3
CITING-WORK-6F08F13D5DDF,东部华侨城旅游度假区游客满意度评价及提升策略,房杰,2024,,,thesis,zh,TOUR_HOSP,T3
CITING-WORK-23E7C81C8DA0,广州南沙湿地公园服务质量评价与提升研究,刘小燕,2024,,,thesis,zh,INTERDISC_OTHER,T3
CITING-WORK-61397B4B163A,基于IPA分析的云台山智慧景区游客满意度研究,顾东梅,2024,,,thesis,zh,TOUR_HOSP,T3
CITING-WORK-EBB400EDB970,陵川县乡村康养旅游泼展研究,樊译文,2024,,,thesis,zh,TOUR_HOSP,T3
CITING-WORK-C438E4EB85B0,乌鲁木齐市营商环境满意度及影响因素研究,何佩恩,2024,,,thesis,zh,INTERDISC_OTHER,T3
CITING-WORK-85C3BA8BB50A,基于游客满意度的A景区数字化运营管理研究,刘青青,2024,,,thesis,zh,TOUR_HOSP,T3
CITING-WORK-61C6986EDA36,基于游客感知的梧州市六堡镇旅游满意度测评与优化策略,黄宁宁,2024,,,thesis,zh,TOUR_HOSP,T3
CITING-WORK-F1E51D099D37,乡村振兴背景下山西省阳泉市桃林沟村乡村旅游发展策略研究,潘晴晴,2025,,,thesis,zh,TOUR_HOSP,T3
CITING-WORK-BAF8446255BF,烟台市竹梦村休闲旅游游客满意度研究,吕虹男,2025,,,thesis,zh,TOUR_HOSP,T3
CITING-WORK-953699A20762,科普旅游目的地形象对游客行为意向的影响研究--以中国科学院京区科研院所为例,卢静,2025,,,thesis,zh,TOUR_HOSP,T3
CITING-WORK-31E6C8544F8A,大兴安岭地区自驾游客满意度评价及提升策略研究,敖丹,2025,,,thesis,zh,TOUR_HOSP,T3
CITING-WORK-1247A2E6E64E,基于IPA分析的主题公园旅游智慧服务评价及优化路径研究--以北京环球影城为例,李品,2025,,,thesis,zh,TOUR_HOSP,T3
CITING-WORK-AE5DE61D389C,基于修正IPA分析的常熟虞山文化旅游度假区游客满意度提升策略研究,沈东,2025,,,thesis,zh,TOUR_HOSP,T3
CITING-WORK-2F76C2FC5C6F,基于游客满意度的张家口市体育旅游发展策略研究,张兆然,2025,,,thesis,zh,TOUR_HOSP,T3
CITING-WORK-E7E441005645,特色小镇游客满意度提升策略研究--以X小镇为例,杨静云,2025,,,thesis,zh,TOUR_HOSP,T3
CITING-WORK-518653F81398,基于游客满意度的乡村旅游发展研究--以J县为例,胡思婷,2025,,,thesis,zh,TOUR_HOSP,T3
CITING-WORK-3A834049341E,恭城县红岩村游客感知价值对满意度与行为意向的影响研究,卿溪荃,2025,,,thesis,zh,TOUR_HOSP,T3
CITING-WORK-18897C743C19,基于IPA的十堰市黄花沟村乡村旅游的游客满意度研究,张心怡,2025,,,thesis,zh,TOUR_HOSP,T3
CITING-WORK-3807CBDA1C70,成都市郫都区乡村民宿游客感知价值对满意度的影响研究,魏萱,2025,,,thesis,zh,TOUR_HOSP,T3
CITING-WORK-14519E21034D,基于游客满意度的武汉市黄陂区张家榨村乡村旅游发展策略研究,杨婉晴,2025,,,thesis,zh,TOUR_HOSP,T3
CITING-WORK-FBF34F1EE5B6,宣恩县伍家台村茶文化旅游赋能乡村振兴发展研究,周斌,2025,,,thesis,zh,TOUR_HOSP,T3
CITING-WORK-2D7D81812377,黄河流域文旅融合政策文本量化评价与优化研究,常笑,2024,,,thesis,zh,TOUR_HOSP,T3
CITING-WORK-731D913B35FA,节庆活动契机下非物质文化遗产与乡村旅游融合路径研究,兰兆青;李茜,2022,安徽农业科学,10.3969/j.issn.0517-6611.2022.05.029,journal article,zh,RURAL_AGRI,T2
CITING-WORK-3B223C3D12B3,哈大区域农文旅融合模式选择机理研究,冷志杰;王鹏达,2022,安徽农业科学,10.3969/j.issn.0517-6611.2022.14.030,journal article,zh,RURAL_AGRI,T2
CITING-WORK-E6BA93ED03E8,民宿服务质量对旅游行为意向影响研究——以景德镇民宿为例,彭润华;陶峻;苌静,2024,北方经贸,,journal article,zh,ECON_BUS_CONS,T2
CITING-WORK-6387D95A3E0E,乡村振兴视域下乡村文旅融合发展路径研究,曾娇环,2021,才智,,journal article,zh,TOUR_HOSP,T3
CITING-WORK-5462D3EC9EF3,文旅融合背景下乡村公共空间设计策略研究 ——以湘乡市山枣村为例,温宇灿;刘坚,2023,城市建筑,10.19892/j.cnki.csjz.2023.07.13,journal article,zh,ARCH_DES_HER,T2
CITING-WORK-035A18B17A77,基于AHP-模糊综合评价法的民宿游客满意度评价——以丘北县乡村民宿为例,殷小成;赖庆奎,2022,广西农学报,10.3969/j.issn.1003-4374.2022.03.012,journal article,zh,TOUR_HOSP,T3
CITING-WORK-462A7163E890,糖文化在乡村旅游景观规划中的应用路径,黄艳华;李燕,2025,广西糖业,10.3969/j.issn.2095-820x.2025.01.015,journal article,zh,RURAL_AGRI,T2
CITING-WORK-FF61394CBC5A,桂林文旅融合发展质量感知影响因素分析,王佳佳;陈丽;洪文玲,2024,合作经济与科技,10.3969/j.issn.1672-190x.2024.20.006,journal article,zh,ECON_BUS_CONS,T2
CITING-WORK-1D89E82C51F4,我国文旅融合研究进展与启示——基于CiteSpace的分析,刘俊言;李强;刘函薇,2024,经济研究导刊,10.3969/j.issn.1673-291x.2024.08.017,journal article,zh,ECON_BUS_CONS,T2
CITING-WORK-6A2F7407D1B1,乡村振兴战略视角下乡村旅游的发展,胡丽平;胡小康;熊炀,2021,科技导报,,journal article,zh,TOUR_HOSP,T3
CITING-WORK-2FD2BA56AF32,乡村文化与旅游产业融合:研究回顾与展望,瞿华;罗静,2022,旅游导刊,10.12054/lydk.bisu.191,journal article,zh,TOUR_HOSP,T2
CITING-WORK-718C46DF9526,历史文化街区文旅融合的内涵结构与实证测度——以晋江五店市为例,章坤;谢朝武;张江驰,2023,旅游论坛,10.15962/j.cnki.tourismforum.202305059,journal article,zh,TOUR_HOSP,T2
CITING-WORK-2B5BE4D42AC6,南京市文旅融合重点场景问题初探,吴婷;赵云开,2021,旅游纵览,10.3969/j.issn.1004-3292.2021.17.028,journal article,zh,TOUR_HOSP,T2
CITING-WORK-7D9FED52EE44,文旅融合背景下乡村旅游创新策略研究,李艳,2022,旅游纵览,10.3969/j.issn.1004-3292.2022.08.031,journal article,zh,TOUR_HOSP,T2
CITING-WORK-CBAC18561F42,乡村旅游游客重游意愿调查研究——以安徽禾泉小镇为例,王小东;蒋德勤,2023,旅游纵览,10.3969/j.issn.1004-3292.2023.07.028,journal article,zh,TOUR_HOSP,T2
CITING-WORK-EC18F97B8D2F,"乡村振兴背景下宁波""生态+文化+旅游""深化融合路径研究",王瑶瑶;李海艳,2021,宁波经济（三江论坛）,,journal article,zh,TOUR_HOSP,T3
CITING-WORK-432F0B3BAEB2,动机、成本、风险:家长视角下研学旅游产品价值感知研究,文彤;李思敏;苏海洋,2022,热带地理,10.13284/j.cnki.rddl.003562,journal article,zh,URBAN_PLAN_GEO,T2
CITING-WORK-D543B87DB240,基于SEM和IPA模型的旅游公共服务质量对游客意愿的影响研究,傅达;韦欢文,2026,上海质量,10.3969/j.issn.1004-7816.2026.02.011,journal article,zh,TOUR_HOSP,T3
CITING-WORK-B6E4300336A2,基于游客满意度的山东乡村旅游服务质量提升途径探讨,高涛;于雅楠,2021,西部旅游,,journal article,zh,TOUR_HOSP,T2
CITING-WORK-851DA10C4270,基于老年人视角的南昌市城市公园休闲满意度评价研究,张绿水;喻雪晴;游礼枭,2022,西北师范大学学报（自然科学版）,10.16783/j.cnki.nwnuz.2022.02.018,journal article,zh,SPORT_LEISURE,T3
CITING-WORK-5D6ABC985169,基于扎根理论与文本分析的黔东南州游客满意度感知评价研究,钟皓凡;杨明,2023,湖北文理学院学报,10.3969/j.issn.1009-2854.2023.11.011,journal article,zh,TOUR_HOSP,T2
CITING-WORK-A6BC0761F2C3,基于游客感知的休闲农业竞争力培育与提升——以田园青秀为例,莫利民;罗云利;Goh Yen Nee,2023,中国市场,10.13939/j.cnki.zgsc.2023.22.019,journal article,zh,TOUR_HOSP,T2
CITING-WORK-B0B3F6ACA062,数字时代河南乡村文旅品牌形象设计与推广,崔胜男,2023,鞋类工艺与设计,10.3969/j.issn.2096-3793.2023-05-010,journal article,zh,TOUR_HOSP,T2
CITING-WORK-14CBCD168B04,微信朋友圈中家庭代际互动研究,薛翔,2018,,,thesis,zh,INTERDISC_OTHER,T3
CITING-WORK-07AF1C71AB29,新媒体环境下的文化反哺现象研究--基于对7户大学生家庭的调查,赵玉倩,2018,,,thesis,zh,CULT_MEDIA,T3
CITING-WORK-A60AD1F93BF0,社交媒体对家庭代际关系的影响研究--以微信为例,毛世姣,2020,,,thesis,zh,CULT_MEDIA,T3
CITING-WORK-B6ECE24E4CE8,时空的重塑：微信使用对成人初显期人群代际交流的影响,付婉露,2020,,,thesis,zh,INTERDISC_OTHER,T3
CITING-WORK-2A0CEB9069F5,少数民族家庭传播与民族文化传递--基于少数民族家庭微信群的研究,孙丽群,2020,,,thesis,zh,CULT_MEDIA,T3
CITING-WORK-ACD8919725B5,微信里的中年“新”故事：都市中年群体的微信使用与社会互动,钱璐,2020,,,thesis,zh,SOC_POLICY,T3
CITING-WORK-492F231904E0,微信老年用户自我表露行为及动机研究,王心妍,2020,,,thesis,zh,INTERDISC_OTHER,T3
CITING-WORK-461527814B6E,亲属群：传播中的偏好、礼仪与禁忌,李慧,2020,,,thesis,zh,CULT_MEDIA,T3
CITING-WORK-7CB1B5BAD03E,微信群与中国“家庭”重构——基于5个案例的实证研究,黄颖,2020,,,thesis,zh,INTERDISC_OTHER,T3
CITING-WORK-41520BD56376,新冠肺炎疫情期间的家庭健康信息代际沟通研究,李雅婷,2021,,,thesis,zh,INFO_TECH,T3
CITING-WORK-F652A83AFA41,西安市学龄期儿童网络媒介使用对家庭代际传播的影响,李雨彤,2021,,,thesis,zh,CULT_MEDIA,T3
CITING-WORK-A4F0ABEB7A8B,生活类综艺节目中的明星“中区展演”及其情感童话研究,宋玉生,2021,,,thesis,zh,INTERDISC_OTHER,T3
CITING-WORK-B15E5DB2E21B,老年群体微信使用的情感满足分析,史倩云,2021,,,thesis,zh,INTERDISC_OTHER,T3
CITING-WORK-F1F3576680DF,大学生与父母亲子关系探究——基于微信传播的考察,李芮,2021,,,thesis,zh,CULT_MEDIA,T3
CITING-WORK-8F19E004233B,媒体奇观视域下的抖音萌娃短视频研究,彭思棋,2021,,,thesis,zh,CULT_MEDIA,T3
CITING-WORK-8197918471E7,数字按摩：老漂族短视频app媒介使用及情感实践——以河北房村为例,董雅婷,2022,,,thesis,zh,CULT_MEDIA,T3
CITING-WORK-43D2FCCC0E4E,皖南乡村老年群体的媒介使用研究--以安徽D村为例,吴霞明,2021,,,thesis,zh,RURAL_AGRI,T3
CITING-WORK-9B14968695CA,家庭代际互动中数字反哺现象研究,徐强,2023,,,thesis,zh,INFO_TECH,T3
CITING-WORK-C56FC7CF0BD8,微信平台的家庭代际传播研究--以Z世代大学生家庭为例,胡师瑾,2023,,,thesis,zh,CULT_MEDIA,T3
CITING-WORK-72EB2888D6E9,基于抖音平台的大学生家庭代际行为研究,周均益,2023,,,thesis,zh,INFO_TECH,T3
CITING-WORK-E311DE438682,媒介驯化视域下宁洱县微信家庭群观察研究,许睿竹,2023,,,thesis,zh,CULT_MEDIA,T3
CITING-WORK-D2704376DA7E,城中村老年人的媒介接触与数字反哺研究--基于刘家滩的田野调查,王光瑞,2022,,,thesis,zh,CULT_MEDIA,T3
CITING-WORK-76AF58759E87,成人初显期家庭的手机互动及代际关系研究,史靖钰,2023,,,thesis,zh,INTERDISC_OTHER,T3
CITING-WORK-67DE9874E3D7,农村中年群体短视频APP的使用行为调查研究——基于C村的田野调查,曹心怡,2024,,,thesis,zh,RURAL_AGRI,T3
CITING-WORK-16270A8A575B,从“技治”走向“善治”：乡村治理中的村务微信群研究——以晋南G村为例,宁浩宇,2022,,,thesis,zh,RURAL_AGRI,T3
CITING-WORK-74F7476F2AFA,媒介驯化理论视域下智能穿戴设备对家庭代际关系的影响研究,张一雄,2024,,,thesis,zh,CULT_MEDIA,T3
CITING-WORK-CED5C1ACB4E2,阻抗与弥合：城市家庭内基于微信使用的数字反哺研究,范文锦,2024,,,thesis,zh,INFO_TECH,T3
CITING-WORK-03E9A7E236C8,智能监控里的守望：家庭传播视角下农村数字养老新图景与家庭权力重构,刘芹妍,2024,,,thesis,zh,RURAL_AGRI,T3
CITING-WORK-49260FE735C4,电视作为家庭媒介的媒介考古学研究,崔雅丽,2024,,,thesis,zh,CULT_MEDIA,T3
CITING-WORK-A502372C708F,成都大学生微信家庭群新冠健康信息分享行为的影响因素研究,赵芹,2023,,,thesis,zh,INFO_TECH,T3
CITING-WORK-A5338A8B342D,基于三重勾连理论的影碟机与日常生活互动研究,伦雪晴,2024,,,thesis,zh,INTERDISC_OTHER,T3
CITING-WORK-E03F91E480CA,短视频与流动儿童：叙事传输视角下的故事互动研究,卢玉倩,2024,,,thesis,zh,CULT_MEDIA,T3
CITING-WORK-7177A46E4D84,媒介化亲情：留守家庭的智能监控使用与代际关系研究,应锐雪,2024,,,thesis,zh,CULT_MEDIA,T3
CITING-WORK-3940AB789674,农村留守儿童手机使用的三代协同媒介干预研究,杨韵璇,2024,,,thesis,zh,RURAL_AGRI,T3
CITING-WORK-EB884A4E707D,农村留守家庭监控系统的媒介化使用研究,洪换换,2024,,,thesis,zh,RURAL_AGRI,T3
CITING-WORK-5F2E48157064,亲密与疏离：智能监控的媒介使用对家庭关系的影响研究,黄育铭,2025,,,thesis,zh,CULT_MEDIA,T3
CITING-WORK-E866B1C8586E,传播适应理论驱动“老漂族”家庭合作育儿的媒介化调适研究--以重庆市为例,付成,2025,,,thesis,zh,CULT_MEDIA,T3
CITING-WORK-AEB2D86745A5,弥合与补偿：在线健康信息替代搜寻对农村老年人健康行为的影响研究,胡燕,2025,,,thesis,zh,RURAL_AGRI,T3
CITING-WORK-77B2898F6E23,抖音平台大学生自媒体博主自我呈现与身份焦虑研究,张明珠,2025,,,thesis,zh,CULT_MEDIA,T3
CITING-WORK-5128FF0EC1AC,深度报道《走近90后异地夫妻的“云端”生活》（新闻作品及创作阐述）,张雨净,2025,,,thesis,zh,INTERDISC_OTHER,T3
CITING-WORK-CE82EF37064F,代际传播的反哺研究--以大学生与父母微信交流为例,刘锦,2018,,,thesis,zh,CULT_MEDIA,T3
CITING-WORK-76DC61B21676,手机对家庭代际关系的影响研究,兰梅莲,2018,,,thesis,zh,INTERDISC_OTHER,T3
CITING-WORK-F5726953F74A,新媒体环境下农村代际互动研究--以河南省林州市D村为例,赵海滨,2018,,,thesis,zh,RURAL_AGRI,T3
CITING-WORK-2ED33DC89B3F,新媒体环境下影响家校互动成效的因素分析与对策研究--以南京市T中学为例,王文超,2017,,,thesis,zh,CULT_MEDIA,T3
CITING-WORK-A1F156C14599,角色、时空与边界：新媒体对陪读家庭代际互动的影响研究,王影,2019,,,thesis,zh,CULT_MEDIA,T3
CITING-WORK-55BA64EB4BE9,线上重构的家族：微信家族群的传播研究--探究新媒体对“家族”的线上再现,周宇阳,2019,,,thesis,zh,CULT_MEDIA,T3
CITING-WORK-3F5B0D5B5026,成人初显期群体家庭微信代际传播研究,吴兰兰,2020,,,thesis,zh,CULT_MEDIA,T3
CITING-WORK-A949E6C531F4,成人初显期子女与父母的社交监视研究--以微信朋友圈为例,杨丽斯,2024,,,thesis,zh,INTERDISC_OTHER,T3
CITING-WORK-B64E8264A063,媒介情境视域下留守家庭监控设备使用研究--基于江西省H社区的田野观察,杨泳慧,2024,,,thesis,zh,CULT_MEDIA,T3
CITING-WORK-35D56C305707,农村家庭短视频使用的代际反哺研究--基于河南省H村的田野调查,邓玉莹,2025,,,thesis,zh,RURAL_AGRI,T3
CITING-WORK-17CAB78AC9EF,从关系差序到知识差序:农村中老年人数字反哺研究——基于科学信息传播的考察,谢兴政;张大伟,2024,编辑之友,10.13786/j.cnki.cn14-1066/g2.2024.4.007,journal article,zh,INTERDISC_OTHER,T2
CITING-WORK-906E9B9FE062,家庭媒介化:微信在家庭传播中的角色功能研究,史冬冬;米湘月,2021,东南传播,,journal article,zh,CULT_MEDIA,T2
CITING-WORK-F983B497E056,以何为家:媒介情境论视域下异地分居的青年夫妻微信交往研究,朱国丽;袁爱清,2022,东南传播,10.13556/j.cnki.dncb.cn35-1274/j.2022.03.013,journal article,zh,CULT_MEDIA,T2
CITING-WORK-E7C0B3B99137,成人初显期人群的数字媒介家庭沟通与隐私管理:一个扎根理论研究,曾秀芹;吴海谧;蒋莉,2018,国际新闻界,,journal article,zh,CULT_MEDIA,T2
CITING-WORK-1093A9494856,"媒介里外的""家"":微信家族群内代际冲突研究",唐颖璇;徐越,2024,新媒体研究,10.3969/j.issn.2096-0360.2024.24.021,journal article,zh,CULT_MEDIA,T2
CITING-WORK-2B723CCC941A,"数字化阅读APP对阅读情境的重构研究 ——以""流利说·阅读""APP为例",吕菁,2021,贵州师范学院学报,10.3969/j.issn.1674-7798.2021.07.009,journal article,zh,INFO_TECH,T3
CITING-WORK-FF8BBC09D253,数字反哺与反哺阻抗:家庭代际互动中的新媒体使用,王敏芝;李怡萱,2022,广州大学学报（社会科学版）,10.3969/j.issn.1671-394x.2022.01.007,journal article,zh,SOC_POLICY,T2
CITING-WORK-F97425EBDAB8,互联网使用改善中老年群体家庭关系的实证研究——基于CSS2019的调查数据,洪影珊,2022,互联网周刊,,journal article,zh,INFO_TECH,T2
CITING-WORK-5C4314909053,边界消融:短视频话语文本重塑人际交往,周妍君,2023,今传媒,10.3969/j.issn.1672-8122.2023.03.011,journal article,zh,INTERDISC_OTHER,T2
CITING-WORK-842DBE255B5C,社会化机器人对家庭人际互动的影响,王笑,2022,科技传播,10.3969/j.issn.1674-6708.2022.13.038,journal article,zh,CULT_MEDIA,T2
CITING-WORK-B3FDAD0530D4,家庭社会经济地位对幼儿学习品质的影响:家长媒介干预的中介作用,钟典;裘指挥;范海霞,2023,陕西学前师范学院学报,10.11995/j.issn.2095-770x.2023.03.002,journal article,zh,EDUCATION,T3
CITING-WORK-D6BBEADDF763,"媒介情境论视角下网络媒介对形成""丧偶式育儿""的影响",徐菁婧,2019,视听,10.3969/j.issn.1674-246x.2019.12.100,journal article,zh,CULT_MEDIA,T2
CITING-WORK-172A7E4EAC1B,虚拟与表演:在校大学生在家庭微信群中的自我呈现,田娇;杨梦麟,2020,视听,,journal article,zh,CULT_MEDIA,T2
CITING-WORK-155B4224728E,"""微信之家"":媒介情境视角下家庭交往中的关系权宜",吴晓,2024,视听,10.3969/j.issn.1674-246x.2024.04.032,journal article,zh,CULT_MEDIA,T2
CITING-WORK-276E6680982B,媒介技术的发展对家庭人际关系变革的影响及对策研究,王周杰;冯雨薇;史玉琪,2017,科技与创新,10.15913/j.cnki.kjycx.2017.22.014,journal article,zh,CULT_MEDIA,T3
CITING-WORK-608BD4A0669F,群众体育赛事高质量发展的现实困境及对策研究,孙艺菲;徐校飞,2023,文体用品与科技,10.3969/j.issn.1006-8902.2023.02.005,journal article,zh,SPORT_LEISURE,T2
CITING-WORK-5067491ABAB5,农村留守家庭手机育儿实践中的代际关系重构——基于贵州省X村的考察,唐娟;何则剑,2025,现代传播,10.3969/j.issn.1007-8770.2025.04.016,journal article,zh,CULT_MEDIA,T2
CITING-WORK-E24F326B64FB,从媒介情景论视角下看微信群中的家庭关系,唐青秋,2017,新闻传播,,journal article,zh,CULT_MEDIA,T2
CITING-WORK-60C185E4172C,媒介与文化交互视域下微媒体对儿童社会化的影响,宋佳,2016,新教育时代电子杂志（教师版）,,journal article,zh,EDUCATION,T3
CITING-WORK-F8CAEE1CB80E,西北乡村留守妇女的数字实践与家庭角色变迁——基于对宁夏Y村的田野调查,顾广欣,2025,新媒体公共传播,,journal article,zh,CULT_MEDIA,T2
CITING-WORK-B39DC76A88E9,"""中区展演"":生活类综艺节目中明星主动暴露""本真""的实践",骆正林;宋玉生,2021,新闻界,,journal article,zh,CULT_MEDIA,T2
CITING-WORK-6850142C352A,数字时代的父母媒介干预——研究综述与展望,曾秀芹;柳莹;邓雪梅,2020,新闻记者,,journal article,zh,INTERDISC_OTHER,T2
CITING-WORK-2CAFD58E26A3,"""情境化断联""：青年""断亲""的媒介实践",宗昊;陈友华,2024,传媒观察,,journal article,zh,CULT_MEDIA,T2
CITING-WORK-E91A7F788640,"""家庭作为方法""：县域平台化语境下的劳动、性别与社会关系",孙萍;刘姿君;王从健,2024,新闻与写作,10.3969/j.issn.1002-2295.2024.09.005,journal article,zh,CULT_MEDIA,T2
CITING-WORK-FC5673598597,"电子化妆与中区呈现:青少年图像社交中的""易容术""与""新自我""实践",骆正林;刘丙羲,2025,阅江学刊,10.3969/j.issn.1674-7089.2025.02.011,journal article,zh,INFO_TECH,T2
CITING-WORK-51EC304162F7,流动中的静观: Plog新闻的情动叙事与公共性守位,战迪;荆营营,2022,中国出版,10.3969/j.issn.1002-4166.2022.22.004,journal article,zh,CULT_MEDIA,T2
CITING-WORK-801995FC44F5,文化反哺助推边疆民族地区交往交流交融——基于西藏、广西、云南的多案例考察,吴开松;朱厘,2024,中南民族大学学报（人文社会科学版）,10.19898/j.cnki.42-1704/c.20240507.01,journal article,zh,TOUR_HOSP,T2
CITING-WORK-9DBBE3826E52,基于具身认知的体育非遗游戏化设计研究,陈彩霞,2023,,,thesis,zh,SPORT_LEISURE,T3
CITING-WORK-A04E863F2FFE,基于非遗文化与游戏品牌联名的主题活动视觉设计研究--以“彩焰映江南”活动为例,苗梅花,2023,,,thesis,zh,ECON_BUS_CONS,T3
CITING-WORK-1F80AB2B2796,非物质文化遗产保护视角下濒危土家语的文献收集与整编研究,宋科莹,2023,,,thesis,zh,ARCH_DES_HER,T3
CITING-WORK-7B09213E2402,数字化背景下博物馆文化资源活化的机遇与挑战--以《唐宫夜宴》为例,张润阳,2024,,,thesis,zh,CULT_MEDIA,T3
CITING-WORK-B0425F0D85D5,鲸探数字藏品传播策略研究,巩笑銮,2024,,,thesis,zh,CULT_MEDIA,T3
CITING-WORK-6594DC8B3D26,4I理论视角下非遗类短视频传播策略研究,凌艺菲,2024,,,thesis,zh,CULT_MEDIA,T3
CITING-WORK-0FD9929A1CDE,非遗类微信公众号传播研究,王诗雨,2024,,,thesis,zh,CULT_MEDIA,T3
CITING-WORK-405CFD7BF572,基于文化转译的淮河流域柳编工艺数字化传播模式研究,周娟,2023,,,thesis,zh,CULT_MEDIA,T3
CITING-WORK-C4ACAAF808E1,县域视角下广西非物质文化遗产的空间分布规律及旅游活化研究,雷薇,2024,,,thesis,zh,ARCH_DES_HER,T3
CITING-WORK-B297C74D1AB4,基于用户体验的泰山皮影微信小程序设计研究,杨国伟,2023,,,thesis,zh,INTERDISC_OTHER,T3
CITING-WORK-562097670C99,基于虚拟现实技术的苗族银饰锻制技艺数字化保护研究,刘泽宇,2024,,,thesis,zh,INFO_TECH,T3
CITING-WORK-868A8BE894B8,数智时代下非遗扎染图案的符号学解析与数字化呈现,白雨禾,2024,,,thesis,zh,INFO_TECH,T3
CITING-WORK-388AFDDE0F62,非遗文化保护与沉浸体验展陈空间设计研究,李梦竹,2024,,,thesis,zh,ARCH_DES_HER,T3
CITING-WORK-1EFD0EAF0555,非物质文化遗产数据保护法律问题研究,邢晶晶,2023,,,thesis,zh,ARCH_DES_HER,T3
CITING-WORK-014874562AEF,岭南醒狮文化在YouTube平台西班牙语用户中传播热度生成的路径研究--基于csQCA的定性比较分析,宾怡雯,2024,,,thesis,zh,CULT_MEDIA,T3
CITING-WORK-246256806D1E,非物质文化遗产天门糖塑的数字化影像设计研究,王晗,2024,,,thesis,zh,ARCH_DES_HER,T3
CITING-WORK-1C8BFD353B25,陕西地区唐墓壁画的数字艺术修复研究,刘桀文,2023,,,thesis,zh,CULT_MEDIA,T3
CITING-WORK-CAE5F9AE0F8C,非遗数字化传播助力乡村振兴的策略研究——以“陇上非遗”的内容生产与运营策划为例,吕立嘉,2024,,,thesis,zh,RURAL_AGRI,T3
CITING-WORK-90FF7FE291DC,湘西苗族古歌研究,刘海平,2024,,,thesis,zh,INTERDISC_OTHER,T3
CITING-WORK-17FB00AB877D,利益相关者视角下景德镇手工制瓷技艺传承的困境及策略研究,陈子莹,2025,,,thesis,zh,INTERDISC_OTHER,T3
CITING-WORK-D4CEAEEBDE37,媒介化视阈下平台型媒体中非遗茶文化的传播研究,谢瑀,2025,,,thesis,zh,CULT_MEDIA,T3
CITING-WORK-F6F1FA6D372D,非遗景泰蓝主题数字绘本创作研究,毕程居,2025,,,thesis,zh,INFO_TECH,T3
CITING-WORK-8C3A17429D5F,数字化赋能陕西碗碗腔皮影戏传播研究,张硕,2025,,,thesis,zh,CULT_MEDIA,T3
CITING-WORK-E2572FA77C26,阿拉善仿古地毯的文化信息库构建及设计应用研究,杨书羽,2025,,,thesis,zh,CULT_MEDIA,T3
CITING-WORK-F2EC78B93FE9,非遗传承背景下西湖传说互动叙事体验设计研究,肖若楠,2025,,,thesis,zh,INTERDISC_OTHER,T3
CITING-WORK-A9953F94E114,基于沉浸式体验的非遗展陈数字化交互设计研究--以《花城百花开--广州非物质文化遗产展》为例,黎桀武,2025,,,thesis,zh,ARCH_DES_HER,T3
CITING-WORK-22798DA0A72D,基于游客感知视角的吉州窑非物质文化遗产旅游活化研究,曾明珠,2025,,,thesis,zh,ARCH_DES_HER,T3
CITING-WORK-FE8E47529D11,基于心流理论的滩头年画虚拟文化体验产品设计研究,宋思池,2025,,,thesis,zh,CULT_MEDIA,T3
CITING-WORK-DADB7894ADC5,非遗主题儿童绘本设计路径研究,周东娟,2025,,,thesis,zh,INTERDISC_OTHER,T3
CITING-WORK-8F57C1631251,玉田泥塑数字化活态传承设计研究,王旭隆,2025,,,thesis,zh,INFO_TECH,T3
CITING-WORK-F087550EB91A,基于沉浸式体验的恭城油茶文化数字展馆设计研究,靳露通,2025,,,thesis,zh,CULT_MEDIA,T3
CITING-WORK-96ED415F65EC,非遗传承人纪录片创作策略研究--以毕业作品《富春珍味》为例,孙娇,2023,,,thesis,zh,INTERDISC_OTHER,T3
CITING-WORK-63FE95790539,非物质文化遗产中的民族交往交流与交融研究--以阿拉善地毯为例,张祖拉,2023,,,thesis,zh,ARCH_DES_HER,T3
CITING-WORK-B79F798CF1D4,数字化背景下“烟台渔灯节”非遗文化传播研究,王悦阳,2024,,,thesis,zh,CULT_MEDIA,T3
CITING-WORK-90C2E3E16C2E,新时代中国非物质文化遗产保护发展道路研究,吕晨曦,2025,,,thesis,zh,ARCH_DES_HER,T3
CITING-WORK-1DD8755B5B38,"""十五五"":数智技术赋能乡村文化建设路径优化研究",施惠玲;许晓楠,2026,北京交通大学学报（社会科学版）,10.3969/j.issn.1672-8106.2026.01.005,journal article,zh,RURAL_AGRI,T3
CITING-WORK-A771D76619DE,基于多维场域下非遗数字化展示手段的应用,张娜娜;王欣伟,2023,北京印刷学院学报,10.3969/j.issn.1004-8626.2023.05.016,journal article,zh,CULT_MEDIA,T2
CITING-WORK-77C1EFB419B5,基于XR的沉浸式媒介交互与协同感知研究综述,闫烁;刘姿霄;戴文思,2024,包装工程,10.19554/j.cnki.1001-3563.2024.20.003,journal article,zh,ARCH_DES_HER,T2
CITING-WORK-3C5B1EA7A919,基于AIGC的西夏文化元素提炼及混合现实数字人互动设计,徐晨雨;祁悦;郭瀚之,2024,包装工程,10.19554/j.cnki.1001-3563.2024.20.005,journal article,zh,ARCH_DES_HER,T2
CITING-WORK-147763B2948E,非遗数字化与智慧旅游服务平台的融合路径研究,郭丹婷;童威,2025,包装与设计,10.3969/j.issn.1007-4759.2025.04.018,journal article,zh,ARCH_DES_HER,T2
CITING-WORK-B87F6BDA75E4,数字技术赋能云冈石窟艺术创新传播研究,黄泽宇,2025,传媒,10.3969/j.issn.1009-9263.2025.11.020,journal article,zh,CULT_MEDIA,T2
CITING-WORK-7E88EBEF0433,"元宇宙赋能非遗""两创""产消机制:数字化驱动下的文化传承与创新",李纳米,2024,长沙大学学报,10.3969/j.issn.1008-4681.2024.04.004,journal article,zh,TOUR_HOSP,T2
CITING-WORK-CAD4B56DC6FE,非遗短视频三重空间的生产逻辑与实践向度,耿蕊;蔡紫琦,2025,当代传播,10.3969/j.issn.1009-5322.2025.06.019,journal article,zh,EDUCATION,T2
CITING-WORK-37AD409399EB,非物质文化遗产数字化传播研究,武学聪,2024,E动时尚,,journal article,zh,CULT_MEDIA,T2
CITING-WORK-7E9E613B38AA,数字化赋能非物质文化遗产保护与传播的路径探析,杨欢,2024,改革与开放,10.16653/j.cnki.32-1034/f.2024.006.003,journal article,zh,RURAL_AGRI,T2
CITING-WORK-4C4E35ADBF3C,新质生产力驱动乡村非遗保护与活化模式创新:理论逻辑、现实困境与路径优化,佚名,,,,thesis,zh,RURAL_AGRI,T3
CITING-WORK-D295FF787E64,数字化场景构建方法研究——以自然资源和不动产登记场景建设为例,贾文珏;张菲菲;谈夭林,2025,自然资源信息化,10.3969/j.issn.2097-1001.2025.06.001,journal article,zh,INFO_TECH,T3
CITING-WORK-89DCF1980C60,辽宁非物质文化遗产数字化保护的关键问题与优化策略,李思璇;李东盛;张笑楠,2026,国际公关,10.3969/j.issn.1673-0445.2026.03.071,journal article,zh,CULT_MEDIA,T2
CITING-WORK-E73D371B7D7F,基于数字藏品赋能武汉木雕船模及制造技艺的探究,张昊艺;陈叶蕾;陈子缘,2024,轻纺工业与技术,10.3969/j.issn.2095-0101.2024.02.027,journal article,zh,INFO_TECH,T3
CITING-WORK-0184F4C81297,多彩新丝路——自贡彩灯传统制作技艺数字化保护研究,齐汇;黄磊,2024,工业 工程 设计,10.19798/j.cnki.2096-6946.2024.04.007,journal article,zh,CULT_MEDIA,T2
CITING-WORK-49F322CF76AB,非物质文化遗产系统性保护的数字化实践,卫才华;徐照智,2024,中北大学学报（社会科学版）,10.3969/j.issn.1673-1646.2024001,journal article,zh,ARCH_DES_HER,T2
CITING-WORK-712178F2AF07,非物质文化遗产数字化传播策略探究——以苏州为例,廉同辉;陈佳;张璐,2025,中北大学学报（社会科学版）,10.62756/xbsk.1673-1646.2025113,journal article,zh,ARCH_DES_HER,T2
CITING-WORK-6E25E7F79356,数字赋能文旅融合能力成熟度评价与路径研究——基于山西省11个地级市的考察,王慧娴;杨蓓,2024,湖北民族大学学报（哲学社会科学版）,,journal article,zh,RURAL_AGRI,T2
CITING-WORK-8E51CC9155D3,数字赋能下江苏非物质文化遗产数字化发展路径研究,廉同辉;王裕城,2026,江苏海洋大学学报（人文社会科学版）,10.3969/j.issn.2096-8256.2026.02.010,journal article,zh,CULT_MEDIA,T2
CITING-WORK-7DB84FAC084E,数字时代艺术类非遗的在地化保护与传承,葛依琳,2025,湖南社会科学,,journal article,zh,CULT_MEDIA,T2
CITING-WORK-9B756142C61E,新疆非物质文化遗产数字化传播研究,高梓文;李宗斌,2024,合作经济与科技,10.3969/j.issn.1672-190x.2024.08.031,journal article,zh,ECON_BUS_CONS,T2
CITING-WORK-B68BBC117E37,新媒体时代非物质文化遗产数字化传播研究——以甘孜藏族自治州为例,佚名,,,,thesis,zh,ARCH_DES_HER,T3
CITING-WORK-0387B8E0E3EB,认知行为理论视角下数字化场景互动影响设计,柏楠;山娜,2024,佳木斯大学学报（自然科学版）,10.3969/j.issn.1008-1402.2024.01.037,journal article,zh,INFO_TECH,T2
CITING-WORK-5EEEE9EC546A,论数字时代非遗传承中的文化认同,芦人静;李惠芬,2024,江苏社会科学,,journal article,zh,ECON_BUS_CONS,T2
CITING-WORK-36166B94EAD1,数字化时代非物质文化遗产的知识产权保护:基础、困境及应对,易玲;纪孟汝,2024,科技与法律（中英文）,10.19685/j.cnki.cn11-2922/n.2024.02.006,journal article,zh,ARCH_DES_HER,T3
CITING-WORK-72DA19B77E32,数智赋能非物质文化遗产保护传承与传播研究——以天水为例,王志强,2026,陇东学院学报,10.3969/j.issn.1674-1730.2026.01.025,journal article,zh,RURAL_AGRI,T2
CITING-WORK-8791E68ED2D4,文化语言学视域下地名文化遗产的研究、保护与开发,刘玉堂;李艳琼,2023,理论月刊,10.14180/j.cnki.1004-0544.2023.01.010,journal article,zh,TOUR_HOSP,T2
CITING-WORK-D1AA01A53DF0,体育非遗数字化保护的价值、困境与路径研究,姚基瑞;吴若熙,2024,辽宁体育科技,10.3969/j.issn.1007-6204.2024.04.020,journal article,zh,SPORT_LEISURE,T2
CITING-WORK-A303578FED58,数字化赋能阜阳剪纸非遗传承保护及推动创新发展路径研究,王丽莎,2025,乐山师范学院学报,10.16069/j.cnki.51-1610/g4.2025.07.004,journal article,zh,INFO_TECH,T3
CITING-WORK-0F7966E6662E,泰安市非物质文化遗产与旅游融合发展探究,张丽军,2023,旅游纵览,10.3969/j.issn.1004-3292.2023.16.056,journal article,zh,TOUR_HOSP,T2
CITING-WORK-F31751A7E65D,数字化背景下非遗传承人数字素养培育与非遗传承新形态建构研究,刘慧;周建新,2025,民间文化论坛,10.3969/j.issn.1008-7214.2025.05.010,journal article,zh,CULT_MEDIA,T2
CITING-WORK-61B3F0E057E2,非遗项目数字化传承语境下的微专业课程体系研究,郭剑;刘斯旸,2024,美术教育研究,10.3969/j.issn.1674-9286.2024.13.023,journal article,zh,ARCH_DES_HER,T2
CITING-WORK-FC9E5D852585,基于VR技术的非遗科普资源数字化展馆设计——以广西馆为例,付凤华,2024,美与时代,,journal article,zh,ARCH_DES_HER,T2
CITING-WORK-FD55CF367210,用户体验视角下红色纪念馆数字应用服务设计的质性研究,佚名,,,,thesis,zh,INFO_TECH,T3
CITING-WORK-17DE5303F5D9,数字媒体对传统手工艺现代传承的介入、反思与破题,张爱红;王祥华,2023,民族艺术研究,10.14003/j.cnki.mzysyj.2023.06.09,journal article,zh,CULT_MEDIA,T2
CITING-WORK-4CEDE1F47C9C,数字技术赋能非遗保护传承的逻辑机理与创新路径,谭志云;李惠芬,2024,南京社会科学,10.15937/j.cnki.issn1001-8263.2024.01.015,journal article,zh,INTERDISC_OTHER,T2
CITING-WORK-A5D2547431A5,非物质文化遗产保护与传播的智能化赋能,高洁崧;康建东,2024,人民论坛（学术前沿）,10.16619/j.cnki.rmltxsqy.2024.02.010,journal article,zh,CULT_MEDIA,T2
CITING-WORK-7AB3FDD3C665,乡村振兴背景下数字化非遗技艺传承路径探索,赵新宇;郭志超,2023,时代报告,,journal article,zh,EDUCATION,T2
CITING-WORK-597FC8452B0E,文化数字化战略下博物馆创新实践与提升策略研究——以山东博物馆为例,许峰;白玉利,2024,山东商业职业技术学院学报,,journal article,zh,ARCH_DES_HER,T2
CITING-WORK-EE916DEA5FEE,新质生产力背景下非遗产业数字化转型路径研究——以山西清徐老陈醋产业为例,雷丹玉,2024,商业经济,10.3969/j.issn.1009-6043.2024.10.019,journal article,zh,ECON_BUS_CONS,T2
CITING-WORK-4765EA3E42C0,探析智能化赋能非物质文化遗产发展——以醴陵陶瓷为例,高开辉;吉鈜湳,2024,陶瓷科学与艺术,,journal article,zh,ARCH_DES_HER,T3
CITING-WORK-8B73F5E35C57,乡村振兴背景下非遗活化与乡村记忆重塑实践研究,佚名,,,,thesis,zh,RURAL_AGRI,T3
CITING-WORK-6E02497796DE,文化遗产智慧数据价值创生逻辑与路径探析,刘佳臻;弓越;王晓光,2025,图书馆论坛,10.3969/j.issn.1002-1167.2025.03.009,journal article,zh,INFO_TECH,T2
CITING-WORK-554EA7B06491,系统科学视角下非遗数字化的发展逻辑与优化路径,詹一虹;赵禹晨,2024,图书馆,10.3969/j.issn.1002-1558.2024.10.013,journal article,zh,INFO_TECH,T2
CITING-WORK-69E4266A6C2E,科技参与非物质文化遗产创造性转化的国内外案例经验与启示,乐晶,2023,文化创新比较研究,10.3969/j.issn.2096-4110.2023.15.017,journal article,zh,CULT_MEDIA,T2
CITING-WORK-8363076246CF,从媒介展演到文化认同:乡村数字记忆空间的运行机理,陈波;涂晓晗,2026,武汉大学学报（哲学社会科学版）,10.14086/j.cnki.wujss.2026.01.002,journal article,zh,INTERDISC_OTHER,T2
CITING-WORK-B80E3FACB934,技术—文化—产业三维模型驱动的非遗数字化转化,拥忠下姆,2025,文化学刊,10.3969/j.issn.1673-7725.2025.12.011,journal article,zh,CULT_MEDIA,T2
CITING-WORK-DD923CF0D127,"当文化成为""数码物"":数字平台何以""活化""非遗传承实践",张子铎;薛中军,2025,未来传播,,journal article,zh,CULT_MEDIA,T2
CITING-WORK-394BEC2FD75F,文旅融合背景下非遗产品品牌对比研究,李璇;陶颖;李石磊,2023,文山学院学报,10.3969/j.issn.1674-9200.2023.02.007,journal article,zh,ARCH_DES_HER,T3
CITING-WORK-D9E13CB30B90,大别山区红色体育文化遗产数字资源库建设研究,周雪华,2024,文体用品与科技,10.3969/j.issn.1006-8902.2024.18.041,journal article,zh,SPORT_LEISURE,T2
CITING-WORK-C82F14EDCE80,博物馆数字场景应用及内容生成浅析,王珏;王媛;肖裔俊,2023,文物鉴定与鉴赏,10.20005/j.cnki.issn.1674-8697.2023.23.019,journal article,zh,ARCH_DES_HER,T2
CITING-WORK-F80601A4E29A,天津非遗抽纱工艺可持续发展路径研究,赵华泽;张亚飞,2025,网印工业,10.3969/j.issn.1007-2160.2025.12.004,journal article,zh,INTERDISC_OTHER,T3
CITING-WORK-D99FFC2B8C02,人工智能驱动的非遗文旅沉浸式交互创新研究,李芮宁;杨曦,2026,西部旅游,10.3969/j.issn.1006-2629.2026.01.031,journal article,zh,TOUR_HOSP,T2
CITING-WORK-D2CB12A8B2DD,数字时代背景下黑龙江非遗数字藏品设计路径研究——以黑龙江赫哲族鱼皮技艺为例,佚名,,,,thesis,zh,INFO_TECH,T3
CITING-WORK-4796D94DC3FE,非遗文化融入高职学前教育专业美育教学的路径研究,张翠丽,2025,襄阳职业技术学院学报,10.20219/j.cnki.2095-6584.2025.05.017,journal article,zh,EDUCATION,T3
CITING-WORK-05C99CAAF6FC,数字时代非遗传播的机遇、挑战与应对策略,王凯月;张大成,2025,人文天下,10.3969/j.issn.2095-3690.2025.05.008,journal article,zh,ARCH_DES_HER,T2
CITING-WORK-43030988C4EC,数字化技术在非遗传统技艺传承保护中的运用研究,李静静,2025,新乡学院学报,10.3969/j.issn.1674-3326.2025.07.012,journal article,zh,RURAL_AGRI,T2
CITING-WORK-2B3EA89A5642,协同治理视角下广西非遗数字化保护的困境与多元主体参与路径研究,张军,2025,中国民族博览,10.3969/j.issn.1007-4198.2025.14.020,journal article,zh,ARCH_DES_HER,T2
CITING-WORK-665ED6ECB2F5,面向创新传承的非物质文化遗产数字化发展路径研究,王堃燕;吴迪,2025,中国民族博览,10.3969/j.issn.1007-4198.2025.18.037,journal article,zh,ARCH_DES_HER,T2
CITING-WORK-E9C81D91C0A4,论非物质文化遗产数字化保护中的文化属性,姜新生,2025,中原文化研究,10.3969/j.issn.2095-5669.2025.03.009,journal article,zh,CULT_MEDIA,T2
CITING-WORK-1EC47AD2F538,长春市建设新兴消费城的支持性政策研究,李昂,2023,,,thesis,zh,ECON_BUS_CONS,T3
CITING-WORK-7DA0C7C90620,面向社区共融的老旧城区单核商业体设计策略研究,石张睿,2023,,,thesis,zh,ECON_BUS_CONS,T3
CITING-WORK-C806EE40602E,基于实景游戏化交互的历史场景体验设计方法及效用评估,李伟琼,2024,,,thesis,zh,INTERDISC_OTHER,T3
CITING-WORK-5ED1299C19AD,场景理论视角下城市商业综合体公共空间场景化营造研究,王新芊,2025,,,thesis,zh,ECON_BUS_CONS,T3
CITING-WORK-ACF26D0B51A8,泉城书房空间生产与信息传播研究,刘晓硕,2021,,,thesis,zh,CULT_MEDIA,T3
CITING-WORK-9163B4AFFA89,地铁文化地图设计——以武汉市为例,翁敏;蔡明瑞;杜清运,2025,测绘地理信息,10.14188/j.2095-6045.20230532,journal article,zh,CULT_MEDIA,T3
CITING-WORK-FA76262E2457,"""十四五""时期文化消费的发展趋势与政策建议",张晓欢;陈锋,2021,重庆理工大学学报（社会科学版）,10.3969/j.issn.1674-8425(s).2021.07.002,journal article,zh,CULT_MEDIA,T2
CITING-WORK-0C430C104DFB,浅析苏州市公共文化资源聚合管理,蒋梦恬,2021,大众文艺,10.3969/j.issn.1007-5828.2021.11.009,journal article,zh,ARCH_DES_HER,T2
CITING-WORK-BE2B3E66A7DF,文化科技融合发展的关键影响因素及其层次结构研究,杨晓伟;徐建军,2022,科技与经济,10.3969/j.issn.1003-7691.2022.03.001,journal article,zh,ECON_BUS_CONS,T2
CITING-WORK-15F7D5BD88AB,场景理论在老年人居住满意度研究及老年友好型社区建设中的应用展望,侯学英,2023,商业经济,10.3969/j.issn.1009-6043.2023.04.013,journal article,zh,ECON_BUS_CONS,T2
CITING-WORK-09748A71EFB3,"""场景+""模式在乡村文化传播中的应用",岳佳;肖燕怜,2021,新闻世界,,journal article,zh,URBAN_PLAN_GEO,T2
CITING-WORK-1BCF99D8ECE9,中国城市文化场景韧性表现模式研究,林馨雨,2025,新闻与传播评论,10.14086/j.cnki.xwycbpl.2025.05.008,journal article,zh,CULT_MEDIA,T2
CITING-WORK-7DB8BE51A6A0,"""沉浸消费""抑或""消费沉浸"":城市文化场景的价值情境与行动路向",林一民;范周,2025,学习与实践,,journal article,zh,EDUCATION,T2
CITING-WORK-0EEC6F9CBFEC,场景理论视域下工业遗产创新性保护研究,任梓萌;杨喆;霍楷,2025,中国包装,10.3969/j.issn.1003-062x.2025.08.029,journal article,zh,ARCH_DES_HER,T3
CITING-WORK-0B56F25CD26E,新型城镇共同体高质量发展动力机制研究,杨新华;罗帅,2023,中国软科学,10.3969/j.issn.1002-9753.2023.02.017,journal article,zh,INTERDISC_OTHER,T2
CITING-WORK-FBA07FD56C2D,城市文化空间研究的重点议题及其未来趋向,江凌,2023,中国社会科学评价,,journal article,zh,CULT_MEDIA,T3
CITING-WORK-8C1D8699BE3C,乡村收缩背景下历史文化名镇安全性评估及保护研究--以渝东地区典型名镇为例,高黎月,2023,,,thesis,zh,RURAL_AGRI,T3
CITING-WORK-17EB7CE3B6D1,磁器口历史文化街区洪涝灾害安全性评估及保护策略研究,王鸿蒙,2023,,,thesis,zh,ARCH_DES_HER,T3
CITING-WORK-71D39CF75013,旅游开发影响下历史街区安全性评估研究--以磁器口历史街区为例,张文杰,2023,,,thesis,zh,ARCH_DES_HER,T3
CITING-WORK-9305B07F1A70,陕南历史城镇山水人文空间格局营建经验研究,李爽,2023,,,thesis,zh,INTERDISC_OTHER,T3
CITING-WORK-12EC826948E0,克山县存量空间更新综合潜力评价与规划对策研究,常存翰,2024,,,thesis,zh,ARCH_DES_HER,T3
CITING-WORK-1CAAEA646C32,基于在地性的民居客栈设计前期策划研究——以大理沙溪古镇为例,尹梦媛,2024,,,thesis,zh,INTERDISC_OTHER,T3
CITING-WORK-FBE14EF9BB0C,基于地方认同的历史文化街区空间品质评价研究——以大连胜利桥北街区为例,李鹤,2024,,,thesis,zh,ARCH_DES_HER,T3
CITING-WORK-19695A572FB3,庆城历史城区文化空间识别与重构研究,张霏帆,2024,,,thesis,zh,CULT_MEDIA,T3
CITING-WORK-C52B4AE286D1,基于IPA分析的无锡市惠山古镇夜间旅游产品优化研究,张莹莹,2025,,,thesis,zh,TOUR_HOSP,T3
CITING-WORK-8E9161EE3A66,基于古代诗词文本的历史城镇空间基因识别提取方法研究--以湖州市为例,鄢雨晨,2024,,,thesis,zh,INTERDISC_OTHER,T3
CITING-WORK-E3DEE6E86AB0,重大传染病城市应急场景知识图谱构建方法研究--以新冠疫情为例,杨纪君,2024,,,thesis,zh,URBAN_PLAN_GEO,T3
CITING-WORK-107279C11754,北京历史文化名城智慧平台应用场景设计研究,尹婧霖;汪瑀;刘健,2025,北京规划建设,,journal article,zh,URBAN_PLAN_GEO,T2
CITING-WORK-624879E55253,历史文化空间网络:内涵特征、构建方法与整体性保护策略——基于重庆两江交汇历史城区的实证,李和平;肖文斌;肖竞,2024,城市发展研究,10.3969/j.issn.1006-3862.2024.06.025,journal article,zh,URBAN_PLAN_GEO,T2
CITING-WORK-41A9F35000C1,多尺度的文化资本空间生产机制及规划响应,张子宇;陈晓键,2026,城市发展研究,10.3969/j.issn.1006-3862.2026.03.017,journal article,zh,URBAN_PLAN_GEO,T2
CITING-WORK-A98E362EDEE6,人民城市理念下城市街道空间更新实践与思考——以苏州市以人为本街道空间规划建设为例,施嘉泓;姚秀利,2024,城市规划,10.11819/cpr20241010a,journal article,zh,ARCH_DES_HER,T2
CITING-WORK-5609A38C4579,历史环境的预防性保护:内涵、框架与实证,李和平;林涛;肖文斌,2025,城市规划学刊,10.16361/j.upf.202502015,journal article,zh,URBAN_PLAN_GEO,T2
CITING-WORK-CD15963476C7,基于场景理论的川西林盘公共空间更新路径——以成都市谢家林盘为例,邓琳;李钰;王载波,2023,城市建筑空间,10.3969/j.issn.1006-6659.2023.11.013,journal article,zh,ARCH_DES_HER,T2
CITING-WORK-EC8ED86A0311,区域视角下历史古镇保护与文旅产业发展对策研讨——以山西汾城历史文化名镇为例,司洁;于潼;刘可心,2023,产业创新研究,,journal article,zh,ECON_BUS_CONS,T2
CITING-WORK-EFD05750E07D,多类群行为视角下历史文化名镇的共处空间研究——以安徽三河古镇为例,程桂圆;李冰月;王园园,2024,山东林业科技,10.3969/j.issn.1002-2724.2024.01.005,journal article,zh,TOUR_HOSP,T2
CITING-WORK-01A4642E8206,江苏省城市足球联赛促进体育消费潜力释放的实践机制与发展路径研究,王家宏;崔李明,2025,体育科学,10.16469/j.css.2025kx061,journal article,zh,ECON_BUS_CONS,T2
CITING-WORK-D6F72B4918EF,历史文化古镇保护发展的同质困境与治理路径——基于上元观古镇的案例分析,王文彬;张婷,2025,中国文化遗产,10.3969/j.issn.1672-7819.2025.01.016,journal article,zh,ARCH_DES_HER,T3
CITING-WORK-7E1C558CEE18,"""无地物遗址""概念、特征及展示观念研究——以唐长安城遗址为例",南佳博;周庆华;杨晓丹,2024,中国园林,10.19775/j.cla.2024.03.0095,journal article,zh,ARCH_DES_HER,T2
CITING-WORK-7E83DFEF3E59,畲族文化资源在樟坪非遗小镇中的应用研究,范茵,2023,,,thesis,zh,CULT_MEDIA,T3
CITING-WORK-CA6D9CFF17E9,湛江遂溪醒狮非遗文化旅游开发价值评价研究,袁智凤,2024,,,thesis,zh,TOUR_HOSP,T3
CITING-WORK-FEF783680315,一睹真容--嘉峪关文物景区边关文化旅游整合营销传播全案,关梦瑶,2024,,,thesis,zh,TOUR_HOSP,T3
CITING-WORK-73A50F5132DB,社交媒体中民航机组媒介形象建构研究——以“新浪微博”为例,许恒源,2023,,,thesis,zh,CULT_MEDIA,T3
CITING-WORK-9FAC126A13C2,人体姿态引导下的皮影身段生成方法及其数字化交互研究,王迎龙,2024,,,thesis,zh,INFO_TECH,T3
CITING-WORK-338133BA13A7,柳州市桂饼文化博物馆生产性保护实践研究,梁权,2024,,,thesis,zh,CULT_MEDIA,T3
CITING-WORK-9DCDDAAA8E40,枣阳黄酒酿造技艺的生产性保护研究,王紫,2024,,,thesis,zh,INTERDISC_OTHER,T3
CITING-WORK-177C399F4B01,黄河国家文化公园（陕西段）非物质文化遗产价值评价及提升对策研究,杨靖,2024,,,thesis,zh,ARCH_DES_HER,T3
CITING-WORK-03708A7869B9,体验视角下农耕文化主题公园景观规划设计研究,曹浩洋,2024,,,thesis,zh,ARCH_DES_HER,T3
CITING-WORK-0D6191C55EF8,旅游者环境契合度对价值共创行为的影响研究--以潍坊非遗目的地为例,赵艳娟,2025,,,thesis,zh,TOUR_HOSP,T3
CITING-WORK-6187D2CA781D,基于游客感知的彭水非遗旅游开发对策研究,卢浩东,2025,,,thesis,zh,TOUR_HOSP,T3
CITING-WORK-1F4A64364C61,南宁市夜间游憩集聚区的感官体验质量评价,黄智桐,2025,,,thesis,zh,INTERDISC_OTHER,T3
CITING-WORK-5E4064F52463,江西上饶三清山旅游景区品牌形象设计与文化推广,叶钰雯,2025,,,thesis,zh,TOUR_HOSP,T3
CITING-WORK-097FCB6C1BB7,基于解构计划行为理论的非遗产品购买意愿分析,张宇慧,2023,,,thesis,zh,ARCH_DES_HER,T3
CITING-WORK-2F431534785A,场景理论下传统村落文旅空间品质评价体系研究,李勤;吕双宁;武仲豪,2024,北京建筑大学学报,10.19740/j.2096-9872.2024.02.03,journal article,zh,ARCH_DES_HER,T2
CITING-WORK-54A8546F17EA,仪式感视角下旅游产业发展的价值逻辑、现实问题与发展路径,韦炜,2024,成都工业学院学报,10.13542/j.cnki.51-1747/tn.2024.03.014,journal article,zh,TOUR_HOSP,T3
CITING-WORK-E4669762B332,中国旅居养老空间发展模式研究,周榕;石磊;庄汝龙,2023,地理学报,10.11821/dlxb202306014,journal article,zh,TOUR_HOSP,T2
CITING-WORK-2F9615AA0202,地方感知视角下非物质文化遗产景区品牌评价研究,文彤;王晨叶;张玉林,2024,地理与地理信息科学,10.3969/j.issn.1672-0504.2024.03.019,journal article,zh,TOUR_HOSP,T2
CITING-WORK-4235CB3E87D4,历史文化视角下地方非遗项目间协同发展的路径研究 ——基于镇江市的调查分析,严娜,2022,东南传播,,journal article,zh,CULT_MEDIA,T2
CITING-WORK-CAB89A79F2D1,景区文化价值对游客地方性感知的影响 ——以江西省为例,张启尧;郑爱青,2022,福建农林大学学报（哲学社会科学版）,10.13322/j.cnki.fjsk.2022.03.010,journal article,zh,TOUR_HOSP,T3
CITING-WORK-2B3071D25470,台湾地区文化创意产业的传播学分析,张春斌,2023,闽台关系研究,10.3969/j.issn.1674-3199.2023.03.007,journal article,zh,ECON_BUS_CONS,T3
CITING-WORK-6641B9B9EABF,文旅融合视野下台州府城饮食文化的内嵌化传承与现代化发展,金炜威;薛洪婉,2023,中南农业科技,10.3969/j.issn.1007-273x.2023.09.048,journal article,zh,RURAL_AGRI,T2
CITING-WORK-9CA5D656138F,上海思南读书会阅读推广特点及启示,傅宝珍,2024,图书馆研究,10.3969/j.issn.2095-5197.2024.02.012,journal article,zh,INFO_TECH,T2
CITING-WORK-5758214DE90E,"在与不在:神圣游程旅游者的""神性""体验及其生成机制",炊朋阳;吴嗣钧;谢彦君,2025,旅游学刊,10.19765/j.cnki.1002-5006.2024.00.012,journal article,zh,TOUR_HOSP,T2
CITING-WORK-DD5EE89574B5,乡村体育赛事的群体情感动员及空间仪式化生产,罗坤瑾;刘艳莎,2025,上海交通大学学报（哲学社会科学版）,10.13806/j.cnki.issn1008-7095.2025.02.005,journal article,zh,SOC_POLICY,T2
CITING-WORK-8F8666DBCF7F,传统与数智:依托非遗文化符号打造青年友好型城市形象国际传播的路径探索——以天津市为例,孙琳,2024,天津美术学院学报,10.3969/j.issn.1008-8822.2024.06.016,journal article,zh,CULT_MEDIA,T3
CITING-WORK-97848225BAEA,凤阳花鼓与农村文化产业耦合发展路径研究,徐世平;史贤华,2023,铜陵学院学报,10.3969/j.issn.1672-0547.2023.05.003,journal article,zh,TOUR_HOSP,T2
CITING-WORK-84918E1BFDC9,被看见的文化:非遗旅游目的地形象感知与宣传引导策略研究,景秀丽;张雅意,2025,特区经济,10.3969/j.issn.1004-0714.2025.10.032,journal article,zh,ECON_BUS_CONS,T2
CITING-WORK-5531E232A69C,非遗文化价值与旅游经济发展的耦合协调测度研究:以江苏省为例,吴耀宇;巫凡昕;徐鹏,2024,文化艺术研究,10.3969/j.issn.1674-3180.2024.06.015,journal article,zh,ARCH_DES_HER,T2
CITING-WORK-61E5A5D84CF8,葡萄酒旅游文化价值内涵与维度结构——以贺兰山东麓为例,张红梅;魏海湘;贾耀锋,2025,北方民族大学学报（哲学社会科学版）,10.20076/j.cnki.64-1065/g4.2025.06.016,journal article,zh,SOC_POLICY,T2
CITING-WORK-924B2B39B8EA,客栈在遗产活态传承中的作用探讨 ——以平遥古城为例,韩黄英;张紫玲;宋鹏飞,2022,忻州师范学院学报,10.3969/j.issn.1671-1491.2022.05.014,journal article,zh,ARCH_DES_HER,T3
CITING-WORK-6A9B18FB662E,基于POEMS的非遗小镇旅游平台设计策略研究,周颖,2025,艺术研究,10.3969/j.issn.1673-0321.2025.04.042,journal article,zh,TOUR_HOSP,T2
CITING-WORK-EB2660DFAA56,贵州省望谟县非遗旅游发展策略,汪伟,2025,重庆文理学院学报（社会科学版）,10.19493/j.cnki.issn1673-8004.2025.03.006,journal article,zh,SOC_POLICY,T2
CITING-WORK-F701E55E2E42,南京熙南里历史文化街区体验价值增值路径分析,曾梅玲;沈苏彦,2023,中国生态旅游,10.12342/zgstly.20220101,journal article,zh,TOUR_HOSP,T2
CITING-WORK-EC8ABDAD9038,价值共创视角下非遗旅游目的地形象提升研究——以京杭大运河天津段为例,闫梦凡;王兰云,2025,中国商论,10.19699/j.cnki.issn2096-0298.2025.08.082,journal article,zh,ECON_BUS_CONS,T2
CITING-WORK-6FEFB64384D9,西南地区非物质文化遗产空间分布特征及影响因素分析,何银春;施晓莉;曾斌丹,2023,浙江大学学报（理学版）,10.3785/j.issn.1008-9497.2023.05.014,journal article,zh,ARCH_DES_HER,T3
CITING-WORK-998CD2303C4C,非物质文化遗产与旅游深度融合发展研究——以大运河(安徽段)为例,文斌;李晶晶;胡娟娟,2023,周口师范学院学报,10.13450/j.cnki.jzknu.2023.04.23,journal article,zh,ARCH_DES_HER,T3
CITING-WORK-38902B5AD7A6,场景理论视域下网络综艺原生广告传播策略研究,韩亚兰,2021,,,thesis,zh,CULT_MEDIA,T3
CITING-WORK-747337279C1C,桂林旅游民宿体验设计研究,唐瑛,2021,,,thesis,zh,TOUR_HOSP,T3
CITING-WORK-65139624E2F1,中国工商银行E分行场景金融业务发展研究,吕星蓉,2022,,,thesis,zh,INTERDISC_OTHER,T3
CITING-WORK-0F78813B4BF7,基于场景的智能产品设计研究,李新颖,2022,,,thesis,zh,INFO_TECH,T3
CITING-WORK-DD5A2339936C,基于场景的跨屏类产品研究与设计,金霄,2022,,,thesis,zh,INTERDISC_OTHER,T3
CITING-WORK-FED2165293B5,媒介场景理论视域下大学生“云健身”传播研究,赵迪,2023,,,thesis,zh,CULT_MEDIA,T3
CITING-WORK-F718BE613ED3,基于场景理论的数字乡村APP设计研究--以宁海县“浙里艺术村”为例,王瑞霞,2023,,,thesis,zh,RURAL_AGRI,T3
CITING-WORK-0077A33D32A7,乡村振兴背景下三农短视频场景传播研究--以抖音“新农人计划2022”为例,熊雨男,2023,,,thesis,zh,RURAL_AGRI,T3
CITING-WORK-E5A3A952549E,网络服务提供者侵害个人信息民事责任研究,张国天,2023,,,thesis,zh,INFO_TECH,T3
CITING-WORK-069F833B92F7,基于现象学的当代西方城市公共艺术景观审美研究,高山,2022,,,thesis,zh,ARCH_DES_HER,T3
CITING-WORK-08EA892AC869,当代工笔花鸟画中“微场景”表达的研究,周琪,2023,,,thesis,zh,INTERDISC_OTHER,T3
CITING-WORK-F214964445CC,无形经济视阈下的品牌形象设计研究,刘奥林,2024,,,thesis,zh,ECON_BUS_CONS,T3
CITING-WORK-51EEEC094626,数字化视角下的品牌形象设计研究,孙同文,2024,,,thesis,zh,ECON_BUS_CONS,T3
CITING-WORK-1B04B7C0B6B1,场景化概念下的苏州园林主题餐饮空间设计研究,解亚杰,2024,,,thesis,zh,ARCH_DES_HER,T3
CITING-WORK-ADD610467D4F,社交媒体场景推荐对消费者购买意愿的影响研究,张于婧,2024,,,thesis,zh,ECON_BUS_CONS,T3
CITING-WORK-0FD8DCEF32CF,老年人数字鸿沟弥合立法的实证研究,江颖,2023,,,thesis,zh,INFO_TECH,T3
CITING-WORK-5F180EA99BA6,SE公司营销策略研究,赵婧,2023,,,thesis,zh,INTERDISC_OTHER,T3
CITING-WORK-128D876358D3,媒介场景理论视角下“三联中读”App运营策略探析,刘晓萌,2024,,,thesis,zh,CULT_MEDIA,T3
CITING-WORK-F5DF895510F9,场景视角下区块链应用于社区治理的创新路径研究——以南京市T街道为例,侯祎娜,2023,,,thesis,zh,URBAN_PLAN_GEO,T3
CITING-WORK-0D69C0B130E6,人工智能助力数字音乐消费研究,王楠,2025,,,thesis,zh,ECON_BUS_CONS,T3
CITING-WORK-5574B80D3BA4,健康老龄化视角下的乡村医疗服务系统设计研究,邢旺强,2024,,,thesis,zh,RURAL_AGRI,T3
CITING-WORK-2D028521F1F5,历史唯物主义视域下日常生活数字化研究,魏莹,2025,,,thesis,zh,INFO_TECH,T3
CITING-WORK-756C855BD8B3,网络账号恶意注册行为刑法治理研究,王亚婕,2025,,,thesis,zh,INFO_TECH,T3
CITING-WORK-901C323D8B26,虚拟现实审美场景研究,张燕飞,2025,,,thesis,zh,INFO_TECH,T3
CITING-WORK-FE45B47F7E9C,A银行H分行金融服务直播营销策略优化,任霞宇,2022,,,thesis,zh,INTERDISC_OTHER,T3
CITING-WORK-EE47BA4979BB,融媒体平台赋能贵州县级融媒体中心融合的作用机制研究,何美,2023,,,thesis,zh,CULT_MEDIA,T3
CITING-WORK-9ED830E1BFA5,人工智能融入教育的新场景建构研究,杨崇,2025,,,thesis,zh,EDUCATION,T3
CITING-WORK-4F5A3E6335E5,基于信息-物理-社会系统的社会支持体系设计研究,山娜;李杰,2024,包装工程,10.19554/j.cnki.1001-3563.2024.24.029,journal article,zh,ARCH_DES_HER,T2
CITING-WORK-626977F3F892,"场景视域下的农产品品牌体验设计研究——以""红薯公社""为例",佚名,,,,thesis,zh,ECON_BUS_CONS,T3
CITING-WORK-2554B4C73BF6,"数字化时代背景下""智慧""会展建筑设计研究",程泽西;陈页,2022,城市建筑,10.19892/j.cnki.csjz.2022.07.37,journal article,zh,ARCH_DES_HER,T2
CITING-WORK-9F07B65B9698,基于场景理论的套型空间需求分析,佚名,,,,thesis,zh,INTERDISC_OTHER,T3
CITING-WORK-3042D40341D7,场景化分析:一种数据驱动下的学习行为解释性框架,黄石华;武法提,2023,电化教育研究,10.13811/j.cnki.eer.2023.05.007,journal article,zh,EDUCATION,T2
CITING-WORK-E4574E2DA607,场景规划:人工智能教育实践形态的可行路径,李世瑾;戴蕴秋;顾小清,2023,电化教育研究,10.13811/j.cnki.eer.2023.10.006,journal article,zh,EDUCATION,T2
CITING-WORK-D8537CB52F35,网络言论信息的治理机制:功能分区、内容分级与场景化动态调控,陈曦,2020,电子政务,10.16582/j.cnki.dzzw.2020.08.002,journal article,zh,SOC_POLICY,T2
CITING-WORK-B0208FF649DA,"社区数智养老服务中的""场景悬浮""及其破解",易艳阳,2025,电子政务,10.16582/j.cnki.dzzw.2025.12.008,journal article,zh,SOC_POLICY,T2
CITING-WORK-551C07D6CFC5,虚实共生:公共文化空间数字沉浸式场景构建探析,佚名,,,,thesis,zh,CULT_MEDIA,T3
CITING-WORK-ACEA6151B8A6,区域教育数字化应用场景的设计理念与推进路径,童兆平;陈倩倩;张立新,2024,中国教育信息化,10.3969/j.issn.1673-8454.2024.01.009,journal article,zh,EDUCATION,T3
CITING-WORK-C1E8BAFE8BCE,虚拟直播的媒介景观与伦理反思,汪亚林;李苗,2023,新媒体研究,10.3969/j.issn.2096-0360.2023.17.006,journal article,zh,CULT_MEDIA,T2
CITING-WORK-9574E0ECB59E,人工智能驱动的公共服务:效率革命、场景重构与价值变革,王佃利;李世祥,2026,广西师范大学学报（哲学社会科学版）,10.16088/j.issn.1001-6597.2026.01.008,journal article,zh,INFO_TECH,T3
CITING-WORK-B1C29214946F,基于多源数据的商业空间活力关联机制研究,肖佳琦;宣蔚;孔子然,2023,工业建筑,10.13204/j.gyjzg22082309,journal article,zh,ARCH_DES_HER,T2
CITING-WORK-685C4D66814C,数字沉浸式场景下文化和旅游深度融合发展机制研究,伍蕾;刘银,2024,广州城市职业学院学报,10.3969/j.issn.1674-0408.2024.01.014,journal article,zh,URBAN_PLAN_GEO,T2
CITING-WORK-AF9BEA4AD134,场景驱动思政教育创新的逻辑理路、动力机制与实践图景,卢岚,2025,贵州师范大学学报（社会科学版）,10.16614/j.gznuj.skb.2025.03.001,journal article,zh,TOUR_HOSP,T2
CITING-WORK-D35B9F378BCB,数字社会转型背景下城市基层治理逻辑变革研究,刘凤;杜宁宁,2020,湖北民族大学学报（哲学社会科学版）,,journal article,zh,RURAL_AGRI,T2
CITING-WORK-848B1057D402,技术赋能下的乡村数字生态系统建设:内涵、组成与发展趋势,张迪;胡卫卫,2024,湖北社会科学,10.3969/j.issn.1003-8477.2024.02.009,journal article,zh,INTERDISC_OTHER,T2
CITING-WORK-3212EA60F7F3,走向场景治理:养老服务机器人的场景类型转化与管理范式升级,王锴;赵昆,2025,河海大学学报（哲学社会科学版）,10.3876/j.issn.1671-4970.2025.06.008,journal article,zh,URBAN_PLAN_GEO,T2
CITING-WORK-7BC74F03F250,沉浸式数字场景赋能高校思想政治教育路径研究,郝梦琦;王卫兵,2025,河南科技学院学报,10.3969/j.issn.1673-6060.2025.06.003,journal article,zh,EDUCATION,T3
CITING-WORK-25DC3DC42866,数字技术扩散推动企业商业模式创新的战略导向中介机理,温馨;杨成成;殷艳娜,2024,经济论坛,10.3969/j.issn.1003-3580.2024.01.009,journal article,zh,TOUR_HOSP,T2
CITING-WORK-14B7BFFE3925,高校图书馆未来学习中心应用场景构建研究,徐晓晨;殷跃,2025,江苏科技信息,10.3969/j.issn.1004-7530.2025.11.013,journal article,zh,EDUCATION,T2
CITING-WORK-DC1EBE02F185,商事法治现代化之场景金融的领域法学思考,胡卫萍;罗正标,2021,黑龙江工业学院学报（综合版）,10.3969/j.issn.1672-6758.2021.07.025,journal article,zh,ECON_BUS_CONS,T2
CITING-WORK-3836514FA618,"Web3.0时代""杀猪盘""电信诈骗的刑法应对",童云峰;宋梓源,2021,江西警察学院学报,10.3969/j.issn.2095-2031.2021.02.004,journal article,zh,INTERDISC_OTHER,T3
CITING-WORK-DC609214CD58,数字化转型赋能职业教育高质量发展的运作逻辑与实现路径,祁占勇;吴仕韬,2024,教育与经济,10.3969/j.issn.1003-4870.2024.03.003,journal article,zh,EDUCATION,T3
CITING-WORK-D9989FAB4641,媒体融合背景下区域媒体的场景化传播探索——以楚天都市报极目新闻为例,蔡沁辰,2022,科技传播,10.3969/j.issn.1674-6708.2022.10.018,journal article,zh,CULT_MEDIA,T2
CITING-WORK-3106A151CFBD,在线文旅新空间的消费特征与建构机制,于秋阳,2021,旅游学刊,10.19765/j.cnki.1002-5006.2021.07.006,journal article,zh,TOUR_HOSP,T2
CITING-WORK-DEB8796A954F,商业银行布局农村场景策略研究,杨哲;黄迈,2020,农村金融研究,,journal article,zh,RURAL_AGRI,T3
CITING-WORK-294E6097B41F,场景化知识图谱及构建方法,陆泉;陈静宇;陈帅朴,2024,情报科学,10.13833/j.issn.1007-7634.2024.03.001,journal article,zh,INFO_TECH,T2
CITING-WORK-4496F3F63FC2,数智环境下电商物流企业商业模式场景化创新案例研究,张旭含;尤奇,2025,全国流通经济,10.3969/j.issn.1009-5292.2025.16.003,journal article,zh,ECON_BUS_CONS,T2
CITING-WORK-FFB470C456BD,场景经济驱动新质生产力生成:理论逻辑、现实挑战与实践进路,冉净斐,2024,青海社会科学,,journal article,zh,RURAL_AGRI,T2
CITING-WORK-C87CE6321081,数字化场景研究,王敏;邹磊,2023,质量与认证,10.16691/j.cnki.10-1214/t.2023.08.009,journal article,zh,INFO_TECH,T3
CITING-WORK-906465B43D9C,公共文化产品服务供给数字化运营机制,张振鹏,2022,山东社会科学,,journal article,zh,TOUR_HOSP,T2
CITING-WORK-B733AACED2D6,城市形象短视频传播策略研究 ——以广东佛山为例,彭莹,2022,上海城市管理,10.3969/j.issn.1674-7739.2022.06.011,journal article,zh,SOC_POLICY,T2
CITING-WORK-BC0C179B7DBF,文旅元宇宙空间营造:理论框架与实践策略——基于场景理论的视角,臧志彭;陈美欣,2024,上海交通大学学报（哲学社会科学版）,10.13806/j.cnki.issn1008-7095.2024.10.001,journal article,zh,SOC_POLICY,T2
CITING-WORK-7FB9F2325B65,从自适优化到迭代创新：数字技术赋能思想政治教育场景的逻辑重塑,卢岚,2025,思想教育研究,,journal article,zh,EDUCATION,T2
CITING-WORK-7A7E5BAC637D,沉浸式文化场景赋能思政课实践育人的理与路,佚名,,,,thesis,zh,CULT_MEDIA,T3
CITING-WORK-879C7E936392,"联通""平行世界""的数字场景:界面基础、驱动力量与时空冲击",谢新水,2022,探索,10.3969/j.issn.1007-5194.2022.02.013,journal article,zh,CULT_MEDIA,T2
CITING-WORK-0E50C583DD69,数字赋能构建更高水平全民健身公共服务体系——基于多学科视角的模型构建,吴彰忠;钟亚平;周易文,2023,体育学刊,,journal article,zh,SPORT_LEISURE,T2
CITING-WORK-E0F091342A09,"新闻评论视频节目《陈迪说》中的""错位""分析",成晓雨,2020,西部广播电视,,journal article,zh,CULT_MEDIA,T2
CITING-WORK-B68F5D129C80,数字孪生技术重塑稻作文化传播场景的审视与展望,郭竹,2026,现代交际,10.3969/j.issn.1009-5349.2026.01.009,journal article,zh,CULT_MEDIA,T2
CITING-WORK-9B9125252641,计算社会科学时代场景内涵的再认识,郭金金;陈伟军,2021,新闻界,,journal article,zh,CULT_MEDIA,T2
CITING-WORK-AC96B01373CD,元宇宙赋能我国体育消费转型的战略意义、现实困境及推进策略,庹江兵;黄格;张洋源,2024,运动精品,10.3969/j.issn.1004-2644.2024.02.021,journal article,zh,ECON_BUS_CONS,T3
CITING-WORK-2C3C186EAACB,数字化场景下品牌传播的设计策略研究,梁乐尔,2021,艺术科技,10.3969/j.issn.1004-9436.2021.21.075,journal article,zh,CULT_MEDIA,T2
CITING-WORK-E4A67D9BC4AF,场景视角下的口腔护理产品家用场景创新研究,田蕴;唐悦;任可,2023,艺术科技,10.3969/j.issn.1004-9436.2023.21.059,journal article,zh,CULT_MEDIA,T2
CITING-WORK-F114DC346FC7,数字技术重构职业教育场景:理论基础、表征样态与行动路径,邓小华;连智平,2024,重庆高教研究,10.15998/j.cnki.issn1673-8012.2024.01.006,journal article,zh,EDUCATION,T3
CITING-WORK-C0F79DA0140E,操作性智能标准下的GPT参与司法,秦策,2023,中国应用法学,,journal article,zh,INFO_TECH,T3
CITING-WORK-29BA83FF1ECF,职业教育数智化场景建设的目标、框架与实践路径,杨易昆;罗江华,2023,中国职业技术教育,10.3969/j.issn.1004-9290.2023.36.007,journal article,zh,EDUCATION,T3
CITING-WORK-FCFEC93A17C6,体育强国背景下广西智慧体育场馆建设与应用研究,韦志辉,2024,中国市场,10.13939/j.cnki.zgsc.2024.18.014,journal article,zh,TOUR_HOSP,T2
CITING-WORK-3494FBC714E1,基于全场景行为研究的设计创新方法,赵璧,2023,装饰,10.3969/j.issn.0412-3662.2023.08.015,journal article,zh,INTERDISC_OTHER,T3
CITING-WORK-3CD4A46B6C9B,数据治理视域下隐私计算法律风险的规制困境与共治理路,孙笛;邹爱华,2025,中南民族大学学报（人文社会科学版）,10.19898/j.cnki.42-1704/c.202500826.03,journal article,zh,TOUR_HOSP,T2
CITING-WORK-6D66FB8F3627,数字时代的社会治理:从多元异质到协同共生,魏钦恭,2022,中央民族大学学报（哲学社会科学版）,,journal article,zh,SOC_POLICY,T2
CITING-WORK-27CD7BA18143,乡村振兴视域下农村公共文化空间重构研究——基于山西省D村的实证分析,赵潇飞,2021,,,thesis,zh,RURAL_AGRI,T3
CITING-WORK-B881DD60E6E1,仪式观视角下浙江民俗文化的传播与发展研究——以义乌迎龙灯文化为个案,陈梦圆,2021,,,thesis,zh,CULT_MEDIA,T3
CITING-WORK-D04DD2AC35F9,基于精明保护理念的重庆山地历史文化名镇文化空间重塑研究,杜垚,2021,,,thesis,zh,CULT_MEDIA,T3
CITING-WORK-480B458B46C3,山西翼城县西阎镇古村落文化空间记忆与当代活化研究,刘佩川,2021,,,thesis,zh,RURAL_AGRI,T3
CITING-WORK-DA28445FD0AF,豫南L村公共文化空间媒介化重构研究--基于传播地理学视阈下的理论考察,林树森,2023,,,thesis,zh,CULT_MEDIA,T3
CITING-WORK-BA19993CEF46,民俗文化资源化的地方实践研究--基于阳泉市桃林沟村的个案,王伽羽梓,2023,,,thesis,zh,CULT_MEDIA,T3
CITING-WORK-A83CB6AA7479,乡村文化振兴视角下W市T村公共文化空间建设的优化研究,熊琪,2023,,,thesis,zh,RURAL_AGRI,T3
CITING-WORK-027F5F7D8BDB,新时代数字乡村文化振兴研究--以D县为例,薛友怡,2023,,,thesis,zh,RURAL_AGRI,T3
CITING-WORK-0BEF0BA1E95C,需求导向下川南传统村落公共空间活力研究--以自贡市为例,蒲晋雯,2023,,,thesis,zh,RURAL_AGRI,T3
CITING-WORK-EA037F599470,乡村文化振兴推进现代农民培育研究,桂钰冰,2023,,,thesis,zh,RURAL_AGRI,T3
CITING-WORK-FEC64E665F66,乡村振兴战略背景下乡村文化建设研究--以山西省临汾市古县为例,孙艳,2023,,,thesis,zh,RURAL_AGRI,T3
CITING-WORK-5663F118555A,艺术乡建视域下晋宁五福村古滇陶瓷村落环境设计研究,王园园,2024,,,thesis,zh,RURAL_AGRI,T3
CITING-WORK-B92643A1488F,在地化乡村文化空间设计研究--以神农架大柳树文化馆为例,张一凡,2024,,,thesis,zh,ARCH_DES_HER,T3
CITING-WORK-0F8943FA7D21,服务设计视角下旅居式乡村养老公共空间设计研究——以济南泥淤泉村为例,马俊娜,2024,,,thesis,zh,ARCH_DES_HER,T3
CITING-WORK-5611A801298D,基于江南地域文化的乡村公共设施设计研究,刘宇萌,2024,,,thesis,zh,RURAL_AGRI,T3
CITING-WORK-EBA9A9E96757,乡村振兴战略背景下乡镇干部工作绩效关键影响因素识别研究,张子芑,2023,,,thesis,zh,RURAL_AGRI,T3
CITING-WORK-F07446DBE751,乡村振兴视域下河南省Y县乡村文化振兴路径研究,付雅兰,2023,,,thesis,zh,RURAL_AGRI,T3
CITING-WORK-8307E99ED9A5,乡村振兴战略背景下地方性金融机构发展路径研究--以X农商银行为例,田佳琳,2022,,,thesis,zh,RURAL_AGRI,T3
CITING-WORK-3900183194DA,乡村振兴视域下乡村文化建设的优化路径研究--以滇西南为例,雷涛,2025,,,thesis,zh,RURAL_AGRI,T3
CITING-WORK-638761A5C040,我国农村公共文化服务供给中的政府责任问题探析,陈小钗,2022,,,thesis,zh,RURAL_AGRI,T3
CITING-WORK-7EB885E25BDB,多中心治理视角下河南省辉县市西平罗乡社区文化建设研究,牛爽,2022,,,thesis,zh,CULT_MEDIA,T3
CITING-WORK-90C5D3D9EF26,抖音“新农人”短视频乡村媒介景观建构研究,张旭,2023,,,thesis,zh,ARCH_DES_HER,T3
CITING-WORK-1BBA6239C298,日常生活路径下的中国记忆史研究,田中玉,2024,,,thesis,zh,INTERDISC_OTHER,T3
CITING-WORK-2F1B990F092D,高品质生活之城建设目标下的保定乡村公共文化服务发展思考,孟祥林,2021,保定学院学报,10.13747/j.cnki.bdxyxb.2021.05.020,journal article,zh,RURAL_AGRI,T3
CITING-WORK-AACAC5B97FAD,乡村文化振兴研究述评及展望,管辉;秦鹏,2025,国家林业和草原局管理干部学院学报,10.3969/j.issn.2096-9481.2025.01.007,journal article,zh,RURAL_AGRI,T3
CITING-WORK-A98149837668,变迁中的新华书店:如何作为当代中国集体记忆的公共文化空间?,江翠平;路小静,2025,出版发行研究,10.3969/j.issn.1001-9316.2025.05.008,journal article,zh,CULT_MEDIA,T2
CITING-WORK-39D83C5F3983,"宋代溪峒地区竞渡""富贵坊""现象的社会价值探赜 ——基于对西北美洲""夸富宴""现象的解读",王继帅,2020,当代体育科技,10.16655/j.cnki.2095-2813.2009-1579-8679,journal article,zh,SPORT_LEISURE,T2
CITING-WORK-0AA86A488C0A,乡村振兴战略背景下容县杨贵妃传说资源的保护与开发,陈梓桐;林安宁,2021,歌海,10.3969/j.issn.1007-4910.2021.04.008,journal article,zh,RURAL_AGRI,T3
CITING-WORK-12C7D9C092B8,乡村振兴视域下乡村文化空间重构路径研究,陈秀阳,2024,甘肃农业,10.3969/j.issn.1673-9019.2024.11.024,journal article,zh,RURAL_AGRI,T2
CITING-WORK-B56D547B7E73,新媒体视域下乡村公共文化空间的嬗变和重构,言鑫成,2022,新媒体研究,10.3969/j.issn.2096-0360.2022.19.022,journal article,zh,CULT_MEDIA,T2
CITING-WORK-145DEB74C49C,县级融媒体中心在文旅融合中的功能拓展与实践创新,张继平;张娟;刘嫚,2026,新媒体研究,10.3969/j.issn.2096-0360.2026.02.019,journal article,zh,CULT_MEDIA,T2
CITING-WORK-030E5A6DC44F,农村公共文化服务助推我国乡村振兴的模式探索与价值创新,王丹;陈雅,2023,高校图书馆工作,10.3969/j.issn.1003-7845.2023.05.007,journal article,zh,INFO_TECH,T2
CITING-WORK-BDAE0780CF45,"新时代""枫桥经验""视野下民族传统村落社会治理创新研究——基于黔东南州20个传统村落的调查",郭建文;金凤,2025,贵州民族研究,10.13965/j.cnki.gzmzyj10026959.2025.04.009,journal article,zh,CULT_MEDIA,T2
CITING-WORK-0C6AE7A0E57B,乡村文化空间治理的理论逻辑与实践探索——基于江苏省M村的田野观察,娄倩;蒋卫东;魏宇君,2024,领导科学论坛,10.19299/j.cnki.42-1837/c.2024.10.022,journal article,zh,SOC_POLICY,T2
CITING-WORK-DCBE216BB744,"从三农短视频看数字乡村的空间生产与文化激活——以""含山汤猫子""短视频为例",张荣,2022,河北学刊,,journal article,zh,URBAN_PLAN_GEO,T2
CITING-WORK-353FDCD7A8A6,美丽乡村建设中的壁画艺术研究 ——以江淮分水岭地区为例,丁玉璞,2021,黑河学院学报,10.3969/j.issn.1674-9499.2021.09.020,journal article,zh,EDUCATION,T2
CITING-WORK-518F90E38CC8,城镇化进程中涉农社区乡土文化空间重塑研究,李建兴;陈锦富;陈藻,2024,华中建筑,,journal article,zh,ARCH_DES_HER,T2
CITING-WORK-06D097067BEE,权力、资本与生活:乡村公共空间生产的三重逻辑,张诚,2024,华中农业大学学报（社会科学版）,10.13300/j.cnki.hnwkxb.2024.01.014,journal article,zh,RURAL_AGRI,T2
CITING-WORK-56087C1D2A71,乡村公共设施演进历程及设计研究进展,周之澄;刘宇萌;徐媛媛,2022,江苏农业科学,10.15889/j.issn.1002-1302.2022.15.003,journal article,zh,RURAL_AGRI,T2
CITING-WORK-A9B278366706,乡村振兴视域下三都水族文化建设的困境及路径,韦文华;吴珊珊,2022,教育文化论坛,10.15958/j.cnki.jywhlt.2022.01.009,journal article,zh,RURAL_AGRI,T3
CITING-WORK-CC3ABB3E4C67,艺术乡建下晋宁五福村古滇陶瓷村落建设实践探索,王园园,2024,建筑与文化,10.19875/j.cnki.jzywh.2024.11.090,journal article,zh,ARCH_DES_HER,T2
CITING-WORK-8E04EB899F77,中国乡村公共空间的研究现状——基于CiteSpace的图谱量化研究,王子丰;王巍;李嘉琛,2021,科技传播,10.3969/j.issn.1674-6708.2021.21.042,journal article,zh,CULT_MEDIA,T2
CITING-WORK-0287C80885E5,乡村振兴视域下红色文化多元价值的发掘研究,冯佳源;刘勤,2022,理论观察,10.3969/j.issn.1009-2234.2022.01.032,journal article,zh,INTERDISC_OTHER,T2
CITING-WORK-BCB2599D9C46,资本循环理论视角下外来资本对民族村寨空间生产的影响研究,佚名,,,,thesis,zh,INTERDISC_OTHER,T3
CITING-WORK-E64B00B113FF,乡村文化和旅游公共服务融合协同水平测度及路径识别研究,张新成;高楠;王琳艳,2024,旅游科学,10.3969/j.issn.1006-575x.2024.07.004,journal article,zh,TOUR_HOSP,T2
CITING-WORK-EE95D8ECFF66,中国传统村落文化空间的研究现状与发展趋势,李方;苏鹏宇,2024,美术教育研究,10.3969/j.issn.1674-9286.2024.23.023,journal article,zh,ARCH_DES_HER,T2
CITING-WORK-36DEAF22BD6C,"基于""在地性""理念乡村公共文化空间的营造",赵建华;詹秦川,2021,美与时代（城市）,,journal article,zh,ARCH_DES_HER,T2
CITING-WORK-6F4292341890,文旅融合背景下乡村公共空间在地性设计策略研究,黄惠珍;孙洋;单良,2025,美与时代,10.3969/j.issn.1003-2592.2025.40.032,journal article,zh,ARCH_DES_HER,T2
CITING-WORK-904EE81365CF,乡村振兴战略背景下西藏农村公共文化空间建构研究,郑洲,2021,民族学刊,10.3969/j.issn.1674-9391.2021.02.009,journal article,zh,CULT_MEDIA,T2
CITING-WORK-BAB22097FA23,乡村振兴战略背景下乡村文化建设研究 ——以湖北省H市某村为例,龙佳妮,2020,农村实用技术,,journal article,zh,RURAL_AGRI,T2
CITING-WORK-A8FACB375F01,乡村振兴视角下乡村文化空间重构研究,王静雯,2024,现代农业研究,10.3969/j.issn.1674-0653.2024.03.015,journal article,zh,RURAL_AGRI,T2
CITING-WORK-8388131AB883,试论乡村振兴战略背景下乡村公共文化建设对策,李粉娟,2022,农家参谋,,journal article,zh,RURAL_AGRI,T3
CITING-WORK-432F98C9854A,乡村振兴战略下乡村文化空间建设路径研究,傅瑶,2021,农业经济,10.3969/j.issn.1001-6139.2021.04.022,journal article,zh,RURAL_AGRI,T2
CITING-WORK-3E9AE41B05EC,乡村振兴视角下农村公共文化服务政策执行现状与提升对策,孙万君;姚娟娟,2023,农业经济,10.3969/j.issn.1001-6139.2023.01.021,journal article,zh,RURAL_AGRI,T2
CITING-WORK-7AB72BD92BAD,乡村公共空间的设计方法,张倩;侯东辉;孙晨晨,2023,农业与技术,10.19754/j.nyyjs.20230215024,journal article,zh,RURAL_AGRI,T2
CITING-WORK-52A3A0F3EF7B,非遗传创视角下乡村文化场域重构探究,孙志远;刘峻佚;吕可欣,2024,农业与技术,10.19754/j.nyyjs.20240530024,journal article,zh,RURAL_AGRI,T2
CITING-WORK-6570492AB30D,乡村传统文化激活乡村治理研究:贵州例证,贺海波,2022,湖北第二师范学院学报,10.3969/j.issn.1674-344x.2022.07.012,journal article,zh,TOUR_HOSP,T2
CITING-WORK-45B383C1DC36,数字化艺术赋能乡村公共空间的耦合机理和路径探索——以福建省为例,官晓蓓;赵坤;吴志锋,2024,时代经贸,10.3969/j.issn.1672-2949.2024.02.040,journal article,zh,ECON_BUS_CONS,T2
CITING-WORK-982957AC4BD3,信息可视化技术嵌入乡村公共文化空间的路径研究,韩宏斌;丹振华,2025,丝网印刷,10.20084/j.cnki.1002-4867.2025.12.034,journal article,zh,CULT_MEDIA,T2
CITING-WORK-9CE566C9212D,乡村公共文化服务高质量发展路径研究——以安徽省为例,张文静;曹贤忠;张凯,2023,宿州学院学报,10.3969/j.issn.1673-2006.2023.07.005,journal article,zh,INTERDISC_OTHER,T2
CITING-WORK-943D274CC0A2,文旅融合背景下的乡村公共文化发展路径,潘颖;孙红蕾;郑建明,2021,图书馆论坛,10.3969/j.issn.1002-1167.2021.03.008,journal article,zh,INFO_TECH,T2
CITING-WORK-5B005E277BAD,省级图书馆参与乡村文化振兴的服务策略,李臻;彭松林,2022,图书馆,10.3969/j.issn.1002-1558.2022.05.002,journal article,zh,INFO_TECH,T2
CITING-WORK-F7852CFD5F26,县域视角下城乡公共文化空间建设的机制与路径研究——以鹤庆县为例,耿达;王跃贤;赵瑞芳,2023,图书馆,10.3969/j.issn.1002-1558.2023.08.001,journal article,zh,INFO_TECH,T2
CITING-WORK-F19F16AB7FA9,以传统乡愁文化推动新时代乡村文化振兴的逻辑理路,陈慧敏,2024,西北民族大学学报（哲学社会科学版）,10.3969/j.issn.1001-5140.2024.03.011,journal article,zh,TOUR_HOSP,T2
CITING-WORK-0CE26911061B,基于我国31个省区市的乡村振兴与基层公共文化服务耦合协调研究,尚子娟;任禹崑;杨斌,2023,现代城市研究,10.3969/j.issn.1009-6000.2023.12.001,journal article,zh,URBAN_PLAN_GEO,T2
CITING-WORK-29F572D79863,网红与笃行:马来西亚民营图书馆发展及经验启示——以文青图书馆为例,黄文波,2025,新世纪图书馆,10.16810/j.cnki.1672-514x.2025.07.011,journal article,zh,RURAL_AGRI,T2
CITING-WORK-B63B70746D44,乡村振兴背景下乡村公共文化空间整体形象建构与传播路径,吴欣彦,2023,新闻爱好者,,journal article,zh,CULT_MEDIA,T2
CITING-WORK-41931002B08B,关公文化视域下西古村公共空间的建构,令狐兆鹏;陈立立,2021,运城学院学报,10.3969/j.issn.1008-8008.2021.05.004,journal article,zh,TOUR_HOSP,T2
CITING-WORK-784CCA61DEFB,长江上游地区乡村生活空间生态化水平测度及区域差异研究,林琼;程莉;文传浩,2021,重庆文理学院学报（社会科学版）,10.19493/j.cnki.issn1673-8004.2021.05.002,journal article,zh,SOC_POLICY,T2
CITING-WORK-7B5E5866CC51,艺术联动、空间重构与乡村振兴:艺术参与乡村建设的当代意义,赵浩;邓思杭,2021,艺术传播研究,10.3969/j.issn.2096-8183.2021.04.007,journal article,zh,RURAL_AGRI,T3
CITING-WORK-A5A57687CC77,乡村振兴背景下县域公共服务供给水平评价,佚名,,,,thesis,zh,RURAL_AGRI,T3
CITING-WORK-54F55C757D0A,党建引领乡村文化振兴的目标趋向、实践样态与推进路径——基于豫东W村的个案考察,徐凤;王莉红,2025,中共郑州市委党校学报,10.3969/j.issn.1671-6701.2025.03.007,journal article,zh,RURAL_AGRI,T3
CITING-WORK-19C8F1DB7DA3,陕西省公共文化设施的空间分布及优化研究,牛少林,2024,,,thesis,zh,CULT_MEDIA,T3
CITING-WORK-C0BF39F27E3F,微更新视角下街道市集的复合空间设计研究——以杭州大马弄为例,金羽菲,2024,,,thesis,zh,ARCH_DES_HER,T3
CITING-WORK-33C420034C68,创意市集对云南咖啡公共文化品牌的推广及实践路径研究--以昆明咖啡创意市集为例,郝蓓,2025,,,thesis,zh,ECON_BUS_CONS,T3
CITING-WORK-1D965F314FBF,川陕革命文化融入少先队阵地活动的现状与对策研究--以广元市L红军小学为例,孔艺洁,2025,,,thesis,zh,CULT_MEDIA,T3
CITING-WORK-1AC9912B0C69,美食短视频对城市形象的构建--多模态话语分析的视角,韩晓茜,2023,,,thesis,zh,CULT_MEDIA,T3
CITING-WORK-74A6D28EB9D2,乡村振兴背景下古村落景观保护与提升设计研究--以济南方峪村为例,刁振超,2024,,,thesis,zh,ARCH_DES_HER,T3
CITING-WORK-BF20D3E56363,新时代雄安新区文化发展的战略思路和路径思考,齐骥,2019,发展研究,,journal article,zh,CULT_MEDIA,T3
CITING-WORK-94354CAB5AF1,特色文化小镇培育机制研究,刘亚丽;纪芬叶,2019,经济与管理,10.3969/j.issn.1003-3890.2019.02.011,journal article,zh,ECON_BUS_CONS,T3
CITING-WORK-E2A83EAB66B0,城市更新背景下老城片区动力提升路径研究——以浦江县老城区为例,肖丽平,2024,建筑与文化,10.19875/j.cnki.jzywh.2024.11.056,journal article,zh,ARCH_DES_HER,T2
CITING-WORK-9572DFA17331,促进城市文化消费持续增长,陆筱璐,2017,开放导报,10.3969/j.issn.1004-6623.2017.06.022,journal article,zh,TOUR_HOSP,T2
CITING-WORK-A76F8C3DCFBF,特色小镇建设要着力发掘和提升文化内涵,纪芬叶;刘亚丽;高玉敏,2018,开放导报,,journal article,zh,TOUR_HOSP,T2
CITING-WORK-57D004B32F85,元宇宙赋能下的图书馆场景建设,秦鑫茹;于准,2023,图书情报导刊,10.3969/j.issn.1005-6033.2023.07.005,journal article,zh,INTERDISC_OTHER,T2
CITING-WORK-20C74ED39385,场景理论下城市文化产业园公共文化空间的治理重构,房芳,2023,上海城市管理,10.3969/j.issn.1674-7739.2023.01.004,journal article,zh,SOC_POLICY,T2
CITING-WORK-4D85984B6F75,国家文化公园跨媒介叙事的逻辑机理与实践路径,秦宗财,2025,深圳大学学报（人文社会科学版）,10.3969/j.issn.1000-260x.2025.04.005,journal article,zh,CULT_MEDIA,T2
CITING-WORK-90C585B05F74,新型公共文化空间有效嵌入城市社区的维度与路径研究,侯雪言;周宇辉,2024,图书馆,10.3969/j.issn.1002-1558.2024.11.002,journal article,zh,INFO_TECH,T2
CITING-WORK-169054B15E6E,城市设计视角下的场景理论,陈莉,2020,新材料新装饰,10.12203/j.xclxzs.1671-9344.202016039,journal article,zh,ARCH_DES_HER,T3
CITING-WORK-C6D3E5DCA5D2,文化自信何以推动城市现代化发展 ——以雄安新区文化建设为例,张宗兰,2021,中共石家庄市委党校学报,10.3969/j.issn.1009-0169.2021.05.008,journal article,zh,SOC_POLICY,T2
CITING-WORK-248B75EDE467,"自媒体背景下""景漂""的陶瓷艺术创作与传播",佚名,,,,thesis,zh,CULT_MEDIA,T3
CITING-WORK-A95D8441F171,从设施到场景:城市更新的文化策略 ——基于Z省P市的个案研究,徐雅琴,2019,浙江树人大学学报,10.3969/j.issn.1671-2714.2019.01.010,journal article,zh,CULT_MEDIA,T2
CITING-WORK-05A9AA286328,基于邻域关系的咖啡馆选址取向关系分析,彭义,2022,中外建筑,10.19940/j.cnki.1008-0422.2022.11.007,journal article,zh,ARCH_DES_HER,T2
CITING-WORK-2C861154315D,红色文化空间的功能构建与创设路径,李孟舜,2022,中州学刊,10.3969/j.issn.1003-0751.2022.07.023,journal article,zh,RURAL_AGRI,T2
CITING-WORK-C117D049F0BC,乡村振兴进程中农村公共文化服务供给优化研究--以M县为例,马秋爽,2020,,,thesis,zh,RURAL_AGRI,T3
CITING-WORK-061ADFB0DEE8,乡村振兴战略下农民对乡村文化的认同研究--以河南省某农村地区为例,杜霄璇,2020,,,thesis,zh,RURAL_AGRI,T3
CITING-WORK-5722230AC5E0,基层公共文化服务绩效的影响因素研究——以湖北省T市为例,万维纳,2020,,,thesis,zh,CULT_MEDIA,T3
CITING-WORK-CC5EA285A8C3,社会变迁视角下山西新绛传统村落手工艺变迁研究——以光村、西庄村、泉掌村为例,裴璐,2020,,,thesis,zh,RURAL_AGRI,T3
CITING-WORK-66A570BA2EB1,“大喇叭又响起来了”：乡村治理中的声音景观,高晗,2021,,,thesis,zh,ARCH_DES_HER,T3
CITING-WORK-211869A160EA,城乡基本公共文化服务均等化测评及推进路径研究,张伟锋,2019,,,thesis,zh,CULT_MEDIA,T3
CITING-WORK-84A859271927,礼失求诸野——乡村振兴背景下山西绛州乡情体验馆设计创新与实践研究,李晓晨,2022,,,thesis,zh,RURAL_AGRI,T3
CITING-WORK-E0863647D516,古镇影响下的乡村公共服务设施配置优化研究,林茂,2021,,,thesis,zh,RURAL_AGRI,T3
CITING-WORK-8FC9AAA13783,农村公共文化服务建设中的政府履职研究--基于重庆市M镇的调查,刘春燕,2023,,,thesis,zh,RURAL_AGRI,T3
CITING-WORK-E1FC8C6B4FB9,我国巩固拓展健康扶贫成果同乡村振兴有效衔接问题研究,陈倩,2023,,,thesis,zh,RURAL_AGRI,T3
CITING-WORK-C6774CF3E06B,乡村振兴视角下汉寿县乡镇政府公共文化服务建设研究,徐志龙,2023,,,thesis,zh,RURAL_AGRI,T3
CITING-WORK-513644142433,乡村振兴背景下兴义市J镇乡村公共文化服务满意度研究,吴鸳,2023,,,thesis,zh,RURAL_AGRI,T3
CITING-WORK-8606F3B40546,全域旅游视域下乡村公共空间设计研究--以河南省修武县陪嫁妆村为例,娄乐霞,2023,,,thesis,zh,ARCH_DES_HER,T3
CITING-WORK-37BAD34F0622,基于行动者网络理论的新时代乡村文化治理路径研究,黄雅琴,2023,,,thesis,zh,RURAL_AGRI,T3
CITING-WORK-87CC94E4BA9E,广西客家地区乡村文化建设研究--以博白县为例,罗小玉,2023,,,thesis,zh,RURAL_AGRI,T3
CITING-WORK-311F088C0A65,乡村振兴战略视角下农村公共文化服务体系建设研究--以镇江市世业镇为例,张亚男,2022,,,thesis,zh,RURAL_AGRI,T3
CITING-WORK-C34E45F03D11,红色文化助力红安乡村振兴的对策研究,刘康,2023,,,thesis,zh,RURAL_AGRI,T3
CITING-WORK-3C3F732E3DA5,积分制重塑乡村公共性的治理逻辑与实践路径研究--以N省G市为例,李婷婷,2024,,,thesis,zh,RURAL_AGRI,T3
CITING-WORK-2DD2FEED7197,云南彝人古镇文化空间治理研究,高玮,2024,,,thesis,zh,CULT_MEDIA,T3
CITING-WORK-E9D56495B9D1,数字经济背景下关中乡村农贸公服设施空间更新研究--以西安市周至县纪联村为例,俞佳杰,2024,,,thesis,zh,RURAL_AGRI,T3
CITING-WORK-6EAA1BC01AB1,乡村振兴背景下西南边疆地区村干部能力提升研究--以凉山州G县为例,丰洪敏,2023,,,thesis,zh,RURAL_AGRI,T3
CITING-WORK-8B97D7B90D25,和美乡村视角下元阳六蓬村公共空间设计研究,陆梓欣,2025,,,thesis,zh,ARCH_DES_HER,T3
CITING-WORK-66676EF7768C,赋能与重构：数字化进程中的乡村文化建设研究--以G县为例,张晶,2025,,,thesis,zh,RURAL_AGRI,T3
CITING-WORK-85EB7106C8AB,乡村振兴背景下的农村公共文化服务供给研究--以河南省L县X乡为例,宋晓旭,2021,,,thesis,zh,RURAL_AGRI,T3
CITING-WORK-9A436ECE0E5E,浙江西扆村文化礼堂的管理与利用研究,杨洁,2020,,,thesis,zh,CULT_MEDIA,T3
CITING-WORK-54C70D254E85,城市公共文化空间建设问题研究--以河南省Z市“城市书房”为例,商旎,2022,,,thesis,zh,CULT_MEDIA,T3
CITING-WORK-C86B621FA4AD,客家传统村落的公共文化设施研究,刘玉宝;李慧嘉,2022,包装工程,10.19554/j.cnki.1001-3563.2022.02.046,journal article,zh,ARCH_DES_HER,T2
CITING-WORK-6B10D896234E,党的十九大以来乡村振兴战略研究综述,曹均学;代文姣,2021,长春师范大学学报（人文社会科学版）,10.3969/j.issn.1008-178x.2021.06.010,journal article,zh,RURAL_AGRI,T3
CITING-WORK-BA0C673AD97B,网络语境下城乡公共文化服务一体化的法治路径,宋凡;宋凯,2020,长江丛刊,,journal article,zh,CULT_MEDIA,T3
CITING-WORK-CDFA2046C067,乡村振兴战略下传统村落公共空间活化策略研究——以上海市奉贤区四团镇新桥村为例,高路;王彩霞;马会,2025,城市建筑空间,10.3969/j.issn.1006-6659.2025.07.024,journal article,zh,ARCH_DES_HER,T2
CITING-WORK-8FA4CBFC8F10,浅谈美丽乡村建设中乡村公共空间的现状与重构,周薇;郜玉莹;黄敏,2019,城镇建设,,journal article,zh,RURAL_AGRI,T3
CITING-WORK-E7FF05038EA3,重建基层:县级融媒体中心实践的平台化和组织化,沙垚,2020,当代传播,,journal article,zh,EDUCATION,T2
CITING-WORK-5DE41B55CCFF,基于乡村振兴战略的农村公共文化服务供给研究,李娟,2020,大众标准化,,journal article,zh,RURAL_AGRI,T3
CITING-WORK-1F652B60A8DA,乡村文化建设的历史变迁、现实审视与路径选择 ——基于文化治理的视角,李蕴哲;戴玉琴,2021,观察与思考,10.3969/j.issn.1008-8512.2021.12.012,journal article,zh,RURAL_AGRI,T3
CITING-WORK-1453D3846483,数字乡村视角下公共文化空间的重构与营造,崔烁,2024,湖北社会科学,10.3969/j.issn.1003-8477.2024.02.008,journal article,zh,INTERDISC_OTHER,T2
CITING-WORK-1984B648E627,活化与再生:乡村共同体建设的乡村记忆,杨绘荣;安亚倩;庞欣,2024,湖北行政学院学报,10.3969/j.issn.1671-7155.2024.03.010,journal article,zh,RURAL_AGRI,T3
CITING-WORK-97647D3863C4,皖北乡村公共服务设施现状特征及提升策略研究 ——以安徽省蒙城县为例,姚晓洁;洪翔,2020,安徽理工大学学报（社会科学版）,,journal article,zh,RURAL_AGRI,T3
CITING-WORK-DB5C52376B2A,乡村振兴战略下农村公共文化空间营建问题研究,张祝平,2020,河南教育学院学报（哲学社会科学版）,10.13892/j.cnki.cn41-1093/i.2020.01.006,journal article,zh,RURAL_AGRI,T3
CITING-WORK-9E0463AC2717,乡村文化振兴:基层软治理与公共性建构的契合逻辑,严火其;刘畅,2019,河南师范大学学报（哲学社会科学版）,10.16366/j.cnki.1000-2359.2019.02.007,journal article,zh,RURAL_AGRI,T3
CITING-WORK-1EB8B15C644E,乡村公共文化服务:资源博弈、内卷化困境与发展空间转向,孟祥林,2022,武陵学刊,10.16514/j.cnki.cn43-1506/c.2022.05.006,journal article,zh,ARCH_DES_HER,T2
CITING-WORK-82BC6BC06A88,乡村文化广场提升文化传播力的路径研究,苏若彤,2022,今传媒,10.3969/j.issn.1672-8122.2022.10.030,journal article,zh,INTERDISC_OTHER,T2
CITING-WORK-5EAD274958A3,乡村振兴战略背景下云南民族地区农村公共文化服务体系的优化,张萍;黄凯丽;赵海波,2022,经济师,10.3969/j.issn.1004-4914.2022.05.012,journal article,zh,ECON_BUS_CONS,T2
CITING-WORK-0561CA1858A8,马克思空间生产视域下乡村公共文化空间的重塑路径,孙浩;熊琪,2023,经济研究导刊,10.3969/j.issn.1673-291x.2023.01.003,journal article,zh,ECON_BUS_CONS,T2
CITING-WORK-4EBDE6B8D9E6,基于空间句法理论的乡村公共文化空间选址研究——以吉林省榆树市育民乡为例,王科奇;刘德利,2023,吉林建筑大学学报,10.3969/j.issn.1009-0185.2023.01.013,journal article,zh,ARCH_DES_HER,T3
CITING-WORK-46015FE628B9,乡村振兴背景下的乡村文化建设,陈贺,2019,吉林农业,10.14025/j.cnki.jlny.2019.17.001,journal article,zh,RURAL_AGRI,T3
CITING-WORK-C8F10E7BA253,新媒介与乡村:从科技兴农、媒介赋权到公共性重建,沙垚,2020,江西师范大学学报（哲学社会科学版）,,journal article,zh,RURAL_AGRI,T2
CITING-WORK-DFEA00C36358,文化振兴背景下岭南乡村公共建筑营建策略研究——以广州塱头村和佛山碧江村为例,李泽如;吴中平,2024,建筑与文化,10.19875/j.cnki.jzywh.2024.12.026,journal article,zh,ARCH_DES_HER,T2
CITING-WORK-46882D9956A9,我国公共文化服务均等化研究进展及趋势——基于CiteSpace文献可视化分析,于芊芊,2024,科技和产业,10.3969/j.issn.1671-1807.2024.22.036,journal article,zh,ECON_BUS_CONS,T2
CITING-WORK-4FFE5DE7DA59,"城乡融合发展视域下乡村文化治理的内在机理——以贵州""村BA""为例",彭熙瑜;许越,2024,老区建设,10.3969/j.issn.1005-7544.2024.11.007,journal article,zh,ECON_BUS_CONS,T2
CITING-WORK-C00A6F5262A7,乡村振兴中的公共文化传播优化策略探讨,王乐雅,2022,名家名作,10.3969/j.issn.2095-8854.2022.17.043,journal article,zh,RURAL_AGRI,T3
CITING-WORK-3B6E4A8EDFC1,乡风文明:乡村振兴的保障,闫婕,2022,农村经济与科技,10.3969/j.issn.1007-7103.2022.08.051,journal article,zh,RURAL_AGRI,T2
CITING-WORK-1DB3693A45BC,互动仪式链理论对乡村公共文化服务价值旨向的启示,任贵州,2019,宁夏社会科学,,journal article,zh,CULT_MEDIA,T2
CITING-WORK-D6EC4EF17026,"乡村公共文化服务智慧化实践类型与政策路径——基于""理念—制度—技术""分析框架",巫程成,2023,宁夏社会科学,10.3969/j.issn.1002-0292.2023.05.017,journal article,zh,CULT_MEDIA,T2
CITING-WORK-AD4780B4A99D,转型期乡村文化治理的行动逻辑,杜鹏,2021,求实,,journal article,zh,SOC_POLICY,T2
CITING-WORK-33F7B4D0CAE2,乡村振兴视角下乡村文化空间重构研究进展与展望,张若星,2023,人文地理,10.13959/j.issn.1003-2398.2023.02.005,journal article,zh,TOUR_HOSP,T2
CITING-WORK-106C6B3CADCE,乡村发展幸福产业的特色路径分析,崔彩周,2021,生产力研究,10.3969/j.issn.1004-2768.2021.11.013,journal article,zh,ECON_BUS_CONS,T2
CITING-WORK-370C1CA843DF,乡村振兴战略下的乡村公共文化建设探索,何玉萍,2023,参花,,journal article,zh,INTERDISC_OTHER,T2
CITING-WORK-14E708AD6B20,乡村公共文化空间的解构与建构,孟祥林,2021,石河子大学学报（哲学社会科学版）,10.3969/j.issn.1671-0304.2021.03.007,journal article,zh,RURAL_AGRI,T3
CITING-WORK-35625F6318F7,乡村振兴背景下农村公共文化空间重构研究,汪全莉;叶茂琳,2024,图书馆理论与实践,,journal article,zh,INFO_TECH,T2
CITING-WORK-FF9F0CA26D43,农村公共文化供需空间壁垒及其治理转向,何晓龙;韩美群,2022,图书馆论坛,10.3969/j.issn.1002-1167.2022.11.004,journal article,zh,INFO_TECH,T2
CITING-WORK-BC10690C3791,我国公共图书馆服务效率的时空差异与影响机制研究,韩慧;李少惠,2022,图书馆杂志,10.13663/j.cnki.lj.2022.02.002,journal article,zh,INFO_TECH,T2
CITING-WORK-E3402A0E7E5A,乡村振兴战略中公共文化传播策略,徐延章,2020,图书馆,,journal article,zh,INFO_TECH,T2
CITING-WORK-BCBCF2D2B516,乡村公共文化空间面临的问题和对策,丁利民,2019,文化创新比较研究,,journal article,zh,CULT_MEDIA,T2
CITING-WORK-9C4B3704DE44,历史文化:精神与物质财富之源——以文化为导向推动乡村古镇复兴,管宁,2020,文化产业研究,,journal article,zh,CULT_MEDIA,T2
CITING-WORK-253E475980B7,体育在乡村振兴战略中的文化引领与体系建构,边菊平;王毅;田静,2024,渭南师范学院学报,10.3969/j.issn.1009-5128.2024.05.007,journal article,zh,RURAL_AGRI,T3
CITING-WORK-E8202CD7DD20,基于乡村振兴战略的农村公共文化服务供给研究,胡炜佳,2019,文艺生活（中旬刊）,10.3969/j.issn.1005-5312.2019.06.148,journal article,zh,RURAL_AGRI,T3
CITING-WORK-46E420544BE5,乡村公共文化内卷化困境与对策,孟祥林,2019,西北农林科技大学学报（社会科学版）,10.13968/j.cnki.1009-9107.2019.05.06,journal article,zh,RURAL_AGRI,T2
CITING-WORK-EB500DAF99AF,"""过渡""形态下农村公共文化空间的功能研究 ——基于山西省阳曲县农村戏台的分析",赵潇飞,2021,学理论,10.3969/j.issn.1002-2589.2021.03.018,journal article,zh,RURAL_AGRI,T3
CITING-WORK-5AA0A457D2AA,乡村振兴视域下农村公共文化空间重构的新体系,朱媛媛;甘依霖;韩勇,2020,信阳师范学院学报（哲学社会科学版）,10.3969/j.issn.1003-0964.2020.02.005,journal article,zh,RURAL_AGRI,T3
CITING-WORK-04CD158DEA16,乡村振兴进程中的拉萨市公共服务供给方式创新研究,肖志杨;杨啸宇,2021,西藏发展论坛,10.3969/j.issn.1673-2669.2021.01.012,journal article,zh,RURAL_AGRI,T3
CITING-WORK-52E2EBC74977,村庄公共性再造:乡村文化治理的实践逻辑——基于福建省晋江市S村移风易俗的实证分析,李永萍,2021,中国农业大学学报（社会科学版）,,journal article,zh,RURAL_AGRI,T3
CITING-WORK-CE60322CD1F8,乡村公共文化空间建设赋能乡村振兴,佚名,,,,thesis,zh,RURAL_AGRI,T3
CITING-WORK-05E652B5B4D9,共富风貌驿设计思考及探索——以926工匠公园为例,罗文馨;鲍张丰,2024,浙江建筑,10.3969/j.issn.1008-3707.2024.01.007,journal article,zh,ARCH_DES_HER,T2
CITING-WORK-1364745747A0,深度贫困地区公共文化服务效能建设的困境及其破解,胡守勇,2019,中州学刊,10.3969/j.issn.1003-0751.2019.09.013,journal article,zh,RURAL_AGRI,T2
CITING-WORK-2A28553791C2,短视频中的网红营销对消费者购买意愿影响研究,黄玉敏,2021,,,thesis,zh,ECON_BUS_CONS,T3
CITING-WORK-F84E35A7887F,直播电商商业模式中价值创造的动因及其机理——基于fsQCA的实证研究,王秀芬,2021,,,thesis,zh,ECON_BUS_CONS,T3
CITING-WORK-3A63839535FB,农产品直播营销中消费者信任转移及重购意愿研究,宋凌迪,2021,,,thesis,zh,ECON_BUS_CONS,T3
CITING-WORK-F5A3E3593284,基于网络直播带货的虚假信息传播研究,满瑞琦,2022,,,thesis,zh,CULT_MEDIA,T3
CITING-WORK-B704E70E6B27,“浙江村”经营户电商直播采纳意愿的影响因素研究,林京京,2022,,,thesis,zh,INTERDISC_OTHER,T3
CITING-WORK-B345B2BC24EA,直播电商情境下消费者购买意愿的影响因素研究——基于方法-目的链理论,梁惠月,2022,,,thesis,zh,ECON_BUS_CONS,T3
CITING-WORK-0081C3A5E785,场景传播视域下电商直播的用户购买体验研究,何懿玮,2022,,,thesis,zh,CULT_MEDIA,T3
CITING-WORK-6ACDEA8AC67E,直播场景特征对网红品牌资产的影响机制研究,方青青,2022,,,thesis,zh,ECON_BUS_CONS,T3
CITING-WORK-43504FAB9CD3,生鲜农产品带货直播对消费者品牌态度的影响研究——基于互动仪式链理论,孔露露,2022,,,thesis,zh,ECON_BUS_CONS,T3
CITING-WORK-507A483CB731,基于SICAS模型的H公司网络直播营销策略研究,李燕,2022,,,thesis,zh,INFO_TECH,T3
CITING-WORK-0B030D926BFE,电商直播情境下顾客感知价值和在线购买意愿的影响研究,付天娇,2022,,,thesis,zh,INTERDISC_OTHER,T3
CITING-WORK-FA0D381E86B5,电商直播情境下根脉诉求对消费者购买意愿的影响机制研究,余苗,2022,,,thesis,zh,ECON_BUS_CONS,T3
CITING-WORK-D97AF38E093D,电商直播互动行为对消费者幸福感的影响研究,张玉婷,2022,,,thesis,zh,ECON_BUS_CONS,T3
CITING-WORK-30369026E406,电商直播中消费者品牌信任的影响因素研究,叶帅,2022,,,thesis,zh,ECON_BUS_CONS,T3
CITING-WORK-00837E9F9153,基于灵感与品牌态度的品牌直播体验对消费者契合的影响研究,贾奇,2022,,,thesis,zh,ECON_BUS_CONS,T3
CITING-WORK-655C01D83E18,基于SWOT-PEST模型的传统媒体电商直播分析及发展策略研究——以央视媒体为例,李云兰,2021,,,thesis,zh,CULT_MEDIA,T3
CITING-WORK-CF40C5CA2277,基于场景理论的电商主播人设传播研究,郑亚珂,2022,,,thesis,zh,CULT_MEDIA,T3
CITING-WORK-F0E170F455DA,说服理论视角下电商直播消费者在线购买意愿影响因素研究,艾婷,2022,,,thesis,zh,ECON_BUS_CONS,T3
CITING-WORK-22409D5016CE,互动仪式链视角下抖音电商直播互动研究--以东方甄选直播间为例,田甜,2023,,,thesis,zh,INTERDISC_OTHER,T3
CITING-WORK-CB7FFDA683F2,网络直播销售虚假宣传的法律规制研究,于梦蝶,2023,,,thesis,zh,INFO_TECH,T3
CITING-WORK-944AFBB28783,基于SICAS模型的“三农”直播电商传播策略研究--以“蜀中桃子姐”为例,黎媛媛,2023,,,thesis,zh,CULT_MEDIA,T3
CITING-WORK-352B4F5ED920,网红销售食品直播中消费者情绪对购买意愿及消费金额的影响研究,刘启轩,2023,,,thesis,zh,ECON_BUS_CONS,T3
CITING-WORK-3510088FEB3F,电商直播的景观建构研究,王巍,2022,,,thesis,zh,ARCH_DES_HER,T3
CITING-WORK-9578C12C3568,基于拟剧理论的电商主播自我呈现研究,傅雨,2023,,,thesis,zh,INTERDISC_OTHER,T3
CITING-WORK-F5367D90AD2D,大学生电商直播使用与消费价值观研究--以河北地区为例,于鑫娜,2023,,,thesis,zh,ECON_BUS_CONS,T3
CITING-WORK-E3BDC33C660E,电商直播情境下美妆产品消费者购买意愿影响因素研究,刘玉龙,2023,,,thesis,zh,ECON_BUS_CONS,T3
CITING-WORK-DEAA22CDB09A,社交电商背景下农产品市场交易秩序变迁研究,万月龙,2023,,,thesis,zh,ECON_BUS_CONS,T3
CITING-WORK-AF0376DE40D4,符号学视阈下电商直播的广告属性研究,夏晔婕,2022,,,thesis,zh,INTERDISC_OTHER,T3
CITING-WORK-B2B2A37DD7CC,品牌价值共创视阈下的电商直播研究,崔梦鸽,2022,,,thesis,zh,ECON_BUS_CONS,T3
CITING-WORK-5CC62F17FB68,数字经济时代内容电商运营模式研究--以抖音、快手、小红书为例,张进,2023,,,thesis,zh,ECON_BUS_CONS,T3
CITING-WORK-98AE1AC8D6FE,电商直播下生鲜农产品购买意愿与行为一致性研究,贺旗,2023,,,thesis,zh,INTERDISC_OTHER,T3
CITING-WORK-B94BC6C94D0E,直播电商D甄选公司营销策略研究,周帆,2023,,,thesis,zh,INTERDISC_OTHER,T3
CITING-WORK-DC4DF3557195,目之所及，心之所向?旅游直播服务场景对用户旅游意愿的影响机制研究,纪思宇,2023,,,thesis,zh,TOUR_HOSP,T3
CITING-WORK-E635BA57BA52,乡村青年的短视频实践及社会资本建构研究,梁赛赛,2023,,,thesis,zh,RURAL_AGRI,T3
CITING-WORK-FCA1BEB8F677,再现与重构：传统节日创新传播实践中的文化记忆研究,张皓雪,2024,,,thesis,zh,CULT_MEDIA,T3
CITING-WORK-4B6A8B21610F,电商导购类APP的传播研究--以什么值得买为例,李倩倩,2023,,,thesis,zh,CULT_MEDIA,T3
CITING-WORK-8F0D05DD0143,虚拟社区中网络人际信任形成过程研究--以微博团购群体为例,朱亚丽,2023,,,thesis,zh,INFO_TECH,T3
CITING-WORK-80DA690D3DF2,农产品直播中消费者临场感对购买意愿的影响及其组态路径研究,展书静,2024,,,thesis,zh,ECON_BUS_CONS,T3
CITING-WORK-EEE889FF843B,符际不一致视域下新型直播带货主播多模态身份构建,吴兴雅,2024,,,thesis,zh,INTERDISC_OTHER,T3
CITING-WORK-7ABF1EF2B82A,虚拟主播信息源特性对用户参与行为的影响研究,姚起腾,2024,,,thesis,zh,INFO_TECH,T3
CITING-WORK-5F9709ABBCC2,抖音平台农产品直播带货说服效果的影响机制研究,金叶露,2024,,,thesis,zh,INFO_TECH,T3
CITING-WORK-2E038BA175D4,直播带货中消费者求偿权保护研究,李毓,2024,,,thesis,zh,ECON_BUS_CONS,T3
CITING-WORK-08B83256EDE5,电商主播类型对消费者行为的影响研究：对比智能主播和真人主播,徐静,2023,,,thesis,zh,ECON_BUS_CONS,T3
CITING-WORK-A55813782FEF,情感消费与注意力资本化：直播场域中消费行为的机制研究--以快手平台为例,吴伟杰,2024,,,thesis,zh,ECON_BUS_CONS,T3
CITING-WORK-4B7F89626ACE,绵阳市城镇居民网购生鲜农产品意愿及影响因素研究,赵志杰,2024,,,thesis,zh,INTERDISC_OTHER,T3
CITING-WORK-DEC516EF8167,快手平台新农人短视频媒介景观的呈现与意义指向研究,徐颖,2024,,,thesis,zh,ARCH_DES_HER,T3
CITING-WORK-94F17D68DD5A,“东方甄选”抖音号互动传播模式研究,白月英,2024,,,thesis,zh,CULT_MEDIA,T3
CITING-WORK-501474191CC6,虚拟主播的形象行为相似性对消费者品牌信任的影响研究——基于临场感的中介效应,周琴雪,2024,,,thesis,zh,ECON_BUS_CONS,T3
CITING-WORK-D5A89921A056,SJ公司预制菜产品直播业务顾客满意度提升研究,孙陆,2023,,,thesis,zh,INTERDISC_OTHER,T3
CITING-WORK-F5225955DA11,MZ童装公司直播营销策略优化研究,朱雨娴,2023,,,thesis,zh,INTERDISC_OTHER,T3
CITING-WORK-619F8E1E5FA0,微信视频号小型电商直播间的信任建构机制研究,袁卅,2024,,,thesis,zh,INTERDISC_OTHER,T3
CITING-WORK-3646929987E0,青岛G网红经纪公司营销策略研究,陶艺伟,2024,,,thesis,zh,INTERDISC_OTHER,T3
CITING-WORK-3883438173B5,基于SICAS模型的X翡翠玉器有限公司直播营销策略研究,罗惠敏,2023,,,thesis,zh,INTERDISC_OTHER,T3
CITING-WORK-C7B253E30A71,直播电商平台监管责任研究,黎时维,2024,,,thesis,zh,INFO_TECH,T3
CITING-WORK-FA878E494F97,基于SICAS模型的T日用品设计公司营销策略优化研究,赵连普,2024,,,thesis,zh,INTERDISC_OTHER,T3
CITING-WORK-9E351F182AC2,互动仪式链视角下抖音平台乡村主播带货互动研究,王相宜,2024,,,thesis,zh,RURAL_AGRI,T3
CITING-WORK-FCDB97ED0A9B,突发事件中政府回应对公众情绪的影响研究,师硕,2024,,,thesis,zh,INTERDISC_OTHER,T3
CITING-WORK-C32F4B5098F5,不同市场结构下电商企业直播渠道选择策略研究,宁宇,2024,,,thesis,zh,ECON_BUS_CONS,T3
CITING-WORK-9B8575F36798,主播类型和产品创新类型对直播间创新产品购买意愿的交互影响研究,刘薇,2025,,,thesis,zh,INTERDISC_OTHER,T3
CITING-WORK-ED961A34710B,官员助农直播中场景搭建对消费者购买意愿的影响研究,周梦婷,2025,,,thesis,zh,ECON_BUS_CONS,T3
CITING-WORK-9301879851D0,国货电商直播用户情感能量的积聚机理研究,张钰婕,2025,,,thesis,zh,INTERDISC_OTHER,T3
CITING-WORK-330CBAAA6E6D,直播营销情境下消费者行为的驱动因素及作用机制研究,李秋锦,2023,,,thesis,zh,ECON_BUS_CONS,T3
CITING-WORK-E24877A5A8A5,场景视域下头部网红直播带货现象研究,沈丹阳,2021,,,thesis,zh,INTERDISC_OTHER,T3
CITING-WORK-4BE5D28EB678,消费社会理论视角下“虚拟恋人”现象研究,陶然,2021,,,thesis,zh,ECON_BUS_CONS,T3
CITING-WORK-6A24E4699359,基于QCA方法的电商直播间顾客粘性影响因素研究,王诗馨,2023,,,thesis,zh,INTERDISC_OTHER,T3
CITING-WORK-879DFA9C3AE7,互动仪式视域下电商直播的情感传播分析,张书平,2023,,,thesis,zh,CULT_MEDIA,T3
CITING-WORK-424D429AEF74,H茶饮公司直播营销效果提升研究,郭娉婷,2024,,,thesis,zh,INTERDISC_OTHER,T3
CITING-WORK-1D58EF4B2B03,M鞋业公司直播营销策略优化研究,付洁,2024,,,thesis,zh,INTERDISC_OTHER,T3
CITING-WORK-293CF58EE4C5,电商直播中带货主播的情感劳动研究,刘志双,2024,,,thesis,zh,INTERDISC_OTHER,T3
CITING-WORK-42357907058E,直播内容营销对消费者购买意愿的影响--以临场感为中介,全娇颖,2024,,,thesis,zh,ECON_BUS_CONS,T3
CITING-WORK-C8BD6187B1A5,电商直播场景对消费者购买意愿的影响研究,陈丽琴,2022,,,thesis,zh,ECON_BUS_CONS,T3
CITING-WORK-6106248612A3,人工智能技术在电商直播中的应用及未来发展,陈梦宁,2025,,,thesis,zh,INFO_TECH,T3
CITING-WORK-9A71319C5A21,生鲜农产品直播带货的营销策略分析——以丽江突尼斯软籽石榴为例,贾莫昆;常志有,2022,安徽农业科学,10.3969/j.issn.0517-6611.2022.11.054,journal article,zh,RURAL_AGRI,T2
CITING-WORK-E42D50E3A8A5,农产品直播购买意愿的影响因素研究——基于场景框架和信息类型的交互效应,赵文德;谢菡,2024,北方经贸,,journal article,zh,ECON_BUS_CONS,T2
CITING-WORK-C22A92DF332D,农民直播带货的成因、问题与前景探讨,马榕阳;商思争,2023,大陆桥视野,,journal article,zh,INTERDISC_OTHER,T3
CITING-WORK-40361E2343D4,场景符号化:电商直播的现实表征及其价值反思,王巍,2021,东南传播,,journal article,zh,CULT_MEDIA,T2
CITING-WORK-0682FB052142,数字乡村建设背景下的农产品直播电商应用研究,邱碧珍;胡治芳,2023,福建轻纺,10.3969/j.issn.1007-550x.2023.07.008,journal article,zh,RURAL_AGRI,T3
CITING-WORK-2CE309A8DD0A,我国直播电商的生态剖析与突围路径研究,张金香;苏义林,2022,发展,10.3969/j.issn.1004-8863.2022.01.016,journal article,zh,INTERDISC_OTHER,T3
CITING-WORK-54514A6F81AB,农产品电商直播赋能乡村振兴实践的路径研究,张金香;管乐然,2023,广东开放大学学报,10.3969/j.issn.1008-9764.2023.02.018,journal article,zh,RURAL_AGRI,T3
CITING-WORK-4D623C0E6CDF,"""任务-社会""视角下的电商直播间氛围线索依恋效应研究",潘梦诗;孙明贵,2024,管理学报,10.3969/j.issn.1672-884x.2024.09.011,journal article,zh,INTERDISC_OTHER,T2
CITING-WORK-4E8E309EFABA,网购短视频呈现与大学生购买意愿探析——以抖音平台为例,张至元,2024,国际公关,,journal article,zh,CULT_MEDIA,T2
CITING-WORK-3BCCD0B51FD4,直播电商发展的多维逻辑审视,王宝义;王寒寒;丁平,2023,工信财经科技,,journal article,zh,INTERDISC_OTHER,T3
CITING-WORK-316911CE09DA,电商直播面临的困境及路径探寻,彭新宇;付亚芹,2023,湖北经济学院学报（人文社会科学版）,10.3969/j.issn.1671-0975.2023.12.021,journal article,zh,ECON_BUS_CONS,T2
CITING-WORK-B5A8DCC6ADDB,农产品直播带货的影响因素与传播策略研究,杨兴锐;姜蒙蒙,2025,黄冈师范学院学报,10.3969/j.issn.2096-7020.2025.01.017,journal article,zh,ECON_BUS_CONS,T2
CITING-WORK-3F3CEDED7B61,全民直播时代主播特性对消费者购买意愿影响研究,刘玉奇;张晓芸;王强,2024,价格理论与实践,10.19851/j.cnki.cn11-1010/f.2024.04.211,journal article,zh,ECON_BUS_CONS,T2
CITING-WORK-B5DB0F975F48,互动仪式链视角下的群体共在分析——县长助农直播带货逻辑,徐增展,2021,市场论坛,10.3969/j.issn.1672-8777.2021.06.003,journal article,zh,ECON_BUS_CONS,T3
CITING-WORK-78813FC2EA8D,直播电商赋能乡村产业发展路径探究,李冠源,2025,江苏经贸职业技术学院学报,10.16335/j.cnki.issn1672-2604.2025.03.005,journal article,zh,RURAL_AGRI,T3
CITING-WORK-157BD5235AA9,"试析直播场域中认知争夺的策略路线——媒介可供性的分析视角:以""东方甄选""为例",喻国明;赵文娜;谢乔杉,2023,教育传媒研究,,journal article,zh,EDUCATION,T2
CITING-WORK-DC968ADBCE5A,直播电商扶贫的实践模式总结与探讨,孙文策;严继超;李华,2022,经营与管理,,journal article,zh,ARCH_DES_HER,T2
CITING-WORK-A85337E79E06,抖音直播带货场景融合效果及优化路径探析,潘文博,2024,记者摇篮,10.3969/j.issn.2096-3858.2024.05.018,journal article,zh,INTERDISC_OTHER,T2
CITING-WORK-E6AF1770ECF0,直播营销中的消费行为研究综述,李茸;毕雯雯,2022,科技和产业,10.3969/j.issn.1671-1807.2022.09.044,journal article,zh,ECON_BUS_CONS,T2
CITING-WORK-50123666E41B,文旅场景直播中意义迁移促进产品销售的作用机制研究——以东方甄选山西行的农产品销售为例,刘改芳;王涛,2025,旅游科学,,journal article,zh,TOUR_HOSP,T2
CITING-WORK-61DD5445DC46,社会资本视角下农产品直播带货的现实困境及路径探索,马源浩;刘洁,2024,农村经济与科技,10.3969/j.issn.1007-7103.2024.19.067,journal article,zh,RURAL_AGRI,T2
CITING-WORK-088D49F74582,电商驱动下农产品品牌打造与价值提升,李吉艳,2022,南方农机,10.3969/j.issn.1672-3872.2022.11.034,journal article,zh,RURAL_AGRI,T2
CITING-WORK-7A39E39CADD4,直播电商的发展现状、研究主体及展望——一个系统性文献综述(上),龚立新;展书静;孔栋,2023,南阳理工学院学报,10.16827/j.cnki.41-1404/z.2023.01.014,journal article,zh,ARCH_DES_HER,T2
CITING-WORK-573329B4CC01,在线知识社区用户协同价值共创情境构建研究,王英杰,2021,情报科学,10.13833/j.issn.1007-7634.2021.04.005,journal article,zh,INFO_TECH,T2
CITING-WORK-E695E43CBE2B,突发事件情境下的政府网络话语研究,师硕;王国华,2022,情报杂志,10.3969/j.issn.1002-1965.2022.06.017,journal article,zh,INTERDISC_OTHER,T2
CITING-WORK-5B9F7D13D1A8,"""十五五""时期青年发展规划:新环境、新挑战与重点任务",陆杰华;郁亚蔓,2025,青年探索,10.13583/j.cnki.issn1004-3780.2025.01.001,journal article,zh,URBAN_PLAN_GEO,T2
CITING-WORK-5648607236A6,抖音平台服装类电商直播的互动策略探析,赵婉婷;陈英,2026,视听,10.3969/j.issn.1674-246x.2026.08.024,journal article,zh,CULT_MEDIA,T2
CITING-WORK-0CF919440725,直播电商营销模式对消费者购买决策的影响机制研究,周明洋;尹佳雯,2022,现代商业,,journal article,zh,ECON_BUS_CONS,T2
CITING-WORK-F56CB801566C,淘宝直播带货对消费者购买行为影响因素研究,刘聪慧;吴雅楠;霍睿云,2023,现代商业,,journal article,zh,ECON_BUS_CONS,T2
CITING-WORK-6F7DB2C2180F,新网红经济视角下直播带货模式中消费者信任的衍生机制研究,熊柳,2022,商业经济研究,10.3969/j.issn.1002-5863.2022.21.023,journal article,zh,ECON_BUS_CONS,T2
CITING-WORK-160EAD8F875E,电商直播带货营销的机理、困境与策略,邓琳佳,2022,潍坊工程职业学院学报,10.3969/j.issn.1009-2080.2022.06.007,journal article,zh,INTERDISC_OTHER,T3
CITING-WORK-B1FECD0C4E7C,"电商直播间场域中网红主播""文化资本""的形成路径研究",陈龙;经羽伦,2022,文化研究,,journal article,zh,CULT_MEDIA,T3
CITING-WORK-BF1F2355F40C,直播电商背景下新型供应链管理模式实现路径研究,田龙过;邱江南,2022,物流科技,10.13714/j.cnki.1002-3100.2022.18.041,journal article,zh,INTERDISC_OTHER,T3
CITING-WORK-E333E4C649CD,数字劳动、礼物交换与网络消费——中国网络直播经济研究反思,郑宇;杨素,2022,北方民族大学学报（哲学社会科学版）,10.3969/j.issn.1674-6627.2022.06.012,journal article,zh,SOC_POLICY,T2
CITING-WORK-70446B0BED46,中国直播电商文献检视与研究展望,王宝义;丁平;王寒寒,2022,长安大学学报（社会科学版）,10.3969/j.issn.1671-6248.2022.05.007,journal article,zh,CULT_MEDIA,T2
CITING-WORK-6760A5F949CE,企业自播电商特征对消费者购买意愿影响的实证研究,徐雪枫,2023,湖北文理学院学报,10.3969/j.issn.1009-2854.2023.08.008,journal article,zh,TOUR_HOSP,T2
CITING-WORK-6DBCFA471670,电商直播与消费模式认同的变化:以东方甄选为例,顾小伟,2023,学海,10.3969/j.issn.1001-9790.2023.06.006,journal article,zh,ECON_BUS_CONS,T2
CITING-WORK-FB83EF5836BA,电商行业内容生态的现状、问题与治理对策,喻国明;李彪;杨雅,2023,新闻与写作,10.3969/j.issn.1002-2295.2023.03.010,journal article,zh,CULT_MEDIA,T2
CITING-WORK-FB55F74D3451,幻象营造与消费驯化:直播购物的消费主义文化逻辑分析,章文宜;莫少群,2022,学习与实践,,journal article,zh,EDUCATION,T2
CITING-WORK-7037E7E3E68B,数字化认同:电商直播中的消费信任构建,林傲耸;刘少杰,2025,学习与探索,10.20231/j.cnki.xxyts.2025.06.011,journal article,zh,EDUCATION,T2
CITING-WORK-0840451D579C,后疫情时代博物馆传播新样态及其路径研究,张立,2021,云南师范大学学报（哲学社会科学版）,10.3969/j.issn.1000-5110.2021.03.012,journal article,zh,CULT_MEDIA,T2
CITING-WORK-C1AB997D03E0,社会资本视角下乡村直播带货的困境及其破解,袁宇阳;张文明,2021,中国流通经济,10.14089/j.cnki.cn11-3664/f.2021.10.008,journal article,zh,ECON_BUS_CONS,T2
CITING-WORK-A113CF4C1EE3,电商直播在皮革行业的应用研究,刘婉莹,2022,中国皮革,10.13536/j.cnki.issn1001-6813.2022-008-006,journal article,zh,INTERDISC_OTHER,T3
CITING-WORK-64EFA120765C,返乡青年参与农村基层微治理的短视频实践研究,周孟杰;刘子瑨;燕道成,2024,中国青年研究,10.3969/j.issn.1002-9931.2024.10.006,journal article,zh,SOC_POLICY,T2
CITING-WORK-6BA71A49768B,数字直播平台中的互动仪式与隐性支配——以A电商直播平台为例,龚为纲,2023,中国社会科学评价,,journal article,zh,INFO_TECH,T3
CITING-WORK-1E7513CF14A2,OTA平台旅游产品直播带货营销可行性探讨,李双;农朝幸,2022,中国市场,10.13939/j.cnki.zgsc.2022.10.181,journal article,zh,TOUR_HOSP,T2
CITING-WORK-5604C9A1F9FD,基于Citespace的直播带货研究可视化分析,黄河;吴燕,2022,中国市场,10.13939/j.cnki.zgsc.2022.30.124,journal article,zh,TOUR_HOSP,T2
CITING-WORK-92981153138B,重庆市高架桥附属空间体验式景观设计研究,张诗雨,2022,,,thesis,zh,ARCH_DES_HER,T3
CITING-WORK-005211A2DFA0,基于社区营造的开放式老旧小区公共空间多维度更新策略研究,张艺铃,2022,,,thesis,zh,URBAN_PLAN_GEO,T3
CITING-WORK-6EC9EF58FC35,太原市老旧小区改造居民居住福利改善状况研究,杨泽宇,2022,,,thesis,zh,INTERDISC_OTHER,T3
CITING-WORK-495448CE3EB6,山地城市机关大院住区室外环境评价及更新策略研究——以贵阳市为例,汤雨菡,2022,,,thesis,zh,URBAN_PLAN_GEO,T3
CITING-WORK-149556DB4996,基于空间正义的旧居住区更新设计研究,方珂,2022,,,thesis,zh,INTERDISC_OTHER,T3
CITING-WORK-44461D750C24,郑州市综合性公园开放式边界空间活力及影响因素研究,赵濛濛,2022,,,thesis,zh,INTERDISC_OTHER,T3
CITING-WORK-6936C5369AD3,文脉主义视角下的历史文化街区公共空间设计策略研究——以自贡市贡井老街河街为例,龚启东,2022,,,thesis,zh,ARCH_DES_HER,T3
CITING-WORK-8C5D4CD84D31,社区治理背景下城镇老旧小区改造对策研究——以呈贡区为例,张津豪,2022,,,thesis,zh,URBAN_PLAN_GEO,T3
CITING-WORK-06CD9AA67570,青岛历史文化街区公共空间适老化更新策略研究,王勤林,2022,,,thesis,zh,ARCH_DES_HER,T3
CITING-WORK-BB24999572F7,基于环境行为学的老旧住区公共空间更新研究--以上海金塘小区为例,杜洁,2023,,,thesis,zh,URBAN_PLAN_GEO,T3
CITING-WORK-3BFDEDFD38B7,山地老旧社区公共空间适老化改造研究——以重庆市渝中区为例,谭朋,2023,,,thesis,zh,URBAN_PLAN_GEO,T3
CITING-WORK-0C80AC43A6C3,存量优化背景下历史文化街区更新策略研究--以峡江县南门遗存街区为例,张珂,2023,,,thesis,zh,ARCH_DES_HER,T3
CITING-WORK-F6417B9415A8,城市老旧社区旅游空间生产与影响研究--以重庆市南岸区海新街社区为例,张椰维,2023,,,thesis,zh,TOUR_HOSP,T3
CITING-WORK-41B4019C8575,公共性视角下山地老旧社区存量公共空间微更新设计研究--以重庆工人村社区为例,刁游,2023,,,thesis,zh,URBAN_PLAN_GEO,T3
CITING-WORK-B9AD98A6BC74,元治理视角下城镇老旧小区秩序再造路径研究--以广西H市J街道为例,覃译萱,2023,,,thesis,zh,SOC_POLICY,T3
CITING-WORK-703D830685ED,老旧小区改造背景下小城镇单位型住区公共空间品质提升策略研究--以宁陕县子午郡片区为例,郝转,2022,,,thesis,zh,URBAN_PLAN_GEO,T3
CITING-WORK-0E55D8AA9983,城市公园绿地植物景观空间特征研究,申雅雯,2023,,,thesis,zh,ARCH_DES_HER,T3
CITING-WORK-1713C53DA00C,基于活动优先需求的老旧住区开放空间评价研究--以大连市主城区为例,陈天阳,2023,,,thesis,zh,INTERDISC_OTHER,T3
CITING-WORK-052FC8E9496A,城市更新背景下老旧小区活态再生改造设计--以开封市顺河回族区德福苑小区为例,陈祥,2023,,,thesis,zh,URBAN_PLAN_GEO,T3
CITING-WORK-2487D6CC1D8D,多元主体治理下J市S区老旧小区改造问题与对策研究,段文龙,2024,,,thesis,zh,SOC_POLICY,T3
CITING-WORK-A95192B866ED,武汉市老旧住区形态要素对微气候环境的影响机制与优化设计策略研究,崔子豪,2023,,,thesis,zh,INTERDISC_OTHER,T3
CITING-WORK-873570C7F4BF,深圳老旧小区改造居民满意度评价研究——以南山区试点小区为例,张娅,2024,,,thesis,zh,INTERDISC_OTHER,T3
CITING-WORK-17F57CEC56A6,日常都市主义视角下重庆老旧社区公共空间营造策略研究——以九龙坡民主村社区为例,罗玉洁,2023,,,thesis,zh,URBAN_PLAN_GEO,T3
CITING-WORK-77E0C3B6DD84,基于层次分析法的老旧小区户外公共空间微更新策略研究,王轶伦,2024,,,thesis,zh,URBAN_PLAN_GEO,T3
CITING-WORK-199CDA184358,天津市主城区老旧小区闲置空间更新改造策略研究,胡奥荻,2023,,,thesis,zh,INTERDISC_OTHER,T3
CITING-WORK-95E8A7C3A741,多元主体协同治理视域下老旧小区改造问题及对策研究－以Y县为例,刘鑫,2024,,,thesis,zh,SOC_POLICY,T3
CITING-WORK-2D1080563561,基于活力提升的张家口老旧小区户外公共空间微改造研究,宋莎,2023,,,thesis,zh,URBAN_PLAN_GEO,T3
CITING-WORK-3474F5A725A3,基于社会网络分析法的石家庄老旧小区交往空间适老化策略研究,李春霞,2024,,,thesis,zh,INFO_TECH,T3
CITING-WORK-B471500579D4,兰州市老旧小区公共空间适老化改造需求优先序研究,梁鹏,2024,,,thesis,zh,URBAN_PLAN_GEO,T3
CITING-WORK-E6249D0BF9A3,活力提升导向下的老旧小区户外活动空间更新策略研究--以天津市为例,吴冠萌,2023,,,thesis,zh,INTERDISC_OTHER,T3
CITING-WORK-49DE5926054F,基于SVR模型的老旧小区适老化改造成效综合评价研究--以重庆主城区为例,谢艳,2024,,,thesis,zh,INTERDISC_OTHER,T3
CITING-WORK-DBB46E8D3AF7,老旧住宅区户外活动空间适老性评价研究,潘婷,2024,,,thesis,zh,INTERDISC_OTHER,T3
CITING-WORK-C3ADC1D6AB5F,资源环境视角下的居住区公共空间更新策略研究与设计,岳诗文,2022,,,thesis,zh,URBAN_PLAN_GEO,T3
CITING-WORK-7A2A5EA6AC8E,日常生活视角下的重庆老旧社区小微空间更新策略研究--以劳动三村为例,李美凝,2023,,,thesis,zh,URBAN_PLAN_GEO,T3
CITING-WORK-B182E7292442,健康视角下武汉市老旧小区改造工作的问题诊断、影响机制及优化策略,姜浩,2024,,,thesis,zh,INTERDISC_OTHER,T3
CITING-WORK-2051A988FE74,重庆市中心城区城市更新提升居民满意度研究--基于多元参与视角,陶玥希,2024,,,thesis,zh,URBAN_PLAN_GEO,T3
CITING-WORK-B93E1A73FF01,老旧社区人工光环境适老化改造研究：以重庆市堆金村社区为例,郑浩,2024,,,thesis,zh,URBAN_PLAN_GEO,T3
CITING-WORK-E8E1E7843EFC,山地老旧小区学龄儿童户外活动时空特征研究,陈楠,2024,,,thesis,zh,INTERDISC_OTHER,T3
CITING-WORK-89B8A0308AA8,山地城市老旧小区户外活动空间适老性研究--以重庆市渝中区为例,金小东,2024,,,thesis,zh,URBAN_PLAN_GEO,T3
CITING-WORK-4A9F67ECBD5D,适老化视角下的山地城市老旧社区公共日常生活空间设计策略研究--以重庆市金汤街社区为例,黄有萍,2024,,,thesis,zh,ARCH_DES_HER,T3
CITING-WORK-847827C7B130,全龄友好视角下沈阳市老旧小区公共空间外环境更新策略研究,王振宇,2024,,,thesis,zh,URBAN_PLAN_GEO,T3
CITING-WORK-4B9F1A3F3A71,基于AnyLogic仿真模型的城市室外公共空间优化策略研究,谢璇,2025,,,thesis,zh,URBAN_PLAN_GEO,T3
CITING-WORK-D0EC2DDEAE74,成都市W区J街道老旧小区改造的问题与对策研究,段美容,2025,,,thesis,zh,INTERDISC_OTHER,T3
CITING-WORK-F3D43434949C,社会网络视角下老旧社区公共空间更新研究--以包头市友谊18号街坊为例,韩旭,2025,,,thesis,zh,INFO_TECH,T3
CITING-WORK-95684815A939,需求导向下的城市社区代际友好户外活动空间环境研究,杨玉婷,2025,,,thesis,zh,URBAN_PLAN_GEO,T3
CITING-WORK-B29494F7B3C8,有机更新视角下重庆城市老旧社区微改造设计研究,张景俞,2025,,,thesis,zh,URBAN_PLAN_GEO,T3
CITING-WORK-5C5E0DE4BC8C,基于安全需求的老旧小区改造评价与策略研究--以扬州市为例,潘婧,2025,,,thesis,zh,INTERDISC_OTHER,T3
CITING-WORK-014845F993BA,基于景观公正评价的重庆渝中区老旧小区公共空间更新设计研究,明月,2025,,,thesis,zh,ARCH_DES_HER,T3
CITING-WORK-335998D910FE,包容性视角下老旧社区公共空间的适应性利用模式研究--以苏州古城区为例,何蕾,2025,,,thesis,zh,URBAN_PLAN_GEO,T3
CITING-WORK-9CA7BFD51047,儿童活动友好视角下郑州市老旧住区户外空间环境优化策略研究,刘雅敏,2025,,,thesis,zh,INTERDISC_OTHER,T3
CITING-WORK-9964B13C61CD,老城住宅区公共空间改造设计研究--以郑州市管城区平等街街区改造为例,宋飘逸,2022,,,thesis,zh,ARCH_DES_HER,T3
CITING-WORK-AA45179E2019,环境行为学视角下老旧小区公共空间更新研究,李金豹,2024,,,thesis,zh,URBAN_PLAN_GEO,T3
CITING-WORK-9CE2737CFA1B,基于疏散行为规律的郑州市老旧住区户外环境优化设计研究,邢素平,2024,,,thesis,zh,INTERDISC_OTHER,T3
CITING-WORK-7E822A27F60A,基于碳减排的城镇老旧小区建筑能耗优化研究,邹亚蕾,2024,,,thesis,zh,ARCH_DES_HER,T3
CITING-WORK-AEE4BD244814,基于多源绿建软件叠加的老旧小区公共空间优化策略研究,李济承;武凤文;曹天雅,2024,北京规划建设,,journal article,zh,URBAN_PLAN_GEO,T2
CITING-WORK-10E38DF151B4,基于步行疲劳的山地老旧生活区城市更新中配套设施服务范围研究,杨冀翼,2022,重庆建筑,10.3969/j.issn.1671-9107.2022.s1.12,journal article,zh,ARCH_DES_HER,T2
CITING-WORK-0DA4C5BA5A1F,信任建构对老旧社区改造中居民满意度的影响——以北京史家社区为例,邱宁;张天洁;盛明洁,2024,城市规划,10.11819/cpr20231626a,journal article,zh,ARCH_DES_HER,T2
CITING-WORK-B346C8935D90,适老化视角下湘潭市老旧社区街道空间更新研究,佚名,,,,thesis,zh,URBAN_PLAN_GEO,T3
CITING-WORK-DB69C7F801FC,全龄友好导向下居住型街区更新的研究框架与规划应对,姚之浩;李昊昱,2024,规划师,10.3969/j.issn.1006-0022.2024.01.005,journal article,zh,URBAN_PLAN_GEO,T2
CITING-WORK-35DB8E98B900,全龄友好社区视角下老旧社区公共空间更新策略——以南昌市梨园西社区为例,李小云;张玉;陈长虹,2024,规划师,10.3969/j.issn.1006-0022.2024.02.014,journal article,zh,URBAN_PLAN_GEO,T2
CITING-WORK-3AFFDD9AB97E,"老旧社区公共空间更新的""破界""路径探索——以南京市百子亭社区高楼门片区为例",佚名,,,,thesis,zh,URBAN_PLAN_GEO,T3
CITING-WORK-34BB457A0470,广州老旧小区成片连片微更新思路与策略,佚名,,,,thesis,zh,INTERDISC_OTHER,T3
CITING-WORK-B9BFFC968AEB,微更新视域下的老旧社区畸零空间设计探究——以贵阳市云岩区宅吉片区为例,钟文雨;吴强,2025,工业设计,10.3969/j.issn.1672-7053.2025.02.024,journal article,zh,ARCH_DES_HER,T2
CITING-WORK-BCE6EFACDDDF,权力、利益与情感联结:城市老旧小区空间自主治理的生成逻辑,汤金金,2024,湖北社会科学,10.3969/j.issn.1003-8477.2024.06.008,journal article,zh,INTERDISC_OTHER,T2
CITING-WORK-E11AA9761D36,老旧社区公共空间触媒策略研究,张欣;宋建军;阳杰,2023,湖南包装,10.19686/j.cnki.issn1671-4997.2023.02.039,journal article,zh,ARCH_DES_HER,T2
CITING-WORK-808D31EEBADE,城镇老旧小区能耗优化研究及冬季舒适度分析,邹亚蕾;江昔平,2023,河南城建学院学报,10.14140/j.cnki.hncjxb.2023.04.012,journal article,zh,INTERDISC_OTHER,T3
CITING-WORK-E7D82F44B910,老旧小区改造研究热点探析,韩菡;崔同东;吴晓东,2023,合作经济与科技,10.3969/j.issn.1672-190x.2023.16.069,journal article,zh,ECON_BUS_CONS,T2
CITING-WORK-9D02205EC98B,上海市老旧小区改造满意度调研,潘若桐;古丽米热·吐尔逊;陈爽渝,2023,合作经济与科技,10.3969/j.issn.1672-190x.2023.20.064,journal article,zh,ECON_BUS_CONS,T2
CITING-WORK-1A1164B93B26,老旧小区户外活动空间品质提升规划方法探索——以杭州市王马社区南片老旧小区为例,许昊;华晨;李咏华,2023,华中建筑,,journal article,zh,ARCH_DES_HER,T2
CITING-WORK-CD082BE91C66,历史文化街区内旧居住区公共空间宜居性评价,徐虹;丁瑞,2023,设计艺术研究,10.3963/j.issn.2095-0705.2023.01.005,journal article,zh,ARCH_DES_HER,T2
CITING-WORK-7C7FEEE9AE9E,基于AHP法的老旧小区改造使用后评价研究,李若雨;范鹏程;毛若盈,2024,建筑与文化,10.19875/j.cnki.jzywh.2024.07.052,journal article,zh,ARCH_DES_HER,T2
CITING-WORK-323B42C59D1A,需求导向下公园健身步道场景构建策略,杜芯雨;唐莉英,2024,美术教育研究,10.3969/j.issn.1674-9286.2024.22.033,journal article,zh,ARCH_DES_HER,T2
CITING-WORK-2EC6BA7F4B57,老旧小区公共空间场景化改造方法研究,杨小舟,2023,美与时代,,journal article,zh,ARCH_DES_HER,T2
CITING-WORK-6DA35805FF57,基于类型学的山地老旧小区公共空间优化研究,齐伟民;朱荔嘉,2024,美与时代,,journal article,zh,ARCH_DES_HER,T2
CITING-WORK-4BF5F73C44BD,基于商贸古道文脉传承的老旧居民区风貌再生模式与实证研究,毛伟;苏璐瑶;王永超,2025,南方建筑,10.3969/j.issn.1000-0232.2025.09.005,journal article,zh,ARCH_DES_HER,T2
CITING-WORK-EA4C688AA469,基于SNA网络匹配的老旧社区公共空间优化研究——以西安四棉社区为例,于东飞;马志浩;卢浩楠,2026,南方建筑,10.3969/j.issn.1000-0232.2026.03.006,journal article,zh,ARCH_DES_HER,T2
CITING-WORK-19B4B4DDCC9E,新时代广州城镇老旧小区改造的政策创新与实践,黄慧明;龙萧如;冯萱,2023,上海城市规划,10.11982/j.supr.20230407,journal article,zh,URBAN_PLAN_GEO,T2
CITING-WORK-A8191B73E62A,基于日常生活视角的农转非社区公共空间使用研究——以重庆市礼嘉街道嘉和社区为例,徐苗;杨雪梅,2023,西部人居环境学刊,10.13791/j.cnki.hsfwest.20230613,journal article,zh,URBAN_PLAN_GEO,T2
CITING-WORK-145FFADE87B1,山地高密度城区老旧小区更新实践探索以重庆市渝中区为例,万融;胡佳琪;陈幸,2023,室内设计与装修,10.3969/j.issn.1005-7374.2023.06.022,journal article,zh,ARCH_DES_HER,T2
CITING-WORK-7926DE6CB034,老旧小区改造项目管理研究,刘欢,2022,工程技术研究,10.19537/j.cnki.2096-2789.2022.10.080,journal article,zh,ARCH_DES_HER,T2
CITING-WORK-8B3CEBEF4344,居住区儿童活动空间场景化营造设计研究,王雅薰,2022,中国包装,10.3969/j.issn.1003-062x.2022.09.023,journal article,zh,INTERDISC_OTHER,T3
CITING-WORK-957F0A598CF1,"""擦亮小城镇""创新设计思路——以东山街小城镇为例",王盼;王莹,2023,中国市政工程,10.3969/j.issn.1004-4655.2023.03.002,journal article,zh,INTERDISC_OTHER,T3
CITING-WORK-361421EF5A0F,责任规划师推动老旧小区公共空间更新的参与式实践探索,赵新越;王思元,2022,住区,10.3969/j.issn.1674-9073.2022.05.004,journal article,zh,ARCH_DES_HER,T2
CITING-WORK-31D3D0B92D88,高校型老旧小区消极空间改造策略,谭敏;田振华;陈群龙,2022,住区,10.3969/j.issn.1674-9073.2022.05.020,journal article,zh,ARCH_DES_HER,T2
CITING-WORK-E477F8742681,热点与趋势:国内老旧小区改造研究综述及展望,周俊华;杨震,2023,住区,10.3969/j.issn.1674-9073.2023.03.015,journal article,zh,ARCH_DES_HER,T2
CITING-WORK-24FD21EAAA34,社区融入视角下老旧社区评价及优化研究——以呼和浩特市鼓楼片区为例,李伊仑;张馨月;梁江,2024,住区,10.3969/j.issn.1674-9073.2024.02.008,journal article,zh,ARCH_DES_HER,T2
CITING-WORK-CB54550F0733,基于建筑现象学的老旧小区公共空间更新改造策略,周庆华;陈小娇,2023,住宅科技,10.3969/j.issn.1002-0454.2023.12.002,journal article,zh,ARCH_DES_HER,T2
CITING-WORK-799FB9F67F35,城市老旧社区公共空间智慧化更新策略探究——以成都市典型老旧社区为例,吴彦怡,2025,智能建筑与智慧城市,10.13655/j.cnki.ibci.2025.11.021,journal article,zh,ARCH_DES_HER,T2
CITING-WORK-B43DA26D7B8B,东莞市虎门镇青少年公共文化服务存在的问题及对策研究,万凤霞,2021,,,thesis,zh,CULT_MEDIA,T3
CITING-WORK-E8F7A80CEBB3,南京市秦淮区街区空间的文化形象传播研究,刘信涵,2023,,,thesis,zh,ARCH_DES_HER,T3
CITING-WORK-1CFD86DD0896,日常生活视野下红色社区空间的治理转向--以K街道党群服务中心为例,邢甄,2023,,,thesis,zh,URBAN_PLAN_GEO,T3
CITING-WORK-875128C6F2F5,成都市社区“美空间”居民营造意愿影响因素研究——基于TPB理论的拓展模型,谢琳,2023,,,thesis,zh,URBAN_PLAN_GEO,T3
CITING-WORK-4E52E66C4B84,脱贫地区居民参与公共文化服务影响因素研究--以峨边县为例,杨典,2023,,,thesis,zh,CULT_MEDIA,T3
CITING-WORK-9FD6361BD552,文化空间视域下开封宋都皇城旅游度假区提升研究,王小雨,2023,,,thesis,zh,TOUR_HOSP,T3
CITING-WORK-B271F2D2AC78,老旧单位小区建成环境对步行行为的影响分析与优化策略--以成都主城区为例,陈莎,2023,,,thesis,zh,INTERDISC_OTHER,T3
CITING-WORK-48DC0442EBE0,基于街区制改造的节能降碳路径及效果研究--以新疆严寒C区为例,闫宏超,2023,,,thesis,zh,ARCH_DES_HER,T3
CITING-WORK-2F43FC55CA49,博物馆公共文化空间维度与效用研究,向虹燕,2021,,,thesis,zh,CULT_MEDIA,T3
CITING-WORK-B35B66BA017F,成都社区咖啡店的城市文化空间建构研究,周昱,2024,,,thesis,zh,CULT_MEDIA,T3
CITING-WORK-8B528876C07A,公共文化空间的空间媒介化传播实践探析--以武汉昙华林为例,高兴,2020,,,thesis,zh,CULT_MEDIA,T3
CITING-WORK-9DF493735A61,武汉市昙华林历史文化街区更新的公众认知研究,周丽,2021,,,thesis,zh,ARCH_DES_HER,T3
CITING-WORK-5A1D7DE95846,以传统街区活化更新为触媒的成都市华兴街社区营建研究,帅一,2023,,,thesis,zh,ARCH_DES_HER,T3
CITING-WORK-A2437E8F53BF,南京市露营旅游地游客体验质量影响因素及提升研究,诸葛伟茹,2025,,,thesis,zh,TOUR_HOSP,T3
CITING-WORK-3950DC53B2A5,社会网络视角下的公共空间研究综述,宋立新;王以琳;梁智坚,2023,城市建筑,10.19892/j.cnki.csjz.2023.12.07,journal article,zh,ARCH_DES_HER,T2
CITING-WORK-5896F5694D8D,我国城镇居民公共文化参与的满意度状况及其回应路径——基于9省54市(县)的调研数据分析,蔡武进;黄舒沁,2022,江汉论坛,10.3969/j.issn.1003-854x.2022.06.019,journal article,zh,INTERDISC_OTHER,T2
CITING-WORK-6EDE4FE560B4,中原地区公共文化空间的发展策略,赵普天;余舒畅;贺龙飞,2023,现代园艺,10.3969/j.issn.1006-4958.2023.23.036,journal article,zh,ARCH_DES_HER,T2
CITING-WORK-6C4B124694EE,场景视角下城市空间的地域美学与身份塑造——以重庆市渝中区为例,庞雨珊,2024,美与时代,,journal article,zh,ARCH_DES_HER,T2
CITING-WORK-F9D848D6118B,"文化空间营造:突破城市主题文化与多元文化生态环境的""悖论""",傅才武,2021,山东社会科学,,journal article,zh,TOUR_HOSP,T2
CITING-WORK-B64CF84C3EEB,"美好生活视域下城市公共文化空间肌理研究――以武汉市""长江文明之心""为例",庞亚婷;陈波,2023,图书情报知识,10.13366/j.dik.2023.03.104,journal article,zh,URBAN_PLAN_GEO,T2
CITING-WORK-D05A442CFB05,文化场景理论视域下社区图书馆场景化建构研究,陈冀宏,2022,图书馆,10.3969/j.issn.1002-1558.2022.03.014,journal article,zh,INFO_TECH,T2
CITING-WORK-816DF59FC18B,城市体育公园高质量发展：基本内涵、现实动因与推进路径,胡若晨;朱菊芳;周铭扬,2022,体育文化导刊,10.3969/j.issn.1671-1572.2022.10.005,journal article,zh,SPORT_LEISURE,T2
CITING-WORK-F75C6055D9AD,论非物质文化遗产旅游活化逻辑与路径,邹统钎;胡晓荣;邱子仪,2024,文化软实力研究,10.19468/j.cnki.2096-1987.2024.02.004,journal article,zh,CULT_MEDIA,T2
CITING-WORK-91EA1990A77C,新型公共文化空间的理论内涵、生产机理与价值表征,陈波;张靖煜,2025,文化软实力研究,10.19468/j.cnki.2096-1987.2025.01.002,journal article,zh,CULT_MEDIA,T2
CITING-WORK-2321C3E147F7,沉浸语境下的城市形象传播:传播机制、实然困境与应然策略,刘玲武;何淇滢,2024,城市学刊,10.3969/j.issn.2096-059x.2024.05.011,journal article,zh,URBAN_PLAN_GEO,T2
CITING-WORK-D7B02518A0DE,空间叙事理论下的街区策展和场景营造路径研究——以上海市衡复风貌区为例,孙玮;赵欣;徐灵盈,2025,中国建筑装饰装修,10.3969/j.issn.1672-2167.2025.10.034,journal article,zh,ARCH_DES_HER,T2
CITING-WORK-C6E59BC48982,多源数据支持下绵阳市夜间经济空间分布特征与规划响应策略研究,蒲沫桥,2022,,,thesis,zh,ARCH_DES_HER,T3
CITING-WORK-C962E3A759F9,梦幻景象与觉醒时刻：由广州“超级”文和友展开的城市文化研究,常兰,2022,,,thesis,zh,CULT_MEDIA,T3
CITING-WORK-8D86AF2DFD36,成都南湖梦幻岛夜场营销策略的优化研究：基于昼夜游客感知与消费意愿的差异分析,杜婷,2022,,,thesis,zh,TOUR_HOSP,T3
CITING-WORK-50652D0ED2E9,湖北省文旅产业融合测度及时空分异研究,吴蜜蜜,2023,,,thesis,zh,TOUR_HOSP,T3
CITING-WORK-047DA92FE95C,流动的记忆之场：武汉知音号的物质空间、象征符号与身体实践,丁洁,2023,,,thesis,zh,INTERDISC_OTHER,T3
CITING-WORK-7EB9DBBC0037,基于多源数据商业街区微观尺度空间活力主客观影响研究,肖佳琦,2023,,,thesis,zh,ARCH_DES_HER,T3
CITING-WORK-621343C3BEF1,长沙网红餐饮品牌广告符号研究,杨一帆,2023,,,thesis,zh,ECON_BUS_CONS,T3
CITING-WORK-78E2D4702E5D,基于游客体验感知视角的长沙夜间旅游现状与优化研究,陈蓓,2023,,,thesis,zh,TOUR_HOSP,T3
CITING-WORK-502695B8E974,历史文化街区夜间游客体验对行为意向的影响研究——以南宁市三街两巷为例,钟洁珊,2023,,,thesis,zh,ARCH_DES_HER,T3
CITING-WORK-817EFCDCC64A,城市消费空间的市井文化再造与传播——西安建国门老菜场的个案研究,陈伊丹,2023,,,thesis,zh,ECON_BUS_CONS,T3
CITING-WORK-EFB20445971E,共同生产理论视角下南宁市“夜间经济”发展中市容环境治理研究,刘婷,2024,,,thesis,zh,ECON_BUS_CONS,T3
CITING-WORK-33C7C567E7B8,东平大宋不夜城夜间旅游运营机制优化研究,徐雅婷,2025,,,thesis,zh,TOUR_HOSP,T3
CITING-WORK-783BF27D5CC4,文化润疆视域下兵团团场文旅融合发展对策研究,马永卿,2025,,,thesis,zh,TOUR_HOSP,T3
CITING-WORK-DA04416CDAF9,基于心理地理学的江南市镇旅游街区原真性环境设计研究,成方中,2024,,,thesis,zh,ARCH_DES_HER,T3
CITING-WORK-37CBDEC91BDA,俄罗斯游客的跨境流动对边境城市消费空间的影响-以珲春市为例,邢子健,2025,,,thesis,zh,TOUR_HOSP,T3
CITING-WORK-AE410D5D108B,基于行为场景理论的凤凰山滑雪场服务触点研究,张元纯,2022,,,thesis,zh,INTERDISC_OTHER,T3
CITING-WORK-9243C09BC6CA,基于空间生产理论的创意市集旅游消费空间评价体系研究,王震,2023,,,thesis,zh,TOUR_HOSP,T3
CITING-WORK-D7985C360BB6,长沙城市品牌塑造中名人文化IP的优化路径,宋湘绮;赵宇欣;张凯茜,2026,北方传媒研究,,journal article,zh,ECON_BUS_CONS,T2
CITING-WORK-FCC4E8E4A247,基于网络评论的夜间文旅消费集聚区感知研究——以桂林市为例,叶怡红,2023,北方经贸,,journal article,zh,ECON_BUS_CONS,T2
CITING-WORK-BA1AFD5C8F96,"图像文化视角下南梁红色文创产品设计之""转向""研究",冯思全,2024,包装工程,10.19554/j.cnki.1001-3563.2024.08.039,journal article,zh,ARCH_DES_HER,T2
CITING-WORK-5F43587B40E2,长沙文旅消费示范性建构研究,禹建湘,2022,长沙大学学报,10.3969/j.issn.1008-4681.2022.04.004,journal article,zh,TOUR_HOSP,T2
CITING-WORK-C036424CD52F,天津市夜间经济业态时空分异及其影响机理,王悦;赵美风,2023,地理与地理信息科学,10.3969/j.issn.1672-0504.2023.02.017,journal article,zh,TOUR_HOSP,T2
CITING-WORK-C3F4B1741EB1,城市夜间经济影响要素体系建构、层次解构与发展路径研究,周成;张旭红;周霖,2023,地域研究与开发,10.3969/j.issn.1003-2363.2023.04.008,journal article,zh,URBAN_PLAN_GEO,T2
CITING-WORK-E120CB916A94,场景理论视角下坭兴陶介入城市公共空间营造,莫彬彬,2025,歌海,10.3969/j.issn.1007-4910.2025.03.008,journal article,zh,URBAN_PLAN_GEO,T3
CITING-WORK-0B67AE79F05B,如何提升文旅融合效率?——基于TOE框架的组态效应研究,苏振;郭峦,2023,广西大学学报（哲学社会科学版）,10.3969/j.issn.1001-8182.2023.02.015,journal article,zh,INTERDISC_OTHER,T2
CITING-WORK-5EC467888F59,场景理论视角下党校现场教学质效提升路径研究,赵国强,2024,贵阳市委党校学报,10.3969/j.issn.1008-780x.2024.04.009,journal article,zh,EDUCATION,T2
CITING-WORK-D6D7F4550FA0,国家级夜间文旅消费区空间格局与旅游高质量发展研究,王兆峰;刘婷,2023,中南林业科技大学学报（社会科学版）,10.14067/j.cnki.1673-9272.2023.01.011,journal article,zh,INTERDISC_OTHER,T2
CITING-WORK-2206EA8CAC7B,"基于""酒店+""理念的夜间文旅消费构建与应用研究",周叶,2022,和田师范专科学校学报,10.3969/j.issn.1671-0908.2022.02.020,journal article,zh,TOUR_HOSP,T3
CITING-WORK-875F6E84B0E7,场景设计思维下文旅建筑空间设计分析,李晓霞,2025,建材与装饰,10.3969/j.issn.1673-0038.2025.10.020,journal article,zh,URBAN_PLAN_GEO,T2
CITING-WORK-BF0F11BEF57B,商业设施、消费空间与内需拉动,张齐圣;王雅琳,2025,经济研究,10.3969/j.issn.0577-9154.2025.09.005,journal article,zh,ECON_BUS_CONS,T3
CITING-WORK-A2C6BADEAE83,"从""网红""到""长红"":市民夜校的时代价值、现实困境与突破路径",王德洋,2025,教育与职业,10.3969/j.issn.1004-3985.2025.23.009,journal article,zh,EDUCATION,T3
CITING-WORK-3CE2492663D5,国际大都市夜间经济治理体系研究,徐余恒;黄吉;欧阳琛,2025,竞争情报,,journal article,zh,ECON_BUS_CONS,T3
CITING-WORK-F2758A4B0A0E,因何而食?——旅游者饮食动机及其影响因素研究,余凤龙;徐羽可;侯兵,2024,旅游科学,,journal article,zh,TOUR_HOSP,T2
CITING-WORK-B93F067D0617,"城市夜间经济集聚区消费空间生产研究——以江门市蓬江区""环五邑华侨广场商圈""为例",李爽;苏亚妮;尹博诗,2023,旅游导刊,10.12054/lydk.bisu.215,journal article,zh,TOUR_HOSP,T2
CITING-WORK-F244FDDFEFE6,创意型怀旧消费空间中游客的存在真实性研究——以长沙文和友为例,吴少峰;胡雨;徐红罡,2024,旅游学刊,10.19765/j.cnki.1002-5006.2024.06.009,journal article,zh,TOUR_HOSP,T2
CITING-WORK-5C0E089D618C,文化嵌入式的桂林旅游夜经济发展探析,肖静,2022,旅游纵览,10.3969/j.issn.1004-3292.2022.16.040,journal article,zh,TOUR_HOSP,T2
CITING-WORK-84B5AA6545F9,沉浸式体验在旅游演艺中的应用研究——以只有河南·戏剧幻城为例,孟嘉,2023,旅游纵览,10.3969/j.issn.1004-3292.2023.05.041,journal article,zh,TOUR_HOSP,T2
CITING-WORK-0FFE6A0DB063,南昌市夜间经济与文旅深度融合发展路径探讨,佚名,,,,thesis,zh,TOUR_HOSP,T3
CITING-WORK-878573A1C97C,新文创时代背景下城市文化发展新模式研究,涂雪敏,2023,美与时代,,journal article,zh,ARCH_DES_HER,T2
CITING-WORK-1DB65952F776,夜间经济运行要素及其作用机制研究,刘竞,2023,南都学坛,10.3969/j.issn.1002-6320.2023.05.014,journal article,zh,RURAL_AGRI,T2
CITING-WORK-86A8F0C7503F,"数字经济赋能""新消费新业态""商业生态体系构建——以场景体验式""新零售""企业为视角",黎传熙,2023,企业经济,10.13529/j.cnki.enterprise.economy.2023.06.011,journal article,zh,ECON_BUS_CONS,T2
CITING-WORK-EA9D7F86A939,夜间文旅消费聚集区综合活力评价及其影响因素研究——以长三角城市群为例,李媛;邹永广;杨勇,2023,人文地理,10.13959/j.issn.1003-2398.2023.03.020,journal article,zh,TOUR_HOSP,T2
CITING-WORK-3CE9F9E04CD1,城市夜间文化和旅游消费集聚区的地方性形成机制研究——以广东省佛山市为例,李爽;钟文芊,2025,世界地理研究,10.3969/j.issn.1004-9479.2025.05.20230590,journal article,zh,URBAN_PLAN_GEO,T2
CITING-WORK-F5F2CE0BECFF,长三角中小城市夜间经济发展特征与提升路径研究,王怡婷;李雅倩;潘胜特,2023,现代商业,,journal article,zh,ECON_BUS_CONS,T2
CITING-WORK-BF76D38EEBD4,扩大内需背景下夜经济对居民消费潜力的影响机制,夏安玲,2024,商业经济研究,10.3969/j.issn.1002-5863.2024.03.016,journal article,zh,ECON_BUS_CONS,T2
CITING-WORK-204802474449,"数字经济背景下文旅企业数字化转型影响因素研究——基于""TOE""框架",廉同辉;杨胜志;王昕,2025,苏州大学学报（社会科学版）,10.19563/j.cnki.sdzs.2025.05.011,journal article,zh,CULT_MEDIA,T2
CITING-WORK-72807406885D,文旅融合促进长沙城市夜间旅游创新发展研究,刘华清;成浩;曹杨,2024,太原城市职业技术学院学报,10.3969/j.issn.1673-0046.2024.04.013,journal article,zh,ARCH_DES_HER,T2
CITING-WORK-4FA7BB1C3077,基于知识图谱的国内文旅融合研究演进趋势:综述与展望,苏振;赖姝辰,2022,武汉商学院学报,,journal article,zh,TOUR_HOSP,T2
CITING-WORK-6D851A724A00,基于网络文本的长沙旅游形象感知研究,李欣怡;陈洁;徐运保,2023,西部旅游,,journal article,zh,TOUR_HOSP,T2
CITING-WORK-13079EAB0EB4,城市夜间经济如何实现高质量发展?——基于33个城市的组态分析,韩慧芳,2025,现代城市研究,10.3969/j.issn.1009-6000.2025.10.016,journal article,zh,URBAN_PLAN_GEO,T2
CITING-WORK-A621E79244E7,代入、演绎、黏合:作为沉浸式文旅景观的真人NPC,占琦,2023,新闻知识,10.3969/j.issn.1003-3629.2023.05.009,journal article,zh,CULT_MEDIA,T2
CITING-WORK-A7131899D7FD,城市居民对夜间经济发展影响的感知与态度——以上海市徐汇区为例,江丙瑞;曹俪雯,2023,云南地理环境研究,10.3969/j.issn.1001-7852.2023.05.005,journal article,zh,ARCH_DES_HER,T2
CITING-WORK-AB25C76559CF,乡村夜间经济发展的逻辑、现状与路径——基于农文旅融合的背景,荣沐华,2024,运城学院学报,10.3969/j.issn.1008-8008.2024.02.004,journal article,zh,TOUR_HOSP,T2
CITING-WORK-730B25E8AB48,旅游者地方饮食文化认同的构建机制——以长沙文和友为例,余凤龙;徐留倩;陈悦,2024,美食研究,10.19913/j.cnki.2095-8730msyj.2024.01.03,journal article,zh,ECON_BUS_CONS,T2
CITING-WORK-6B3FBC19AFF2,场景力量与运动干预:——项冬季奥林匹克教育行动的实证研究,孙湛宁;冯文莱;王路路,2022,中国青年研究,10.3969/j.issn.1002-9931.2022.02.012,journal article,zh,SOC_POLICY,T2
CITING-WORK-2D3BF2D31D4B,夜间经济促进城市商业街区零售业发展:机理、问题与路径,陈爱华;王海宇;尹呐,2026,中国西部,10.3969/j.issn.1008-0694.2026.02.002,journal article,zh,ECON_BUS_CONS,T2
CITING-WORK-F0B856417B66,文旅融合背景下肇庆市夜经济发展潜力及策略研究,吴清;钟佳珊;张莉婷,2025,肇庆学院学报,10.3969/j.issn.1009-8445.2025.01.017,journal article,zh,TOUR_HOSP,T3
CITING-WORK-7EAFA3A84C66,中国文化和旅游产业高质量融合发展的适配关系与政策启示,谢朝武;朱海;章坤,2025,自然资源学报,10.31497/zrzyxb.20250413,journal article,zh,URBAN_PLAN_GEO,T2
CITING-WORK-FB8134C891DA,基于地理标记照片的夜间游客时空行为及轨迹特征研究——以重庆中心城区为例,蔡金娣;刘亚男;杨晓霞,2022,资源开发与市场,10.3969/j.issn.1005-8141.2022.11.012,journal article,zh,URBAN_PLAN_GEO,T2
CITING-WORK-60B2D4E7E303,地方优秀传统文化赋能夜间经济高质量发展研究,王璐;赖斌,2023,资源开发与市场,10.3969/j.issn.1005-8141.2023.07.008,journal article,zh,URBAN_PLAN_GEO,T2
CITING-WORK-D6A35DEFEDFB,儿童动漫IP文旅融合的场域转换机制——以《勇敢的阿牛哥》为例,孙永辉;孙平,2025,资源与生态学报（英文版）,10.5814/j.issn.1674-764x.2025.06.016,journal article,zh,ARCH_DES_HER,T2
CITING-WORK-D8A4EF40C9A5,传统器物的地域性符号提取与再设计研究,沙颖,2016,,,thesis,zh,INTERDISC_OTHER,T3
CITING-WORK-E1ACF1F75AA1,慈溪市产业结构演进及其优化路径研究,沈天乐,2016,,,thesis,zh,ECON_BUS_CONS,T3
CITING-WORK-2A87A0D6A9C4,基于GIS的西安市产业地产空间选址及其影响因素研究,支家骏,2016,,,thesis,zh,ECON_BUS_CONS,T3
CITING-WORK-29AA91620658,风险投资、不良贷款与产业转型升级,操一萍,2018,,,thesis,zh,ECON_BUS_CONS,T3
CITING-WORK-D0808F34940C,新生代农民工的消费异化研究--基于上海市外来务工者的个案调查,刘俊杰,2018,,,thesis,zh,ECON_BUS_CONS,T3
CITING-WORK-C4864D6CA83F,民族村寨旅游开发中的主体性研究--以长白朝鲜族自治县望天鹅新村为例,冷佳恒,2017,,,thesis,zh,TOUR_HOSP,T3
CITING-WORK-FB3813234775,公共服务满意度对城市居民主观幸福感的影响研究,刘晶,2018,,,thesis,zh,URBAN_PLAN_GEO,T3
CITING-WORK-8314E303576D,服务业“成本病”视角下消费升级对城镇化发展的影响研究,单晓珍,2019,,,thesis,zh,ECON_BUS_CONS,T3
CITING-WORK-52612719AE7B,金融发展对中国区域产业结构优化的影响研究,杨丽君,2019,,,thesis,zh,ECON_BUS_CONS,T3
CITING-WORK-D751804826BD,城市舒适性对劳动力流动的影响研究,李悦,2020,,,thesis,zh,URBAN_PLAN_GEO,T3
CITING-WORK-004B90DA1020,区域房价上涨对产业结构变迁的影响研究——基于异质性劳动力的视角,邓师琦,2020,,,thesis,zh,ECON_BUS_CONS,T3
CITING-WORK-9F74C68E494C,健康资源影响房价的效应及其异质性研究：基于70个大中城市的实证分析,池宇杭,2021,,,thesis,zh,URBAN_PLAN_GEO,T3
CITING-WORK-C7742CA33117,滨海沙滩与风景山区游客的地方依恋：一个比较研究,杨媛,2017,,,thesis,zh,TOUR_HOSP,T3
CITING-WORK-D58D9DE1AA66,消费社会中的主体性问题研究,孙丹丹,2022,,,thesis,zh,ECON_BUS_CONS,T3
CITING-WORK-44B9B8E893D3,服务业集聚对产业结构优化的影响研究,王圆圆,2022,,,thesis,zh,ECON_BUS_CONS,T3
CITING-WORK-2DB5F1516634,房价上涨、异质性劳动力流动与产业结构升级,何亮,2021,,,thesis,zh,ECON_BUS_CONS,T3
CITING-WORK-BBCAEB5033C6,互动仪式链视域下播客与用户的互动研究,赵航,2023,,,thesis,zh,INTERDISC_OTHER,T3
CITING-WORK-7D474A6EF35C,基于系统动力学的体育消费试点城市评价指标体系建构及模拟仿真研究——以湖北省荆门市为例,邹涵,2024,,,thesis,zh,ECON_BUS_CONS,T3
CITING-WORK-223D94F4426E,消费与符号：现代节庆的制造动力分析--以敦煌行·丝绸之路国际旅游节为例,崔馨,2024,,,thesis,zh,TOUR_HOSP,T3
CITING-WORK-BFAC1D90B5B3,数字经济赋能装备制造业产业升级的效应与机制研究,王晓玲,2024,,,thesis,zh,ECON_BUS_CONS,T3
CITING-WORK-99987FB81A01,上海自贸区临港新片区人才政策文本分析及满意度研究,胡佳,2023,,,thesis,zh,SOC_POLICY,T3
CITING-WORK-D852C8C15D8D,数字普惠金融对县域产业结构优化的影响研究,姜襄饶,2024,,,thesis,zh,ECON_BUS_CONS,T3
CITING-WORK-AB48FC082A84,产业结构转型升级对城市群高质量发展的影响研究--以中国19个国家级城市群为例,魏巍,2025,,,thesis,zh,ECON_BUS_CONS,T3
CITING-WORK-837C2D921732,公共服务的城镇就业效应研究,殷的燕,2015,,,thesis,zh,SOC_POLICY,T3
CITING-WORK-39BD2864835A,建国以来陕西省产业结构演变过程及其影响因素分析,乌扬,2017,,,thesis,zh,ECON_BUS_CONS,T3
CITING-WORK-34BE041B1DDC,发展中的消费主义批判--从马克思、鲍德里亚到生态学马克思主义,孙潇烨,2017,,,thesis,zh,ECON_BUS_CONS,T3
CITING-WORK-482F2E8B5F26,基于信息网络技术扩散的制造业转型升级动力机制研究,李捷,2019,,,thesis,zh,INFO_TECH,T3
CITING-WORK-59A303CCB286,房价及其溢出效应对城镇化水平的影响研究,燕珊,2021,,,thesis,zh,INTERDISC_OTHER,T3
CITING-WORK-E5C10E979A7A,制度环境与民营企业转型升级--基于武汉经济开发区民营企业调查,黄春,2021,,,thesis,zh,ECON_BUS_CONS,T3
CITING-WORK-13CB0D3534FB,山东省交通网络、城镇化水平对城市消费能级的影响研究,刘名泰,2023,,,thesis,zh,ECON_BUS_CONS,T3
CITING-WORK-1379CE6F93CB,当阳市化工产业转型升级中政府职能优化研究,牛建明,2021,,,thesis,zh,ECON_BUS_CONS,T3
CITING-WORK-5FD90EF88382,产业的“述行”：行动者--网络与水镜县有机产业发展的社会学研究,李敏,2021,,,thesis,zh,ECON_BUS_CONS,T3
CITING-WORK-9AE0E1EFF71C,“招拍挂”制度下中国工业用地价格特征对产业结构转型升级的影响,苗滋坤,2025,,,thesis,zh,ECON_BUS_CONS,T3
CITING-WORK-6A0E6CDCF6FD,高层次人才政策的激励效应研究,刘炳宏,2024,,,thesis,zh,SOC_POLICY,T3
CITING-WORK-26AAA552016C,嵌入性视角下独立书店乡村发展模式探析,周浒,2020,出版发行研究,,journal article,zh,CULT_MEDIA,T2
CITING-WORK-62A27EC0EA67,公共服务集聚对劳动力流动的影响,武优勐,2020,财经科学,,journal article,zh,URBAN_PLAN_GEO,T2
CITING-WORK-62E02DCD5D5D,基于消费流的长江中游城市群网络体系研究,王磊;杨文毅;张伊娜,2019,城市发展研究,,journal article,zh,URBAN_PLAN_GEO,T2
CITING-WORK-296B3A89A416,消费场景:一种城市发展的新动能,吴军;叶裕民,2020,城市发展研究,,journal article,zh,URBAN_PLAN_GEO,T2
CITING-WORK-1F92F34B6506,房价、劳动力异质性与产业结构升级,张平;张鹏鹏,2016,当代经济科学,10.3969/j.issn.1002-2848.2016.02.010,journal article,zh,ECON_BUS_CONS,T2
CITING-WORK-D59182B8963F,Theory and Promotion Strategy of Integrated Development for the Guangdong-Hong Kong-Macao Greater Bay Area,FU Zhengping,2023,当代中国经济转型研究（英文）,10.3868/s060-016-023-0017-4,journal article,unknown,ECON_BUS_CONS,T3
CITING-WORK-4D9E2568D9C5,中国城市舒适性的空间格局与影响因素,喻忠磊;唐于渝;张华,2016,地理研究,10.11821/dlyj201609015,journal article,zh,URBAN_PLAN_GEO,T2
CITING-WORK-D1D4C1E3BAD9,省域数字经济发展与城市商业银行零售业务转型,王龑,2024,当代经济管理,10.13253/j.cnki.ddjjgl.2024.01.009,journal article,zh,ECON_BUS_CONS,T3
CITING-WORK-ED81779AB071,教育和医疗消费中的公共制度与人的发展的制度条件,江波,2016,改革与战略,10.16331/j.cnki.issn1002-736x.2016.02.001,journal article,zh,ECON_BUS_CONS,T2
CITING-WORK-350FDF131C50,制造景观:农文旅融合发展下乡村景观化建设逻辑,苏品元;佘国梁,2025,甘肃开放大学学报,10.3969/j.issn.2097-1532.2025.05.009,journal article,zh,CULT_MEDIA,T2
CITING-WORK-E8EEACB517F1,数字普惠金融对产业结构升级的影响研究,李晨悦;宋清华;金秋英,2023,区域金融研究,10.3969/j.issn.1674-5477.2023.04.001,journal article,zh,ECON_BUS_CONS,T3
CITING-WORK-BBDFA12D51B4,人力资本结构高级化何以推动产业转型升级?,袁冬梅;李恒辉;龙瑞,2022,广西师范大学学报（哲学社会科学版）,10.16088/j.issn.1001-6597.2022.02.009,journal article,zh,ECON_BUS_CONS,T3
CITING-WORK-A217560936E9,论乡村振兴战略背景下民族地区的乡村建设与城乡协调发展,吴晓萍,2017,贵州师范大学学报（社会科学版）,,journal article,zh,TOUR_HOSP,T2
CITING-WORK-8923C69B28E1,民族旅游地游客的地方信任变动及主体响应策略,庞兆玲,2024,湖北民族大学学报（哲学社会科学版）,,journal article,zh,RURAL_AGRI,T2
CITING-WORK-FE4DF9548268,中等收入群体的消费趋势:2006-2015,朱迪,2017,河北学刊,,journal article,zh,URBAN_PLAN_GEO,T2
CITING-WORK-3AEAE3753BA8,舒适性视角下流动人才居留意愿空间差异及影响因素——以长三角城市群为例,陈鹏鑫;朱妮娜;何金廖,2023,华东经济管理,10.19629/j.cnki.34-1014/f.220520018,journal article,zh,ECON_BUS_CONS,T2
CITING-WORK-892D6142C748,安居与乐业:大城市外来青年人才定居意愿影响因素研究,吴开泽,2023,华东师范大学学报（哲学社会科学版）,10.16382/j.cnki.1000-5579.2023.04.014,journal article,zh,TOUR_HOSP,T2
CITING-WORK-6918AA261823,国家级大数据综合试验区对区域经济协调发展的影响,左小明;王雨晴;林润祺,2025,黑河学院学报,10.3969/j.issn.1674-9499.2025.07.013,journal article,zh,EDUCATION,T2
CITING-WORK-DB1AF23CA9E3,珠三角适宜消费城市评价研究,钟陆文,2018,经济地理,10.15957/j.cnki.jjdl.2018.06.016,journal article,zh,ECON_BUS_CONS,T2
CITING-WORK-8A0C0E3F2DCE,城市舒适性驱动下的创意产业集聚动力机制——以南京品牌设计产业为例,何金廖;曾刚,2019,经济地理,10.15957/j.cnki.jjdl.2019.03.016,journal article,zh,ECON_BUS_CONS,T2
CITING-WORK-D44F3BE25A47,高层次产业人才能否带动产业高质量发展?——基于S省面板数据的实证检验,刘炳宏;徐榕,2024,济南大学学报（社会科学版）,10.20004/j.cnki.ujn.2024.04.009,journal article,zh,ECON_BUS_CONS,T3
CITING-WORK-01F9110FE428,"""双循环""新发展格局下数字金融对产业结构升级的影响",薛秋童;封思贤,2022,暨南学报（哲学社会科学版）,10.11778/j.jnxb.20220230,journal article,zh,SOC_POLICY,T2
CITING-WORK-DC9B222776FE,场景理论与社会学研究的落地:读《场景文化力:新芝加哥学派解读城市发展》,王宁,2025,空间与社会评论,,journal article,zh,SOC_POLICY,T2
CITING-WORK-B8D13A7E8939,科技创新理念下小城镇发展策略研究,赵志峰;李志伟,2017,科学管理研究,10.19445/j.cnki.15-1103/g3.2017.01.016,journal article,zh,INTERDISC_OTHER,T2
CITING-WORK-5492DBB5A85F,文化消费政策、产业结构升级与经济高质量发展,袁天媛;杨俊,2023,六盘水师范学院学报,10.16595/j.1671-055x.2023.01.002,journal article,zh,EDUCATION,T2
CITING-WORK-982A15495D19,旅游中的文化生产与文化消费,马凌,2020,旅游学刊,10.19765/j.cnki.1002-5006.2020.03.005,journal article,zh,TOUR_HOSP,T2
CITING-WORK-B3F602340AA5,"""阿者科计划""旅游减贫方法的经验与反思",杨兵,2024,旅游学刊,10.19765/j.cnki.1002-5006.2024.08.006,journal article,zh,TOUR_HOSP,T2
CITING-WORK-4C8BD6F61328,经济新常态下县域传统产业转型升级对策研究——以丽水松阳县茶产业为例,温祥昌;曹长省,2019,农村经济与科技,10.3969/j.issn.1007-7103.2019.15.098,journal article,zh,RURAL_AGRI,T2
CITING-WORK-5FB1AC844A70,"""场所""重构与""消费""重构:乡村旅游消费变迁的一个分析框架",李敢;张湘毅,2023,南京邮电大学学报（社会科学版）,10.3969/j.issn.1673-5420.2023.03.007,journal article,zh,CULT_MEDIA,T2
CITING-WORK-10A5F5EE4F8B,舒适性视角下文化创意企业迁移特征与影响机制——以广州市为例,廖辉辉;魏成;罗鹏,2025,热带地理,10.13284/j.cnki.rddl.20240171,journal article,zh,URBAN_PLAN_GEO,T2
CITING-WORK-89911421D61C,中小城市人居环境吸引力:综合测度、时空演化及障碍因子诊断——以中国东北地区为例,刘贺;李雪铭;宫一路,2023,人文地理,10.13959/j.issn.1003-2398.2023.06.012,journal article,zh,TOUR_HOSP,T2
CITING-WORK-34263FB4FC2E,城市舒适物视角下的城市发展:一个新的研究范式和政策框架,马凌,2015,山东社会科学,10.3969/j.issn.1003-4145.2015.02.002,journal article,zh,TOUR_HOSP,T2
CITING-WORK-7CF632B72AAB,生源地、工作单位和工作地:影响北京的大学毕业生工作地的因素,叶华,2015,山东社会科学,10.3969/j.issn.1003-4145.2015.11.016,journal article,zh,TOUR_HOSP,T2
CITING-WORK-89195EC81317,舒适物理论下焦作市太极文化旅游的AGIL模型分析,张涛;常朝阳,2019,山东体育科技,,journal article,zh,SPORT_LEISURE,T2
CITING-WORK-5AA120765DC4,粤港澳大湾区一体化发展的理论与推进策略,符正平,2022,上海交通大学学报（哲学社会科学版）,10.13806/j.cnki.issn1008-7095.2022.02.002,journal article,zh,SOC_POLICY,T2
CITING-WORK-06B2CB00C568,新世纪以来中国经济社会学的成就与挑战,符平,2015,社会科学,10.3969/j.issn.0257-5833.2015.11.009,journal article,zh,RURAL_AGRI,T2
CITING-WORK-FA7DEC37063A,市场竞争、集体消费与环境质量——城镇居民生活满意度及其影响因素分析,朱迪,2016,社会学研究,,journal article,zh,SOC_POLICY,T2
CITING-WORK-6DD7CB67AB42,流动的种子,李静松,2024,社会学研究,,journal article,zh,SOC_POLICY,T2
CITING-WORK-C9BA8B0CBDB5,中国区域产业结构优化的再估算,杨丽君;邵军,2018,数量经济技术经济研究,,journal article,zh,ECON_BUS_CONS,T3
CITING-WORK-1816675AD192,城市收入租金比如何驱动创新创业,李卓群;贺志浩;张跃松,2024,山西财经大学学报,10.13781/j.cnki.1007-9556.2024.05.007,journal article,zh,URBAN_PLAN_GEO,T3
CITING-WORK-37A7E61AF957,基于消费视角的产业转型升级路径研究,马克林,2018,商业经济研究,10.3969/j.issn.1002-5863.2018.07.050,journal article,zh,ECON_BUS_CONS,T2
CITING-WORK-89FD894C6011,区域房价、 劳动力流动与实体经济集聚 ——基于中国30个省市(区)2000-2015年面板数据的分析,乔彬;张蕊;陈永康,2019,商业研究,,journal article,zh,ECON_BUS_CONS,T3
CITING-WORK-714354AF0CEB,企业向高“上游度”行业转型:进击或退却?——基于上市公司行业分类代码变动的实证研究,胡奕明;徐明霞;刘龙雪,2018,投资研究,,journal article,zh,ECON_BUS_CONS,T3
CITING-WORK-5585B6694250,消费流动:人才流动的又一动因——“地理流动与社会流动”的理论探究之一,王宁,2014,学术研究,10.3969/j.issn.1000-7326.2014.10.005,journal article,zh,INTERDISC_OTHER,T2
CITING-WORK-93D71166911D,乡村振兴战略下文化激活乡村旅游发展的现实路径——以湖南省醴陵市W村为例,向上,2022,安徽乡村振兴研究,10.13454/j.issn.2097-1931.2022.03.007,journal article,zh,TOUR_HOSP,T3
CITING-WORK-40EE83968687,农业生产率与制造业转型升级的动力机制——基于城市化和信息网络技术的视角,李捷;余东华,2018,中国地质大学学报（社会科学版）,,journal article,zh,RURAL_AGRI,T3
CITING-WORK-28D71DA143ED,"在下沉中突围:""引才大战""中青年博士反向择业的空间意涵——以W市""紫云英""引才活动为例",吴宗友;丁京,2024,中国青年研究,10.3969/j.issn.1002-9931.2024.03.012,journal article,zh,SOC_POLICY,T2
CITING-WORK-C95A5FB126A7,"""宏观结构""的隐身与重塑:一个消费分析框架",朱迪,2023,中国社会科学,,journal article,zh,ECON_BUS_CONS,T3
CITING-WORK-AD87C78CDAF9,运动休闲乡镇如何吸引人才? ——一个理论框架的构建,周丽君;郑夏童,2023,中国体育科技,10.16470/j.csst.2022029,journal article,zh,SPORT_LEISURE,T2
CITING-WORK-EFBD373B04B9,新型城镇化、扩大内需与消费升级,张杨波,2017,浙江学刊,,journal article,zh,CULT_MEDIA,T2
CITING-WORK-08D551B7B590,如何看待定性与定量两大实证研究范式的辩证关系,边燕杰;郭小弦,2026,浙江学刊,10.3969/j.issn.1003-420x.2026.01.002,journal article,zh,CULT_MEDIA,T2
CITING-WORK-E89E0742F049,市域社会治理现代化问题研究——基于湖北地方实践的思考,张征,2021,,,thesis,zh,SOC_POLICY,T3
CITING-WORK-0CDE515CD42A,直播带货模式下的盲盒玩具消费现象研究,曹晓雨,2022,,,thesis,zh,ECON_BUS_CONS,T3
CITING-WORK-B484E55B5406,公园城市视角下广西小城镇空间场景化设计策略研究——以北流市旧城中心区为例,邹瑾熠,2022,,,thesis,zh,URBAN_PLAN_GEO,T3
CITING-WORK-4197B79C6EA2,英国后备箱集市的产生与发展研究,吴昊,2023,,,thesis,zh,INTERDISC_OTHER,T3
CITING-WORK-4F5A7255D718,情感动员与组织协同：拆迁安置社区公共性重塑的有效路径——以苏南X区为例,杨燕婷,2024,,,thesis,zh,URBAN_PLAN_GEO,T3
CITING-WORK-A49D8B0EAB1D,人文关怀视角下儿童医院公共空间场景化设计研究,杨桂玲,2023,,,thesis,zh,URBAN_PLAN_GEO,T3
CITING-WORK-81993D2134E4,Y公司软件项目需求管理优化策略研究,李垚,2023,,,thesis,zh,INTERDISC_OTHER,T3
CITING-WORK-C7C3FD74DC54,我国体育服务业业态演化路径研究,朱兰芳,2024,,,thesis,zh,SPORT_LEISURE,T3
CITING-WORK-B7302B63F7E8,人工智能工作场景中员工主动行为影响机制研究--基于AI认同研究视角,裘珊珊,2025,,,thesis,zh,INFO_TECH,T3
CITING-WORK-36E83813DB50,地域文化视角下主题酒店场景化设计研究,李新龙,2025,,,thesis,zh,TOUR_HOSP,T3
CITING-WORK-EC03A441749C,未来乡村建设路径与实现途径研究--以陕西省为例,郭欣玉,2025,,,thesis,zh,RURAL_AGRI,T3
CITING-WORK-35C18F086A2B,动态重构--LiveHouse的音乐场景研究,余学海,2024,,,thesis,zh,INTERDISC_OTHER,T3
CITING-WORK-3980E166A569,生成式人工智能在政策传播中的应用与风险规避,施惠玲;张卓娅,2025,北京交通大学学报（社会科学版）,10.3969/j.issn.1672-8106.2025.01.016,journal article,zh,CULT_MEDIA,T3
CITING-WORK-245B7C593123,出版企业移动传播场景构建策略探析,赵晓丽,2023,出版参考,10.3969/j.issn.1006-5784.2023.08.004,journal article,zh,INTERDISC_OTHER,T2
CITING-WORK-3BFC7C320E8E,城市治理问题的中国语境与理论反思,张璇;刁龙,2025,长春师范大学学报,10.3969/j.issn.1008-178x.2025.03.009,journal article,zh,URBAN_PLAN_GEO,T3
CITING-WORK-777B4941E585,场景创新视角下佛山城市更新对策研究,佚名,,,,thesis,zh,URBAN_PLAN_GEO,T3
CITING-WORK-F73CC70748DC,"突发事件舆情""场景""发生链:理论构建及对政府治理的影响",史震烁,2024,甘肃理论学刊,10.3969/j.issn.1003-4307.2024.03.015,journal article,zh,ECON_BUS_CONS,T2
CITING-WORK-CDAE4EE44174,场景驱动理论下汽车3.0时代的车载产品设计,张祥泉;杨皓宇,2026,工业设计,10.3969/j.issn.1672-7053.2026.02.018,journal article,zh,ARCH_DES_HER,T2
CITING-WORK-216A2CC9C778,生活场景在研学旅行中的运用策略研究,殷剑;刘玉凤,2024,南昌师范学院学报,10.3969/j.issn.1005-3638.2024.05.017,journal article,zh,INTERDISC_OTHER,T2
CITING-WORK-B99ABA031406,中国西洋近代建筑游客场景认知与游客体验:以天津五大道文化旅游区为例,那梦帆,2022,经营与管理,,journal article,zh,ARCH_DES_HER,T2
CITING-WORK-D007D9906FBD,颠覆性创新演化和实现过程——基于腾讯微信纵向单案例,许泽浩;周甜甜;张玉磊,2022,科技管理研究,10.3969/j.issn.1000-7695.2022.9.002,journal article,zh,URBAN_PLAN_GEO,T2
CITING-WORK-7D27874EB7B1,从场景到问题:高校创新人才培养链式生态体系构建研究,潘一山,2026,辽宁大学学报（哲学社会科学版）,10.3969/j.issn.1002-3291.2026.01.002,journal article,zh,EDUCATION,T3
CITING-WORK-72A69A3487C2,中国人民、中国各族人民与中华民族概念的宪制意义,张劲,2025,民族大家庭,10.3969/j.issn.1005-1953.2025.01.005,journal article,zh,INTERDISC_OTHER,T3
CITING-WORK-48BE18B91E1C,复杂舆论场景中信息内容传播风险研究,李明德;朱妍,2021,情报杂志,10.3969/j.issn.1002-1965.2021.12.016,journal article,zh,INTERDISC_OTHER,T2
CITING-WORK-B6799BE025D9,红色资源嵌入高校校园文化场景构建研究,张显全;李雯雯,2022,青岛职业技术学院学报,10.3969/j.issn.1672-2698.2022.02.001,journal article,zh,INTERDISC_OTHER,T2
CITING-WORK-5DA064522180,提升数字文化消费新机制——FCS研究框架、三大维度和提升重点,花建,2023,上海财经大学学报（哲学社会科学版）,10.16538/j.cnki.jsufe.2023.06.002,journal article,zh,ECON_BUS_CONS,T3
CITING-WORK-9E7BA08506AA,场景时代生存:纸媒新闻的短视频平台呈现分析,张坤;李穗婷;林顺,2024,视听,10.3969/j.issn.1674-246x.2024.12.034,journal article,zh,CULT_MEDIA,T2
CITING-WORK-F28A095D8690,加速推进苏州古城保护与更新对策探析,胡阳,2023,苏州教育学院学报,10.16217/j.cnki.szxbsk.2023.06.008,journal article,zh,EDUCATION,T3
CITING-WORK-756A7E826471,数字文化产业与地方营造的协同发展,戴俊骋,2023,同济大学学报（社会科学版）,10.3969/j.issn.1009-3060.2023.05.004,journal article,zh,ARCH_DES_HER,T2
CITING-WORK-5A779009F319,价值共创感知体验、数字平台交互场景与颠覆性创新,阮添舜;李鑫浩;顾颖,2024,统计与信息论坛,10.3969/j.issn.1007-3116.2024.05.009,journal article,zh,ECON_BUS_CONS,T2
CITING-WORK-802FCEF0A6A8,模态、张力与调适:数字化转型中的场景治理,付建军,2023,探索与争鸣,10.3969/j.issn.1004-2229.2023.01.024,journal article,zh,INFO_TECH,T3
CITING-WORK-C6DB8F60DA56,场景视域下旅游直播空间建构逻辑,刘泽华;黄安民,2023,湖北文理学院学报,10.3969/j.issn.1009-2854.2023.05.004,journal article,zh,TOUR_HOSP,T2
CITING-WORK-AF645ED90B8A,阅读新时代:红色有声书籍多维场景构建,李应杰;李君婷,2023,中国出版,10.3969/j.issn.1002-4166.2023.04.008,journal article,zh,CULT_MEDIA,T2
CITING-WORK-4C9F9D358EDB,国家治理中的信息能动性及其历史演变,张园园,2025,中国人民大学学报,10.3969/j.issn.1000-5420.2025.06.010,journal article,zh,INFO_TECH,T3
CITING-WORK-C9B32BCCA1BC,城市地铁车站系统抗火韧性识别与度量研究,毕玮,2020,,,thesis,zh,URBAN_PLAN_GEO,T3
CITING-WORK-36E4F70CF2D5,论基于“三力”模式的成都主题文化战略,邓燕,2021,,,thesis,zh,CULT_MEDIA,T3
CITING-WORK-7AFEDF73FB05,桥梁风险评价及运营系统韧性度量、提升策略研究,查显来,2023,,,thesis,zh,INTERDISC_OTHER,T3
CITING-WORK-F6F488EC0852,体育产业基地的设立对城市经济发展的影响研究,王宾,2023,,,thesis,zh,ECON_BUS_CONS,T3
CITING-WORK-12FB0321CC53,体育公园场域中城市居民运动休闲持续参与机制研究,田玉戈,2023,,,thesis,zh,SPORT_LEISURE,T3
CITING-WORK-C4D526430B6C,体育强国背景下校园体育文化建设路径研究--以商丘市第十六中学为例,黄朋朋,2023,,,thesis,zh,CULT_MEDIA,T3
CITING-WORK-7E3B87F1DF76,城市设计创意工作者的地方依恋影响因素以及形成机制研究--以景德镇为例,张睿,2025,,,thesis,zh,ARCH_DES_HER,T3
CITING-WORK-320DEAF0E139,特大城市二元社会空间结构分异及其文化作用机制,孟兆敏,2020,城市观察,10.3969/j.issn.1674-7178.2020.03.016,journal article,zh,ECON_BUS_CONS,T2
CITING-WORK-CA5AB95A0D55,文化场景理论视域下运动休闲特色小镇空间建设的适应逻辑、现实困境及实践路径,蒋全虎;陈家起;高奎亭,2022,湖北体育科技,10.3969/j.issn.1003-983x.2022.09.007,journal article,zh,SPORT_LEISURE,T2
CITING-WORK-0930DA6EE1D5,基于场景理论的城市街区公共文化空间维度分析,陈波,2019,江汉论坛,,journal article,zh,INTERDISC_OTHER,T2
CITING-WORK-0B07FFDDE792,“3T”理论视角下澳门文化创意产业发展与创意阶层培育,程小敏;詹一虹,2017,产经评论,10.14007/j.cnki.cjpl.2017.06.011,journal article,zh,ECON_BUS_CONS,T3
CITING-WORK-10A455866394,以文润城:国家级文化类试验区建设的逻辑理路与实践路径,郭建晖;颜璐佳,2025,江西社会科学,,journal article,zh,INTERDISC_OTHER,T2
CITING-WORK-0DBE5FD3A899,场景理论视角下设计学跨学科模式探索与实践,方明媚;陈炜,2023,建筑与文化,10.19875/j.cnki.jzywh.2023.06.085,journal article,zh,ARCH_DES_HER,T2
CITING-WORK-EA06750D333F,"""我和我的""系列电影的场景传播及其意蕴构建",陈万怀;陈圆圆,2023,开封文化艺术职业学院学报,10.3969/j.issn.2096-7853.2023.05.024,journal article,zh,CULT_MEDIA,T3
CITING-WORK-E6A0DCE7DA63,场域理论视域下思政展馆数字化转型的建构逻辑与价值实现路径——基于布尔迪厄与克拉克理论的跨学科分析,佚名,,,,thesis,zh,INFO_TECH,T3
CITING-WORK-36D89047A848,流动的生活:城市青年咖啡馆消费的空间延伸功能,李洁,2020,宁波广播电视大学学报,,journal article,zh,CULT_MEDIA,T2
CITING-WORK-BA609509C798,市办实事:一个管窥青岛市民生事业的视角,吕绍勋,2020,青岛职业技术学院学报,,journal article,zh,INTERDISC_OTHER,T2
CITING-WORK-A3875962EAA0,小尺度改造:城市社区互助养老的空间支持及治理路径探析,窦影,2023,齐齐哈尔大学学报（哲学社会科学版）,10.3969/j.issn.1008-2638.2023.12.018,journal article,zh,URBAN_PLAN_GEO,T3
CITING-WORK-92BA7AE3A64C,耦合效应下的城市文化空间构建——以昆明翠湖为例,高旸,2018,四川省干部函授学院学报,10.3969/j.issn.1008-8784.2018.02.002,journal article,zh,ARCH_DES_HER,T2
CITING-WORK-FEE25B1C6134,国家中心城市视野下的成都城市动力调整研究,赵芮;孙超英,2017,四川行政学院学报,,journal article,zh,URBAN_PLAN_GEO,T2
CITING-WORK-0CDE127A37F1,数字经济背景下冰雪旅游场景传播价值实现路径研究,吴彦艳,2024,商业经济,10.3969/j.issn.1009-6043.2024.11.002,journal article,zh,ECON_BUS_CONS,T2
CITING-WORK-14B21F7C8CE2,基于场景理论探析时尚文化对旧社区微更新的影响——以广州市某街道为例,杨宇航;赵天顺;苏梓钊,2025,艺术教育,10.3969/j.issn.1002-8900.2025.9.ysjy202509047,journal article,zh,TOUR_HOSP,T2
CITING-WORK-5B3371B82E93,"基于场景理论的""潇湘夜雨""文化景观遗产活态保护途径",李博;王越;陈玥,2023,中外建筑,10.19940/j.cnki.1008-0422.2023.01.005,journal article,zh,ARCH_DES_HER,T2
CITING-WORK-08C57F2C659C,“场景”在移动媒体新闻传播中的应用研究,李晓晨,2016,,,thesis,zh,CULT_MEDIA,T3
CITING-WORK-E5BF5329C25E,场景时代移动社交媒体的盈利模式分析,张云,2015,,,thesis,zh,CULT_MEDIA,T3
CITING-WORK-3357A61F327B,场景时代的营销传播策略研究--以微信红包为例,苏胤,2016,,,thesis,zh,CULT_MEDIA,T3
CITING-WORK-083185DA418A,移动社交媒体时代大学生网络性行为研究,黄建华,2017,,,thesis,zh,CULT_MEDIA,T3
CITING-WORK-C90C6ADBE2AB,媒介技术理论下智能可穿戴设备媒介属性研究,黄先超,2017,,,thesis,zh,CULT_MEDIA,T3
CITING-WORK-ACF293AF6E93,移动互联网广告的场景化营销研究,鲍蓉,2017,,,thesis,zh,INTERDISC_OTHER,T3
CITING-WORK-2DC19144560B,新媒介技术驱动下新闻叙事的嬗变,舒静婷,2017,,,thesis,zh,CULT_MEDIA,T3
CITING-WORK-2C0B69095B56,互联网电视的家庭娱乐中心场景建构研究,荆亚萍,2016,,,thesis,zh,CULT_MEDIA,T3
CITING-WORK-9F86D7302929,基于网络传播的公益众筹研究,郭亚丽,2017,,,thesis,zh,CULT_MEDIA,T3
CITING-WORK-4F63DF2AF260,游戏直播节目《PandaKill》的用户沉浸感研究,陈凌琦,2018,,,thesis,zh,INTERDISC_OTHER,T3
CITING-WORK-3D209A6E6A57,“场景”在移动新闻客户端中的构建与应用研究--以新华社客户端为例,崔鹏冲,2018,,,thesis,zh,INTERDISC_OTHER,T3
CITING-WORK-376D1BEC8317,“场景”在移动互联时代品牌传播中的应用研究,熊彩,2018,,,thesis,zh,ECON_BUS_CONS,T3
CITING-WORK-AEE187870C0A,社群电商平台小红书商业模式研究,殷君,2019,,,thesis,zh,ECON_BUS_CONS,T3
CITING-WORK-CDD3594B94BF,电影类微信公众号的艺术传播研究,陈林霄,2019,,,thesis,zh,CULT_MEDIA,T3
CITING-WORK-86E84828C880,跨屏晚会的场景构建和发展策略研究--以天猫双十一晚会为例,赵倩如,2019,,,thesis,zh,INTERDISC_OTHER,T3
CITING-WORK-0B7E6B324E1D,电子竞技媒介仪式研究--以《英雄联盟》职业联赛2018年世界赛总决赛为例,张圣曜,2019,,,thesis,zh,CULT_MEDIA,T3
CITING-WORK-B67555CC2EB4,“长沙看房25群”传播效果及群成员忠诚度研究,刘爽,2019,,,thesis,zh,CULT_MEDIA,T3
CITING-WORK-2EE3B5CD809E,女性知识付费产品内容运营的场景化研究,杨思逸,2019,,,thesis,zh,INTERDISC_OTHER,T3
CITING-WORK-E6853960B676,场景视角下连花清瘟品牌传播研究,陈全红,2020,,,thesis,zh,ECON_BUS_CONS,T3
CITING-WORK-7D8E9E3B7085,虚拟知识社区知识生态及场景化服务研究,徐海玲,2020,,,thesis,zh,URBAN_PLAN_GEO,T3
CITING-WORK-7612AAFD603E,场景理论下百度信息流广告传播策略研究,钱韵璇,2020,,,thesis,zh,CULT_MEDIA,T3
CITING-WORK-35072111CAC7,微信广告体验场景的设计研究,张翠,2020,,,thesis,zh,INTERDISC_OTHER,T3
CITING-WORK-2C98E9963D7A,电视节目模式的理论模型构建研究,宋亚晴,2019,,,thesis,zh,CULT_MEDIA,T3
CITING-WORK-C7B071D716E7,移动短视频App信息流广告研究,申娟,2020,,,thesis,zh,CULT_MEDIA,T3
CITING-WORK-562C400E24A7,社交电商的场景营销研究,陈阳,2020,,,thesis,zh,INTERDISC_OTHER,T3
CITING-WORK-7D6B21CCE725,微信小程序的场景化研究,胡梦佳,2019,,,thesis,zh,INTERDISC_OTHER,T3
CITING-WORK-C748D6210CD7,妇幼医院场景化视觉设计研究——以宜城市妇幼保健院为例,刘佩佩,2021,,,thesis,zh,URBAN_PLAN_GEO,T3
CITING-WORK-3779A92A1971,江西省乡村公共信息移动传播的困境与策略,刘真颖,2021,,,thesis,zh,RURAL_AGRI,T3
CITING-WORK-7F81A5C00C4A,电信诈骗“说服”场景的构建和解构,彭觉浅,2021,,,thesis,zh,INTERDISC_OTHER,T3
CITING-WORK-CAC98052EAB6,场景传播视域下官员直播带货传播策略创新探索,沈漪,2021,,,thesis,zh,CULT_MEDIA,T3
CITING-WORK-8C0638F0EA50,小红书APP信息流广告的场景建构研究,衣建西,2021,,,thesis,zh,INFO_TECH,T3
CITING-WORK-CFDE0EDA8CB4,场景理论视域下短视频城市形象传播研究——以西安为例,陈晓晴,2021,,,thesis,zh,CULT_MEDIA,T3
CITING-WORK-102F220C44CC,移动社会化背景下传播效果评估的创新研究,孙璐,2019,,,thesis,zh,CULT_MEDIA,T3
CITING-WORK-862A0ABBE6B1,美食类短视频场景模式建构中的乱象及治理,张晓文,2022,,,thesis,zh,CULT_MEDIA,T3
CITING-WORK-9EBC05215296,基于SICAS模型的移动健身品牌营销传播策略研究——以Keep运动为例,朱清泉,2022,,,thesis,zh,ECON_BUS_CONS,T3
CITING-WORK-EE720AA6AF10,高仿真动画虚拟偶像的国风设计研究,郭玲,2022,,,thesis,zh,INTERDISC_OTHER,T3
CITING-WORK-A0CEB440FC62,场景理论下的激光电视情感化设计,孔鹏宇,2022,,,thesis,zh,CULT_MEDIA,T3
CITING-WORK-0E472343820A,地方传统媒体“云传播”实践研究——以济南报业和济南广电为例,任笑博,2022,,,thesis,zh,CULT_MEDIA,T3
CITING-WORK-E341EBC1315B,文博传播再媒介化的型态呈现和机制创新研究——以浙江省四家博物馆为例,吕硕,2022,,,thesis,zh,CULT_MEDIA,T3
CITING-WORK-69CC33A42011,初中在线学习平台的构建与场景化传播--以“钉钉”平台为例,张文熙,2023,,,thesis,zh,EDUCATION,T3
CITING-WORK-300B9BB5B010,新时代文明实践中心政治传播策略研究——以成都市为例,程卿苗,2023,,,thesis,zh,CULT_MEDIA,T3
CITING-WORK-A413DF946753,小红书“网红打卡地”媒介实践的地方意义建构,邱红雨,2023,,,thesis,zh,CULT_MEDIA,T3
CITING-WORK-9D46FB644A65,空间理论视阈下女性主播的身份建构研究--以娱乐类网络直播为例,吴妍,2023,,,thesis,zh,INFO_TECH,T3
CITING-WORK-A2EB5C9A8694,B站原生广告场景传播研究,袁盟,2022,,,thesis,zh,CULT_MEDIA,T3
CITING-WORK-B1D6C149D3E3,蔚来汽车品牌传播研究,邹沂呈,2022,,,thesis,zh,ECON_BUS_CONS,T3
CITING-WORK-CEDD0A999CD4,新媒体视域下国内美食纪录片的创传重构研究,秦浩月,2023,,,thesis,zh,CULT_MEDIA,T3
CITING-WORK-6AA53FC8E501,场景理论视域下《ELLE世界时装之苑》的数字化转型研究,魏彩玲,2023,,,thesis,zh,INFO_TECH,T3
CITING-WORK-889628DD7518,网络游戏中的公益传播现象研究,阎美伊,2023,,,thesis,zh,CULT_MEDIA,T3
CITING-WORK-DECD784EDDB7,社交媒体场景感知对用户参与创新行为的影响：虚拟用户特征的调节效应,练冬梅,2023,,,thesis,zh,CULT_MEDIA,T3
CITING-WORK-03D8725F9E55,生态环境部新闻发布会微信平台传播效果的影响因素研究,宋依霖,2022,,,thesis,zh,CULT_MEDIA,T3
CITING-WORK-14044BD6054B,城市网红地标的内容生产研究--以小红书“滤镜”现象为例,李晓,2023,,,thesis,zh,URBAN_PLAN_GEO,T3
CITING-WORK-6AB3A46DE93B,可供性视角下主流融媒体平台功能拓展研究,韩昊洋,2024,,,thesis,zh,CULT_MEDIA,T3
CITING-WORK-A374507A44D5,场景理论视角下梁子岛“观鸟游”品牌体验设计研究,陈梦,2024,,,thesis,zh,ECON_BUS_CONS,T3
CITING-WORK-B34FCC567285,网络直播带货对大学生价值观的影响及引导研究,梁叶莲,2024,,,thesis,zh,INFO_TECH,T3
CITING-WORK-E3F5E59DCE52,场景理论视角下的数字哀悼研究：以清明节“云祭扫”为例,汪慧琪,2024,,,thesis,zh,INFO_TECH,T3
CITING-WORK-68914B1BFE55,唤醒、互动、共振：东方甄选直播的情感传播研究,姜琪,2024,,,thesis,zh,CULT_MEDIA,T3
CITING-WORK-E362AA6DFCAF,“浏阳花炮”文化品牌传播研究,王卓青,2023,,,thesis,zh,ECON_BUS_CONS,T3
CITING-WORK-BA0E1D308409,媒介化理论视域下智能营销的虚拟场景建构研究,刘佳昕,2024,,,thesis,zh,CULT_MEDIA,T3
CITING-WORK-B26D44394692,短视频平台变装博主的自我呈现研究,王菲,2024,,,thesis,zh,CULT_MEDIA,T3
CITING-WORK-9F2C99D7DDC7,场景视角下融合空间中的双重在场学习直播研究,陈若茵,2022,,,thesis,zh,EDUCATION,T3
CITING-WORK-1D84E5A7C17C,传播仪式观视域下非遗题材纪录片的建构研究--兼论毕业作品《指尖竹韵》,曾琪男,2025,,,thesis,zh,CULT_MEDIA,T3
CITING-WORK-FA40B164492D,青年异地情侣数字亲密中移动设备的三重勾连研究,满怡,2025,,,thesis,zh,INFO_TECH,T3
CITING-WORK-5F4DEF88711F,场景视域下的星巴克品牌传播,张景,2018,,,thesis,zh,ECON_BUS_CONS,T3
CITING-WORK-10830F317278,场景革命下的品牌传播--以耐克跑步为例,朱晓彤,2016,,,thesis,zh,ECON_BUS_CONS,T3
CITING-WORK-4E5AC2096F30,作为场景的社交媒体对个体行为的影响研究--基于“安大合工大京东派福利社群”微信群的个案考察,程蕾,2016,,,thesis,zh,CULT_MEDIA,T3
CITING-WORK-9ECB1B8D8855,手机视频直播“映客”的运营策略研究,钟丽园,2017,,,thesis,zh,INTERDISC_OTHER,T3
CITING-WORK-AF6D71A3BBA6,移动互联时代品牌传播的场景化研究,徐雯,2017,,,thesis,zh,ECON_BUS_CONS,T3
CITING-WORK-33D5D489A4FE,场景媒体时代新闻客户端大事件报道研究--以腾讯新闻客户端为例,张馨月,2017,,,thesis,zh,CULT_MEDIA,T3
CITING-WORK-3BF938231982,《今日头条》广告场景传播研究,陈艳婕,2018,,,thesis,zh,CULT_MEDIA,T3
CITING-WORK-FB010570EA39,微信游戏小程序中的人际交往研究--以“跳一跳”为例,陈树佳,2019,,,thesis,zh,INTERDISC_OTHER,T3
CITING-WORK-9308E3047214,《西部世界》中场景元素的符号修辞研究,唐语嫣,2019,,,thesis,zh,INTERDISC_OTHER,T3
CITING-WORK-7413310AE777,基于场景视角的移动直播新闻研究,田宇,2019,,,thesis,zh,INTERDISC_OTHER,T3
CITING-WORK-697F48F1E5DB,语音直播平台的知识传播研究--以“千聊”和“荔枝微课”为例,陈珂,2019,,,thesis,zh,CULT_MEDIA,T3
CITING-WORK-2AFC76B4C2D8,场景理论视域下短视频原生广告传播研究,杨飞霞,2019,,,thesis,zh,CULT_MEDIA,T3
CITING-WORK-6C94C799F58D,网络综艺植入广告的场景化传播研究,王凤,2019,,,thesis,zh,CULT_MEDIA,T3
CITING-WORK-519FEC907F7D,新型出版模式下的D出版社图书营销策略研究,张楠,2019,,,thesis,zh,INTERDISC_OTHER,T3
CITING-WORK-3D4F0F622597,移动互联网背景下品牌传播场景建构研究,鲍莉莉,2019,,,thesis,zh,ECON_BUS_CONS,T3
CITING-WORK-E6F301FB6FBF,移动新闻客户端的场景传播研究,张桂杰,2020,,,thesis,zh,CULT_MEDIA,T3
CITING-WORK-C5422051E925,OTA品牌场景营销研究--以携程为例,赵涛,2021,,,thesis,zh,ECON_BUS_CONS,T3
CITING-WORK-5D7554046662,符号消费视阈下网络直播带货研究,石雯瑞,2021,,,thesis,zh,ECON_BUS_CONS,T3
CITING-WORK-A8E7C127C7C6,场景理论视域下有声读物平台内容运营精准化研究,方硕,2021,,,thesis,zh,INFO_TECH,T3
CITING-WORK-215B651CDD49,移动互联网时代搜索引擎的场景化营销研究,李伟男,2022,,,thesis,zh,INTERDISC_OTHER,T3
CITING-WORK-75A0A82816B5,基于多维用户画像的高校图书馆精准知识服务研究,贾晓雨,2023,,,thesis,zh,EDUCATION,T3
CITING-WORK-15AC759BB31C,耳朵经济兴起的表现及原因探析——兼论互联网经济从眼球经济到耳朵经济,梁旭艳,2021,编辑之友,10.13786/j.cnki.cn14-1066/g2.2021.8.003,journal article,zh,INTERDISC_OTHER,T2
CITING-WORK-F8518AE54128,场景视阈下移动阅读APP的发展策略,邓庄,2018,出版发行研究,,journal article,zh,CULT_MEDIA,T2
CITING-WORK-E26C5B40479D,用户视角下的教育出版知识服务场景分析,王钰,2020,出版发行研究,,journal article,zh,CULT_MEDIA,T2
CITING-WORK-74EA2C6B83A3,"从""互联网+""到""智能+"":中国报刊融合的纵深化态势浅析",付玉;段艳文,2019,出版广角,10.16491/j.cnki.cn45-1216/g2.2019.24.001,journal article,zh,CULT_MEDIA,T2
CITING-WORK-D3AA99D4DADB,网络视频弹幕研究——基于场景构建的视角,赵美霞,2017,传播与版权,,journal article,zh,CULT_MEDIA,T2
CITING-WORK-4BC1F7F136E3,微信小程序与自媒体出版结合的产品化运营思路,吴凤颖;李峤雪;安琪,2021,传播与版权,,journal article,zh,CULT_MEDIA,T2
CITING-WORK-9EDC92B1A341,视频弹幕研究中的定义乱象 ——以哔哩哔哩弹幕网为例,武业真,2018,传媒论坛,10.3969/j.issn.2096-5079.2018.11.109,journal article,zh,CULT_MEDIA,T2
CITING-WORK-AC674C170EE2,基于CiteSpace的中国场景传播研究热点分析,管倩;粟银慧,2024,传媒论坛,10.3969/j.issn.2096-5079.2024.07.002,journal article,zh,CULT_MEDIA,T2
CITING-WORK-E1BDDFF02097,"场景传播视域下会展经济的""场景化""适应性分析",刘炜心;曾琦琪,2022,采.写.编,10.3969/j.issn.1007-8177.2022.05.076,journal article,zh,CULT_MEDIA,T2
CITING-WORK-EDF9E27B0922,网络仙侠剧的场景建构路径与反思,范则;默书民,2024,采.写.编,10.3969/j.issn.1007-8177.2024.01.060,journal article,zh,CULT_MEDIA,T2
CITING-WORK-D90CD42E0A45,从流量危机到网红展:艺术馆数字营销的场景困境与突破,蔡绍硕;陈峻俊,2022,东莞理工学院学报,,journal article,zh,CULT_MEDIA,T2
CITING-WORK-71096407337B,场景理论视角下移动社交短视频的价值研究,傅慧,2018,东南传播,,journal article,zh,CULT_MEDIA,T2
CITING-WORK-B761D37729D6,基于媒介情境论的场景交互广告传播价值探究,黎芸,2018,东南传播,,journal article,zh,CULT_MEDIA,T2
CITING-WORK-78B7C24C953E,人工智能背景下数字出版生态重塑,王永耀,2018,新媒体研究,,journal article,zh,CULT_MEDIA,T2
CITING-WORK-E54FC3BAD4CF,网络电商直播的场景适配及价值理性,任珊珊,2021,新媒体研究,10.3969/j.issn.2096-0360.2021.03.021,journal article,zh,CULT_MEDIA,T2
CITING-WORK-F0F7B63B3ED7,连接与渗透:移动传播时代的场景构建——以小红书为例,王琳,2022,新媒体研究,10.3969/j.issn.2096-0360.2022.02.023,journal article,zh,CULT_MEDIA,T2
CITING-WORK-AC06AA6683E1,"""永久在线、永久连接""视角下移动互联网的过度使用述评——基于I-PACE理论模型范式",蒲楚原;张博,2023,新媒体研究,10.3969/j.issn.2096-0360.2023.03.003,journal article,zh,CULT_MEDIA,T2
CITING-WORK-027A29B23495,场景传播视域下网红电商探析,刘旺姣,2017,今传媒（学术版）,,journal article,zh,INTERDISC_OTHER,T2
CITING-WORK-12ADCDD186A6,"医疗卫生机构健康科普网络音频平台的运营策略——以""长三角公共卫生(网络)电台""为例",叶瑜;黄晓兰,2024,健康教育与健康促进,10.16117/j.cnki.31-1974/r.202403325,journal article,zh,EDUCATION,T3
CITING-WORK-5542C8DAE00E,场景传播兴起的动因及影响分析,程江雪,2019,科技传播,,journal article,zh,CULT_MEDIA,T2
CITING-WORK-AAD3CD161BE5,短视频营销对城市旅游形象的塑造手法研究 ——以重庆洪崖洞为例,范雪颖;杨晓欣;张旭萌,2020,科技传播,,journal article,zh,CULT_MEDIA,T2
CITING-WORK-4BD8191136FF,移动化、场景化、多元化:社会化媒体时代电子游戏的分化、重塑与新生,段鹏程;陈一奔,2023,昆明理工大学学报（社会科学版）,10.16112/j.cnki.53-1160/c.2023.06.262,journal article,zh,SOC_POLICY,T2
CITING-WORK-E239CC0028C9,生产与消费:新闻空间性研究的基础面向,王斌;马菲,2023,青年记者,,journal article,zh,CULT_MEDIA,T2
CITING-WORK-661C12BBC62C,场景经济视域下实体书店转型发展路径选择,辜翼欣;刘泽溪,2021,企业经济,10.13529/j.cnki.enterprise.economy.2021.09.016,journal article,zh,ECON_BUS_CONS,T2
CITING-WORK-91C43DBC16EC,移动场景下的深度学习方式设计,赵盼,2017,软件导刊·教育技术,,journal article,zh,EDUCATION,T3
CITING-WORK-EC4EBCCA04EF,未来的传播形态:思考与前瞻,贾文山,2018,人民论坛（学术前沿）,10.16619/j.cnki.rmltxsqy.2018.05.014,journal article,zh,CULT_MEDIA,T2
CITING-WORK-99D0F0C39926,"短视频新闻报道的场景传播特征分析 ——以""四川观察""抖音账号为例",李丽,2021,声屏世界,10.3969/j.issn.1006-3366.2021.15.051,journal article,zh,TOUR_HOSP,T2
CITING-WORK-86A60256B330,电视剧《南来北往》的集体记忆书写机制,胡玉静,2025,声屏世界,10.3969/j.issn.1006-3366.2025.14.015,journal article,zh,TOUR_HOSP,T2
CITING-WORK-CFC3A86B199F,直播视域下健康传播的场景建构研究,陈欣雨;高萍,2023,视听,10.3969/j.issn.1674-246x.2023.01.041,journal article,zh,CULT_MEDIA,T2
CITING-WORK-AC7FADB0207B,"场景理论视域下""耳朵经济""的功能建构与场景特点",李怡佳,2023,视听,10.3969/j.issn.1674-246x.2023.06.007,journal article,zh,CULT_MEDIA,T2
CITING-WORK-7DE043B4802C,奖励式众筹的后续市场效应:基于场景视角的研究,彭正银;胡曦;罗贯擎,2024,商业经济与管理,10.14134/j.cnki.cn33-1336/f.2024.03.003,journal article,zh,ECON_BUS_CONS,T2
CITING-WORK-D9DBEBF2B560,"""新4C法则""下图书馆网络直播营销策略研究",欧燕,2021,图书馆工作与研究,,journal article,zh,INFO_TECH,T2
CITING-WORK-1002210FDE1F,基于AARRR模型的高校图书馆短视频阅读推广策略,吕冰玉;杨芳,2023,图书馆工作与研究,,journal article,zh,INFO_TECH,T2
CITING-WORK-9604323B12A9,新媒体时代的国书馆场景构建策略,李明理,2016,图书情报工作,10.13266/j.issn.0252-3116.2016.06.007,journal article,zh,INFO_TECH,T2
CITING-WORK-5DE308F549D7,移动图书馆信息接受情境粘滞模型研究,王福;毕强,2018,图书情报工作,10.13266/j.issn.0252-3116.2018.12.002,journal article,zh,INFO_TECH,T2
CITING-WORK-57A658AD3367,移动图书馆场景化服务模式及其应用,旭荣花;郝喜凤,2021,图书馆,,journal article,zh,INFO_TECH,T2
CITING-WORK-32D25B88957D,基于用户体验的商业模式场景研究:价值创造与传递视角,李鸿磊;刘建丽,2020,外国经济与管理,10.16538/j.cnki.fem.20200507.102,journal article,zh,ECON_BUS_CONS,T2
CITING-WORK-D8C620CD5C59,全现场:场景转移趋势的诠释与展望,李岭涛;李皓诺,2021,现代传播,10.3969/j.issn.1007-8770.2021.03.002,journal article,zh,CULT_MEDIA,T2
CITING-WORK-D66FC776F705,"从""横屏""到""竖屏"":论影像符号表意机制的变革",张骋,2022,现代传播,10.3969/j.issn.1007-8770.2022.01.016,journal article,zh,CULT_MEDIA,T2
CITING-WORK-315155B450E7,无边之幕的遮蔽与突破:场景传播中的主体性探讨,胡沈明;尚怡,2025,现代传播,10.3969/j.issn.1007-8770.2025.07.004,journal article,zh,CULT_MEDIA,T2
CITING-WORK-1614FBF4213C,新媒体环境下的图书馆用户信息需求及行为的价值取向研究,刘晓华,2017,现代情报,10.3969/j.issn.1008-0821.2017.12.022,journal article,zh,ARCH_DES_HER,T2
CITING-WORK-50EFF39444FC,教育出版融合发展:产品、业态和趋势,杜传贵,2017,现代出版,,journal article,zh,CULT_MEDIA,T2
CITING-WORK-2BFB10B9410F,"外交话语的新媒体转向——基于抖音账号""外交部发言人办公室""的内容分析",徐颖春,2023,新媒体公共传播,,journal article,zh,CULT_MEDIA,T2
CITING-WORK-3B169737202C,5G应用背景下媒体融合发展的前景,张明新;常明芝,2019,新闻爱好者,,journal article,zh,CULT_MEDIA,T2
CITING-WORK-B2404095824F,构建场景传播:融媒体时代广播新闻节目的路径选择——以湖北之声《焦点时刻》为例,杨雨凌,2023,新闻前哨,10.3969/j.issn.1003-2827.2023.15.016,journal article,zh,CULT_MEDIA,T2
CITING-WORK-9E366A06C800,移动互联网时代下的场景传播,湛贵玲,2016,新闻研究导刊,,journal article,zh,CULT_MEDIA,T2
CITING-WORK-3A0689C91E17,探析移动媒体时代的场景,樊天宇,2017,新闻研究导刊,10.3969/j.issn.1674-8883.2017.24.031,journal article,zh,CULT_MEDIA,T2
CITING-WORK-DF1975A73BA9,场景应用下空间信息流的汇聚与传播,张玲玲;温喜娟,2016,新闻与写作,10.3969/j.issn.1002-2295.2016.12.011,journal article,zh,CULT_MEDIA,T2
CITING-WORK-53C71175FA7A,“云生活”的场景传播,赵子忠;付姝姣,2020,新闻与写作,,journal article,zh,CULT_MEDIA,T2
CITING-WORK-E439F1C380F6,"如歌似诗:后信息社会""微电影+""的创新表达",于淼;庄晓东,2023,云南艺术学院学报,10.16230/j.cnki.yyxb.2023.04.014,journal article,zh,CULT_MEDIA,T3
CITING-WORK-737E64A57806,中国历史文化传播的价值内涵和创新策略探究——以央视《典籍里的中国》为例,杨羽裳,2024,艺术科技,10.3969/j.issn.1004-9436.2024.13.066,journal article,zh,CULT_MEDIA,T2
CITING-WORK-9790DF57F9AA,依托微银行平台的邮储银行线上营销体系建设,李昭,2020,邮政研究,,journal article,zh,INFO_TECH,T3
CITING-WORK-DF123E123201,移动场景化：“互联网+”时代数字出版发展的新变革,段淳林;闫济民,2016,中国出版,10.3969/j.issn.1002-4166.2016.05.017,journal article,zh,CULT_MEDIA,T2
CITING-WORK-F23346FCB13E,新媒体技术影响下的出版营销新思路,戴世富;赵思宇,2016,中国出版,10.3969/j.issn.1002-4166.2016.21.012,journal article,zh,CULT_MEDIA,T2
CITING-WORK-4EB74B41F543,立体、叠加与拟真实: 5G时代传播场景升维的基本方向,孙宇;马晓丹,2020,中国出版,,journal article,zh,CULT_MEDIA,T2
CITING-WORK-8BECC51410A8,四种媒介的未来肖像,陆地;敖鹏,2016,浙江传媒学院学报,10.3969/j.issn.1008-6552.2016.03.010,journal article,zh,CULT_MEDIA,T3
CITING-WORK-996623C59B17,重庆市公共数字文化服务平台建设问题及对策研究,马晓磊,2018,,,thesis,zh,CULT_MEDIA,T3
CITING-WORK-FE6E2D945436,襄垣县美丽乡村建设群众参与问题研究,李梦迪,2020,,,thesis,zh,RURAL_AGRI,T3
CITING-WORK-77D00DAB98BB,S市农村公共文化空间建设研究,刘晓林,2020,,,thesis,zh,RURAL_AGRI,T3
CITING-WORK-AB7D6539C117,三圈理论视角下农村公共文化服务供需匹配问题研究—基于湖北省T市的个案分析,黎宇,2020,,,thesis,zh,RURAL_AGRI,T3
CITING-WORK-215D4C0D9578,城市文化体验场景的空间传播及其价值研究——基于西安非遗街区永兴坊实践讨论,张晨,2020,,,thesis,zh,ARCH_DES_HER,T3
CITING-WORK-5E5D6434135F,公共文化空间视域下独立书店发展研究——以郑汴洛为例,李勇,2020,,,thesis,zh,CULT_MEDIA,T3
CITING-WORK-7FD8DC754121,乡村振兴视域下乡村文化建设研究——以浙江省诸暨市为例,杨璐伊,2021,,,thesis,zh,RURAL_AGRI,T3
CITING-WORK-DE7D6E32C5AC,复合文化空间的跨文化传播力构建——以“茑屋书店”为例,马扬晨,2022,,,thesis,zh,CULT_MEDIA,T3
CITING-WORK-694A80268AA7,乡村公共数字文化服务中用户信息规避行为影响机理研究,蒋琳萍,2022,,,thesis,zh,RURAL_AGRI,T3
CITING-WORK-EF1CFD8D325F,农村公共文化服务与传统文化传承协同发展研究,汪鹏,2021,,,thesis,zh,RURAL_AGRI,T3
CITING-WORK-3190253C4E69,农村公共数字文化服务利用研究——基于衡南县H镇的调查分析,胡佳豪,2021,,,thesis,zh,RURAL_AGRI,T3
CITING-WORK-8471BA965F2D,文化空间视角下潮汕传统村落街巷文化空间保护更新研究——以汕头市前美村为例,胡仲婷,2022,,,thesis,zh,RURAL_AGRI,T3
CITING-WORK-9261E045BD8B,济南商埠文化公共艺术展示叙事设计研究,王一帆,2023,,,thesis,zh,CULT_MEDIA,T3
CITING-WORK-BB65C3BC1E90,基于结构主义方法论的产业社区设计策略研究--以上海市奉贤区三领片区城市设计布局策略为例,王竹男,2023,,,thesis,zh,ARCH_DES_HER,T3
CITING-WORK-64309CF37150,国家文化公园建设背景下开封市博物馆服务能力提升研究,王梦梦,2023,,,thesis,zh,CULT_MEDIA,T3
CITING-WORK-8C28A49774C8,嵌入视角下社工站参与高校社区协同治理的研究--以J社区为例,王冬艳,2024,,,thesis,zh,EDUCATION,T3
CITING-WORK-A7B5098B760B,成都市新时代文明实践中心的空间传播研究,蒋闻夏,2024,,,thesis,zh,CULT_MEDIA,T3
CITING-WORK-C84CE69CFBCD,积极老龄化视角下社区文化空间适老化改造研究,魏岩,2024,,,thesis,zh,CULT_MEDIA,T3
CITING-WORK-EC099AA44637,“共生”视角下龙脊古壮寨乡村公共空间设计研究,王蒲凯,2024,,,thesis,zh,ARCH_DES_HER,T3
CITING-WORK-6D1705B05E1C,基于文化空间识别的中韩传统村落保护利用比较研究——以黔东南州格头村和全州市韩屋村为例,冯予杨,2024,,,thesis,zh,RURAL_AGRI,T3
CITING-WORK-DDB8B6D31F1B,资源型城市体育公园发展研究--以淮南市舜耕山体育生态公园为例,吴远军,2024,,,thesis,zh,SPORT_LEISURE,T3
CITING-WORK-60EB115795DA,四川天府新区直管区公共文化设施供给研究,吴鹏,2024,,,thesis,zh,CULT_MEDIA,T3
CITING-WORK-E55787830723,基于文脉传承的庆州古城公共文化空间优化策略研究,王逸飞,2024,,,thesis,zh,CULT_MEDIA,T3
CITING-WORK-C122F671BC00,民营剧院公共艺术教育价值研究-以丝绸之路国际艺术交流中心为例,李苏玥,2024,,,thesis,zh,EDUCATION,T3
CITING-WORK-BC9F6484FBEE,驼盐古道沿线阿拉善段乡村公共空间优化策略研究,范平川,2024,,,thesis,zh,RURAL_AGRI,T3
CITING-WORK-25704E7E6673,媒介仪式观视域中河南卫视春晚公共文化空间意义建构研究,李文净,2024,,,thesis,zh,CULT_MEDIA,T3
CITING-WORK-1F6A904C3923,规划展览馆公共文化服务功能提升对策研究——以重庆市规划展览馆为例,杨昔,2023,,,thesis,zh,ARCH_DES_HER,T3
CITING-WORK-01CAE873E705,空间生产理论下县域公共文化空间设计研究--以宏河镇西库伦图街区为例,刘升龙,2025,,,thesis,zh,ARCH_DES_HER,T3
CITING-WORK-0CCC2A2EDCB6,政社合作供给对公共文化服务感知绩效的影响研究,张子健,2024,,,thesis,zh,CULT_MEDIA,T3
CITING-WORK-765828E13B19,汉代海昏侯国国家考古遗址公园的公共文化空间研究,丁海燕,2025,,,thesis,zh,CULT_MEDIA,T3
CITING-WORK-3045CC2C3FD5,呼和浩特市公共文化空间建设研究,冯笑然,2025,,,thesis,zh,CULT_MEDIA,T3
CITING-WORK-5FCD4B40FE7A,公共价值管理视角下公共文化服务供给路径研究--以N市“城市书房·美书馆”为例,孙钦泽,2025,,,thesis,zh,CULT_MEDIA,T3
CITING-WORK-E5298D724051,延吉市土特产消费空间特征及可持续发展研究,段莹,2025,,,thesis,zh,ECON_BUS_CONS,T3
CITING-WORK-AEFC1310A16A,公共文化空间与乡村共同体的再造研究,张玉露,2019,,,thesis,zh,RURAL_AGRI,T3
CITING-WORK-2731151308B6,河南省孟津县城关镇居民公共文化活动参与意愿影响因素实证研究,朱梦雅,2020,,,thesis,zh,CULT_MEDIA,T3
CITING-WORK-4A44A7AE1BB0,文化治理理论视角下我国公共文化服务效能提升研究,刘鹏,2023,,,thesis,zh,CULT_MEDIA,T3
CITING-WORK-9BF0EF48C3EB,Z市文化馆公共文化服务供给优化研究,李玮玮,2024,,,thesis,zh,CULT_MEDIA,T3
CITING-WORK-83B8021CA94B,空间生产视域下的宗祠文化与红色文化融合发展,綦悦悦;喻寒;曾岑,2023,传播力研究,,journal article,zh,CULT_MEDIA,T2
CITING-WORK-33939BC76680,基于公众参与的公益性场馆建设分析——以重庆市规划展览馆为例,郭铁蓉,2022,重庆建筑,10.3969/j.issn.1671-9107.2022.09.23,journal article,zh,ARCH_DES_HER,T2
CITING-WORK-7FDCA5BEFE8A,公共文化服务水平对居民文化消费支出的影响研究,谭建春;汪小梅;陈道平,2022,重庆师范大学学报（社会科学版）,10.19742/j.cnki.50-1164/c.220303,journal article,zh,ECON_BUS_CONS,T3
CITING-WORK-5DBFE6FA170A,儿童福祉视角下乡村文化空间优化策略研究,林晓昕;朱小军;王玉轩,2023,城市建筑空间,10.3969/j.issn.1006-6659.2023.12.027,journal article,zh,ARCH_DES_HER,T2
CITING-WORK-9222C0430093,我国乡村公共文化空间对村民人际互动的影响——基于河南省部分文化大院的调查,王国华;张玉露,2019,调研世界,10.13778/j.cnki.11-3705/c.2019.05.005,journal article,zh,URBAN_PLAN_GEO,T2
CITING-WORK-0465EFFFD00D,新时代国家考古遗址公园定位再认识与发展路径研究,王新文;杜婷婷;董尧,2025,东南文化,10.3969/j.issn.1001-179x.2025.03.001,journal article,zh,CULT_MEDIA,T2
CITING-WORK-FECD273126BB,乡村公共数字文化服务中用户信息规避行为研究,王锰;蒋琳萍;郑建明,2020,国家图书馆学刊,10.13666/j.cnki.jnlc.2020.0608,journal article,zh,INFO_TECH,T2
CITING-WORK-27074A1F8D66,文化创意产业园文化与商业综合发展研究——以成都市西村大院为例,杨欣傲;杨永春,2021,甘肃科技,10.3969/j.issn.1000-0952.2021.02.010,journal article,zh,ECON_BUS_CONS,T3
CITING-WORK-1C6A9B5C4203,符号、产品、场域:传统民族手工艺非物质文化遗产价值重构研究——以云南西盟佤族传统织锦为例,敖双庆,2023,黑龙江生态工程职业学院学报,10.3969/j.issn.1674-6341.2023.06.06,journal article,zh,TOUR_HOSP,T2
CITING-WORK-5E744387A68D,数字乡村标准化治理的现实困境与优化路径,沈费伟,2024,河南社会科学,10.3969/j.issn.1007-905x.2024.05.010,journal article,zh,RURAL_AGRI,T3
CITING-WORK-3E03B7E9CDF9,"""非遗""视角下古街巷文化空间保护和重构策略研究——以山东省济宁市运河古街巷为例",解爱华;陈翠云;梁美清,2024,建设科技,10.16116/j.cnki.jskj.2024.01.014,journal article,zh,ARCH_DES_HER,T2
CITING-WORK-E3708117D1F5,环境可供性理论视角下旅游风景道地域文化表达策略研究,李文龙,2024,建筑与文化,10.19875/j.cnki.jzywh.2024.07.076,journal article,zh,ARCH_DES_HER,T2
CITING-WORK-913DB71E33F0,红色旅游地文化氛围对游客公民行为的影响——自我提升动机的中介作用和先前知识的调节作用,杨金华;刘佳敏;龚朝莹,2025,旅游科学,10.3969/j.issn.1006-575x.2025.08.009,journal article,zh,TOUR_HOSP,T2
CITING-WORK-905E013669B9,博物馆公众参与度:外部保障与内生动力,岳楠,2023,兰州大学学报（社会科学版）,10.13885/j.issn.1000-2804.2023.01.013,journal article,zh,TOUR_HOSP,T2
CITING-WORK-982ECA704400,豫北地区新型公共文化空间设计调研报告——以河南省新乡市为例,葛焱,2023,美与时代,,journal article,zh,ARCH_DES_HER,T2
CITING-WORK-2AF3B018A515,公共艺术融入城市社区治理:经验、路径与提升策略,曹宏;曹仁军,2021,山东社会科学,,journal article,zh,TOUR_HOSP,T2
CITING-WORK-D2F3A8A16C22,文旅融合背景下公共文化服务的内涵拓展与模式创新,耿达;饶蕊,2021,图书馆,,journal article,zh,INFO_TECH,T2
CITING-WORK-04049319837A,文旅融合助力乡村脱贫攻坚的生成逻辑、理论内涵与实施路径,张琳;贺浩浩;杨毅,2020,文化产业研究,,journal article,zh,CULT_MEDIA,T2
CITING-WORK-C64148E1591C,近二十年来民俗文化空间研究的方法与思路综述,司培,2019,西部学刊,,journal article,zh,CULT_MEDIA,T2
CITING-WORK-55F5951A3182,农村实现基本公共文化服务均等化的对策分析,杨蕾;杨冬琴,2021,现代经济信息,,journal article,zh,ECON_BUS_CONS,T2
CITING-WORK-E6F9F400D545,文化治理视域下文化润疆的理论基础与实践进路,李红兵,2024,新疆社会科学（汉文版）,10.20003/j.cnki.xjshkx.2024.02.012,journal article,zh,ECON_BUS_CONS,T2
CITING-WORK-4183636DC100,叙事性表达视角下乡村公共文化空间的构建路径,高春凤,2019,学习论坛,,journal article,zh,EDUCATION,T2
CITING-WORK-AED15D3EB603,乡村振兴背景下的新时代文明实践中心建设研究——以安徽省天长市为例,王蓉,2024,新乡学院学报,10.3969/j.issn.1674-3326.2024.04.013,journal article,zh,RURAL_AGRI,T2
CITING-WORK-F0EDDB811B6D,虚拟文化空间下的剧院云演艺活动观众参与影响因素研究,陈波;金舒,2021,艺术百家,10.3969/j.issn.1003-9104.2021.02.007,journal article,zh,CULT_MEDIA,T2
CITING-WORK-0FC39B496F42,探析公共艺术融入城市社区治理的经验、路径与效能提升策略,张奕伟,2022,艺术科技,10.3969/j.issn.1004-9436.2022.22.068,journal article,zh,CULT_MEDIA,T2
CITING-WORK-23C541B7F49C,基于公共文化空间生产的韩国社区教育发展路径与启示,樊强;黄新斌;高宛玉,2025,中国成人教育,10.3969/j.issn.1004-6577.2025.06.006,journal article,zh,RURAL_AGRI,T2
CITING-WORK-2D47BE425C30,文化强国战略下乡村公共文化空间建设:内涵、逻辑与向度,陈波;陈立豪,2023,中国文化产业评论,,journal article,zh,CULT_MEDIA,T2
CITING-WORK-8DD25C302EA4,数智赋能下国家考古遗址公园智慧化场景服务体系构建,席岳婷;张配,2024,中国文化遗产,10.3969/j.issn.1672-7819.2024.06.010,journal article,zh,ARCH_DES_HER,T2
CITING-WORK-5395838A6509,城市社区文化营造:理论机理、现实困境与路径创新 ——以上海市两个社区为例,王倩,2017,中共珠海市委党校珠海市行政学院学报,,journal article,zh,CULT_MEDIA,T3
CITING-WORK-DE1A5CBF2F37,新时代城市软实力发展探析,万志彬,2025,中共郑州市委党校学报,10.3969/j.issn.1671-6701.2025.01.010,journal article,zh,RURAL_AGRI,T2
CITING-WORK-056D1E9996C2,纯网综艺节目《火星情报局》生产特点与用户行为研究,吴嘉川,2018,,,thesis,zh,INTERDISC_OTHER,T3
CITING-WORK-51D3FC60FFBA,媒介情境论视角下问责型问政节目中官员形象呈现研究,陈金童,2018,,,thesis,zh,CULT_MEDIA,T3
CITING-WORK-2AC2A0F92964,人民日报中文客户端互动传播方式研究,张飞,2018,,,thesis,zh,CULT_MEDIA,T3
CITING-WORK-749F663C1D72,互联网语境下喜剧明星形象研究,冯晓彤,2019,,,thesis,zh,INTERDISC_OTHER,T3
CITING-WORK-E77416C4041C,价值共创视角下虚拟社区中的共情效应--以网易云音乐为例,杜展羽,2019,,,thesis,zh,URBAN_PLAN_GEO,T3
CITING-WORK-370D13FCAA50,微信使用对大学生家庭亲子关系的影响研究,罗珍珍,2019,,,thesis,zh,INTERDISC_OTHER,T3
CITING-WORK-CE4D418B1532,手机网游场景中的儿童成人化现象研究,张路凯,2020,,,thesis,zh,INTERDISC_OTHER,T3
CITING-WORK-7A400B67AC90,知识类短视频视知TV的内容运营研究,卜梦尧,2020,,,thesis,zh,CULT_MEDIA,T3
CITING-WORK-ED47C6C799F2,新闻资讯类短视频传播的互动研究--以“央视新闻微博”为例,冯雪,2020,,,thesis,zh,CULT_MEDIA,T3
CITING-WORK-A15D7AB18A23,老年网络主播的媒介使用与满足研究,聂潇,2020,,,thesis,zh,CULT_MEDIA,T3
CITING-WORK-5EB1962EFDFF,城市老年人的媒介使用研究,徐亦君,2020,,,thesis,zh,CULT_MEDIA,T3
CITING-WORK-214C5D089005,移动网络游戏中的互动仪式研究,姜勇,2020,,,thesis,zh,INFO_TECH,T3
CITING-WORK-7E37D5840B5F,B站生活日常类视频博客中的自我呈现研究,孙柔丽,2020,,,thesis,zh,INTERDISC_OTHER,T3
CITING-WORK-3E75CBEE3E68,消费主义下男性身体消费批判——以男星代言彩妆品广告为例,王哲,2020,,,thesis,zh,ECON_BUS_CONS,T3
CITING-WORK-A22A53636BC5,社交媒体短视频APP的伦理失范与对策,李想,2021,,,thesis,zh,CULT_MEDIA,T3
CITING-WORK-D1BDD7CC5351,场景理论视域下的网络直播带货研究,张楠,2021,,,thesis,zh,INFO_TECH,T3
CITING-WORK-BA1B370A0A83,智慧养老场景化交互设计研究,鲁家亮,2020,,,thesis,zh,INTERDISC_OTHER,T3
CITING-WORK-21AA723F148B,“墟幻之镜”UE Imagination——城市废墟探索APP主题策划及其理论阐述,龚云斐,2020,,,thesis,zh,URBAN_PLAN_GEO,T3
CITING-WORK-CE631CA8EE26,拟剧理论视角下小红书用户自我呈现行为研究,裴吾昊,2022,,,thesis,zh,INTERDISC_OTHER,T3
CITING-WORK-23234A216199,央视《故事里的中国》的互文性研究,王与博,2022,,,thesis,zh,INTERDISC_OTHER,T3
CITING-WORK-8C5A9716D2A2,主流媒体2020东京奥运会短视频研究——对比“新华社”、“央视新闻”的微博账号和抖音账号,蒋盛裕,2022,,,thesis,zh,CULT_MEDIA,T3
CITING-WORK-0959C266B140,B站学习类vlog中的自我呈现研究,李一帆,2022,,,thesis,zh,EDUCATION,T3
CITING-WORK-CE0CB8CC9B2D,在线求职平台上的大学生互动传播研究——以51JOB为例,张梦琦,2022,,,thesis,zh,CULT_MEDIA,T3
CITING-WORK-7B619205755B,网络社区“学历焦虑者”的自我呈现行为与动因研究--以小红书为研究对象,曹媛,2022,,,thesis,zh,INFO_TECH,T3
CITING-WORK-4B3E3AAB74D7,央视新闻官方账号在哔哩哔哩平台的视频传播研究,苏妮妮,2022,,,thesis,zh,CULT_MEDIA,T3
CITING-WORK-33926749D54C,哈罗德·英尼斯传播思想研究,汪旭,2022,,,thesis,zh,CULT_MEDIA,T3
CITING-WORK-442C853D17D4,陌生人社交场景下用户自我呈现行为研究——以重庆市探探、Soul用户为例,刘晓鹏,2022,,,thesis,zh,INTERDISC_OTHER,T3
CITING-WORK-49AA72823ADB,微信朋友圈情境下社交媒体倦怠行为的影响因素研究,杨锦玲,2022,,,thesis,zh,CULT_MEDIA,T3
CITING-WORK-11D4A9C843D0,推理社交游戏剧本杀的消费者沉浸体验影响因素研究,李凌羽,2021,,,thesis,zh,ECON_BUS_CONS,T3
CITING-WORK-012A10C306C7,新媒体场景下社会群体的角色呈现研究——以作为抖主的中小学教师群体为例,张靖丽,2022,,,thesis,zh,CULT_MEDIA,T3
CITING-WORK-8315740B4515,议程设置视角下主流媒体短视频传播策略研究——以《央视新闻》抖音号新冠疫情报道为例,杨钦淞,2021,,,thesis,zh,CULT_MEDIA,T3
CITING-WORK-3EC426F6CC5E,空间建构与关系生产：空间生产视角下的云自习现象研究,严亚楠,2022,,,thesis,zh,INTERDISC_OTHER,T3
CITING-WORK-138AFD4097F7,阳台空间的阈限性及其媒介化再生产——基于疫情隔离语境下的考察,彭雨玉,2022,,,thesis,zh,CULT_MEDIA,T3
CITING-WORK-CB8CE521DE44,新农人短视频中乡村文化的呈现与传播研究,张美娴,2023,,,thesis,zh,RURAL_AGRI,T3
CITING-WORK-1C60E49E5A9E,媒介场景理论视角下乡村短视频的内容生产与传播现状研究,王娜娜,2023,,,thesis,zh,RURAL_AGRI,T3
CITING-WORK-6A3C8997DDDD,共享无人驾驶汽车交互设计研究,韩坤,2021,,,thesis,zh,INTERDISC_OTHER,T3
CITING-WORK-42D04E7FA338,媒介情境理论视角下新华社哔哩哔哩号用户行为研究,曾军,2023,,,thesis,zh,CULT_MEDIA,T3
CITING-WORK-33CEF278FA08,拟剧理论视域下农村女性在快手中的自我呈现,张聪聪,2023,,,thesis,zh,RURAL_AGRI,T3
CITING-WORK-D05E990BF822,共有物品、义务贡献与群体团结——以盲盒虚拟社区的团结秩序生产为例,陈颖,2023,,,thesis,zh,URBAN_PLAN_GEO,T3
CITING-WORK-C66D9BE4CE55,媒介环境学视阈下的移动有声阅读平台研究,石彦强,2022,,,thesis,zh,CULT_MEDIA,T3
CITING-WORK-2B2A6E9AF75D,虚拟偶像塑造中的粉丝实践与意义生产--以虚拟偶像团体A-SOUL为例,周杨,2022,,,thesis,zh,INTERDISC_OTHER,T3
CITING-WORK-5E9CC11E5D98,技术文化史视域下中国体育电视公用信号制作的媒介生态考察,鲁恒志,2023,,,thesis,zh,CULT_MEDIA,T3
CITING-WORK-219DDEEBC28A,文森特·莫斯可新传播技术批判思想研究,王柳钦,2023,,,thesis,zh,CULT_MEDIA,T3
CITING-WORK-12766369DEEB,互动仪式链视角下刘畊宏健身直播的情感互动研究,王皓源,2023,,,thesis,zh,SPORT_LEISURE,T3
CITING-WORK-5DEB65ADA894,媒介情境论下短视频平台对大型体育赛事的创新传播机制研究--以“快手”对东京奥运会的传播为例,洪圣艺,2023,,,thesis,zh,CULT_MEDIA,T3
CITING-WORK-C4B75728C4EC,跨媒介视域下陈彦小说作品研究,徐向仪,2023,,,thesis,zh,CULT_MEDIA,T3
CITING-WORK-5D31C3F6CC53,网络自制综艺节目中男性形象研究,张美奂,2022,,,thesis,zh,INFO_TECH,T3
CITING-WORK-6C89B9C9E4E0,主流媒体直播带货的话语变迁--以央视新闻为例,李梦婕,2024,,,thesis,zh,CULT_MEDIA,T3
CITING-WORK-6E1D13E5E75F,青年用户社交媒体反向自我呈现研究--以“三天可见”和“momo”设置行为为例,刘慧,2024,,,thesis,zh,CULT_MEDIA,T3
CITING-WORK-7FC8E25BEA67,新电子媒介情境对当代青年社交强弱关系的影响研究--以小红书app“社交搭子”为例,杨乔颐,2024,,,thesis,zh,CULT_MEDIA,T3
CITING-WORK-955BBEE09FB7,养老题材系列纪实类短视频的体验式叙事探究--毕业设计《我的24岁养老院生活》创作阐述,刘雯茜,2024,,,thesis,zh,CULT_MEDIA,T3
CITING-WORK-774186B3C4C3,数字乡村建设背景下甘肃乡村媒介赋能治理模式创新研究--以甘肃省G县为例,陈晨,2024,,,thesis,zh,RURAL_AGRI,T3
CITING-WORK-5680D90F265B,短视频身体叙事的实践与批判研究,蔡海波,2024,,,thesis,zh,CULT_MEDIA,T3
CITING-WORK-6ECF08076A5B,老年人数字阅读动机、影响因素及场景建构研究,张润宇,2024,,,thesis,zh,INFO_TECH,T3
CITING-WORK-1DE5C0ACD3FF,“自由与孤独”—媒介情境视角下角色扮演类单机游戏玩家互动研究,熊天越,2024,,,thesis,zh,CULT_MEDIA,T3
CITING-WORK-E964E617DE44,针对高校学生心理危机早期干预的VR交互系统设计研究,梅笑雪,2024,,,thesis,zh,EDUCATION,T3
CITING-WORK-AE35B63B7FF0,数字技术提升思想政治教育传播力研究,王小叶,2024,,,thesis,zh,EDUCATION,T3
CITING-WORK-3EB988820FA7,艺术与科技融合背景下动漫衍生品设计产业孵化模式创新研究,高子剑,2024,,,thesis,zh,ECON_BUS_CONS,T3
CITING-WORK-FBDFDE31570A,媒介情境视域下抖音短视频青年用户自我呈现异化研究,明媛媛,2024,,,thesis,zh,CULT_MEDIA,T3
CITING-WORK-1CD745198DEA,阅读情绪监测与环境优化研究——一种基于表情识别和主观报告的方法,周梦蝶,2024,,,thesis,zh,INTERDISC_OTHER,T3
CITING-WORK-804BCD82410D,贵州红色文化传播的空间建构研究,方进,2024,,,thesis,zh,CULT_MEDIA,T3
CITING-WORK-2175A8E15D3F,受众参与视角下电视戏曲节目《一鸣惊人》的传播策略研究,涂瑶,2024,,,thesis,zh,CULT_MEDIA,T3
CITING-WORK-0FC06FD8B03F,香港青年社交媒体使用与国家认同之间的关联度研究,罗梓瑶,2024,,,thesis,zh,CULT_MEDIA,T3
CITING-WORK-6BFF86E3433F,大学生社交网络“搭子”关系的建构与心理动因研究,李睿淇,2024,,,thesis,zh,INFO_TECH,T3
CITING-WORK-09DAE6CDE061,播客主播的角色认知研究,吴子旋,2024,,,thesis,zh,INTERDISC_OTHER,T3
CITING-WORK-0A833F38C428,抖音短视频合肥城市形象建构研究,郭一凡,2023,,,thesis,zh,CULT_MEDIA,T3
CITING-WORK-1A850E76A8C8,媒介环境学视域下的中国网络动画研究,蔡思奇,2022,,,thesis,zh,CULT_MEDIA,T3
CITING-WORK-FEE3D3012AEF,户外适老化智能健身社区设计研究,贾婷婷,2024,,,thesis,zh,INFO_TECH,T3
CITING-WORK-EADC24F6EAF5,新闻价值学说的起源：以“新闻业”被认为有“价值”为起点,杨红,2022,,,thesis,zh,INTERDISC_OTHER,T3
CITING-WORK-1DA4E212D709,拟剧理论视域下小红书Plog博主的自我呈现研究,蒿新佳,2024,,,thesis,zh,INTERDISC_OTHER,T3
CITING-WORK-8C8015796546,小红书平台职业女性形象自我呈现研究,陈慧滢,2025,,,thesis,zh,INFO_TECH,T3
CITING-WORK-099A1FE0C673,小学教师情绪劳动的田野研究,高晓丽,2025,,,thesis,zh,INTERDISC_OTHER,T3
CITING-WORK-EF699000D66B,凝视理论视域下抖音中的家庭主妇形象研究,黄姗,2024,,,thesis,zh,INTERDISC_OTHER,T3
CITING-WORK-71CC965E3B5B,虚拟社区中农村籍大学生的社会支持研究--基于“来自农村的大学生”豆瓣小组,张小田,2025,,,thesis,zh,RURAL_AGRI,T3
CITING-WORK-2811400CA487,博物馆重构型云展览用户满意度的影响因素研究,王辰康,2025,,,thesis,zh,CULT_MEDIA,T3
CITING-WORK-8B5952A57B17,访谈节目《萤火录：守望星光》的纪实性叙事与主持人角色调适,崔国超,2025,,,thesis,zh,INTERDISC_OTHER,T3
CITING-WORK-3B66D3DB048A,空间媒介视域下历史文化街区空间转换机理研究--以岳阳市洞庭南路为例,陈梦宁,2025,,,thesis,zh,ARCH_DES_HER,T3
CITING-WORK-3C58F003EF0F,媒介情境论下在线互动的“秒回”与“已读不回”研究,安芬,2024,,,thesis,zh,CULT_MEDIA,T3
CITING-WORK-29F91BE18739,自我呈现视域下的网络游戏虚拟化身研究,吕齐无冕,2024,,,thesis,zh,INFO_TECH,T3
CITING-WORK-7ABBF39CFFDD,可供性视角下生死“沟通”中的媒介实践研究,刘颖,2024,,,thesis,zh,CULT_MEDIA,T3
CITING-WORK-CB0F7D6C99AD,网络文字新闻中的情感资源及其运作研究,王丽敏,2024,,,thesis,zh,INFO_TECH,T3
CITING-WORK-A5D193D3CDE0,网文作者网红化生成机制研究,汪瑰,2025,,,thesis,zh,INTERDISC_OTHER,T3
CITING-WORK-CAC3F632EFF4,街头互动类短视频中的陌生人交往再造--基于媒介场景理论的视角,李德馨,2025,,,thesis,zh,CULT_MEDIA,T3
CITING-WORK-5C0DF36687D5,乡村振兴背景下返乡青年的短视频自我呈现研究,张瑞好,2025,,,thesis,zh,RURAL_AGRI,T3
CITING-WORK-6030AEF5B069,人工移情视角下的虚拟亲密关系：基于青年女性与智能体伴侣的情感互动研究,向长乐,2025,,,thesis,zh,INFO_TECH,T3
CITING-WORK-5587F0B8D811,社交媒体传播方式下我国体育短视频的传播实践特征与优化策略研究,吴娜,2025,,,thesis,zh,CULT_MEDIA,T3
CITING-WORK-8A4C6267516C,梅罗维茨媒介情境理论文化研究,李燕明,2017,,,thesis,zh,CULT_MEDIA,T3
CITING-WORK-0EEE71002A0F,基于媒介MMORPG的玩家性别转换行为与性别认同研究,傅冰清,2019,,,thesis,zh,CULT_MEDIA,T3
CITING-WORK-69A3B36BCEB9,移动互联网时代运动类APP社交化研究,李嘉瑞,2019,,,thesis,zh,SPORT_LEISURE,T3
CITING-WORK-9FF7F7231C5F,自我呈现视角下Vlog博主“恰饭”现象探究,韩乐宜,2021,,,thesis,zh,INTERDISC_OTHER,T3
CITING-WORK-0016B8CE6280,智媒时代网络音频的场景化传播研究,杨媛媛,2021,,,thesis,zh,CULT_MEDIA,T3
CITING-WORK-1B37D08F4B10,具身传播理论视角下传统文化的传播创新研究--以河南卫视“中国节日”系列节目为研究对象,韩佳衡,2022,,,thesis,zh,CULT_MEDIA,T3
CITING-WORK-028480709D0B,模因视角下的网络俗信传播研究--以“转发祈愿”现象为例,刘爱渝,2022,,,thesis,zh,CULT_MEDIA,T3
CITING-WORK-39DB1EAD1803,出逃与再建：基于匿名社交媒体的青年用户交往实践研究,徐超男,2023,,,thesis,zh,CULT_MEDIA,T3
CITING-WORK-EB6477DD015F,听得见的场景：移动互联网时代中文播客的场景建构研究--以“小宇宙”APP为例,马盼盼,2023,,,thesis,zh,INTERDISC_OTHER,T3
CITING-WORK-E9DA91A90EF5,活化历史与形塑认同：电视文化综艺节目的媒介景观建构研究--以《典籍里的中国》为例,李亚萱,2023,,,thesis,zh,ARCH_DES_HER,T3
CITING-WORK-71EE16A75025,基于儿童情境化学习的地方历史类博物馆研究--以苏州博物馆为例,阚丽娜,2023,,,thesis,zh,EDUCATION,T3
CITING-WORK-76183BB872C1,“学习的养成”：B站学习直播中的双向驯化,郭露娟,2024,,,thesis,zh,EDUCATION,T3
CITING-WORK-BA85C92D9FC5,从认同到依恋：B站2.5次元虚拟偶像A--SOUL与粉丝的拟社会互动及关系研究,李卓茜,2024,,,thesis,zh,SOC_POLICY,T3
CITING-WORK-F94AFE98703C,被建构的身体：智能手环的嵌入与规训,王颐,2024,,,thesis,zh,INFO_TECH,T3
CITING-WORK-ECCA98E66DF4,基于数字交往的朋辈关系社群情感连接研究--以豆瓣“同辈压力研究中心”小组为例,齐言言,2024,,,thesis,zh,INFO_TECH,T3
CITING-WORK-BC6DA3AACC86,何以可沟通：城市“发布”传播转型的媒介化治理研究,李涵,2024,,,thesis,zh,CULT_MEDIA,T3
CITING-WORK-BB34C38778C8,沉浸体验、社交分享与自我成长：ASMR视频用户使用行为表征与使用动机研究,丁嘉宁,2025,,,thesis,zh,INTERDISC_OTHER,T3
CITING-WORK-6892DAC9DFF2,可见性视角下返乡县城青年社交媒体自我展演与地方生产,王晨晨,2025,,,thesis,zh,CULT_MEDIA,T3
CITING-WORK-534F576E6509,二重情境:数字视听文化中的身份构建与认同疏离,张梓轩;李政,2024,编辑之友,10.13786/j.cnki.cn14-1066/g2.2024.2.003,journal article,zh,INTERDISC_OTHER,T2
CITING-WORK-07525006F7C6,"""+AI""与""AI+"":人工智能赋能档案业务应用场景的要素结构与模式分化",安新宇;潘洁敏,2025,北京档案,10.3969/j.issn.1002-1051.2025.11.003,journal article,zh,INFO_TECH,T2
CITING-WORK-A3F5D1B876B1,场景理论视角下的图书直播互动研究,王海玉,2022,出版发行研究,10.3969/j.issn.1001-9316.2022.01.007,journal article,zh,CULT_MEDIA,T2
CITING-WORK-E31AB131C008,元宇宙时代下音乐竞演类综艺节目的视听进化与商业路径,马钰鞍,2023,传播与版权,,journal article,zh,CULT_MEDIA,T2
CITING-WORK-B45D703E6473,媒介融合背景下直播带货的圈层传播,谢继欣,2021,传媒论坛,10.3969/j.issn.2096-5079.2021.15.024,journal article,zh,CULT_MEDIA,T2
CITING-WORK-6ACA34D3205D,媒介情境视域下Vlog新闻的创新性呈现 ——以王冰冰、张扬的Vlog新闻为例,彭均宁,2022,传媒论坛,10.3969/j.issn.2096-5079.2022.11.015,journal article,zh,CULT_MEDIA,T2
CITING-WORK-9B4D419A0CB5,"""盛唐幻夜"":媒介视域下光影的多重空间建构——以西安市大唐不夜城步行街为例",佚名,,,,thesis,zh,CULT_MEDIA,T3
CITING-WORK-7E7DEBF0A58E,基于英尼斯媒介理论对虚拟现实的思考,郭祎,2016,采写编,10.3969/j.issn.1007-8177.2016.03.085,journal article,zh,CULT_MEDIA,T2
CITING-WORK-7705D0186FA5,新媒介、新场景与新行为——媒介情境下的城市品牌形象传播,吴振韩;刘素英,2022,创意与设计,10.3969/j.issn.1674-4187.2022.04.009,journal article,zh,CULT_MEDIA,T2
CITING-WORK-223DFE8D1AA4,融合传播的视频功能重构——基于央视疫情融合报道研究,王晓红;张辰,2020,当代传播,,journal article,zh,EDUCATION,T2
CITING-WORK-EBE82DF1D820,媒介生态情境理论探析,郑保章;李良玉,2016,大连理工大学学报（社会科学版）,,journal article,zh,CULT_MEDIA,T3
CITING-WORK-0DB48DE20586,移动短视频社交情境中用户自我的彰显与消逝——以抖音App为例,黄琴,2020,东南传播,,journal article,zh,CULT_MEDIA,T2
CITING-WORK-705259D67FFF,"权威重构:媒介情景论下""康辉的Vlog""研究",张培,2020,东南传播,,journal article,zh,CULT_MEDIA,T2
CITING-WORK-FD1B429EE06F,从口语传播到移动传播:一种基于媒介研究实践范式的思考,张玉,2023,东南传播,,journal article,zh,CULT_MEDIA,T2
CITING-WORK-B584CE62FF2B,数字视频社区中传统节日的内容产出机制研究——以B站用户生产中秋节视频为例,杨铭煜,2024,东南传播,,journal article,zh,CULT_MEDIA,T2
CITING-WORK-0CD19EE8FD74,媒介化觉醒:时空重塑中的元电影及其认知潜能,佚名,,,,thesis,zh,CULT_MEDIA,T3
CITING-WORK-82A0DB85B0FF,6DoF全景视频的生产与实践,姜博;刘子潇,2021,电视研究,,journal article,zh,CULT_MEDIA,T2
CITING-WORK-E2EA863F5AA9,基于项目驱动的线上线下混合课堂教学改革,陈志平;李春光;冯莉媚,2021,高教学刊,,journal article,zh,EDUCATION,T3
CITING-WORK-439E78A16A6E,“自主”的情境:直播与社会互动关系建构的当代再现——对梅罗维茨情境论的再审视,周勇;何天平,2018,国际新闻界,,journal article,zh,CULT_MEDIA,T2
CITING-WORK-BE66E5F07CCD,场景的赋能:当代听觉文化的有效传播,张君如,2023,新媒体研究,10.3969/j.issn.2096-0360.2023.11.004,journal article,zh,CULT_MEDIA,T2
CITING-WORK-9C89792ADC33,汉服之韵:短视频里的跨文化交际研究——以《给外国人体验汉服》系列短视频为例,王子雯,2024,新媒体研究,10.3969/j.issn.2096-0360.2024.19.023,journal article,zh,CULT_MEDIA,T2
CITING-WORK-CE20251CD9B0,自我增权的理性行动:公益众筹中的信息行为与意义建构研究,徐文瀚,2024,新媒体研究,10.3969/j.issn.2096-0360.2024.21.009,journal article,zh,CULT_MEDIA,T2
CITING-WORK-A5DE515218DD,数字重构:人工智能广告的传播逻辑及伦理风险,张恒;赵大友;曲家辉,2024,广西职业技术学院学报,,journal article,zh,TOUR_HOSP,T2
CITING-WORK-416ECB5DBF9B,"网络文学视频的性质、价值、类别与形式——以""Bilibili""视频网站为中心",张智谦;叶立文,2024,贵州社会科学,,journal article,zh,ARCH_DES_HER,T2
CITING-WORK-1454EDE3FDF8,严肃游戏传播社会主义核心价值观学习模式探析,陈月华;张潇月,2020,哈尔滨工业大学学报（社会科学版）,,journal article,zh,INFO_TECH,T2
CITING-WORK-409F3A2CA023,重现·跨越·融合:让共情照进历史——对文化类综艺节目《典籍里的中国》的情境分析,刘文辉;季唯可,2024,华侨大学学报（哲学社会科学版）,10.3969/j.issn.1006-1398.2024.02.010,journal article,zh,ARCH_DES_HER,T2
CITING-WORK-C9CBAE9F96EC,中国家庭结构变迁中家庭视频监控的作用,曹根,2024,今传媒,10.3969/j.issn.1672-8122.2024.09.027,journal article,zh,INTERDISC_OTHER,T2
CITING-WORK-F4DE22B9DE46,选择与陪伴:从B站学播看当代青年自主学习新图景,张代鉴;卢有泉,2023,教育传媒研究,,journal article,zh,EDUCATION,T2
CITING-WORK-00C952335694,小学语文跨学科学习的再理解与再实践,庆竹,2026,教育研究与评论,10.3969/j.issn.1674-4632.2026.01.006,journal article,zh,EDUCATION,T3
CITING-WORK-4E41483F05BA,"从梅罗维茨的媒介情境论看新媒体时代的人设营销 ——以""鹿晗人设""为例",李蒨倩,2018,科教导刊,10.16400/j.cnki.kjdkz.2018.04.072,journal article,zh,EDUCATION,T2
CITING-WORK-13FDF1622102,媒介情境论视角下高职院校浸润式数字美育的实践路径,戴慧,2024,宁波职业技术学院学报,10.3969/j.issn.1671-2153.2024.06.009,journal article,zh,CULT_MEDIA,T3
CITING-WORK-3997567FBDE4,数字时代出版社品牌的建构策略分析——以图书直播为例,宋淳熙;臧会珍;李晓明,2023,内蒙古科技与经济,,journal article,zh,ARCH_DES_HER,T2
CITING-WORK-C44FF0CC43F6,无媒介传播:传播模式与关系的重构,刘明峥,2017,青年记者,,journal article,zh,CULT_MEDIA,T2
CITING-WORK-D7D0366AC4E2,智媒时代网络直播中个人空间的建立,汪雅倩,2018,青年记者,,journal article,zh,CULT_MEDIA,T2
CITING-WORK-27834EE4159A,带货主播的多维场景与媒介实践,黄淼,2020,青年记者,,journal article,zh,CULT_MEDIA,T2
CITING-WORK-77903E12A9F2,新媒介环境中娱乐节目的娱乐建构,王振宇;刘疆丹,2020,青年记者,,journal article,zh,CULT_MEDIA,T2
CITING-WORK-B9E5E83B1C5C,众身皆媒与技术反噬——短视频身体实践批判研究,郑智斌;蔡海波,2023,青年记者,,journal article,zh,CULT_MEDIA,T2
CITING-WORK-E0C375FE8F46,生产、观看、技术:数字视觉图像参与社会时间加速的三重向度,葛俊芳;周佩,2024,青年记者,,journal article,zh,CULT_MEDIA,T2
CITING-WORK-BDFE59BF053C,观影实践中的关系研究,贺艳;刘慧,2023,四川戏剧,,journal article,zh,CULT_MEDIA,T2
CITING-WORK-0045CF6FE8DD,稀释、延伸与保护:后MOOC时代教师知识权威的变化向度,王路,2018,当代教育科学,10.3969/j.issn.1672-2221.2018.02.010,journal article,zh,EDUCATION,T2
CITING-WORK-85543B81BDC8,生成式AI影响下的艺术媒介本体论转向,汤筠冰,2024,上海师范大学学报（哲学社会科学版）,10.13852/j.cnki.jshnu.2024.01.005,journal article,zh,CULT_MEDIA,T3
CITING-WORK-35789B3D354B,场景理论视域下文化类综艺节目的传播策略分析 ——以《典籍里的中国》为例,王双振,2022,声屏世界,10.3969/j.issn.1006-3366.2022.02.012,journal article,zh,TOUR_HOSP,T2
CITING-WORK-C2F21C94AF89,"""直播+短视频""融合背景下西藏文化旅游产业发展研究",程美晨,2024,声屏世界,10.3969/j.issn.1006-3366.2024.03.026,journal article,zh,TOUR_HOSP,T2
CITING-WORK-F97FD44C5AFD,强制连接:地铁场景中移动媒介使用行为研究——基于媒介情境理论的分析,成松波,2024,视听,10.3969/j.issn.1674-246x.2024.07.031,journal article,zh,CULT_MEDIA,T2
CITING-WORK-D8A99F1F8165,数字苦行:骑行博主的游戏实践与景观生产,周炜;张心语,2025,视听,10.3969/j.issn.1674-246x.2025.24.018,journal article,zh,CULT_MEDIA,T2
CITING-WORK-C6532A19D16A,从围观到参与:短视频社交属性的演进与影响研究,方新宇,2026,视听,10.3969/j.issn.1674-246x.2026.02.016,journal article,zh,CULT_MEDIA,T2
CITING-WORK-7A946D334750,移动数字社交平台的媒介化交往悖论,曾庆江,2025,苏州大学学报（社会科学版）,10.19563/j.cnki.sdzs.2025.01.015,journal article,zh,CULT_MEDIA,T2
CITING-WORK-4A4435244B95,环境行为理论视角下的图书馆空间促进阅读研究——对50岁以下读者的样本调查,洪芳林,2021,图书情报工作,10.13266/j.issn.0252-3116.2021.05.008,journal article,zh,INFO_TECH,T2
CITING-WORK-543DBC3B5197,基于人本视角的绿色电竞概念探骊,曹苏方;张业安;席晓宇,2026,体育学刊,10.3969/j.issn.1006-7116.2026.01.012,journal article,zh,SPORT_LEISURE,T2
CITING-WORK-94C95CEDD870,5G时代体育短视频生产传播的媒介趋向与引导机制研究,王福秋,2020,体育与科学,,journal article,zh,SPORT_LEISURE,T2
CITING-WORK-892C2790855C,直播带货行业乱象及策略研究,蒲宁,2022,西部广播电视,10.3969/j.issn.1006-5628.2022.07.022,journal article,zh,CULT_MEDIA,T2
CITING-WORK-38EBA7860E75,媒介情境视域下哔哩哔哩纪录片的情感转译,胡辰敏,2023,西部广播电视,10.3969/j.issn.1006-5628.2023.06.040,journal article,zh,CULT_MEDIA,T2
CITING-WORK-814AF2D3887E,自媒体广告的互动传播机制探析,杨思杰,2019,长安大学学报（社会科学版）,10.3969/j.issn.1671-6248.2019.06.006,journal article,zh,CULT_MEDIA,T2
CITING-WORK-B798A36330C8,社交动机自我呈现:弱关系主导下社群意见表达策略的实证研究,吴风;谭馨语,2021,现代传播,10.3969/j.issn.1007-8770.2021.06.031,journal article,zh,CULT_MEDIA,T2
CITING-WORK-30E5B531964E,全球计算宣传的趋势、影响及治理路径,邹军;刘敏,2022,现代传播,10.3969/j.issn.1007-8770.2022.06.005,journal article,zh,CULT_MEDIA,T2
CITING-WORK-AE831156D843,国家叙事与人民情怀:领导人回信的政治话语表达及功能——以习近平的90封回信(2012-2022)为例,孙志鹏;强月新,2023,现代传播,10.3969/j.issn.1007-8770.2023.04.002,journal article,zh,CULT_MEDIA,T2
CITING-WORK-F58F7444022B,媒介情境构建过程中的媒介偏向与舆论场中介作用分析——以马保国事件为样本,肖飞,2022,新闻传播,,journal article,zh,CULT_MEDIA,T2
CITING-WORK-2CCE9323DE6B,"慢生活类Vlog的内容构建与博主的自我呈现——以B站博主""一下子就醒了""为例",沈林霖,2024,新闻世界,,journal article,zh,URBAN_PLAN_GEO,T2
CITING-WORK-C98B7B2F0C71,可供性视角下展演空间重构和实践嬗变——对短视频生态中展演的分析,王飞;林佳怡;吴倩,2025,新媒体与社会,,journal article,zh,CULT_MEDIA,T2
CITING-WORK-43C830C7FC70,"""互联网+教育""背景下教师知识权威的时代转向",李荣华;田友谊,2019,教师教育学报,10.13718/j.cnki.jsjy.2019.04.008,journal article,zh,EDUCATION,T3
CITING-WORK-9A15A699AC8D,"被遮蔽的表征 ——""第三学派""视域下的凯尔纳媒介观",蒋晓丽;郭旭东,2017,湘潭大学学报（哲学社会科学版）,10.3969/j.issn.1001-5981.2017.05.026,journal article,zh,TOUR_HOSP,T2
CITING-WORK-C4E84B7E0A67,"从""场景""到""情境"":智能媒介研究的新视角",韩文静;喻馨君,2023,新闻爱好者,,journal article,zh,CULT_MEDIA,T2
CITING-WORK-266A43477F5A,主持传播多模态自洽呈现的计算范式研究,张亮;张伟英;周福战,2025,新闻春秋,10.3969/j.issn.2095-4018.2025.01.006,journal article,zh,CULT_MEDIA,T3
CITING-WORK-74E00639F52A,“星素对战”音乐真人秀节目的创新分析,罗青,2018,新闻前哨,,journal article,zh,CULT_MEDIA,T2
CITING-WORK-8A9610590D02,智能媒体的概念、特征、发展阶段与未来走向:一种媒介分析的视角,罗自文;熊庾彤;马娅萌,2021,新闻与传播研究,,journal article,zh,CULT_MEDIA,T2
CITING-WORK-AA723D191E26,微探新媒体下的政务微信——以四川省教育厅为例,谢择月,2016,新闻研究导刊,,journal article,zh,CULT_MEDIA,T2
CITING-WORK-D632B46C5856,"媒介情境论视域下网络在线学习模式的传播学解析 ——以""慕课""(MOOC)为例",周韦希,2018,新闻研究导刊,10.3969/j.issn.1674-8883.2018.21.154,journal article,zh,CULT_MEDIA,T2
CITING-WORK-8DE62EE8881D,高校直播网课传播满意度影响因素探究 ——基于回归分析,朱宇晨,2021,新闻知识,,journal article,zh,CULT_MEDIA,T2
CITING-WORK-97B8B0054AD3,新媒体时代整合营销传播新业态,王坤,2016,艺术科技,10.3969/j.issn.1004-9436.2016.08.107,journal article,zh,CULT_MEDIA,T2
CITING-WORK-3FA5FEE45D39,"符号学视角下的网络热梗现象探析——以""马冬梅""为例",马冬梅,2023,艺术科技,10.3969/j.issn.1004-9436.2023.13.078,journal article,zh,CULT_MEDIA,T2
CITING-WORK-A109A4E74315,媒介情境论视域下中国元素在数字艺术展中的应用研究,周宏伟;宋馨谷;于安宁,2023,艺术与设计,,journal article,zh,ARCH_DES_HER,T2
CITING-WORK-28B9E9EFE97B,《典籍里的中国》对经典人物形象的再塑造——以媒介情境论为视角,胡大海;宋美彤,2021,艺术传播研究,10.3969/j.issn.2096-8183.2021.04.005,journal article,zh,RURAL_AGRI,T2
CITING-WORK-C726DD8D20D6,"""智能+""情境中的城市社区公共服务虚拟集聚:平台场景与体系建构",何继新;何海清;樊兴菊,2020,中共天津市委党校学报,10.16029/j.cnki.1008-410x.2020.05.010,journal article,zh,INFO_TECH,T3
CITING-WORK-9D1EF5452F94,新时代提升红医文化传播力研究,陈仪,2025,中国医学伦理学,10.12026/j.issn.1001-8565.2025.07.04,journal article,zh,CULT_MEDIA,T3
CITING-WORK-FCD0AC553D4D,从印刷世界到元宇宙:数字时代教材编辑的媒介认知与教材革命,王军,2023,中国编辑,,journal article,zh,CULT_MEDIA,T2
CITING-WORK-44C65F0EAAD0,云端社群:虚实泛化中的关系研究与模型探索,张成良;王国芸,2021,中州学刊,10.3969/j.issn.1003-0751.2021.06.025,journal article,zh,RURAL_AGRI,T2
CITING-WORK-464356EB035A,符号共鸣的狂欢与表演：网络社交中的表情包使用,王宇晴,2016,,,conference paper,zh,INFO_TECH,T3
CITING-WORK-13CFAE3CFEDA,视频新闻移动直播研究,温安琪,2017,,,thesis,zh,INTERDISC_OTHER,T3
CITING-WORK-121E79D5A434,移动互联网广告受众消费行为及营销策略研究,张萌,2018,,,thesis,zh,ECON_BUS_CONS,T3
CITING-WORK-1EF363CE71CA,天猫品牌场景营销策略研究,侯庆彬,2018,,,thesis,zh,ECON_BUS_CONS,T3
CITING-WORK-98EED0257E11,移动程序化技术驱动下的场景营销模式研究,关芷蕙,2017,,,thesis,zh,INTERDISC_OTHER,T3
CITING-WORK-0728F7E1B326,都市青年的形象建构与身份认同--基于电视剧《欢乐颂1》的受众研究,叶张翔,2017,,,thesis,zh,CULT_MEDIA,T3
CITING-WORK-04BC2F9919B6,移动传播时代听觉回归研究,郭缨,2018,,,thesis,zh,CULT_MEDIA,T3
CITING-WORK-4D0F7395CE9E,移动视频直播的场景建构与传播影响,邱雯倩,2019,,,thesis,zh,CULT_MEDIA,T3
CITING-WORK-7878F68574C8,场景音乐歌单传播效果影响因素研究--以网易云音乐为例,蒋璐,2019,,,thesis,zh,CULT_MEDIA,T3
CITING-WORK-C1B8823453C5,基于在线信任的网络零售商自有品牌重复购买意愿研究,唐育海,2018,,,thesis,zh,ECON_BUS_CONS,T3
CITING-WORK-0B51EAEED602,场景时代可视化新闻的应用研究,管静,2018,,,thesis,zh,INTERDISC_OTHER,T3
CITING-WORK-997133B7243E,基于青年亚文化的品牌传播策略研究--以嘻哈说唱为例,毛昭琦,2018,,,thesis,zh,ECON_BUS_CONS,T3
CITING-WORK-793021A18015,移动场景时代广告文案的创意策略与表现研究,伍境科,2018,,,thesis,zh,INTERDISC_OTHER,T3
CITING-WORK-6CAD5E739CA0,新媒体环境下我国红色古镇形象传播研究--以江苏省泰兴市黄桥镇为例,顾烨烨,2019,,,thesis,zh,CULT_MEDIA,T3
CITING-WORK-1062454ECDFF,移动互联网背景下叶罗丽动漫品牌管理研究,武文,2020,,,thesis,zh,ECON_BUS_CONS,T3
CITING-WORK-36AB40644C26,安徽省地市级纸媒媒体融合发展研究,张睿,2020,,,thesis,zh,CULT_MEDIA,T3
CITING-WORK-09F2A08813AC,增强现实学习资源画面优化设计研究,刘潇,2019,,,thesis,zh,EDUCATION,T3
CITING-WORK-2B5755827958,感知与对话：我国户外音乐节的符号建构研究,徐璐,2020,,,thesis,zh,INTERDISC_OTHER,T3
CITING-WORK-F876E5E6EA47,移动短视频信息流广告用户参与意愿研究--以“抖音”APP为例,秦颖,2020,,,thesis,zh,CULT_MEDIA,T3
CITING-WORK-C1C877A0A44D,A公司葡萄酒场景营销策略研究,刘路,2020,,,thesis,zh,INTERDISC_OTHER,T3
CITING-WORK-2FD19A82820A,媒介场景理论视阈下在线学习社交化研究——以学习App Timing为例,张肖梦,2020,,,thesis,zh,EDUCATION,T3
CITING-WORK-CB0784E02E66,农村短视频的媒介景观研究,朱倩玉,2020,,,thesis,zh,ARCH_DES_HER,T3
CITING-WORK-777A8F2D5C6E,短视频场域中大学生社会主义核心价值认同研究,彭雁领,2020,,,thesis,zh,CULT_MEDIA,T3
CITING-WORK-3120E1B5DBFF,LBS+AR游戏用户体验影响因素研究,韦盛杰,2020,,,thesis,zh,INTERDISC_OTHER,T3
CITING-WORK-6DB910DFAA3E,文化认同在纪录片中的叙事呈现——以毕业作品《喜宴》为例,肖凌之,2020,,,thesis,zh,CULT_MEDIA,T3
CITING-WORK-FF5C73ABFB1A,后现代语境下虚拟偶像迷群的互动仪式研究——以洛天依迷群为例,方静,2019,,,thesis,zh,INTERDISC_OTHER,T3
CITING-WORK-9F20E3CA3716,微信朋友圈信息流广告传播机制研究,张慧赛,2021,,,thesis,zh,CULT_MEDIA,T3
CITING-WORK-E40973B00D8A,W公司场景营销方案设计,王雅慧,2020,,,thesis,zh,INTERDISC_OTHER,T3
CITING-WORK-1ACA389B6EF9,规训理论视域下偶像选秀类综艺节目研究,王思媛,2021,,,thesis,zh,INTERDISC_OTHER,T3
CITING-WORK-4DEDCD555024,新媒体旅行纪录片《冒险雷探长》的场景化叙事研究,陈燕玲,2021,,,thesis,zh,CULT_MEDIA,T3
CITING-WORK-92D3E1F0D9E9,Z世代的网络表达及其话语体系构建研究,任梓楠,2021,,,thesis,zh,INFO_TECH,T3
CITING-WORK-410E3C06CA84,符号互动视角下的助农直播研究——基于快手APP的分析,罗慧欣,2021,,,thesis,zh,INTERDISC_OTHER,T3
CITING-WORK-27B1DF32A883,智能技术的应当：新闻场域伦理问题研究,尹芳芳,2021,,,thesis,zh,INFO_TECH,T3
CITING-WORK-CAD1635A539E,传播仪式观视角下茶饮品牌传播研究——以喜茶为例,张容睿,2021,,,thesis,zh,ECON_BUS_CONS,T3
CITING-WORK-8FCDC7A42E4E,移动互联时代直播带货的场景营销研究,陈乐,2021,,,thesis,zh,INTERDISC_OTHER,T3
CITING-WORK-9721C283C366,网络空间中的信息消费场景打造研究,刘佳依,2018,,,thesis,zh,ECON_BUS_CONS,T3
CITING-WORK-072D194B80AB,Z银行G支行零售业务营销策略研究,于嘉茗,2021,,,thesis,zh,INTERDISC_OTHER,T3
CITING-WORK-470B2A083A6B,基于整合传播的文化创意特色小镇品牌形象设计,沈亭屹,2020,,,thesis,zh,ECON_BUS_CONS,T3
CITING-WORK-7279D66FE5EE,移动互联时代足球赛事传播的场景研究,张琪,2019,,,thesis,zh,CULT_MEDIA,T3
CITING-WORK-54247C14A41F,抖音直播间信息流广告的场景传播研究：基于SIPS模型,赵宇,2022,,,thesis,zh,CULT_MEDIA,T3
CITING-WORK-FDBFA8B6F67E,出镜记者现场报道的话语研究——以新冠肺炎期间的《新闻直播间》为例,刘瑾,2021,,,thesis,zh,INTERDISC_OTHER,T3
CITING-WORK-5169FDD1F213,场景时代网络手游的品牌传播与营销策略研究——以《王者荣耀》为例,于佳佳,2022,,,thesis,zh,ECON_BUS_CONS,T3
CITING-WORK-6651F31244C6,短视频叙事中的性别焦虑——基于抖音女性主播的研究,王叶子,2022,,,thesis,zh,CULT_MEDIA,T3
CITING-WORK-42311FF2615A,滑板运动群体青年亚文化身份认同研究,陈瑾,2022,,,thesis,zh,CULT_MEDIA,T3
CITING-WORK-95E89D937AB7,移动短视频场景营销策略研究,李功怡,2022,,,thesis,zh,CULT_MEDIA,T3
CITING-WORK-084A4CCC16D4,移动互联时代大学生主流意识形态引领力研究,张梓琪,2022,,,thesis,zh,INTERDISC_OTHER,T3
CITING-WORK-D70077DF8F1C,网络汉服趣缘文化研究：基于亚文化理论视角,彭思宇,2022,,,thesis,zh,CULT_MEDIA,T3
CITING-WORK-D0E75BE8AF17,我国移动电商直播的场景化传播研究,任珊珊,2021,,,thesis,zh,CULT_MEDIA,T3
CITING-WORK-831B3A16A933,接受美学视域下的电视新闻评论节目研究——以《中国舆论场》为例,彭晴,2018,,,thesis,zh,CULT_MEDIA,T3
CITING-WORK-E05C6101BCBA,Z品牌服装零售的场景营销策略研究,谭丽萍,2021,,,thesis,zh,ECON_BUS_CONS,T3
CITING-WORK-AFC7417132E1,头部主播直播带货的三空间沉浸式传播研究,蔡金城,2022,,,thesis,zh,CULT_MEDIA,T3
CITING-WORK-AD9F3D8C6B90,移动短视频中上海城市地标形象的符号构建及其传播研究--以抖音平台为例,吴泽峰,2023,,,thesis,zh,CULT_MEDIA,T3
CITING-WORK-FC7FCCCD3070,文化类电视节目创新研究--以2021河南卫视“中国节日”系列节目为例,陈芳玲,2023,,,thesis,zh,CULT_MEDIA,T3
CITING-WORK-695D79F17FCD,奢侈品品牌传播中的场景营销研究,王惟一,2023,,,thesis,zh,ECON_BUS_CONS,T3
CITING-WORK-5B5C6457ECD6,互动解谜游戏书的阅读建构：游戏·叙事·空间,张洁,2023,,,thesis,zh,INTERDISC_OTHER,T3
CITING-WORK-6D232316B82A,符号学视角下长沙旅游目的地形象传播研究,李兵,2022,,,thesis,zh,TOUR_HOSP,T3
CITING-WORK-A7E802762F15,移动场景时代贺岁广告的内容生产策略研究,侯雅惠,2023,,,thesis,zh,INTERDISC_OTHER,T3
CITING-WORK-CC18A4A20F89,博物馆文创盲盒国潮设计模式与传播价值研究,赵海清,2022,,,thesis,zh,CULT_MEDIA,T3
CITING-WORK-0D6B69C26A7C,竖屏网络微短剧的叙事研究,余俐芳,2023,,,thesis,zh,INFO_TECH,T3
CITING-WORK-3EE08D5567CB,赋权视域下乡村主播的三重身份建构--以衢州市柯城区万田乡为例,柳回,2022,,,thesis,zh,RURAL_AGRI,T3
CITING-WORK-F1DCF87B0DED,内蒙古美食类短视频的文化呈现研究--以抖音平台为例,张婷,2022,,,thesis,zh,CULT_MEDIA,T3
CITING-WORK-3338B953815F,河南卫视“中国节日”系列节目的多模态话语分析,章新朦,2023,,,thesis,zh,INTERDISC_OTHER,T3
CITING-WORK-7A9F129C2419,新零售背景下商业模式场景化创新对企业绩效的影响研究--以良品铺子为例,郝宇欣,2024,,,thesis,zh,ECON_BUS_CONS,T3
CITING-WORK-727D9786975A,青年数字藏品消费研究：基于亚文化视角的审视,梁琪,2024,,,thesis,zh,ECON_BUS_CONS,T3
CITING-WORK-60DEA48ABFD0,声音景观视阈下西安文化景区与城市形象塑造关系研究,郭也萁,2023,,,thesis,zh,ARCH_DES_HER,T3
CITING-WORK-C7E9779317C0,边缘圈层与自我抗争：Ballroom青年亚文化研究,张彤阳,2023,,,thesis,zh,CULT_MEDIA,T3
CITING-WORK-77BB1AE82178,移动、社交与场景：民俗纪录片的叙事策略探究--基于毕业作品《营老爷》的创作硏究,王彦琳,2024,,,thesis,zh,INTERDISC_OTHER,T3
CITING-WORK-7161A7924B49,数据新闻的空间叙事策略研究--以澎湃“美数课”栏目为例,舒绪兰,2024,,,thesis,zh,INTERDISC_OTHER,T3
CITING-WORK-67CD11F0AB57,C寝具品牌的场景营销策略研究,蔡美琪,2024,,,thesis,zh,ECON_BUS_CONS,T3
CITING-WORK-3B25802F68CB,场景视域下农产品电商直播的消费者购买意愿影响因素研究,王航,2024,,,thesis,zh,ECON_BUS_CONS,T3
CITING-WORK-AB55BB48AD06,基于符号学双轴关系理论的文创IP设计——以《山海经》为例,关得宝,2024,,,thesis,zh,INTERDISC_OTHER,T3
CITING-WORK-FCA9168F8800,场景视角下的服装品牌形象的社会化聆听研究方法,冯敏,2024,,,thesis,zh,ECON_BUS_CONS,T3
CITING-WORK-A5AE9AB51CC8,适老化改造视角下的喜马拉雅APP运营研究,马梦瑶,2024,,,thesis,zh,INTERDISC_OTHER,T3
CITING-WORK-AF5D0DBFCFEE,受众参与视域下网红旅游地的媒介生成与扩散,任世超,2024,,,thesis,zh,TOUR_HOSP,T3
CITING-WORK-33181B7045A5,接受美学视角下网络微短剧的受众期待研究,田敏洁,2024,,,thesis,zh,INFO_TECH,T3
CITING-WORK-8488737CE83B,场景驱动下T公司“虚拟电厂”平台生态系统运行机制研究,刘璐,2024,,,thesis,zh,INFO_TECH,T3
CITING-WORK-1E5354744E82,《风云浙商颁奖典礼》人物评选类节目符号表征及传播效果研究,敖施雨,2023,,,thesis,zh,CULT_MEDIA,T3
CITING-WORK-EE890AF468A8,互动仪式链视角下的大型体育赛事颁奖仪式研究,周静辉,2021,,,thesis,zh,SPORT_LEISURE,T3
CITING-WORK-A8DE96F41482,符号学视域下非遗题材纪录片的表意研究,李瑞丽,2024,,,thesis,zh,INTERDISC_OTHER,T3
CITING-WORK-F7FEA0E3196E,青年亚文化视角下的网络祈愿现象研究——以“网络锦鲤”为例,张耐,2022,,,thesis,zh,CULT_MEDIA,T3
CITING-WORK-E7DFAE0EC698,微电影广告文本的诗性研究,王文瑾,2022,,,thesis,zh,CULT_MEDIA,T3
CITING-WORK-477D3A7FD54A,媒介场景视域下B站陪伴式学播研究,张朝辉,2023,,,thesis,zh,CULT_MEDIA,T3
CITING-WORK-FF40BCA3D5F0,智媒时代博西中国品牌传播研究,李冰爽,2023,,,thesis,zh,ECON_BUS_CONS,T3
CITING-WORK-E44F7E482695,融媒体时代下安化黑茶离岸孵化中心场景营销策略优化研究,吴艺村,2024,,,thesis,zh,CULT_MEDIA,T3
CITING-WORK-71CB120D7101,新媒体语境下Y2K亚文化服饰美学的复兴与变革,陈心仪,2025,,,thesis,zh,CULT_MEDIA,T3
CITING-WORK-DD3DD05ABF35,知识社会学视域下ChatGPT的知识建构研究--基于微博文本,于泽源,2024,,,thesis,zh,SOC_POLICY,T3
CITING-WORK-1FD3ABD23F74,西方涉华国际关系舆论操纵的场景探析--以南海仁爱礁对抗事件为例,梅玫,2025,,,thesis,zh,INTERDISC_OTHER,T3
CITING-WORK-B37989FAB424,基于场景视角的考古新闻直播研究--以央视《三星堆新发现》系列直播节目为例,杨婉莹,2025,,,thesis,zh,INTERDISC_OTHER,T3
CITING-WORK-29F1FF9AFCF5,福建平和绳武楼的空间媒介表征与文化传播研究,王静晗,2025,,,thesis,zh,CULT_MEDIA,T3
CITING-WORK-57C9A41F0CF4,延边黄牛消费行为的空间特征研究,闫馨文,2025,,,thesis,zh,ECON_BUS_CONS,T3
CITING-WORK-2AF7AA3F85EC,符号学视角下民族地区网红城市旅游形象研究,张硕,2025,,,thesis,zh,TOUR_HOSP,T3
CITING-WORK-430168A74953,抵抗与妥协：播客的知识可供与反娱乐化实践,陈赛男,2025,,,thesis,zh,INTERDISC_OTHER,T3
CITING-WORK-394DF5D1A2B3,移动互联网时代的信息流广告研究,杨娟,2018,,,thesis,zh,INFO_TECH,T3
CITING-WORK-D49286389FAA,场景营销研究,赵静,2017,,,thesis,zh,INTERDISC_OTHER,T3
CITING-WORK-A03773D6AFE5,中国耽美文化的大众化传播路径研究,张曼琳,2018,,,thesis,zh,CULT_MEDIA,T3
CITING-WORK-FD977FF8862C,移动互联网时代场景营销的应用及其困境研究,许闽枝,2018,,,thesis,zh,INTERDISC_OTHER,T3
CITING-WORK-2D5410B21B27,大数据时代下的城市形象传播研究,方超,2018,,,thesis,zh,CULT_MEDIA,T3
CITING-WORK-F0B7B023EEC3,网络直播间：新部落建构与权力实践,于泓,2019,,,thesis,zh,INFO_TECH,T3
CITING-WORK-47F8CA38C4A7,青年亚文化视角下“佛系”研究,周思雯,2019,,,thesis,zh,CULT_MEDIA,T3
CITING-WORK-0464F5FEF741,视频博客（vlog）植入式广告表现研究,李颖,2020,,,thesis,zh,INTERDISC_OTHER,T3
CITING-WORK-AEFB3B9BE650,移动互联网时代健康传播类APP场景化研究,胡文倩,2020,,,thesis,zh,CULT_MEDIA,T3
CITING-WORK-0F4777763819,基于玩家分享行为的手游传播模式研究,瞿美娟,2021,,,thesis,zh,CULT_MEDIA,T3
CITING-WORK-DF9318D246B0,粉丝经济时代淘宝直播的传播策略研究,万彤彤,2021,,,thesis,zh,ECON_BUS_CONS,T3
CITING-WORK-01456B379F33,乡村短视频中“新农人”的自我形象建构研究--以快手APP为例,马敬伟,2021,,,thesis,zh,RURAL_AGRI,T3
CITING-WORK-A3FD4E15ABB6,短视频中蒙古族媒介形象自我建构研究--基于抖音平台分析,张诗曼,2023,,,thesis,zh,CULT_MEDIA,T3
CITING-WORK-F06EC42B9F44,沉浸与疗愈：ASMR音视频用户的媒介场景交互行为及其社会心理研究,张甜甜,2024,,,thesis,zh,CULT_MEDIA,T3
CITING-WORK-F9451A9DB542,考虑风险动态传播的研发项目场景化需求优化研究,王沁茹,2024,,,thesis,zh,CULT_MEDIA,T3
CITING-WORK-2745AD42DA74,逃离“小黑屋”：小红书创作者对算法审核的感知与实践策略研究,史琰琰,2025,,,thesis,zh,INFO_TECH,T3
CITING-WORK-5FFED805C5F8,省级官方文旅短视频中地域形象的建构与效果研究--以“山西文旅”抖音号为例,焦卯昂,2025,,,thesis,zh,TOUR_HOSP,T3
CITING-WORK-F898B8F6E2A7,技术驱动融合 智能引领创新——2019年中国广告十大现象盘点,姜智彬;郭钦颖,2020,编辑之友,10.13786/j.cnki.cn14-1066/g2.2020.2.008,journal article,zh,INTERDISC_OTHER,T2
CITING-WORK-6BB9E53E2A63,媒介空间信息传播感知体系及架构研究——兼论空间偏向的媒介传受特质,郭媛媛,2024,编辑之友,10.13786/j.cnki.cn14-1066/g2.2024.8.011,journal article,zh,INTERDISC_OTHER,T2
CITING-WORK-F110E30857D4,文博类节目视觉艺术表达研究——以《上新了·故宫》为例,时娟娟;吴可汉,2020,北京印刷学院学报,,journal article,zh,CULT_MEDIA,T2
CITING-WORK-0DCA4D8D5E14,从空间场景叙事到国家形象传播 ——以《如果国宝会说话》为例,郭萌萌,2019,出版广角,10.16491/j.cnki.cn45-1216/g2.2019.18.017,journal article,zh,CULT_MEDIA,T2
CITING-WORK-EFF6D4207DDD,融媒体背景下记者转型策略及反思,业德静,2024,传播力研究,,journal article,zh,CULT_MEDIA,T2
CITING-WORK-04DE6B62A4A4,论新媒体时代下的场景意识,李窈,2019,传媒论坛,10.3969/j.issn.2096-5079.2019.19.062,journal article,zh,CULT_MEDIA,T2
CITING-WORK-D5BD26BA9A58,符号在传统公益广告中的应用分析——以《爱的表达式(Family)》为例,马婧,2025,传媒论坛,10.3969/j.issn.2096-5079.2025.22.010,journal article,zh,CULT_MEDIA,T2
CITING-WORK-E3836D02C456,地下空间在城市传播中的运用与实践——基于对成都地铁7号线站点的符号学解读,魏江楠,2018,采.写.编,10.3969/j.issn.1007-8177.2018.04.063,journal article,zh,CULT_MEDIA,T2
CITING-WORK-2CFF1B968AE2,基于产教融合的播音主持创作与实践课程教学创新研究,王雪玉洁;吴婷婷,2025,创新创业理论研究与实践,,journal article,zh,INFO_TECH,T2
CITING-WORK-81F6C88E8BEC,场景盛行下的新媒体人际传播,刘磊;陈红;温潇,2016,当代传播,,journal article,zh,EDUCATION,T2
CITING-WORK-374EC67621F6,场景化时代基于粉丝经济的音乐传播新变革,彭晴,2017,东南传播,,journal article,zh,CULT_MEDIA,T2
CITING-WORK-099FCC76F5D7,以场景化思维论博物馆文创产品的传播策略,李昂;王慧灵,2020,东南传播,,journal article,zh,CULT_MEDIA,T2
CITING-WORK-9FE5B4D88EBC,"央视新闻B站号""央视boys""媒介形象建构",陶贤都;唐凯丽,2022,电视研究,,journal article,zh,CULT_MEDIA,T2
CITING-WORK-AAC7988864FF,话语操控与场景传播:乌克兰危机中美国主流媒体对俄舆论战,任华,2023,俄罗斯东欧中亚研究,,journal article,zh,CULT_MEDIA,T3
CITING-WORK-A389C91DE11E,2016年中国符号学发展年度报告,梁成英,2017,符号与传媒,10.13760/b.cnki.sam.20170117,journal article,zh,INTERDISC_OTHER,T3
CITING-WORK-215D74539C62,基于传播符号学的短视频城市形象建构思考,张艳萍,2022,福建工程学院学报,10.3969/j.issn.1672-4348.2022.02.007,journal article,zh,CULT_MEDIA,T3
CITING-WORK-95664D7CB787,数字经济下的杭州丝绸企业品牌营销转型升级研究,陈玉发;陈诺,2022,福建轻纺,10.3969/j.issn.1007-550x.2022.03.006,journal article,zh,RURAL_AGRI,T2
CITING-WORK-B36C1AD95212,二次创业平台如何在事件中塑造数字生态跳升能力?——基于事件系统理论的淘宝直播案例研究,罗兴武;宋晨青;项国鹏,2021,管理评论,,journal article,zh,ECON_BUS_CONS,T2
CITING-WORK-5FD3CFDB9016,汽车广告仪式感营销建构 ——以捷豹汽车广告为例,张弨,2017,新媒体研究,,journal article,zh,CULT_MEDIA,T2
CITING-WORK-E0E18586E1B0,智媒时代原生广告的符号学解读,王苑丞;张诗媛,2020,新媒体研究,,journal article,zh,CULT_MEDIA,T2
CITING-WORK-58DB4771DA73,技术异化:电商直播的场景价值反思,周奕怀;金佳惠,2020,新媒体研究,,journal article,zh,CULT_MEDIA,T2
CITING-WORK-08A2BE8BD0C3,场景营销视角下GQ实验室的标题制作研究,陈宇忻,2021,新媒体研究,10.3969/j.issn.2096-0360.2021.01.007,journal article,zh,CULT_MEDIA,T2
CITING-WORK-42DE3F35FD7E,短视频时代乡村形象建构思考,彭哲,2022,新媒体研究,10.3969/j.issn.2096-0360.2022.06.043,journal article,zh,CULT_MEDIA,T2
CITING-WORK-6CBCFBD4CEA1,"消费符号:社交媒体中""新品推广热潮""现象研究——以""麦当劳""与""名创优品""为例",林佳怡,2023,新媒体研究,10.3969/j.issn.2096-0360.2023.11.010,journal article,zh,CULT_MEDIA,T2
CITING-WORK-E79E72B5D75B,建构、脱离与转移:基于场景理论的游戏玩家虚拟社交行为研究,龙美霖;张博,2023,新媒体研究,10.3969/j.issn.2096-0360.2023.14.012,journal article,zh,CULT_MEDIA,T2
CITING-WORK-E6AC441C6962,场景营销:移动互联时代的营销新趋势,饶晓娟,2018,哈尔滨学院学报,10.3969/j.issn.1004-5856.2018.11.016,journal article,zh,CULT_MEDIA,T2
CITING-WORK-438699FC4CDD,基于场景式推演的作战方案评估框架研究,赵东海;闫科;杨阔,2025,舰船电子工程,10.3969/j.issn.1672-9730.2025.01.001,journal article,zh,INTERDISC_OTHER,T3
CITING-WORK-D2D27B25516C,场景理论视角下“互联网+祭扫”现象解读,滕鲁阳,2017,今传媒（学术版）,,journal article,zh,INTERDISC_OTHER,T2
CITING-WORK-F912F063E08C,全媒体时代大学生思政教育话语模式的创新,周莹;董颖,2022,继续教育研究,10.3969/j.issn.1009-4156.2022.01.016,journal article,zh,EDUCATION,T2
CITING-WORK-C3A41A7B0F05,"移动互联时代导航应用的场景化传播——以""高德地图""为例",程小婷,2022,科技传播,10.3969/j.issn.1674-6708.2022.06.029,journal article,zh,CULT_MEDIA,T2
CITING-WORK-DD546261BCAC,"""双向奔赴"":文旅发展新趋势下营销创新的理念与模式",李任,2023,理论月刊,10.14180/j.cnki.1004-0544.2023.12.012,journal article,zh,TOUR_HOSP,T2
CITING-WORK-815F1246CA99,新媒体广告中受众媒介素养对传播效果的影响维度分析,陈华,2018,南昌工程学院学报,,journal article,zh,CULT_MEDIA,T3
CITING-WORK-ACAA62250BD3,高校新闻传播教育数智化转型的现实转向与创新路径,佚名,,,,thesis,zh,EDUCATION,T3
CITING-WORK-3B0379811FD9,互联网+农业场景营销模式创新研究,陈旭,2019,农业经济,10.3969/j.issn.1001-6139.2019.03.050,journal article,zh,RURAL_AGRI,T2
CITING-WORK-1A5B75F0FFBE,"5G环境下场景营销的""场景深度融合化""",陆劲;夏琼,2023,全媒体探索,,journal article,zh,CULT_MEDIA,T2
CITING-WORK-99BED64630DF,电视新闻中的数据运用与主持人角色转型,张世轩,2018,青年记者,,journal article,zh,CULT_MEDIA,T2
CITING-WORK-5A0C877A5FB5,生成式AI的技术渗透与新闻业的伦理反思,叶桐瑞;刘明洋,2023,青年记者,,journal article,zh,CULT_MEDIA,T2
CITING-WORK-60572549EFF3,数智时代的可持续时尚:认知重塑、技术赋能与社会化传播,芦影;郭幸,2025,艺术设计研究,10.3969/j.issn.1674-7518.2025.05.002,journal article,zh,CULT_MEDIA,T3
CITING-WORK-6DC0016C40CC,新时期动漫产品的营销路径 ——以《你的名字.》为例,樊文波;杨波,2017,声屏世界,,journal article,zh,TOUR_HOSP,T2
CITING-WORK-879C89D4E4C5,欧盟《通用数据保护条例》框架下智能传播平台数据合规风险防控,曾丽洁,2020,武汉交通职业学院学报,10.3969/j.issn.1672-9846.2020.03.001,journal article,zh,CULT_MEDIA,T3
CITING-WORK-A3CF2E3C8AC6,"""互联网+""时代电视综艺节目的游戏化场景传播模式",张炳杰,2017,西部广播电视,,journal article,zh,CULT_MEDIA,T2
CITING-WORK-7A3BFE673972,竖屏视频的兴起:移动传播时代的短视频创作新风向,阮甦甦,2018,西部广播电视,10.3969/j.issn.1006-5628.2018.23.004,journal article,zh,CULT_MEDIA,T2
CITING-WORK-9312ED7DF412,县级融媒体助农直播带货场景构建的实现路径,孟涛;王凯煜;宋兆宽,2023,西部广播电视,10.3969/j.issn.1006-5628.2023.18.068,journal article,zh,CULT_MEDIA,T2
CITING-WORK-A21639DBBA60,中国传统媒体与新兴媒体渠道融合发展研究,严三九,2016,现代传播,10.3969/j.issn.1007-8770.2016.07.002,journal article,zh,CULT_MEDIA,T2
CITING-WORK-5487421415B4,基于场景匹配的口语传播:智媒时代之播音主持教育,陈虹;杨启飞,2020,现代传播,,journal article,zh,CULT_MEDIA,T2
CITING-WORK-6AE0C312AD2A,时间压力与任务复杂度对网络广告回避的影响——基于情境理论的路径,段秋婷;吴婷,2021,现代传播,10.3969/j.issn.1007-8770.2021.02.024,journal article,zh,CULT_MEDIA,T2
CITING-WORK-669584B9EFFC,元语言的传播实践:从语言视角考察中国战略传播体系构建,焦思盈,2023,现代传播,10.3969/j.issn.1007-8770.2023.07.008,journal article,zh,CULT_MEDIA,T2
CITING-WORK-6D4AFCA4F4C9,场景传播机制及其影响分析,张江彩,2019,咸阳师范学院学报,10.3969/j.issn.1672-2914.2019.01.027,journal article,zh,CULT_MEDIA,T3
CITING-WORK-C5BC857B97B6,移动化阅读场景下科普微信公众号的传播策略研究,尚媛媛;黄娈鸾;廖巧玲,2022,新闻世界,,journal article,zh,URBAN_PLAN_GEO,T2
CITING-WORK-0133A774E3F1,论剧目《高机与吴三春》中经典符号的现代化重构,李铖叠,2026,戏剧之家,10.26959/j.cnki.cn42-1410/j.2026.08.026,journal article,zh,INFO_TECH,T2
CITING-WORK-42D465AE4BE5,基于4C理论对直播带货中场景化营销的思考,罗钦;王慧灵,2024,新闻前哨,10.3969/j.issn.1003-2827.2024.12.031,journal article,zh,CULT_MEDIA,T2
CITING-WORK-FFA6F17E0B5A,数据新闻的价值要素及真实性探究,杨逐原,2025,新闻前哨,10.3969/j.issn.1003-2827.2025.17.010,journal article,zh,CULT_MEDIA,T2
CITING-WORK-2E1621F3387B,2016年手机媒介传播研究热点综述,曾凡斌;覃毅,2017,传媒观察,,journal article,zh,CULT_MEDIA,T2
CITING-WORK-29C06D94280F,新媒体交互艺术的传播方式探析,刘莉;周琼怡,2017,新闻研究导刊,10.3969/j.issn.1674-8883.2017.21.002,journal article,zh,CULT_MEDIA,T2
CITING-WORK-5E86F53D3B17,"移动传播时代下的场景营销 ——以""三只松鼠""为例",张智,2020,新闻研究导刊,,journal article,zh,CULT_MEDIA,T2
CITING-WORK-160BE37BCF88,新媒体环境下微电影的创作策略研究,吴月雯;程婷,2023,新闻研究导刊,10.3969/j.issn.1674-8883.2023.11.068,journal article,zh,CULT_MEDIA,T2
CITING-WORK-8DA7C0ECB07E,短视频内容创作中的场景构造研究,袁子千,2024,新闻研究导刊,10.3969/j.issn.1674-8883.2024.17.002,journal article,zh,CULT_MEDIA,T2
CITING-WORK-A8CEE3C3DA53,符号学视域下主流媒体对范长江的人物形象建构——以人民网相关报道为例,蒋晓丽;贾瑞琪,2016,新闻与写作,10.3969/j.issn.1002-2295.2016.12.009,journal article,zh,CULT_MEDIA,T2
CITING-WORK-0E7A04F6F167,营销模式迁移:场景传播视角下的直播带货,王佳航;张帅男,2020,新闻与写作,,journal article,zh,CULT_MEDIA,T2
CITING-WORK-A5FBA40B94F2,媒介可供性视角下出版机构播客品牌营销路径研究,晏倩茹,2024,艺术科技,10.3969/j.issn.1004-9436.2024.04.068,journal article,zh,CULT_MEDIA,T2
CITING-WORK-81690E5B59D3,皮尔斯符号学视域下的红色文创研究,观椄冯,2025,艺术科技,10.3969/j.issn.1004-9436.2025.06.048,journal article,zh,CULT_MEDIA,T2
CITING-WORK-925C458EE7F0,装置·场景·幻觉:论科幻电影中元宇宙城市的建构,吕弘彦;郑宜庸,2023,艺苑,10.3969/j.issn.1673-2545.2023.04.008,journal article,zh,CULT_MEDIA,T3
CITING-WORK-93A5DAC99586,媒介可供性视角下有声出版平台现实问题与智能升维,屈高翔;万齐梦,2023,中国出版,10.3969/j.issn.1002-4166.2023.18.005,journal article,zh,CULT_MEDIA,T2
CITING-WORK-18DB63E14EE3,"平台推动下梗文化的风格变化——以""猫 meme""短视频为例",王萱;叶子,2024,中国传媒科技,10.19483/j.cnki.11-4653/n.2024.10.004,journal article,zh,CULT_MEDIA,T2
CITING-WORK-EE63AC9A568D,如何通过创新化表达、融媒化传播吸引青少年受众——以融媒体公开课《吃水不忘挖井人》为例,范劼,2021,中国广播,10.3969/j.issn.1004-9061.2021.11.005,journal article,zh,CULT_MEDIA,T2
CITING-WORK-F5210079FB69,国际学术期刊的视听内容建设与启示,王国燕;金心怡,2021,中国科技期刊研究,10.11946/cjstp.202010240901,journal article,zh,INFO_TECH,T2
CITING-WORK-A45DDC87B49D,沉浸式消费:电商直播中,卢尧选;王艺璇,2022,中国青年研究,10.3969/j.issn.1002-9931.2022.12.010,journal article,zh,SOC_POLICY,T2
CITING-WORK-A00A2FFEDF9D,网络空间中主流价值认同的分化与重塑,陈联俊,2017,中国特色社会主义研究,,journal article,zh,INFO_TECH,T3
CITING-WORK-C445CB9F9A3D,"强化社交意识,让价值与需求相契:做强校园新媒体的若干思考",魏骊臻,2018,中国记者,10.3969/j.issn.1003-1146.2018.12.032,journal article,zh,CULT_MEDIA,T3
CITING-WORK-963A232730BD,微信朋友圈信息流广告发展现状探析——以卡片广告为例,崔佳欣,2022,中国报业,,journal article,zh,CULT_MEDIA,T2
CITING-WORK-E84C1215A605,跨界电商直播商业模式的创新研究,郭晓伟,2023,中国商论,10.19699/j.cnki.issn2096-0298.2023.09.037,journal article,zh,ECON_BUS_CONS,T2
CITING-WORK-A7620CE18953,"后亚文化视域下青年""吃谷""现象论析",滕国鹏;张昕婷,2025,浙江理工大学学报,10.3969/j.issn.1673-3851(s).2025.06.011,journal article,zh,INTERDISC_OTHER,T2
CITING-WORK-BC5AA7EC36BB,元宇宙视域下非物质文化遗产数字化传承平台设计研究,孙晓睿,2025,鞋类工艺与设计,10.3969/j.issn.2096-3793.2025-24-060,journal article,zh,TOUR_HOSP,T2
CITING-WORK-DA94F683B3B1,面向企业的科技信息服务业务场景分析研究,陈以香,2018,,,thesis,zh,ECON_BUS_CONS,T3
CITING-WORK-34A5126C03B9,媒介融合环境下县级电视媒体创新发展探究--以长兴传媒集团为例,马虹,2017,,,thesis,zh,CULT_MEDIA,T3
CITING-WORK-11832275114B,文化消费视角下的历史街区空间再生影响因子研究,粟悦,2019,,,thesis,zh,ARCH_DES_HER,T3
CITING-WORK-64B3966F87B6,城市安置社区养老服务满意度影响因素研究,纪米,2019,,,thesis,zh,URBAN_PLAN_GEO,T3
CITING-WORK-D7915B6D08DE,科技创业项目的客户价值主张创新研究--待办任务理论视角1,林文璟,2019,,,thesis,zh,INTERDISC_OTHER,T3
CITING-WORK-E3A08184634A,宜昌市西陵区社区公共文化服务体系建设的经验及其启示,王蕾,2020,,,thesis,zh,CULT_MEDIA,T3
CITING-WORK-5DE90A25016F,消费者视角下杭州地区购物中心场景IP设计研究,俞悦,2020,,,thesis,zh,ECON_BUS_CONS,T3
CITING-WORK-5432AF9CB8FE,面向场景式学习制品的小学3D打印课程教学设计与实践,陈子豪,2020,,,thesis,zh,EDUCATION,T3
CITING-WORK-4ED1C410752C,大学科技成果应用场景设计研究,方迪,2020,,,thesis,zh,INTERDISC_OTHER,T3
CITING-WORK-ADE60DBB9E7A,城市群不动产结构与创新集聚的互促机理研究,赵坚,2021,,,thesis,zh,URBAN_PLAN_GEO,T3
CITING-WORK-D54CDEE1D16E,工业遗产空间保护复兴项目后评价与设计——以重庆嘉陵江沿岸为例,严雨桐,2021,,,thesis,zh,ARCH_DES_HER,T3
CITING-WORK-DA8B12BB6859,村落传统的发现与再造——乡村振兴视域下“橘溪画村”研究,苗延义,2022,,,thesis,zh,RURAL_AGRI,T3
CITING-WORK-0305DBFAE119,村落有机体健康度评价研究——以金华市金东区46个村落为例,洪伊蒙,2022,,,thesis,zh,RURAL_AGRI,T3
CITING-WORK-134CFD8072C8,结构-过程-功能：基层治理数字化转型研究——基于浙江G镇实践的分析,何立军,2022,,,thesis,zh,INFO_TECH,T3
CITING-WORK-F50DC6081BFD,马克思主义大众化的空间向度研究,王小川,2021,,,thesis,zh,INTERDISC_OTHER,T3
CITING-WORK-C05835D6B56B,未来乡村场景构建研究——以张家港永联村为例,耿俊,2022,,,thesis,zh,RURAL_AGRI,T3
CITING-WORK-C512345A06B0,如何应对基层社会治理的“距离感”?--“和顺茶馆”的场景治理实践及其逻辑研究,杜晨阳,2023,,,thesis,zh,SOC_POLICY,T3
CITING-WORK-A6171FE5170F,山地小城镇低效用地识别及空间增效研究--以汉源县为例,卓星宇,2023,,,thesis,zh,INTERDISC_OTHER,T3
CITING-WORK-F1DEAC0360F1,基于内涝灾害治理的西安市城市更新策略研究,姜雨,2022,,,thesis,zh,URBAN_PLAN_GEO,T3
CITING-WORK-A893FCD75B23,数字化背景下H街道基层网格治理的路径研究,叶智慧,2023,,,thesis,zh,INFO_TECH,T3
CITING-WORK-2267CCAE55D3,Z世代博物馆文创产品购买意愿影响机理研究,邹妞,2024,,,thesis,zh,CULT_MEDIA,T3
CITING-WORK-872259139438,上党精卫神话研究,庞佳仪,2024,,,thesis,zh,INTERDISC_OTHER,T3
CITING-WORK-72EA618FBD8F,红色旅游背景下大学生爱国主义教育研究,谢丽嫦,2024,,,thesis,zh,TOUR_HOSP,T3
CITING-WORK-F6F13595DFB5,中国艺术书展演进分析与策略研究,韩曦,2024,,,thesis,zh,CULT_MEDIA,T3
CITING-WORK-474FEAEE975C,空间情境何以促进献血转化——W市街头献血的空间社会学研究,张楚洛,2022,,,thesis,zh,SOC_POLICY,T3
CITING-WORK-49EECA565297,城市历史景观视角下的重庆合川青竹湾历史地段保护与更新策略研究,周盈廷,2024,,,thesis,zh,ARCH_DES_HER,T3
CITING-WORK-1F09E40F88FE,空间生产视角下府谷县中心城区存量空间更新策略,沈弋,2024,,,thesis,zh,INTERDISC_OTHER,T3
CITING-WORK-177450852C85,城市滨海旅游街区可步行性研究——以青岛八大关街区为例,安正,2025,,,thesis,zh,ARCH_DES_HER,T3
CITING-WORK-589E088BA9AF,城市公共空间治理的公共价值创造及实现路径研究,李虹雨,2025,,,thesis,zh,URBAN_PLAN_GEO,T3
CITING-WORK-8EDA75FF3AB8,奇观文化视域下的路易威登旗舰店视觉叙事设计策略研究,陈婉丽,2025,,,thesis,zh,CULT_MEDIA,T3
CITING-WORK-614F8CC7BB6E,未来社区背景下社区公共空间更新设计研究--以杭州市红五月社区为例,刘燕,2025,,,thesis,zh,URBAN_PLAN_GEO,T3
CITING-WORK-46C8697768C3,中国区域工业能源效率时空效应研究,张清华,2015,,,thesis,zh,URBAN_PLAN_GEO,T3
CITING-WORK-64DD5F111969,身体、交往与空间：移动互联时代的跑步,何怀志,2016,,,thesis,zh,INTERDISC_OTHER,T3
CITING-WORK-6D5C90221814,广州西关历史街区文化消费空间研究,王梦瑶,2016,,,thesis,zh,ARCH_DES_HER,T3
CITING-WORK-880CB35C0D34,基于场景理论探究音乐广播的不可替代性及创新转型--以上海动感101电台为例,祖晓霞,2019,,,thesis,zh,INTERDISC_OTHER,T3
CITING-WORK-48011BC22010,G公司业财融合场景化数据共享服务研究,马建坤,2019,,,thesis,zh,INTERDISC_OTHER,T3
CITING-WORK-5B113319E855,场景理论视角下的户外广告场景构建分析,季鑫香,2020,,,thesis,zh,INTERDISC_OTHER,T3
CITING-WORK-01C4BA4D0AFB,新经济场景应用发展水平测度及其影响因素研究--以深圳市为例,刘赫,2022,,,thesis,zh,ECON_BUS_CONS,T3
CITING-WORK-0BF556AFE8C0,促进体验形成的虚拟学习场景设计与应用研究,张晓萌,2023,,,thesis,zh,EDUCATION,T3
CITING-WORK-1C742C238833,城市书店的空间生产研究--以苏州诚品为考察对象,卢茜如,2023,,,thesis,zh,URBAN_PLAN_GEO,T3
CITING-WORK-F1D84AA03A2B,"成都公园城市""金角银边""活力微场景更新路径探究",陈明坤;蔡秋阳,2025,北京规划建设,,journal article,zh,URBAN_PLAN_GEO,T2
CITING-WORK-E65B78343AAC,民族地区文化能力建设的社会工作实践研究 ——以内蒙古一个生态移民社区为例,宋爱明;任国英,2021,社会工作,10.3969/j.issn.1672-4828.2021.01.006,journal article,zh,SOC_POLICY,T2
CITING-WORK-4878601E5F08,场景理论视角下浙江传统村落红色文化遗产保护与传承设计策略研究,丁一博;杨小军,2026,包装与设计,10.3969/j.issn.1007-4759.2026.02.086,journal article,zh,ARCH_DES_HER,T2
CITING-WORK-B49BA86A430D,城市消费空间场景化类型研究 ——以我国购物中心为例,谈佳洁,2020,城市,,journal article,zh,URBAN_PLAN_GEO,T2
CITING-WORK-686BBF0A465F,从规划到治理:儿童友好城市建设路径的反思,颜学勇;李宏伟,2022,城市观察,10.3969/j.issn.1674-7178.2022.02.005,journal article,zh,ECON_BUS_CONS,T2
CITING-WORK-B8E3963A2C9E,面向实施的重点地区城市设计响应路径构建——基于北京城市副中心站地区规划历程的思考,赵庆楠;路林,2025,城市规划,10.11819/cpr20251702a,journal article,zh,ARCH_DES_HER,T2
CITING-WORK-16FD99C75D43,旧城特色街市多元价值场景与更新治理路径研究,黄健文;苏攀予;莫小欣,2024,城市建筑,10.19892/j.cnki.csjz.2024.11.13,journal article,zh,ARCH_DES_HER,T2
CITING-WORK-68D8F2E8772C,中国工业遗产改造策略转变影响因素研究,苏晨;陈烨;宋金诺,2024,城市建筑,10.19892/j.cnki.csjz.2024.23.15,journal article,zh,ARCH_DES_HER,T2
CITING-WORK-3D97A4CDFB0F,消费者视角下城市消费空间“场景”概念的建构,谈佳洁,2019,城市问题,10.13239/j.bjsshkxy.cswt.190510,journal article,zh,URBAN_PLAN_GEO,T2
CITING-WORK-EAB0330983A8,"作为政治沟通的""官员直播带货""的内涵与启示",滕朋;高天遥,2023,当代传播,,journal article,zh,EDUCATION,T2
CITING-WORK-EE1C0D6301D0,场景化:学习服务设计的新思路,武法提;黄石华;殷宝媛,2018,电化教育研究,10.13811/j.cnki.eer.2018.12.009,journal article,zh,EDUCATION,T2
CITING-WORK-A43A4CEBCB00,场景理论视角下的城市青年公共文化空间建构——以北京706青年空间为例,盖琪,2017,东岳论丛,,journal article,zh,CULT_MEDIA,T2
CITING-WORK-EA89EEB126F5,浅析场景理论视角下的城市公共文化空间,蒋梦恬,2021,大众文艺,10.3969/j.issn.1007-5828.2021.07.045,journal article,zh,ARCH_DES_HER,T2
CITING-WORK-14D347869581,夜间经济的文化经济学分析,甄伟锋;刘建萍,2020,福建论坛（人文社会科学版）,,journal article,zh,INTERDISC_OTHER,T2
CITING-WORK-C58F8EEA96DF,地理特征相似地带风貌管控区块的精细化识别——以浙江湖州南浔地区为例,吴凯怡;张云,2025,风景园林,10.3724/j.fjyl.la20240087,journal article,zh,ARCH_DES_HER,T2
CITING-WORK-BC3F7D6E4CD8,组织再造、场景营造与服务塑造:绿色社会工作参与社区治理的理论之维与行动逻辑,徐选国;吴佳峻;赵杨,2025,环境社会学,,journal article,zh,ECON_BUS_CONS,T2
CITING-WORK-BD64BB662DA1,黄梅岳家拳的场景营造与生活性保护研究,黄永林;张恩荣,2023,湖北理工学院学报（人文社会科学版）,10.3969/j.issn.2095-4662.2023.05.010,journal article,zh,ARCH_DES_HER,T2
CITING-WORK-A5D62B316F88,基于AIGC的泛在教学空间建构框架与运行机制,佚名,,,,thesis,zh,EDUCATION,T3
CITING-WORK-CD6DBEBB7508,"医学生思想政治教育中的医院""场所精神""",翁律侃;邹厚东,2021,解放军医院管理杂志,10.16770/j.cnki.1008-9985.2021.05.033,journal article,zh,EDUCATION,T3
CITING-WORK-103CB46C4AC7,"""流动性凝视""理论视域下的城市感知共同体塑造——以澎湃新闻""上直播""栏目""一江一河""机位为例",丁凡;张婧妮;郑沛欣,2025,井冈山大学学报（社会科学版）,10.3969/j.issn.1674-8107.2025.04.012,journal article,zh,URBAN_PLAN_GEO,T3
CITING-WORK-404823FA391E,公共文化服务领域供给侧改革动力机制和路径选择——基于“互联网+”视角的分析,陈波;丁程,2017,江汉论坛,,journal article,zh,INTERDISC_OTHER,T2
CITING-WORK-90250726EBA5,浅析互联网下半场的场景筛选逻辑——从微信小程序谈起,陈雨青;陈春梅,2019,经济研究导刊,,journal article,zh,ECON_BUS_CONS,T2
CITING-WORK-510083DDA352,侨文化：后全球化时代的乡愁共同体,周洁;高小康,2022,江苏行政学院学报,10.3969/j.issn.1009-8860.2022.02.004,journal article,zh,CULT_MEDIA,T3
CITING-WORK-2738DE6A6337,"身份· 言语· 界域 ——""场景""理论下的幼儿舞蹈教育与质量刍议",王钦,2018,教育导刊（下半月）,,journal article,zh,EDUCATION,T3
CITING-WORK-235F43362783,数智场景赋能铸牢中华民族共同体意识探赜,汪金英;张远彤,2026,理论导刊,10.3969/j.issn.1002-7408.2026.03.001,journal article,zh,EDUCATION,T2
CITING-WORK-28C5CE046918,空间生产视域下开封清明上河园文化场景设计,黄文;杨沛东;杨小菊,2024,旅游纵览,10.3969/j.issn.1004-3292.2024.17.045,journal article,zh,TOUR_HOSP,T2
CITING-WORK-CC1EA225BFD9,让研究变活:社会学非虚构叙事的场景建构,严飞,2022,魁阁学刊,,journal article,zh,SOC_POLICY,T3
CITING-WORK-D7979B2CED08,提升城市文化软实力 打造城市文明新样本,祖春明;马一栋,2024,马克思主义哲学,,journal article,zh,CULT_MEDIA,T3
CITING-WORK-1F3398C00887,空间 ——材料语义的呈现者,张佳雪,2020,美术大观,,journal article,zh,INTERDISC_OTHER,T3
CITING-WORK-CC940DA3514B,场景理论下乡村文旅融合的价值表达及其强化路径,陈波;刘彤瑶,2022,南京社会科学,10.15937/j.cnki.issn1001-8263.2022.08.018,journal article,zh,INTERDISC_OTHER,T2
CITING-WORK-00EFDF8D4C24,后冬奥时代我国冰雪运动数字化的价值审视与策略研探,江涵逸;黄炜逸;郑芳,2022,体育学研究,10.15877/j.cnki.nsic.20220919.001,journal article,zh,SPORT_LEISURE,T2
CITING-WORK-71656233FCA7,电子商务时代城市社区商业的升级路径 ——以北京华贸天地商街为例,周瑜,2019,全国流通经济,,journal article,zh,ECON_BUS_CONS,T2
CITING-WORK-338C2AC636FB,数字化转型嵌入社会治理的场景重塑与价值边界,徐顽强,2022,求索,,journal article,zh,ECON_BUS_CONS,T2
CITING-WORK-8EDB594E60E5,社区空间文化结构城市社区更新规划的新理念,黄瓴;陈欣;牟燕川,2021,时代建筑,,journal article,zh,ARCH_DES_HER,T2
CITING-WORK-6D3453C27EC0,同檐共景、向史而新李庄文化抗战博物馆,章明;孙嘉龙;莫羚卉子,2022,时代建筑,,journal article,zh,ARCH_DES_HER,T2
CITING-WORK-3064A66199F5,“创意植入”：城市人居环境质量提升的辐射路径 --以上海融合创新发展的城市实践为例,徐翔;丁思辉;喜罕娇,2017,上海城市管理,10.3969/j.issn.1674-7739.2017.01.008,journal article,zh,SOC_POLICY,T2
CITING-WORK-B8C983528B9D,创生传统:乡村未来社区的新内生发展路径,苗延义,2025,社会建设,10.3969/j.issn.2095-8641.2025.05.005,journal article,zh,RURAL_AGRI,T3
CITING-WORK-FCD2C371B780,"""双碳""目标下城市工业空间转型的优化策略与选择路径——以工业遗产保护更新为视角",韩晗,2021,上海师范大学学报（哲学社会科学版）,10.13852/j.cnki.jshnu.2021.06.010,journal article,zh,ARCH_DES_HER,T3
CITING-WORK-64852182D52A,革命文物融入高校思政课的作用机制与优化路径,刘霞,2024,思想政治课研究,10.3969/j.issn.1674-0505.2024.03.016,journal article,zh,EDUCATION,T3
CITING-WORK-71DD80E7F3A2,数字化赋能高校实验教学场景的关键维度与进路,王吉平;罗江华;余明媚,2025,语言与教育研究,10.3969/j.issn.2097-4140.2025.03.003,journal article,zh,EDUCATION,T3
CITING-WORK-0F59628FD075,数字技术赋能全民健身公共服务场景化创新及实践策略,刘宁;樊炳有,2024,体育教育学刊,,journal article,zh,SPORT_LEISURE,T2
CITING-WORK-794ABE5ED938,日本乡村旅游与文化软实力发展研究,何璇;李佳怡,2022,文化软实力研究,10.19468/j.cnki.2096-1987.2022.02.010,journal article,zh,CULT_MEDIA,T2
CITING-WORK-9E345D41AE2C,历史街区的空间文化活力来源——基于佛山祖庙的网络场景分析,潘道远;洪伍军,2025,文化学刊,,journal article,zh,CULT_MEDIA,T2
CITING-WORK-1ABABCA11BA6,欧盟国家促进大众身体活动的路径选择及启示——基于模糊集定性比较分析的研究,王峰;蒋韬成;郑国华,2023,西安体育学院学报,10.16063/j.cnki.issn1001-747x.2023.03.003,journal article,zh,RURAL_AGRI,T2
CITING-WORK-E7F51FAE4FAD,佛图关文化溯源与巴蜀文旅产业载体创新研究,钟伊能;李倩;李良,2024,西部旅游,,journal article,zh,TOUR_HOSP,T2
CITING-WORK-DF6F1B206C72,基于环境偏好的街道景观活力提升研究,符兴源;张月鑫;张宇彤,2025,现代城市研究,10.3969/j.issn.1009-6000.2025.04.011,journal article,zh,URBAN_PLAN_GEO,T2
CITING-WORK-7CB03E26A943,"寻""待客之道"":入境旅游满意度的组态分析",林泽宇;林善浪,2025,西南民族大学学报（人文社会科学版）,10.3969/j.issn.1004-3926.2025.03.006,journal article,zh,SOC_POLICY,T2
CITING-WORK-05A536034FC1,台湾城市文化治理模式及其经验借鉴,张琳;杨毅,2017,云南行政学院学报,10.3969/j.issn.1671-0681.2017.03.022,journal article,zh,CULT_MEDIA,T3
CITING-WORK-0155B95429CA,基于场景理论的产褥期女性康复需求研究与设计对策,李诗艺,2023,艺术与设计,,journal article,zh,ARCH_DES_HER,T2
CITING-WORK-CE707B17BE0E,数字化转型背景下高职院校职业场景应用的教学转化研究,王丽君,2023,中国职业技术教育,10.3969/j.issn.1004-9290.2023.07.011,journal article,zh,EDUCATION,T2
CITING-WORK-370E239D2459,新型城镇化过程中城市气质的保护与塑造研究,吴军;焦永利,2014,中国名城,10.3969/j.issn.1674-4144.2014.10.004,journal article,zh,URBAN_PLAN_GEO,T2
CITING-WORK-AA07922DE8E0,论文化创意社群对特色文化城市发展的意义及路径--以景德镇乐天创意市集为例,陆筱璐,2016,浙江工业大学学报（社会科学版）,,journal article,zh,CULT_MEDIA,T3
CITING-WORK-6C055A7EBFBF,共同富裕背景下普惠性老年教育应用场景构建研究,张吉先,2022,职教论坛,,journal article,zh,EDUCATION,T2
CITING-WORK-6DEB37A977B1,场景理论视角下乡村非遗数字化活态保护路径探究——以曲阜大庄绢花为例,康玉潇,2021,"Advances in Social Sciences,",,scholar-indexed work,zh,RURAL_AGRI,T3
CITING-WORK-6B21CD5EC53A,THE IMPACT OF INTERNET POPULARITY ON URBAN SPATIAL STRUCTURE OF BEVERAGE CONSUMPTION: EVIDENCE FROM FOUR MEGACITIES IN …,Z Qiang;DAI Jing-hang;H Qin-shi,2025,"HUMAN GEOGRAPHY,",,scholar-indexed work,unknown,INTERDISC_OTHER,T3
CITING-WORK-2A2C19342C80,网络热度对大城市饮品消费空间结构的影响——以北上广深为例,周强;戴靖航;黄琴诗,2025,"人文地理,",,scholar-indexed work,zh,TOUR_HOSP,T2
CITING-WORK-24EE36B33478,A Bibliometric Analysis of Public Space Research from the Perspective of Scene Theory: Evolutionary Context and Implications for China.,H Di;G Yuhan;H Jiaxin;S Bo,2026,"Tropical Geography,",,scholar-indexed work,unknown,INTERDISC_OTHER,T3
CITING-WORK-723797F2EBDF,The Evolutionary Logic and Improvement Path of Production-Living-Ecological Space in Homestay-Clustered Villages Based on Scenario Theory,L Ping,2026,"Journal of Jishou University (Social Sciences Edition),",,scholar-indexed work,unknown,INTERDISC_OTHER,T3
CITING-WORK-7EDB6B809115,场景理论下民宿集聚型村落 “三生空间” 演化逻辑与完善路径,李平,2026,"吉首大学学报 (社会科学版),",,scholar-indexed work,zh,RURAL_AGRI,T3
CITING-WORK-092936DE2445,Research on the construction and perception of nostalgic consumption space based on scene theory: Take,HE Xiaorong;XU Haichao;REN Dichuan…,2023,"World Regional …,",,scholar-indexed work,unknown,INTERDISC_OTHER,T3
CITING-WORK-CB7548BE77D6,国内外场景理论研究进展与启示.,王燕;文谨,2026,"Journal of Capital Normal University (Natural …,",10.19789/j.1004-9398.2026.03.010,scholar-indexed work,zh,INTERDISC_OTHER,T3
CITING-WORK-6160BB3BC406,"文化自信, 文化协同与文化创新发展",王林生;金元浦,2018,"Journal of Beijing Union University (Humanities and …,",,scholar-indexed work,zh,CULT_MEDIA,T3
CITING-WORK-619F6A7F1E77,博物馆体验场景对游客情感的影响机制——以扬州中国大运河博物馆为例.,张雨燕;余凤龙;侯兵,2026,"Tourism Tribune/Lvyou Xuekan,",,scholar-indexed work,zh,TOUR_HOSP,T3
CITING-WORK-74173F70A00B,地域性景观建筑文化传承的实践性教学路径探索,鹏张,2025,"中国现代教育学报,",,scholar-indexed work,zh,ARCH_DES_HER,T3
CITING-WORK-6671BBAFDDD2,Review and prospect of rural public cultural space research in China.,M Meijuan,2023,"Journal of Library & Information Science in …,",,scholar-indexed work,unknown,INTERDISC_OTHER,T3
CITING-WORK-8C42B3668944,新时代乡村公共文化空间重构研究,李林,,2021 - books.google.com,,book,zh,RURAL_AGRI,T3
CITING-WORK-4F867DBDCB49,基于可供性理论的赛后大型体育场馆多元发展的仿真及优化,张伟霞;杨行果,2025,"体育学刊,",,scholar-indexed work,zh,SPORT_LEISURE,T2
CITING-WORK-00EDEDC296BE,A Study on the Practical Mechanisms and Development Pathways for the Jiangsu Football City League to Promote the Unleashing of Sports Consumption Potential,W Jiahong;CUI Liming,2025,"China Sport Science,",,scholar-indexed work,unknown,INTERDISC_OTHER,T3
CITING-WORK-59E70C1A4C8B,我国大型公共体育场馆运营现状与优化对策,叶紫雯,2025,"社会科学研究与实践,",,scholar-indexed work,zh,SPORT_LEISURE,T3
CITING-WORK-DDB685E19058,Fusion of urban public cultural space and new media under the cultural interaction perspective [J],D Jin;L Wang,2019,"Journal of Chang'an University (Social Science Edition),",,scholar-indexed work,unknown,INTERDISC_OTHER,T3
CITING-WORK-62D91051BD00,基于场景理论的高校课程思政立体渗透——以新安全格局思政元素渗透为例,曾特林;王卫红;吴彩燕;谭宝会,2023,"Advances in Education,",,scholar-indexed work,zh,EDUCATION,T3
CITING-WORK-1BFF79CD1878,场景理论: 利用文化因素推动城市发展研究的新视角,吴军,2017,"湖南社会科学,",,scholar-indexed work,zh,CULT_MEDIA,T2
CITING-WORK-7AF63B66772A,"文化产业集群要素特征, 成长路径及案例分析——以场景理论为视角",詹绍文;王敏;王晓飞,2020,"江汉学术,",,scholar-indexed work,zh,ECON_BUS_CONS,T2
CITING-WORK-EB86C5686E24,"城市旅游空间的幸福价值何以创造——基于合肥罍街, 杭州西湖的双案例研究.",张彤;陈晔;白长虹;韦鸣秋…,2026,"Tourism Tribune/Lvyou …,",,scholar-indexed work,zh,TOUR_HOSP,T3
CITING-WORK-AAABC7C8F774,沉浸式游戏叙事对遗产旅游多维体验价值重构的作用机制——基于混合现实技术情境.,张蕊;梁学成;苏静,2026,"Tourism Tribune/Lvyou Xuekan,",,scholar-indexed work,zh,ARCH_DES_HER,T3
CITING-WORK-19E29A614890,数智时代组织的场景创造力构建机制研究:——基于 4 家中国文旅企业的多案例分析.,王倞;妥艳媜;白长虹;宋瑞杰,2024,"Nankai Business Review,",,scholar-indexed work,zh,TOUR_HOSP,T3
CITING-WORK-5288BD54E337,文旅融合视域下的古树名木文化沉浸式体验,苏浩玄;杨娱;张妮;赵欣宇,2026,"Journal of Forestry,",,scholar-indexed work,zh,TOUR_HOSP,T3
CITING-WORK-4B463A91F9FE,The Endless Pact: The Site Specific Murder Mystery Interior Design for Game Based on Luenrit Thai Chinese Historic Place,WEI Rongqing;R Wei;E Joneurairatana,,2025 - ithesis-ir.su.ac.th,,scholar-indexed work,unknown,INTERDISC_OTHER,T3
CITING-WORK-387748837DE6,Evolution and spillover effect of urban ecotourism amenity spatial pattern in Suzhou,T HUANG;M WEI;J XI,2023,"Economic geography,",,scholar-indexed work,unknown,INTERDISC_OTHER,T3
CITING-WORK-6378D5571241,苏州城市生态旅游舒适性空间格局演变及溢出效应,黄泰;卫嫚;席建超,2023,"经济地理,",,scholar-indexed work,zh,ECON_BUS_CONS,T2
CITING-WORK-73662091FA89,Impact of Rural Land Right Confirmation on the Welfare Level of Rural Residents in China: Based on the Perspective of Land Policiometric Analysis,J ZHANG;J YU;Y GE;A SUN,2023,"Economic geography,",,scholar-indexed work,unknown,INTERDISC_OTHER,T3
CITING-WORK-2596CA686E20,中国农地确权对农村居民福利的影响——基于土地政策计量视角,张建平;余晋晶;葛扬;孙爱军,2023,"经济地理,",,scholar-indexed work,zh,ECON_BUS_CONS,T2
CITING-WORK-DCC824438255,非遗活态传承质量评价指数体系构建研究——以上海市国家级民俗节庆类非遗为例,潘文焰;梁采霞;潘潇仪,2026,"World Economic Research,",,scholar-indexed work,zh,INTERDISC_OTHER,T3
CITING-WORK-8159A637CEB1,"碳达峰, 碳中和背景下文化旅游的减排效应——基于我国县域面板数据的实证研究",顾振华,2024,"旅游科学,",,scholar-indexed work,zh,TOUR_HOSP,T2
CITING-WORK-CD94B5D07BF5,场景规划: 助力城市群协同发展,郭晨;冯舒;汤沫熙;唐正宇;杨志鹏,2022,"热带地理,",,scholar-indexed work,zh,URBAN_PLAN_GEO,T2
CITING-WORK-CE1D45AE0007,低空体育消费场景的培育困境与优化路径,陈元欣;徐杰忠;罗思颖;陈磊,2025,"首都体育学院学报,",,scholar-indexed work,zh,ECON_BUS_CONS,T3
CITING-WORK-F0EB17B4CADF,职业联赛消费场景重塑的仪式互动机制研究,郑芳;黄若童;李韵雅;于蓝,2026,"首都体育学院学报,",,scholar-indexed work,zh,ECON_BUS_CONS,T3
CITING-WORK-F1F84EAC6EB9,A Study on the Ritual Interaction Mechanism of Consumption Scene Reshaping in Professional Sports Leagues,F ZHENG;R HUANG;Y LI;L YU,2026,"Journal of Capital …,",,scholar-indexed work,unknown,INTERDISC_OTHER,T3
CITING-WORK-480427396695,Dilemmas in the Development of Low-altitude Consumption Scenarios and Corresponding Optimization Strategies,Y CHEN;J XU;S LUO;L CHEN,2025,"Journal of Capital …,",,scholar-indexed work,unknown,INTERDISC_OTHER,T3
CITING-WORK-D7E20D945C54,基于装置艺术的品牌营销路径研究,陈燕倩,2025,"E-Commerce Letters,",,scholar-indexed work,zh,ECON_BUS_CONS,T3
CITING-WORK-453A6E4ED38D,场景视角下国际消费中心城市发展路径分析,吴军,2024,"武汉大学学报 (哲学社会科学版),",,scholar-indexed work,zh,INTERDISC_OTHER,T2
CITING-WORK-FB6F306D3FDE,Impact of metro networks on the accessibility and equity of Intradestination tourist public transport: A generalised travel cost perspective,Y Wang;Y Zhou;C Jin;J Zhou;X Wu,2026,"Research in Transportation …,",,scholar-indexed work,unknown,INTERDISC_OTHER,T3
CITING-WORK-9D0F46CADFC7,The Relationship Between Representational Culture of Decorative Walls in Subway Stations and Commuters' Spatial Perception: A Case Study of Ping'anli …,Z Cheng;Y Guo,2026,"Applied Sciences,",,scholar-indexed work,unknown,ARCH_DES_HER,T2
CITING-WORK-9C650A685D22,Multidimensional Perception Evaluation and Spatial Reconstruction of Industrial Heritage Tourism Sites Through Scene Theory: Evidence from Dianping UGC …,H Xie;S Chen;Y Xu;W Zhang,2026,"Buildings,",,scholar-indexed work,unknown,ARCH_DES_HER,T2
CITING-WORK-12E1559C7DE1,Urban scenes in Brussels: Spatial dynamics of cultural repertoires,H Weytjens,2026,"Journal of Urban Affairs,",10.1080/07352166.2026.2635415,scholar-indexed work,unknown,INTERDISC_OTHER,T3
CITING-WORK-D3CDDD1D73E1,Development of a questionnaire for children's perceptions of urban physical activity scenes in China: A modified Delphi study,PEI OU;NEZ Abidin;H Zulnaidi,2026,2026 - assets-eu.researchsquare.com,,scholar-indexed work,unknown,INTERDISC_OTHER,T3
CITING-WORK-871DB51276AC,Spatial Practices and Sense of Place among Metro Passengers from a Mobility Perspective,Y Ma;Y Zhou;Y Wang,,Available at SSRN 6589062 - papers.ssrn.com,,scholar-indexed work,unknown,INTERDISC_OTHER,T3
CITING-WORK-A9B6BC94096D,Exploring micro-renovation of urban micro-spaces based on scene theory,S WANG;H JIANG,,isocarp.org,,scholar-indexed work,unknown,INTERDISC_OTHER,T3
CITING-WORK-D1ED74DF5097,2014 China Real Estate Market Outlook and Forecast,D Zhi;D Jichang;W Di;L Xiuting…,,Bulletin of Chinese … - sciengine.com,,scholar-indexed work,unknown,INTERDISC_OTHER,T3
CITING-WORK-F117994A3297,房地产行业供需模型及调控模型的研究,肖立顺;徐娜;山显雷,2012,"数学的实践与认识,",10.3969/j.issn.1000-0984.2012.15.015,scholar-indexed work,zh,INTERDISC_OTHER,T3
CITING-WORK-2732F16C15A2,房地产市场供求均衡与房地产价格研究——以北京商品房市场为例,胡朝晖;李秀婷;董志;高鹏,2014,"数学的实践与认识,",,scholar-indexed work,zh,ECON_BUS_CONS,T3
CITING-WORK-6ADED1EC1C96,场景理论文献综述,彭妍,2015,"经济期刊,",,scholar-indexed work,zh,ECON_BUS_CONS,T3
CITING-WORK-39607D68199D,Research on the Spatial Distribution and Influencing Factors of Cultural Tourism Amenities in Anhui Province Based on Scene Theory,C Wenjia;W Naiju,,,,scholar-indexed work,unknown,INTERDISC_OTHER,T3
CITING-WORK-A24E8E9A915D,全周期管理理论视野下超大型城市社区的 “城市病” 及其治理路径 以北京 “回天地区” 为例,刘良,2024,"华北电力大学学报 (社会科学版),",10.14092/j.cnki.cn11-3956/c.2024.02.006,scholar-indexed work,zh,RURAL_AGRI,T2
CITING-WORK-CFC8A5162E96,公共文化消费挤出居民文化消费支出了吗——基于面板门槛模型的实证检验,高莉莉;许俊鹏,2019,"文化产业研究,",,scholar-indexed work,zh,CULT_MEDIA,T2
CITING-WORK-A7FA3BF99BB8,"场景, 民俗及认同: 天津古文化街年货市场研究",桂慕梅,2015,"云南民族大学学报 (哲学社会科学版),",,scholar-indexed work,zh,SOC_POLICY,T2
CITING-WORK-BD84D6F6A35D,"Un-disappeared Geography: Context Perception, Geomedia and the Change of Man-land Relationship",G Zangcao,2022,"Digital Humanities Research,",,scholar-indexed work,unknown,INTERDISC_OTHER,T3
CITING-WORK-B5558E840439,"并未消失的地理: 场景感知, 地理媒介与人地关系变化",尕藏草,2022,"数字人文研究,",,scholar-indexed work,zh,CULT_MEDIA,T2
CITING-WORK-C8EBAD066BB9,"The Content Presentation, Scene Design of Tourism IP and Its Commercial Realization",W Dou;J Wang,,2020 - pdf.hanspub.org,,scholar-indexed work,unknown,INTERDISC_OTHER,T3
CITING-WORK-70050AF071E5,"旅游 IP 内容表达, 场景设计及其商业实现——以延安市为例",窦文章;王晶,2020,"Advances in Social Sciences,",,scholar-indexed work,zh,TOUR_HOSP,T3
CITING-WORK-8A448A5432C6,欧美国家城市化进程中的社会景象及城乡关系述略——基于外国文学的视窗,李麦产,2019,"创新,",10.3969/j.issn.1673-8616.2019.04.007,scholar-indexed work,zh,CULT_MEDIA,T2
CITING-WORK-167CE373746F,The outlook of space theory: Based on the mutual-construction of hägerstrand and bourdieu's theory,LIU Yi-ming;W Lei;LI Gui-cai,2019,"Human Geography,",,scholar-indexed work,unknown,INTERDISC_OTHER,T3
CITING-WORK-ED81B4B71167,乡村振兴战略下我国民族地区文化资本的创意性生成研究,王林生,2019,"学术论坛,",,scholar-indexed work,zh,RURAL_AGRI,T2
CITING-WORK-38E1808B8419,空间理论的图景拓展——基于哈格斯特朗与布迪厄的理论互构研究,刘一鸣;吴磊;李贵才,2019,"人文地理,",,scholar-indexed work,zh,TOUR_HOSP,T2
CITING-WORK-FABEFB8D51C3,高质量创建体育旅游示范区的文化赋能困境与出路.,高国贤,2025,"Resources Development & Market,",,scholar-indexed work,zh,TOUR_HOSP,T3
CITING-WORK-FEFD12751AA5,基于文化场景理论的文旅社区建设研究,方娜;程奇,2022,"Sustainable Development,",,scholar-indexed work,zh,TOUR_HOSP,T3
CITING-WORK-B6D68E83F0C5,Специфика развития городских субкультур в Китае: новые направления исследований,Ц Сун,,2023 - elib.bsu.by,,scholar-indexed work,unknown,INTERDISC_OTHER,T3
CITING-WORK-B7F3FEB53568,The internal logic and implementation path of activating idle rural houses in traditional villages from the perspective of the scene to drive common prosperity: A …,Y LI;H GENG;C NI,2024,"Journal of Natural Resources,",,scholar-indexed work,unknown,INTERDISC_OTHER,T3
CITING-WORK-D14BA43C388C,"From"" Garden City"" to"" Park City""——Construction of Public Health-oriented Human Settlements Under the New Paradigm of Urban Development",X Sun;L Shen;Y Tian;Z Ning,2022,"Journal of Southwest University …,",,scholar-indexed work,unknown,INTERDISC_OTHER,T3
CITING-WORK-AA2EA81D17B6,The protection of the historical and cultural heritage of the ancient city of Suzhou An activated digital twin approach,T Yang;J Li;M Li;Y Miu;Y Tian;L Guo Sun,,upforum.wupen.org,,scholar-indexed work,unknown,INTERDISC_OTHER,T3
CITING-WORK-602A31FFD3E6,Optimization of City-Industry Integration Evaluation in Conjunction with Plan Formulation: The Practice in Wuhan,Q Pan;H Jiao;X Liu;Z Zheng;H He…,2024,"Urban Plan …,",,scholar-indexed work,unknown,INTERDISC_OTHER,T3
CITING-WORK-6391C716E2BC,Research on the Protection and Renewal of Hydropower Industrial Heritage from the Perspective of Scenario Theory,M ZHANG;S LI;Y TANG;X WANG,2024,"Industrial Construction,",,scholar-indexed work,unknown,INTERDISC_OTHER,T3
CITING-WORK-4B4C75DDF297,On the Construction of,L Zhiming,2022,"Journal of Jishou University (Social Sciences Edition),",,scholar-indexed work,unknown,INTERDISC_OTHER,T3
CITING-WORK-6E4BF382C3FE,한중 음료 문화가 지역 정체성에 미치는 영향: 소비문화 관점에서 한국 커피 문화와 중국 차 문화 비교,천옌;김준호,2025,"아시아연구,",,scholar-indexed work,unknown,INTERDISC_OTHER,T3
CITING-WORK-33C5EE1B80C4,武汉 “设计之都” 建设面临的问题及对策分析,王星星,2019,"长江论坛,",10.3969/j.issn.1005-3980.2019.04.009,scholar-indexed work,zh,TOUR_HOSP,T2
CITING-WORK-367C09D22383,La protección del patrimonio histórico y cultural de la antigua ciudad de Suzhou. Un enfoque de gemelo digital activado,T YANG;J LI;M LI;Y MIAO;Y TIAN;L SUN,,upforum.wupen.org,,scholar-indexed work,unknown,INTERDISC_OTHER,T3
CITING-WORK-5AF4250A4DE2,和美乡村社会评价与空间建构研究——以陕南地区为例,史玥;邢海虹;宋婉婷;邱铭菲;杨欣乐,2024,"Geographical Science …,",,scholar-indexed work,zh,RURAL_AGRI,T3
CITING-WORK-51E87E5A4E58,Path to enhance the vitality of urban cultural consumption space based on the scene theory,Y CUI;S QI,,,,scholar-indexed work,unknown,INTERDISC_OTHER,T3
CITING-WORK-B0071051989E,回归生活:现代化生活场景推动构筑中华民族共有精神家园研究,刘洋;张雅倩,2025,贵州民族研究,10.13965/j.cnki.gzmzyj10026959.2025.01.005,journal article,zh,CULT_MEDIA,T2
CITING-WORK-1F2001F19073,场景理论视域下脑卒中踝足矫形器设计研究,田臻;霍春晓,2025,艺术科技,10.3969/j.issn.1004-9436.2025.02.025,journal article,zh,CULT_MEDIA,T2
CITING-WORK-20CE3792570F,场景视域下广州永庆坊文化与消费的融合路径研究,王晨殊;王紫怡;蔡思博,2023,产业与科技论坛,10.3969/j.issn.1673-5641.2023.11.007,journal article,zh,ECON_BUS_CONS,T2
CITING-WORK-2B6564C6BE71,场景营城:新经济发展的成都实践,钱霞,2020,中华传奇,,journal article,zh,ECON_BUS_CONS,T3
CITING-WORK-2D34CE3A8C7E,"从""电器卖场""到""数智生活聚落"":设计驱动沈阳三好街区的转型策略",刘雨涵;方璟;蒋红斌,2025,家用电器,10.3969/j.issn.1002-5626.2025.12.008,journal article,zh,ARCH_DES_HER,T2
CITING-WORK-C4A6F05ED772,当代青年群体城市空间需求类型及利用现状分析,李洁,2023,重庆第二师范学院学报,10.3969/j.issn.1008-6390.2023.04.004,journal article,zh,URBAN_PLAN_GEO,T3
CITING-WORK-B3D81592D589,当代语境下乡村公共文化空间重塑策略探析——以乡村戏楼建筑为例,李春聚;王婵媛;孙晓宇,2019,河北建筑工程学院学报,10.3969/j.issn.1008-4185.2019.04.019,journal article,zh,ARCH_DES_HER,T3
CITING-WORK-1F9BA66D499F,基于山水观的社区场景空间营造,张画景,2023,建筑与文化,10.19875/j.cnki.jzywh.2023.07.081,journal article,zh,ARCH_DES_HER,T3
CITING-WORK-288318EFEA48,基于熵权法(AHP)的城市特色文化街区空间活力评价研究——以合肥市为例,何文宏;赵乾卉,2024,吉林艺术学院学报,,journal article,zh,CULT_MEDIA,T3
CITING-WORK-4D9D2D1AFB1E,基于知识图谱的文化空间历史再生成及其价值研究,陈波;赵润,2020,艺术百家,,journal article,zh,CULT_MEDIA,T2
CITING-WORK-28C04EFE502A,剪纸元素融入基层公共空间设计,余彩霞,2020,铜陵学院学报,,journal article,zh,TOUR_HOSP,T2
CITING-WORK-D5975D8D4E2C,民族地区乡村文化振兴:现实困境、发展逻辑与优化路径,罗兰,2022,理论月刊,10.14180/j.cnki.1004-0544.2022.07.009,journal article,zh,TOUR_HOSP,T2
CITING-WORK-61DC04E8320C,认同与消费的空间重构 ——基于太平街、都正街的实地考察,陈斯,2021,品牌研究,10.3969/j.issn.1671-1009.2021.05.083,journal article,zh,ECON_BUS_CONS,T3
CITING-WORK-AA97B9242E6A,"社会生活""再嵌入""下大同地方戏保护:问题与路径",张锦龙,2022,人文天下,10.3969/j.issn.2095-3690.2022.01.012,journal article,zh,ARCH_DES_HER,T2
CITING-WORK-B481D5868CF9,数智技术视域下大学生铸牢中华民族共同体意识的内在逻辑与优化策略,许科龙波;宋文洁,2025,边疆经济与文化,10.3969/j.issn.1672-5409.2025.03.020,journal article,zh,ECON_BUS_CONS,T3
CITING-WORK-4B51ECF41B91,"数字创意产业内生动力""双向赋能""的逻辑生成研究",王林生,2023,学术论坛,10.3969/j.issn.1004-4434.2023.01.010,journal article,zh,RURAL_AGRI,T2
CITING-WORK-FB294563F4BF,网络短视频的媒介场景构建与场景化表达,江凌,2024,首都师范大学学报（社会科学版）,10.3969/j.issn.1004-9142.2024.04.009,journal article,zh,EDUCATION,T2
CITING-WORK-25A13C48E6F2,文化记忆、话语策略、文本背后——对文化类综艺“热”现象的“冷”思考,于新辉,2020,东方艺术,,journal article,zh,CULT_MEDIA,T3
CITING-WORK-1D5BE3AE4B5B,我国房地产财富效应分析——基于非平稳面板计量,张永远;焦丹晓;刘晓欣;等,2016,数学的实践与认识,,journal article,zh,INTERDISC_OTHER,T2
CITING-WORK-F5FAEEF59A27,乡村文化治理:能动空间与实践路向,任贵州;曹海林,2021,云南民族大学学报（哲学社会科学版）,,journal article,zh,SOC_POLICY,T2
CITING-WORK-258942B8A519,乡村振兴背景下乡村文化空间生产与设计的路径研究,朱春旺,2023,艺术科技,10.3969/j.issn.1004-9436.2023.08.064,journal article,zh,CULT_MEDIA,T2
CITING-WORK-5C32A91212EE,消费回补与市场重塑:后疫情时期的文化消费趋势探析,范周;林一民,2020,艺术评论,10.16364/j.cnki.cn11-4907/j.2020.05.004,journal article,zh,ECON_BUS_CONS,T3
CITING-WORK-F120AB69A838,新型农村基层公共文化空间重构探索,黄文泓;安勇;尹婧,2018,美与时代（上旬刊）,,journal article,zh,ARCH_DES_HER,T2
CITING-WORK-1EA567362DC8,运河城市文化的体验式传播场景构建研究——以中国大运河博物馆为例,王丹园[1],2023,艺术科技,10.3969/j.issn.1004-9436.2023.13.003,journal article,zh,CULT_MEDIA,T2
CITING-WORK-1180E82F079F,AR技术赋能大遗址文化内涵叙事化展陈研究,汪士;刘欣怡,2026,边疆经济与文化,10.3969/j.issn.1672-5409.2026.02.012,journal article,zh,ECON_BUS_CONS,T3
CITING-WORK-4FAC9BEA3539,场景理论视域下红色档案资源在高校育人中的开发利用,佚名,,,,thesis,zh,EDUCATION,T3
CITING-WORK-2234E3D7D548,基于场景理论的城市房价区域差异化形成机制研究--以北京为例,李凌,2014,,,thesis,zh,URBAN_PLAN_GEO,T3
CITING-WORK-62A5E2FF4E6A,基于场景理论的沙漠露营地旅游体验研究--以腾格里沙漠露营地为例,朱兰兰,2025,,,thesis,zh,TOUR_HOSP,T3
CITING-WORK-157376F70245,基于社区生态建设的高密度住区公共空间营造策略研究,韩鹏瑞,2019,,,thesis,zh,URBAN_PLAN_GEO,T3
CITING-WORK-55172239FAD8,中国实体书店的智能化转型研究,李恬语,2022,,,thesis,zh,INFO_TECH,T3
CITING-WORK-CCB2B52EE320,“国家-社会”关系视野下民间武术存续的行动逻辑,秦丽,2024,,,thesis,zh,SOC_POLICY,T3
CITING-WORK-3715B663C37B,“双一流”高校图书馆嵌入式学科服务研究,凌圆,2024,,,thesis,zh,EDUCATION,T3
CITING-WORK-C4E6836EA627,《湖南日报》中十八洞村媒介形象建构研究（2013-2023）,唐怡静,2024,,,thesis,zh,CULT_MEDIA,T3
CITING-WORK-321D974885E9,《人民日报》劳动者形象建构的话语分析（1950-2023）,刘铁锁,2024,,,thesis,zh,INTERDISC_OTHER,T3
CITING-WORK-FE3A273F24B8,《申报》（1912-1937）中的民国年节研究,王月,2023,,,thesis,zh,INTERDISC_OTHER,T3
CITING-WORK-25D00312286F,场景介入下的乡村公建设计表达,朱静煜,2021,,,thesis,zh,RURAL_AGRI,T3
CITING-WORK-83C86B0E566F,场域共享模式下的青年社区空间设计研究,李紫含,2020,,,thesis,zh,ARCH_DES_HER,T3
CITING-WORK-1A513E2B431D,场域理论视角下兰州国际马拉松赛对城市形象的建构研究,王婧,2023,,,thesis,zh,URBAN_PLAN_GEO,T3
CITING-WORK-D692BE3D84F7,城市遗产文化空间的认知研究——以大雁塔文化空间微博照片签到数据为例,赵静睿,2021,,,thesis,zh,ARCH_DES_HER,T3
CITING-WORK-84C4E28F9455,传播游戏理论下对City walk现象的研究--以小红书为例,潘明月,2024,,,thesis,zh,CULT_MEDIA,T3
CITING-WORK-779FE26A44BC,当代青年社交的矛盾性特征及其消解,佚名,,,,thesis,zh,INTERDISC_OTHER,T3
CITING-WORK-1491894CCDB0,房地产经济与城市发展的相关性实证研究--基于长三角主要城市的面板数据分析,叶晓陶,2016,,,thesis,zh,ECON_BUS_CONS,T3
CITING-WORK-891439E304FE,房地产业链对经济和政府收入的贡献,王晓月,2012,,,thesis,zh,ECON_BUS_CONS,T3
CITING-WORK-5268C3E9D8D0,房地产政策追踪及影响分析,官丹华,2012,,,thesis,zh,SOC_POLICY,T3
CITING-WORK-4C3004767270,非物质文化遗产类纪录片人文价值研究--兼论毕业作品《孝义皮影》,郭玉冰,2023,,,thesis,zh,ARCH_DES_HER,T3
CITING-WORK-522DBC520617,非遗纪录片的故事化表达研究,李嘉悦,2024,,,thesis,zh,INTERDISC_OTHER,T3
CITING-WORK-DD98B7C95564,改革开放初期天津城市文化旅游发展研究--以古文化街的开发建设为例,金倩文,2019,,,thesis,zh,TOUR_HOSP,T3
CITING-WORK-BC9EB1F66960,改革开放四十年纪录片画面符号与国家形象建构研究,孙秀婷,2019,,,thesis,zh,INTERDISC_OTHER,T3
CITING-WORK-4A4EABDE5BF1,高质量发展背景下城郊融合型村庄公共文化空间重构路径研究--以河南省舞阳县柴庄村为例,王优聪,2022,,,thesis,zh,CULT_MEDIA,T3
CITING-WORK-922781C96C7C,共生思想下石屏孙家寨村公共文化空间活化设计研究,谢罗佑,2024,,,thesis,zh,CULT_MEDIA,T3
CITING-WORK-0FE3CA2CD877,寒地传统村落公共文化空间游客满意度评价指标体系研究,洪延峰,2018,,,thesis,zh,TOUR_HOSP,T3
CITING-WORK-24454BB4C3BC,河北省房地产市场供求的影响因素分析及预测,岳亚卿,2016,,,thesis,zh,ECON_BUS_CONS,T3
CITING-WORK-1DDE1AD280EB,红色文旅品牌仪式传播策略研究--以井冈山、延安、沂蒙为例,许瑞坤,2023,,,thesis,zh,TOUR_HOSP,T3
CITING-WORK-402ACC12F3EB,基于城市老旧小区组群空间整合的社区综合体设计研究--以济南兴业嘉苑小区为例,杨锐,2024,,,thesis,zh,URBAN_PLAN_GEO,T3
CITING-WORK-E5683CEBD5A4,基于村民需求的川西地区现代村落公共空间设计策略研究,韩洪江,2021,,,thesis,zh,ARCH_DES_HER,T3
CITING-WORK-F17149869E22,基于个人空间理论的情景照明模式与光环境优化设计,董小萌,2021,,,thesis,zh,INTERDISC_OTHER,T3
CITING-WORK-55EA78381FF3,基于空间生产理论的历史街区文化空间生产研究--以韩城古城为例,尹彤,2018,,,thesis,zh,ARCH_DES_HER,T3
CITING-WORK-F108E264666B,基于民俗体育文化传承的乡村公共空间设计研究--以徐州市为例,高海林,2023,,,thesis,zh,ARCH_DES_HER,T3
CITING-WORK-EA08FD70C610,基于模因论的浔阳文化公共空间设计--以浔阳文化图书馆为例,廖虹雅,2024,,,thesis,zh,ARCH_DES_HER,T3
CITING-WORK-0B9ABB69AA4A,基于青年交往需求的老旧社区公共空间优化策略研究,许昊,2023,,,thesis,zh,URBAN_PLAN_GEO,T3
CITING-WORK-931FA6993449,基于文本分析的武汉设计之都政策优化研究,王星星,2020,,,thesis,zh,SOC_POLICY,T3
CITING-WORK-6DB578414097,基于S-O-R理论的怀旧旅游地视觉元素、情感体验与游客行为意向的关系研究,王子龙,2023,,,thesis,zh,TOUR_HOSP,T3
CITING-WORK-7DF68C27654A,纪录片中春节文化视觉呈现的符号学解读,覃海叶,2017,,,thesis,zh,CULT_MEDIA,T3
CITING-WORK-AC9A7EE292D3,建筑文化基因在展示空间的设计应用--以武氏祠博物馆设计为例,苏秀荣,2020,,,thesis,zh,ARCH_DES_HER,T3
CITING-WORK-7031CF382419,经济转型期我国房地产业对宏观经济的影响研究,张毅,2017,,,thesis,zh,ECON_BUS_CONS,T3
CITING-WORK-C56A30329A94,空间生产视角下重庆传统风貌区景观营造比对与更新方法研究,刘淑清,2024,,,thesis,zh,ARCH_DES_HER,T3
CITING-WORK-C9E255439138,老工业城市转型发展路径研究--以安阳市为例,司兆玺,2018,,,thesis,zh,URBAN_PLAN_GEO,T3
CITING-WORK-5884E32D1857,流动中的聚合：城市青年公共生活的参与和建构,钟艳群,2022,,,thesis,zh,URBAN_PLAN_GEO,T3
CITING-WORK-2A3E51376B95,内生发展视角下的“青年友好”型街区构建研究--以长春市津韩街区为例,王品超,2025,,,thesis,zh,ARCH_DES_HER,T3
CITING-WORK-B5CFEE48F4ED,青年友好城市评价及空间优化研究——以东北中心城市为例,王鑫琦,2024,,,thesis,zh,URBAN_PLAN_GEO,T3
CITING-WORK-CBE1A393DBFC,青年友好视角下苏州老旧社区公共空间更新策略研究,赵子颢,2025,,,thesis,zh,URBAN_PLAN_GEO,T3
CITING-WORK-45C9CF544DD2,色达藏区大众旅游体验的空间生产研究——基于空间社会学视角,邓鹏,2021,,,thesis,zh,TOUR_HOSP,T3
CITING-WORK-532EB46F58DC,山东省农村特色文化产业集群发展研究,朱子钰,2020,,,thesis,zh,RURAL_AGRI,T3
CITING-WORK-711444CF6B15,山西省阳城县传统村落民俗文化空间更新设计研究,秦婧薇,2022,,,thesis,zh,RURAL_AGRI,T3
CITING-WORK-A332724EB230,社会工作介入农村地区居民文化参与能力提升的研究--以凉山州W村为例,张新伟,2024,,,thesis,zh,RURAL_AGRI,T3
CITING-WORK-038DCB232D52,社区公共艺术的公众参与——对台北宝藏岩国际艺术村的考察,叶涛,2020,,,thesis,zh,CULT_MEDIA,T3
CITING-WORK-8E19ED5635C3,社区志愿者动能何以可持续？——以Y场景实践项目为例,严艺文,2023,,,thesis,zh,URBAN_PLAN_GEO,T3
CITING-WORK-FA9277263AA4,视觉框架视域下抖音中非物质文化遗产的呈现研究,邓鑫芸,2023,,,thesis,zh,ARCH_DES_HER,T3
CITING-WORK-50026641D543,苏北地区乡村公共空间设计策略研究--以北村村为例,雷伟,2019,,,thesis,zh,ARCH_DES_HER,T3
CITING-WORK-26165D7C9CF5,天津市古文化街文化与旅游的融合发展研究,杨婷,2017,,,thesis,zh,TOUR_HOSP,T3
CITING-WORK-236776E70796,网红经济背景下历史文化街区形象对游客感知价值的影响研究,杜家瑞,2023,四川农业大学,,thesis,中文,ARCH_DES_HER,T3
CITING-WORK-E86A277F82D9,文化活动与老旧社区内生力的提升机制研究——基于武汉市D社区的案例分析,陈紫微,2024,,,thesis,zh,CULT_MEDIA,T3
CITING-WORK-F07DB5A793CF,文化记忆视阈下非物质文化遗产题材纪录片的叙事研究,刘娜英,2020,,,thesis,zh,ARCH_DES_HER,T3
CITING-WORK-DEA8816B15B9,文化线路视域下的大运河（京津段）非物质文化遗产传承趋势研究,牛放,2020,,,thesis,zh,ARCH_DES_HER,T3
CITING-WORK-2268DDB3812C,文旅融合背景下广州市官涌村公共文化空间改造设计研究,甘纯宇,2024,,,thesis,zh,TOUR_HOSP,T3
CITING-WORK-E81AAEE2958A,文旅融合背景下瑞金市红色旅游高质量发展的路径研究,王军,2024,,,thesis,zh,TOUR_HOSP,T3
CITING-WORK-235AE37BA6E9,乡村节庆文化空间的现代化变迁--以信阳市李塘村春节为例,李志强,2024,,,thesis,zh,RURAL_AGRI,T3
CITING-WORK-7A43027721D4,新型城镇化背景下绍兴市古镇景观设计研究——以东浦古镇为例,杨玉圆,2022,,,thesis,zh,ARCH_DES_HER,T3
CITING-WORK-3A4F6DE40D61,新型城镇化文化发展创新理路研究,谢宗霞,2019,,,thesis,zh,CULT_MEDIA,T3
CITING-WORK-83BE4FE4499A,雄安生态试验区耕作式乡村景观设计研究,张珍,2022,,,thesis,zh,ARCH_DES_HER,T3
CITING-WORK-BD6EBF2E4C2E,徐州传统公共文化空间重塑研究,夏士斐,2021,,,thesis,zh,CULT_MEDIA,T3
CITING-WORK-9F5D65E6E6F8,移动互联网安全领域的商业模式研究--以GM公司为例,吴桐,2018,,,thesis,zh,ECON_BUS_CONS,T3
CITING-WORK-E4E8BC295B06,以形态类型学为基础的老城厢文化功能空间发展研究,龙嘉雨,2020,,,thesis,zh,CULT_MEDIA,T3
CITING-WORK-812994AEBEA6,异质体验：城市传播的公共性生产--以上海“上生·新所”为例,任希,2021,,,thesis,zh,CULT_MEDIA,T3
CITING-WORK-575217C75F62,优化农村文化惠民工程建设的路径研究——基于湖北省28个行政村的调查分析,李雪倩,2020,,,thesis,zh,RURAL_AGRI,T3
CITING-WORK-518F6244D909,元宇宙背景下企业虚拟数字人服务场景构建研究,李文虎,2024,,,thesis,zh,ECON_BUS_CONS,T3
CITING-WORK-60F1CC897351,云自习服务用户接受与使用行为影响因素研究,穆倩楠,2023,,,thesis,zh,INTERDISC_OTHER,T3
CITING-WORK-E724098C75E0,灶美“淘宝村”公共空间体系重构与适应性设计,季巷彤,2020,,,thesis,zh,URBAN_PLAN_GEO,T3
CITING-WORK-733C94644793,智能媒体时代品牌社群的创新营销思维与策略研究——以小红书APP为例,李莎,2019,,,thesis,zh,ECON_BUS_CONS,T3
CITING-WORK-134BDE04ADDB,中国工业题材纪录片中的国家形象建构研究,苏文婷,2024,,,thesis,zh,INTERDISC_OTHER,T3
CITING-WORK-478A0BAAEF31,住宅小区周边消费活力影响因素的空间分异研究--基于上海的数据,刘羽晞,2020,,,thesis,zh,ECON_BUS_CONS,T3
CITING-REFRESH-DFC9EF1899BB,Metro cultural scene: A new community scale in urban scene research,Yuhuan Wang;Yongbo Zhou,2024,Environment and Planning B Urban Analytics and City Science,10.1177/23998083241227753,journal article,unknown,URBAN_PLAN_GEO,T3
CITING-REFRESH-645EE0D8CF06,The Scene Logic of Innovative Talent Agglomeration: An Empirical Study Based on 54 Cities in China,Jun Wu;Xuan Wu;Hao Zheng;Tong Wang,2024,Sustainability,10.3390/su16187951,journal article,unknown,URBAN_PLAN_GEO,T3
CITING-REFRESH-92A55FEE2BD3,The Use of Visual Communication Technology in the Cultural Connotation and Design Expression of Traditional Cultural and Creative Products,Lu Liu,2024,Applied Mathematics and Nonlinear Sciences,10.2478/amns-2024-1041,journal article,unknown,CULT_MEDIA,T3
CITING-REFRESH-6C74CEB2295B,The Development of an Artificial Intelligence-Powered Visualization Tool for the Presentation of a Tea Cafe Startup,Chelytha Hariyoko;Andi Pramono;Desy Silvia Daniswara;Anna Y. Q. Ho;Bambang Kartono Kurniawan;Salsa Nabillah,2024,,10.1109/iciss62896.2024.10751262,journal article,unknown,INFO_TECH,T3
CITING-REFRESH-0F11020D504C,The Influence of Digital Technology and the Transmission Capacity of Cultural Connotations on the Digital Innovativeness of Cultural Industry,Ting Liu;Jingjing Zheng;Dasen Yang;Jingwen Zhou,2025,International Journal of High Speed Electronics and Systems,10.1142/s0129156425406242,journal article,unknown,ECON_BUS_CONS,T3
CITING-REFRESH-F01177B841AE,Voting Classifier for The Interactive Design with Deep Learning for Scene Theory,Ying Yang,2023,International Journal on Recent and Innovation Trends in Computing and Communication,10.17762/ijritcc.v11i6.7738,journal article,unknown,INFO_TECH,T3
CITING-REFRESH-67B2B136C8C6,From Bohemia to Boho-Chic: The Cultural Evolution and Globalization of Bohemian Fashion,Anshika Shukla;Hyewon Park,2025,International Journal of Costume and Fashion,10.7233/ijcf.2025.25.2.037,journal article,unknown,CULT_MEDIA,T3
CITING-REFRESH-BE332C820C32,"Dynamic Spaces, Dynamic Cities: Exploring Creative Placemaking Trends in Urban Development",Norshahida Azili;Mohd Zairul Mohd Noor;Marek Kozłowski;Roshida Abdul Majid,2026,ALAM CIPTA International Journal Of Sustainable Tropical Design & Practice,10.47836/ac.19.s1.paper05,journal article,unknown,URBAN_PLAN_GEO,T3
CITING-REFRESH-8240F5D233B7,Constructing an Evaluation Framework and Developing Optimization Strategies for Public Cultural Service Spaces in Metro Station Areas: A Scene Theory,Chulin Lu;Yajun Cai;Muchuan Xu,2026,Urban Science,10.3390/urbansci10090511,journal article,unknown,URBAN_PLAN_GEO,T3
CITING-REFRESH-8CE930990386,"A novel outdoor thermal comfort simulation model for heritage environments (OTC-SM-HE): Verify the effectiveness in Gulangyu, China",Yuan Li;Mengsheng Yang;Huanxia Bai;Rui Li;Jiaqi Liang;Jingxiong Huang;Yanan Du,2023,Building and Environment,10.1016/j.buildenv.2023.110568,journal article,unknown,ARCH_DES_HER,T3
CITING-REFRESH-2F3128646DB1,Traditional Villages’ Cultural Tourism Spatial Quality Evaluation,Qin Li;Shuangning Lv;Zonghao Chen;Jingya Cui;Wenlong Li;Yijun Liu,2024,Sustainability,10.3390/su16177752,journal article,unknown,RURAL_AGRI,T3
CITING-REFRESH-8AF3CC49BD42,"Digital Characteristics of Spatial Layout in Urban Park Scene Space: Spatial Classification, Quantitative Indicators, and Design Applications Based on Completed Park Cases",Boqing Fan;Jia Gu;Shucheng Ai;Xi Chen;Shu‐Shan Du;Yuning Cheng,2024,Land,10.3390/land13122251,journal article,unknown,URBAN_PLAN_GEO,T3
CITING-REFRESH-84112F5A4F7F,Mining and Visualization of Tourism Cultural Image Based on the Information Transmission Model of Tourism Cultural Map—Taking Nanjing Xuanwu Lake Tourist Attraction as an Example,Haoyu Yang;Jie Shen;Shuai Hong;Fengzhen Zhu,2024,ISPRS International Journal of Geo-Information,10.3390/ijgi13110391,journal article,unknown,URBAN_PLAN_GEO,T3
CITING-REFRESH-C5DBEEE66CC4,Strategies for digitizing cultural heritage of traditional villages based on scene theory,Zehui Jia;Siqi Gao;Lei Cao;Jinhui Sun;Xuan Zhang;Zhonghong Zhang,2026,Journal of Asian Architecture and Building Engineering,10.1080/13467581.2026.2722611,journal article,unknown,ARCH_DES_HER,T3
CITING-REFRESH-14B92E87F139,Using graph neural networks to predict local culture,"TH Silva, D Silver",2025,"… and Planning B: Urban Analytics and …, 2025",10.1177/23998083241262053,scholar-indexed work,unknown,URBAN_PLAN_GEO,T3
CITING-REFRESH-C20003F48020,Changing the scene: applying four models of social evolution to the scenescape,"D Silver, TH Silva, P Adler",2022,"arXiv preprint arXiv:2209.10665, 2022",,preprint,unknown,SOC_POLICY,T3
CITING-REFRESH-F6646153C6E6,Optimizing Science Museum Communications: Ecological Translation Strategies for Enhancing Public Outreach in Biotechnology,J Yang,2024,"Journal of Commercial Biotechnology, 2024",,scholar-indexed work,unknown,CULT_MEDIA,T3
CITING-REFRESH-F65D6A814883,Evolución de las características del paisaje cultural en el centro de Tarapoto,"ZSB Flores, KMA Lazo",2024,"Ciencia Latina Revista Científica …, 2024",,scholar-indexed work,unknown,URBAN_PLAN_GEO,T3
CITING-REFRESH-0252E2D09183,"From Dragon Boat Festival Ceremony to Cultural Heritage: Historical Process, Realistic Dilemma and Development Path of Dryland Dragon Boat Culture Inheritance …",LI Suo,2024,"Journal of Yangtze Normal University, 2024",,scholar-indexed work,unknown,CULT_MEDIA,T3
CITING-REFRESH-299FBE000EEC,黄河国家文化公园山东段的体系构建研究,刘大亮， 张冬云,2024,"She ji, 2024",,scholar-indexed work,zh,ARCH_DES_HER,T3
CITING-REFRESH-0A2939A111A1,文化场景理论视域下档案馆传承红色基因的路径研究,孙大东;吴怡娇,2023,北京档案,10.3969/j.issn.1002-1051.2023.07.005,journal article,zh,CULT_MEDIA,T3
CITING-REFRESH-ED355B9C9442,"""类情绪安全阀"":城市商超消费中的青年俘获与转型迎合",刘凯强,2023,广东社会科学,10.3969/j.issn.1000-114x.2023.05.021,journal article,zh,SOC_POLICY,T3
CITING-REFRESH-1B3543625F63,"感知、构想、支配——列斐伏尔""空间三重体""架构下漫展的空间生产构建",赵雅致,2025,四川省干部函授学院学报,10.3969/j.issn.1008-8784.2025.03.015,journal article,zh,CULT_MEDIA,T3
CITING-REFRESH-D6EC66CA52F1,"数字赋能城市更新下的业态导入及空间生产——以长沙丰盈西里的""网红空间""为例",周恺;曾文菁;张海涛,2024,西部人居环境学刊,10.13791/j.cnki.hsfwest.20240408,journal article,zh,URBAN_PLAN_GEO,T3
CITING-REFRESH-5332E2A7C005,"""双创""背景下我国非遗传播的场景表达与组态模式研究",,,,,unknown,zh,CULT_MEDIA,T3
CITING-REFRESH-3C1EE4A699D1,文化振兴视角下农垦文化传播的创新路径,幸岱微;吴雪霏;陈佳娴,2026,中国农垦,10.3969/j.issn.0529-6382.2026.04.024,journal article,zh,RURAL_AGRI,T3
