target_work_id,title,title_zh,title_en,authors,year,venue,work_type,doi_or_isbn,scenes_membership_tier,scenes_core_member,primary_periodical,primary_topic,topic_confidence,policy_marker,design_marker,measurement_marker,period,venue_field_complete,venue_field_confidence
WORK-87B9EA587567,场景消费:现代消费的新领域,场景消费:现代消费的新领域,,金国利[1],1994,新视野,journal article,,adjacent_convergent,FALSE,TRUE,CULTURAL_CONSUMPTION_COMMERCIAL,T3,0,0,0,1994–2011: antecedents,,
WORK-EC3AFDE4EE8C,从水产品看《金瓶梅》的生活场景,从水产品看《金瓶梅》的生活场景,,高梁,1995,明清小说研究,journal article,,adjacent_convergent,FALSE,TRUE,INTERDISC_OTHER,T3,0,0,0,1994–2011: antecedents,,
WORK-1631D227DAD7,场景消费与市场营销,场景消费与市场营销,,邢建平,1996,中央财政金融学院学报,journal article,,adjacent_convergent,FALSE,TRUE,CULTURAL_CONSUMPTION_COMMERCIAL,T3,0,0,0,1994–2011: antecedents,,
WORK-E897AD1D8598,场景消费与物的消费,场景消费与物的消费,,邢建平,1996,中国市场,journal article,,adjacent_convergent,FALSE,TRUE,CULTURAL_CONSUMPTION_COMMERCIAL,T3,0,0,0,1994–2011: antecedents,,
WORK-E6DDFD3A68E3,生活的场景与法治的向度,生活的场景与法治的向度,,姚建宗,2000,吉林大学社会科学学报,journal article,,adjacent_convergent,FALSE,TRUE,INTERDISC_OTHER,T3,0,0,0,1994–2011: antecedents,,
WORK-9D813B3D4D70,制约与解释——生活场景对法律生命的考量,制约与解释——生活场景对法律生命的考量,,单飞跃[1];杨期军[1],2004,法学论坛,journal article,,adjacent_convergent,FALSE,TRUE,INTERDISC_OTHER,T3,0,0,0,1994–2011: antecedents,,
WORK-E865C243F293,“种地”:一个生活场景的文化解析,“种地”:一个生活场景的文化解析,,詹娜,2006,河南教育学院学报:哲学社会科学版,journal article,,adjacent_convergent,FALSE,TRUE,INTERDISC_OTHER,T3,0,0,0,1994–2011: antecedents,,
WORK-664A7BC0ECBB,场景和空间的转译,场景和空间的转译,,蒲仪军,2007,建筑与文化,journal article,,adjacent_convergent,FALSE,TRUE,INTERDISC_OTHER,T3,0,0,0,1994–2011: antecedents,,
WORK-0BA26B2E12A2,文化:城市的气质和灵魂,文化:城市的气质和灵魂,,圣光,2008,党政论坛,journal article,,adjacent_convergent,FALSE,TRUE,INTERDISC_OTHER,T3,0,0,0,1994–2011: antecedents,,
WORK-A47D9355F122,“火笼”浓缩羌族人的生活场景,“火笼”浓缩羌族人的生活场景,,于春,2008,中国文化遗产,journal article,,adjacent_convergent,FALSE,TRUE,INTERDISC_OTHER,T3,0,0,0,1994–2011: antecedents,,
WORK-29845677CC8A,论古代小说中故事场景的文化含义——以“客店场景”为例,论古代小说中故事场景的文化含义——以“客店场景”为例,,李萌昀[1],2009,明清小说研究,journal article,,adjacent_convergent,FALSE,TRUE,INTERDISC_OTHER,T3,0,0,0,1994–2011: antecedents,,
WORK-6AC6A0BDA81A,波希米亚王国的开创——缪尔热和他的《波希米亚文人:巴黎拉丁区文人生活场景》,波希米亚王国的开创——缪尔热和他的《波希米亚文人:巴黎拉丁区文人生活场景》,,卫华,2009,湖南工业大学学报:社会科学版,journal article,,adjacent_convergent,FALSE,TRUE,INTERDISC_OTHER,T3,0,0,0,1994–2011: antecedents,,
WORK-B06F4EAAA310,“情境”分析与播音主持传播中的媒介情境控制——媒介情境论的分析、延伸与应用,“情境”分析与播音主持传播中的媒介情境控制——媒介情境论的分析、延伸与应用,,张晓,2009,西安石油大学学报:社会科学版,journal article,,adjacent_convergent,FALSE,TRUE,DIGITAL_VIRTUAL_MEDIA,T3,0,0,0,1994–2011: antecedents,,
WORK-1D860C72D9A2,城市舒适物与社会不平等,城市舒适物与社会不平等,,王宁[1],2010,西北师大学报:社会科学版,journal article,,probable_scenes,FALSE,TRUE,CULTURAL_CONSUMPTION_COMMERCIAL,T3,0,0,0,1994–2011: antecedents,,
WORK-4465A2D872FE,公共文明与情境构建,公共文明与情境构建,,廖菲[1],2010,北京社会科学,journal article,,adjacent_convergent,FALSE,TRUE,INTERDISC_OTHER,T3,0,0,0,1994–2011: antecedents,,
WORK-5C0C6832361A,生活情境中流动儿童的认同建构逻辑,生活情境中流动儿童的认同建构逻辑,,史秋霞[1];王毅杰[1],2010,华南农业大学学报:社会科学版,journal article,,adjacent_convergent,FALSE,TRUE,ART_IDENTITY_EDUCATION,T3,0,1,0,1994–2011: antecedents,,
WORK-C7974EBCDD2A,新巴比伦:基于日常生活的情境空间建构,新巴比伦:基于日常生活的情境空间建构,,胡娟[1];叶忠元[2],2010,国际城市规划,journal article,,adjacent_convergent,FALSE,TRUE,INTERDISC_OTHER,T3,0,1,0,1994–2011: antecedents,,
WORK-E7BF4FFB4859,试论网络媒介情境下的“地域”消失,试论网络媒介情境下的“地域”消失,,孙莉[1] 孙佳乐[2],2010,新闻世界,journal article,,adjacent_convergent,FALSE,TRUE,DIGITAL_VIRTUAL_MEDIA,T3,0,0,0,1994–2011: antecedents,,
WORK-2974E91CC757,生活情境中的情感归属与身体归属——流动儿童城市认同研究,生活情境中的情感归属与身体归属——流动儿童城市认同研究,,王开庆[1];王毅杰[1],2011,中国青年研究,journal article,,adjacent_convergent,FALSE,TRUE,ART_IDENTITY_EDUCATION,T3,0,0,0,1994–2011: antecedents,,
WORK-32B52878E070,安塞生活场景剪纸的艺术价值,安塞生活场景剪纸的艺术价值,,邵婷,2011,美术大观,journal article,,adjacent_convergent,FALSE,TRUE,ART_IDENTITY_EDUCATION,T3,0,0,0,1994–2011: antecedents,,
WORK-464D5DA7B167,基于场景理论的中国城市居住房地产需求研究,基于场景理论的中国城市居住房地产需求研究,,吴迪;高鹏;董纪昌,2011,系统科学与数学,journal article,10.12341/jssms09490,confirmed_scenes,TRUE,TRUE,RESIDENTIAL_HOUSING,T3,0,0,0,1994–2011: antecedents,MATH_SYSTEMS,T2
WORK-B2AEB0087362,虚拟与实在二重景观下多元交互主体价值存在的探讨——网络生活场景的公共性价值理想的反思与吁求,虚拟与实在二重景观下多元交互主体价值存在的探讨——网络生活场景的公共性价值理想的反思与吁求,,袁祖社[1];高扬[2],2011,江苏社会科学,journal article,,adjacent_convergent,FALSE,TRUE,DIGITAL_VIRTUAL_MEDIA,T3,0,0,0,1994–2011: antecedents,,
WORK-D5F454A72368,美食节背后的城市气质,美食节背后的城市气质,,唐丹丽,2011,中国西部,journal article,,probable_scenes,FALSE,TRUE,INTERDISC_OTHER,T3,0,0,0,1994–2011: antecedents,,
WORK-EA198B58CCD6,冷漠与支持:情境空间视角下的群体性利他行为,冷漠与支持:情境空间视角下的群体性利他行为,,朱荟;吴情操,2011,华中科技大学学报:社会科学版,journal article,,adjacent_convergent,FALSE,TRUE,INTERDISC_OTHER,T3,0,0,0,1994–2011: antecedents,,
WORK-EEC311425B6A,街头文化的空间基础——历代《清明上河图》中街道空间结点与相关生活场景分析,街头文化的空间基础——历代《清明上河图》中街道空间结点与相关生活场景分析,,刘涤宇,2011,南方建筑,journal article,,adjacent_convergent,FALSE,TRUE,URBAN_RENEWAL_DESIGN,T3,0,0,0,1994–2011: antecedents,,
WORK-0B7C450D6ADC,场景理论：区域发展文化动力的探索及启示,场景理论：区域发展文化动力的探索及启示,,徐晓林;赵铁;特里·N·克拉克,2012,国外社会科学,journal article,,confirmed_scenes,TRUE,TRUE,POLICY_GOVERNANCE_MEASUREMENT,T3,0,0,0,2012–2016: gateway formation,INTERDISC_OTHER,T3
WORK-151D982F4D90,场景叙事——工程伦理研究的新视角,场景叙事——工程伦理研究的新视角,,"何菁[1,2];董群[1]",2012,哲学动态,journal article,,adjacent_convergent,FALSE,TRUE,INTERDISC_OTHER,T3,0,0,0,2012–2016: gateway formation,,
WORK-4DF3DD69485A,媒介场景理论:媒介研究的新视角——读梅罗维茨的《消失的地域》,媒介场景理论:媒介研究的新视角——读梅罗维茨的《消失的地域》,,李哲,2012,新闻世界,journal article,,confirmed_scenes,TRUE,TRUE,DIGITAL_VIRTUAL_MEDIA,T3,0,0,0,2012–2016: gateway formation,CULT_MEDIA,T3
WORK-17D3A65D3B18,基于场景理论的我国城市择居行为及房价空间差异问题研究,基于场景理论的我国城市择居行为及房价空间差异问题研究,The Research on Urban Residential Choice and Housing Price’s Spatial Difference in China: Based on the Theory of Scenes,吴迪,2013,经济管理出版社,book,ISBN 978-7-5096-2514-9,confirmed_scenes,TRUE,FALSE,RESIDENTIAL_HOUSING,T3,0,0,0,2012–2016: gateway formation,,
WORK-2D179F990273,浅析媒介情境理论下的微博营销——以电商网站“聚美优品”广告裂变式传播为例,浅析媒介情境理论下的微博营销——以电商网站“聚美优品”广告裂变式传播为例,,马海,2013,新闻研究导刊,journal article,,adjacent_convergent,FALSE,TRUE,DIGITAL_VIRTUAL_MEDIA,T3,0,0,0,2012–2016: gateway formation,,
WORK-3DD575407739,场景理论与城市发展——芝加哥学派城市研究新理论范式,场景理论与城市发展——芝加哥学派城市研究新理论范式,,吴军; 夏建中; 特里·克拉克,2013,中国名城,journal article,10.3969/j.issn.1674-4144.2013.12.002,confirmed_scenes,TRUE,TRUE,THEORY_GATEWAY,T2,1,0,0,2012–2016: gateway formation,URBAN_PLAN_GEO,T3
WORK-B6EE04E59A35,“微”观微博:场景转换对社会行为的影响研究——基于梅洛维茨媒介情境论的视角,“微”观微博:场景转换对社会行为的影响研究——基于梅洛维茨媒介情境论的视角,,胡焱[1],2013,新媒体与社会,journal article,,adjacent_convergent,FALSE,TRUE,DIGITAL_VIRTUAL_MEDIA,T3,0,0,0,2012–2016: gateway formation,,
WORK-C3E9B5481C5D,媒介情境、社会传统与社交媒体集合行为,媒介情境、社会传统与社交媒体集合行为,,王贵斌[1];斯蒂芬·麦克道威尔[美][2],2013,现代传播:中国传媒大学学报,journal article,,adjacent_convergent,FALSE,TRUE,DIGITAL_VIRTUAL_MEDIA,T3,0,0,0,2012–2016: gateway formation,,
WORK-D34D243D26AC,场景空间景观艺术照明设计的探索,场景空间景观艺术照明设计的探索,,章滇予[1];段立早[1],2013,中国艺术,journal article,,adjacent_convergent,FALSE,TRUE,URBAN_RENEWAL_DESIGN,T3,0,1,0,2012–2016: gateway formation,,
WORK-073C103DDD79,媒介情境中的播音与主持传播,媒介情境中的播音与主持传播,,丁秀明,2014,新闻研究导刊,journal article,,adjacent_convergent,FALSE,TRUE,DIGITAL_VIRTUAL_MEDIA,T3,0,0,0,2012–2016: gateway formation,,
WORK-11BA0618FDA2,城市社会学研究前沿：场景理论述评,城市社会学研究前沿：场景理论述评,,吴军,2014,社会学评论,journal article,,confirmed_scenes,TRUE,TRUE,THEORY_GATEWAY,T2,0,0,0,2012–2016: gateway formation,SOC_POLICY,T3
WORK-404371989418,微时代的迷文化生产力:“星巴克”的社交情境消费研究,微时代的迷文化生产力:“星巴克”的社交情境消费研究,,方玲玲,2014,中国图书评论,journal article,,adjacent_convergent,FALSE,TRUE,CULTURAL_CREATIVE_INNOVATION,T3,0,0,0,2012–2016: gateway formation,,
WORK-418DFB6A97D4,论昆明莲花池片区城市气质的培育,论昆明莲花池片区城市气质的培育,,曹媛媛,2014,全国商情,journal article,,probable_scenes,FALSE,TRUE,INTERDISC_OTHER,T3,0,0,0,2012–2016: gateway formation,,
WORK-7B4278E8A9E1,高素质人才的城市舒适物偏好及其就业城市选择——以信息产业中的科技人才为例,高素质人才的城市舒适物偏好及其就业城市选择——以信息产业中的科技人才为例,,陈胜[1];马凌[2],2014,人文杂志,journal article,10.15895/j.cnki.rwzz.2014.09.035,probable_scenes,FALSE,TRUE,CULTURAL_CONSUMPTION_COMMERCIAL,T3,0,0,0,2012–2016: gateway formation,,
WORK-7E60E1E4894D,从媒介情境看微博与微信的影响,从媒介情境看微博与微信的影响,,徐姗,2014,新闻世界,journal article,,adjacent_convergent,FALSE,TRUE,DIGITAL_VIRTUAL_MEDIA,T3,0,0,0,2012–2016: gateway formation,,
WORK-8DDEAF20AE97,大城市发展的新行动战略:消费城市,大城市发展的新行动战略:消费城市,,吴军,2014,学术界,journal article,,probable_scenes,FALSE,TRUE,CULTURAL_CONSUMPTION_COMMERCIAL,T2,1,0,0,2012–2016: gateway formation,,
WORK-9199791EE5AA,城市舒适物与消费型资本——从消费社会学视角看城市产业升级,城市舒适物与消费型资本——从消费社会学视角看城市产业升级,,王宁[1],2014,兰州大学学报:社会科学版,journal article,,probable_scenes,FALSE,TRUE,CULTURAL_CONSUMPTION_COMMERCIAL,T3,0,0,0,2012–2016: gateway formation,,
WORK-AF10917AAC94,地方消费主义、城市舒适物与产业结构优化——从消费社会学视角看产业转型升级,地方消费主义、城市舒适物与产业结构优化——从消费社会学视角看产业转型升级,,王宁[1],2014,社会学研究,journal article,,probable_scenes,FALSE,TRUE,CULTURAL_CONSUMPTION_COMMERCIAL,T3,0,0,0,2012–2016: gateway formation,,
WORK-C017443D412F,场景理论与城市公共政策——芝加哥学派城市研究最新动态,场景理论与城市公共政策——芝加哥学派城市研究最新动态,,吴军; 特里·N·克拉克,2014,社会科学战线,journal article,,confirmed_scenes,TRUE,TRUE,POLICY_GOVERNANCE_MEASUREMENT,T2,1,0,0,2012–2016: gateway formation,INTERDISC_OTHER,T3
WORK-CEC8EC830E05,论当代情境空间的审美体验与艺术表达--从2012春晚演播厅说起,论当代情境空间的审美体验与艺术表达--从2012春晚演播厅说起,,杜宏武,2014,华南理工大学学报:社会科学版,journal article,,adjacent_convergent,FALSE,TRUE,ART_IDENTITY_EDUCATION,T3,0,0,0,2012–2016: gateway formation,,
WORK-0BB9D7EEFC5D,媒介情境理论视角下解读《花儿与少年》的矛盾冲突,媒介情境理论视角下解读《花儿与少年》的矛盾冲突,,袁玉[1],2015,视听,journal article,,adjacent_convergent,FALSE,TRUE,DIGITAL_VIRTUAL_MEDIA,T3,0,0,0,2012–2016: gateway formation,,
WORK-0F2883DD3ADF,媒介情境融合对社会行为的影响——以黄海波嫖娼事件为例,媒介情境融合对社会行为的影响——以黄海波嫖娼事件为例,,黄桂萍[1];苏婉[1],2015,东南传播,journal article,10.13556/j.cnki.dncb.cn35-1274/j.2015.10.023,adjacent_convergent,FALSE,TRUE,DIGITAL_VIRTUAL_MEDIA,T3,0,0,0,2012–2016: gateway formation,,
WORK-18683D52F9EB,文化动力:一种解释城市发展与转型的新思维,文化动力:一种解释城市发展与转型的新思维,,吴军,2015,北京行政学院学报,journal article,,confirmed_scenes,TRUE,TRUE,POLICY_GOVERNANCE_MEASUREMENT,T2,1,0,0,2012–2016: gateway formation,SOC_POLICY,T3
WORK-1ED77663E6F2,场景传播:移动互联网时代的传播新变革,场景传播:移动互联网时代的传播新变革,,梁旭艳,2015,出版发行研究,journal article,,adjacent_convergent,FALSE,TRUE,INTERDISC_OTHER,T3,0,0,0,2012–2016: gateway formation,,
WORK-336C4ED8A6B4,媒介情境论视角下信息技术对师生角色的重塑,媒介情境论视角下信息技术对师生角色的重塑,,韦妙,2015,中国教育学刊,journal article,,adjacent_convergent,FALSE,TRUE,DIGITAL_VIRTUAL_MEDIA,T3,0,0,0,2012–2016: gateway formation,,
WORK-3DA239182C94,市民参与的文化转向——城市公共政策国际理论前沿,市民参与的文化转向——城市公共政策国际理论前沿,,吴军,2015,社会科学战线,journal article,,confirmed_scenes,TRUE,TRUE,THEORY_GATEWAY,T3,1,0,0,2012–2016: gateway formation,INTERDISC_OTHER,T3
WORK-538BB6BA8358,广播媒介的“场景重构”,广播媒介的“场景重构”,,邱翔,2015,中国广播,journal article,,adjacent_convergent,FALSE,TRUE,DIGITAL_VIRTUAL_MEDIA,T3,0,0,0,2012–2016: gateway formation,,
WORK-5795068209F6,社交媒体对大众行为的影响——从媒介情境论看优衣库事件,社交媒体对大众行为的影响——从媒介情境论看优衣库事件,,王茜,2015,新闻世界,journal article,,adjacent_convergent,FALSE,TRUE,DIGITAL_VIRTUAL_MEDIA,T3,0,0,0,2012–2016: gateway formation,,
WORK-72B82823F53C,媒介情境论:梅罗维茨传播思想再研究,媒介情境论:梅罗维茨传播思想再研究,,何梦祎,2015,现代传播:中国传媒大学学报,journal article,,adjacent_convergent,FALSE,TRUE,DIGITAL_VIRTUAL_MEDIA,T3,0,0,0,2012–2016: gateway formation,,
WORK-8A0600500C72,美国芝加哥城市转型及其文化力的彰显与启示,美国芝加哥城市转型及其文化力的彰显与启示,,何玉珍;林昆勇,2015,城市,journal article,10.3969/j.issn.1005-278X.2015.02.017,confirmed_scenes,TRUE,TRUE,INTERDISC_OTHER,T3,0,0,0,2012–2016: gateway formation,URBAN_PLAN_GEO,T3
WORK-BC5A9BAE5E66,场景、民俗及认同:天津古文化街年货市场研究,场景、民俗及认同:天津古文化街年货市场研究,,桂慕梅,2015,云南民族大学学报:哲学社会科学版,journal article,10.13727/j.cnki.53-1191/c.2015.03.014,confirmed_scenes,TRUE,TRUE,ART_IDENTITY_EDUCATION,T2,0,0,0,2012–2016: gateway formation,INTERDISC_OTHER,T3
WORK-CDA5B28A1B38,媒介情境论视角下新媒体对家庭互动的影响,媒介情境论视角下新媒体对家庭互动的影响,,何志武;吴瑶,2015,编辑之友,journal article,,adjacent_convergent,FALSE,TRUE,DIGITAL_VIRTUAL_MEDIA,T3,0,0,0,2012–2016: gateway formation,,
WORK-CF818B88DFFB,“后区前置”媒介情境下新媒体传播的伦理失范与反思,“后区前置”媒介情境下新媒体传播的伦理失范与反思,,李畅[1] 阮超男[2],2015,新闻界,journal article,,adjacent_convergent,FALSE,TRUE,DIGITAL_VIRTUAL_MEDIA,T3,0,0,0,2012–2016: gateway formation,,
WORK-D3E04D9B2DA6,"以""媒介情境理论""解读网络社会","以""媒介情境理论""解读网络社会",,张海燕[1],2015,青年记者,journal article,10.15997/j.cnki.qnjz.2015.06.028,adjacent_convergent,FALSE,TRUE,DIGITAL_VIRTUAL_MEDIA,T3,0,0,0,2012–2016: gateway formation,,
WORK-D9129375D46A,城市气质的理论与实践研究,城市气质的理论与实践研究,,吴军,2015,中国名城,journal article,10.3969/j.issn.1674-4144.2015.09.003,confirmed_scenes,TRUE,TRUE,THEORY_GATEWAY,T3,0,0,0,2012–2016: gateway formation,URBAN_PLAN_GEO,T3
WORK-E1B06A9207B2,城市舒适物视角下的城市发展:一个新的研究范式和政策框架,城市舒适物视角下的城市发展:一个新的研究范式和政策框架,,马凌[1],2015,山东社会科学,journal article,,probable_scenes,FALSE,TRUE,CULTURAL_CONSUMPTION_COMMERCIAL,T3,1,0,0,2012–2016: gateway formation,,
WORK-E1BC46E0F407,作为场景的媒介——读《消失的地域》,作为场景的媒介——读《消失的地域》,,钟惠朵朵,2015,新闻研究导刊,journal article,,confirmed_scenes,TRUE,TRUE,DIGITAL_VIRTUAL_MEDIA,T3,0,0,0,2012–2016: gateway formation,CULT_MEDIA,T3
WORK-E1DC6AE5F972,基于场景理论的城市房地产价值研究,基于场景理论的城市房地产价值研究,,王晨晨,2015,中国科学院大学,thesis,,confirmed_scenes,TRUE,FALSE,RESIDENTIAL_HOUSING,T3,0,0,0,2012–2016: gateway formation,,
WORK-FFBF5629405C,浅析媒介情境论下的网络情境及社交行为,浅析媒介情境论下的网络情境及社交行为,,胡少雄;王俊义,2015,新闻研究导刊,journal article,,adjacent_convergent,FALSE,TRUE,DIGITAL_VIRTUAL_MEDIA,T3,0,0,0,2012–2016: gateway formation,,
WORK-04F1AE7CEE39,浅析“媒介情境论”语境下我国政务微信现状——以政务公众号“九寨沟”为例,浅析“媒介情境论”语境下我国政务微信现状——以政务公众号“九寨沟”为例,,夏昕,2016,新闻研究导刊,journal article,,adjacent_convergent,FALSE,TRUE,DIGITAL_VIRTUAL_MEDIA,T3,0,0,0,2012–2016: gateway formation,,
WORK-06EC6ED302E9,论媒介场景变革,论媒介场景变革,,韩有业[1];马弋飞[2],2016,东南传播,journal article,10.13556/j.cnki.dncb.cn35-1274/j.2016.11.004,adjacent_convergent,FALSE,TRUE,DIGITAL_VIRTUAL_MEDIA,T3,0,0,0,2012–2016: gateway formation,,
WORK-08D321A87F54,工程伦理研究中的场景叙事——责任的表达与再发现,工程伦理研究中的场景叙事——责任的表达与再发现,,何菁,2016,昆明理工大学学报:社会科学版,journal article,,adjacent_convergent,FALSE,TRUE,INTERDISC_OTHER,T3,0,0,0,2012–2016: gateway formation,,
WORK-11ABB2609315,场景:移动互联时代的新生力量——场景传播的符号学解读,场景:移动互联时代的新生力量——场景传播的符号学解读,,蒋晓丽;梁旭艳,2016,现代传播:中国传媒大学学报,journal article,,adjacent_convergent,FALSE,TRUE,INTERDISC_OTHER,T3,0,0,0,2012–2016: gateway formation,,
WORK-2AE02E99DE9D,AEIOU基础模型下的通勤场景分析,AEIOU基础模型下的通勤场景分析,,王璐[1],2016,设计,journal article,,adjacent_convergent,FALSE,TRUE,INTERDISC_OTHER,T3,0,0,1,2012–2016: gateway formation,,
WORK-2AE34B599267,“场景+任务”:场景化传播时代新闻出版业营销理念变革,“场景+任务”:场景化传播时代新闻出版业营销理念变革,,王亮,2016,新闻界,journal article,,adjacent_convergent,FALSE,TRUE,INTERDISC_OTHER,T3,0,0,0,2012–2016: gateway formation,,
WORK-3602E64913A5,商业街外部空间的本土设计——空间·场景·文化,商业街外部空间的本土设计——空间·场景·文化,,刘生雨,2016,建筑与文化,journal article,,adjacent_convergent,FALSE,TRUE,CULTURAL_CONSUMPTION_COMMERCIAL,T3,0,1,0,2012–2016: gateway formation,,
WORK-381DE3B64F60,移动互联网时代下的场景传播,移动互联网时代下的场景传播,,湛贵玲,2016,新闻研究导刊,journal article,,adjacent_convergent,FALSE,TRUE,INTERDISC_OTHER,T3,0,0,0,2012–2016: gateway formation,,
WORK-65E3A3E1D4AB,“互联网+”时代的场景要素,“互联网+”时代的场景要素,,李连申[1],2016,东南传播,journal article,10.13556/j.cnki.dncb.cn35-1274/j.2016.01.006,confirmed_scenes,TRUE,TRUE,INTERDISC_OTHER,T3,0,0,0,2012–2016: gateway formation,CULT_MEDIA,T3
WORK-80AC7412450E,当代中国农村公共文化空间的解释维度与场景设计,当代中国农村公共文化空间的解释维度与场景设计,,傅才武; 侯雪言,2016,艺术百家,journal article,,confirmed_scenes,TRUE,TRUE,RURAL_DEVELOPMENT,T3,0,1,0,2012–2016: gateway formation,CULT_MEDIA,T2
WORK-87971B690A95,互联网电视的家庭场景研究,互联网电视的家庭场景研究,,邓向阳[1];荆亚萍[1],2016,青年记者,journal article,10.15997/j.cnki.qnjz.2016.12.042,adjacent_convergent,FALSE,TRUE,INTERDISC_OTHER,T3,0,0,0,2012–2016: gateway formation,,
WORK-8976C0808FB0,农村内生公共文化资源优化聚合与服务创新研究——基于场景理论的分析,农村内生公共文化资源优化聚合与服务创新研究——基于场景理论的分析,,陈波;刘波,2016,艺术百家,journal article,,confirmed_scenes,TRUE,TRUE,RURAL_DEVELOPMENT,T3,0,0,0,2012–2016: gateway formation,CULT_MEDIA,T2
WORK-90314F15CF7F,面向场景的融合:出版机构IP化经营的策略探讨,面向场景的融合:出版机构IP化经营的策略探讨,,刘峰,2016,编辑之友,journal article,,adjacent_convergent,FALSE,TRUE,INTERDISC_OTHER,T3,0,0,0,2012–2016: gateway formation,,
WORK-9103620FAB2B,媒介情境论视域下的政务微信探析,媒介情境论视域下的政务微信探析,,赵艺玲,2016,新闻世界,journal article,,adjacent_convergent,FALSE,TRUE,DIGITAL_VIRTUAL_MEDIA,T3,0,0,0,2012–2016: gateway formation,,
WORK-925823E88CBD,浅析“媒介情境论”语境下政务微信的影响,浅析“媒介情境论”语境下政务微信的影响,,余晨晨,2016,新闻研究导刊,journal article,,adjacent_convergent,FALSE,TRUE,DIGITAL_VIRTUAL_MEDIA,T3,0,0,0,2012–2016: gateway formation,,
WORK-A61BE47839F5,场景理论视角下老工业基地区域品牌识别系统构建,场景理论视角下老工业基地区域品牌识别系统构建,,眭谦;毛万熙,2016,城市管理与科技,journal article,10.3969/j.issn.1008-2271.2016.02.012,confirmed_scenes,TRUE,TRUE,INTERDISC_OTHER,T3,0,0,1,2012–2016: gateway formation,SOC_POLICY,T3
WORK-D98EA21C85A0,文化动力：一种城市发展新思维,文化动力：一种城市发展新思维,Cultural Dynamics: A New Way of Thinking for Urban Development,吴军; 特里·N·克拉克等,2016,人民出版社,book,ISBN 978-7-01-016311-6,confirmed_scenes,TRUE,FALSE,POLICY_GOVERNANCE_MEASUREMENT,T3,1,0,0,2012–2016: gateway formation,,
WORK-F88991C217E0,移动互联时代广播媒介的场景运营——兼论对《广播经营管理》课程教学改革的启示,移动互联时代广播媒介的场景运营——兼论对《广播经营管理》课程教学改革的启示,,张燕[1],2016,中国广播,journal article,,adjacent_convergent,FALSE,TRUE,DIGITAL_VIRTUAL_MEDIA,T3,0,0,0,2012–2016: gateway formation,,
WORK-1DB6C72173B8,媒介、场景与社会行为——微信视域下媒介情境理论再认识,媒介、场景与社会行为——微信视域下媒介情境理论再认识,,尹璐,2017,西部广播电视,journal article,,adjacent_convergent,FALSE,TRUE,DIGITAL_VIRTUAL_MEDIA,T3,0,0,0,2017–2019: domestic relay,,
WORK-1F24537454BE,场景传播:城市APP未来发展的一种探索——基于江苏省三家城市APP的考察,场景传播:城市APP未来发展的一种探索——基于江苏省三家城市APP的考察,,陈田雨[1],2017,青年记者,journal article,10.15997/j.cnki.qnjz.2017.32.061,confirmed_scenes,TRUE,TRUE,INTERDISC_OTHER,T3,0,0,0,2017–2019: domestic relay,CULT_MEDIA,T3
WORK-22D5574128FA,"""媒介情境理论""视野下的政务微信研究","""媒介情境理论""视野下的政务微信研究",,翟婧倩[1],2017,视听,journal article,,adjacent_convergent,FALSE,TRUE,DIGITAL_VIRTUAL_MEDIA,T3,0,0,0,2017–2019: domestic relay,,
WORK-258AF028DD78,公共文化空间与文化参与：基于文化场景理论的实证研究,公共文化空间与文化参与：基于文化场景理论的实证研究,,陈波; 侯雪言,2017,湖南社会科学,journal article,,confirmed_scenes,TRUE,TRUE,PUBLIC_CULTURE_COMMUNITY,T2,0,0,1,2017–2019: domestic relay,INTERDISC_OTHER,T3
WORK-26A61E07F626,电视法治公益广告的场景化传播,电视法治公益广告的场景化传播,,范莹滢[1],2017,青年记者,journal article,10.15997/j.cnki.qnjz.2017.24.050,adjacent_convergent,FALSE,TRUE,INTERDISC_OTHER,T3,0,0,0,2017–2019: domestic relay,,
WORK-3C97BC0084BC,雄安新区的文化空间建构和价值传达,雄安新区的文化空间建构和价值传达,,范玉刚,2017,河北大学学报:哲学社会科学版,journal article,10.3969/j.issn.1005-6378.2017.04.012,confirmed_scenes,TRUE,TRUE,INTERDISC_OTHER,T2,0,1,0,2017–2019: domestic relay,INTERDISC_OTHER,T2
WORK-43E9D343D41D,场景理论视角下的城市创意社区发展研究,场景理论视角下的城市创意社区发展研究,,陈波;吴云梦汝,2017,深圳大学学报:人文社会科学版,journal article,,confirmed_scenes,TRUE,TRUE,PUBLIC_CULTURE_COMMUNITY,T2,0,0,0,2017–2019: domestic relay,INTERDISC_OTHER,T2
WORK-47EF626C134E,“互联网+”时代电视综艺节目的游戏化场景传播模式,“互联网+”时代电视综艺节目的游戏化场景传播模式,,张炳杰,2017,西部广播电视,journal article,,adjacent_convergent,FALSE,TRUE,INTERDISC_OTHER,T3,0,0,0,2017–2019: domestic relay,,
WORK-4D1A3778BEE1,基于文化场景理论的区域文化消费差异化研究,基于文化场景理论的区域文化消费差异化研究,,李惠芬;叶南客,2017,南京社会科学,journal article,,confirmed_scenes,TRUE,TRUE,CULTURAL_CONSUMPTION_COMMERCIAL,T3,0,0,0,2017–2019: domestic relay,INTERDISC_OTHER,T3
WORK-4EC916BBD146,场景研究:虚拟民族志的逻辑原点,场景研究:虚拟民族志的逻辑原点,,江飞,2017,学海,journal article,10.16091/j.cnki.cn32-1308/c.2017.02.015,adjacent_convergent,FALSE,TRUE,DIGITAL_VIRTUAL_MEDIA,T3,0,0,0,2017–2019: domestic relay,,
WORK-5CCEE49C14EE,场景理论：利用文化因素推动城市发展研究的新视角,场景理论：利用文化因素推动城市发展研究的新视角,,吴军,2017,湖南社会科学,journal article,,confirmed_scenes,TRUE,TRUE,POLICY_GOVERNANCE_MEASUREMENT,T3,1,0,0,2017–2019: domestic relay,INTERDISC_OTHER,T3
WORK-5F01D46F05DF,场景理论视角上的南锣鼓巷,场景理论视角上的南锣鼓巷,,刘东超,2017,东岳论丛,journal article,,confirmed_scenes,TRUE,TRUE,INTERDISC_OTHER,T3,0,0,0,2017–2019: domestic relay,INTERDISC_OTHER,T3
WORK-6605B9FDFED8,《百苗图》中的清代苗寨生活场景概览与研究,《百苗图》中的清代苗寨生活场景概览与研究,,汤诗旷,2017,建筑遗产,journal article,,adjacent_convergent,FALSE,TRUE,INTERDISC_OTHER,T3,0,0,0,2017–2019: domestic relay,,
WORK-7027C924E4F0,文化增长机器:后工业城市与社区发展路径探索,文化增长机器:后工业城市与社区发展路径探索,,吴志明;马秀莲;吴军,2017,东岳论丛,journal article,,confirmed_scenes,TRUE,TRUE,PUBLIC_CULTURE_COMMUNITY,T3,1,0,0,2017–2019: domestic relay,INTERDISC_OTHER,T3
WORK-84D006C073AB,场景理论视角下的城市青年公共文化空间建构——以北京706青年空间为例,场景理论视角下的城市青年公共文化空间建构——以北京706青年空间为例,,盖琪,2017,东岳论丛,journal article,10.15981/j.cnki.dongyueluncong.2017.07.008,confirmed_scenes,TRUE,TRUE,PUBLIC_CULTURE_COMMUNITY,T2,0,1,0,2017–2019: domestic relay,INTERDISC_OTHER,T3
WORK-96EB2A278799,日常生活的“情境”,日常生活的“情境”,,高睿(整理),2017,北方美术:天津美术学院学报,journal article,,adjacent_convergent,FALSE,TRUE,INTERDISC_OTHER,T3,0,0,0,2017–2019: domestic relay,,
WORK-A29A94211D90,媒介场景中的农村社会交往——对姜东村的田野调查,媒介场景中的农村社会交往——对姜东村的田野调查,,刘展[1],2017,当代传播,journal article,,adjacent_convergent,FALSE,TRUE,RURAL_DEVELOPMENT,T3,0,0,0,2017–2019: domestic relay,,
WORK-A3C8037F24BA,重塑乡村生活场景 推动城乡一体化发展,重塑乡村生活场景 推动城乡一体化发展,,苏静,2017,长江论坛,journal article,,adjacent_convergent,FALSE,TRUE,RURAL_DEVELOPMENT,T3,0,0,0,2017–2019: domestic relay,,
WORK-A7E6C397651F,"论""新感觉派""都市小说的""场景叙事""","论""新感觉派""都市小说的""场景叙事""",,孙云霏,2017,名作欣赏,journal article,,adjacent_convergent,FALSE,TRUE,INTERDISC_OTHER,T3,0,0,0,2017–2019: domestic relay,,
WORK-B505B0D8FEAA,文化场景的价值传播及其文化创意培育——城市转型发展的文化视角,文化场景的价值传播及其文化创意培育——城市转型发展的文化视角,,范玉刚,2017,湖南社会科学,journal article,,confirmed_scenes,TRUE,TRUE,CULTURAL_CREATIVE_INNOVATION,T2,0,0,0,2017–2019: domestic relay,INTERDISC_OTHER,T3
WORK-CBCE82BF26D4,建设文化场景 培育城市发展内生动力——以生活文化设施为视角,建设文化场景 培育城市发展内生动力——以生活文化设施为视角,,祁述裕,2017,东岳论丛,journal article,10.15981/j.cnki.dongyueluncong.2017.01.003,confirmed_scenes,TRUE,TRUE,POLICY_GOVERNANCE_MEASUREMENT,T3,1,0,0,2017–2019: domestic relay,INTERDISC_OTHER,T3
WORK-D782CAA5BED4,"情境传播研究——关于传播""共同性""与""不可交流性""的探讨","情境传播研究——关于传播""共同性""与""不可交流性""的探讨",,代卫[1];罗彬[1],2017,视听,journal article,,adjacent_convergent,FALSE,TRUE,INTERDISC_OTHER,T3,0,0,0,2017–2019: domestic relay,,
WORK-D910625E613C,场景理论视角下社区老年文化建设探索,场景理论视角下社区老年文化建设探索,,庞春雨;李鼎淳,2017,学术交流,journal article,,confirmed_scenes,TRUE,TRUE,PUBLIC_CULTURE_COMMUNITY,T3,0,0,0,2017–2019: domestic relay,INTERDISC_OTHER,T3
WORK-E4E30021373B,城市的舒适物配置与空间正义,城市的舒适物配置与空间正义,,王宁,2017,旅游学刊,journal article,,adjacent_convergent,FALSE,TRUE,CULTURAL_CONSUMPTION_COMMERCIAL,T3,0,0,0,2017–2019: domestic relay,,
WORK-E835352E3E15,媒介情境理论下图书馆场景服务的创新,媒介情境理论下图书馆场景服务的创新,,尹良伟[1],2017,山西档案,journal article,,adjacent_convergent,FALSE,TRUE,DIGITAL_VIRTUAL_MEDIA,T3,0,0,0,2017–2019: domestic relay,,
WORK-F8A000AE3779,物品对生活世界的嵌入与日常情境的生成,物品对生活世界的嵌入与日常情境的生成,,黄剑,2017,华南师范大学学报:社会科学版,journal article,,adjacent_convergent,FALSE,TRUE,INTERDISC_OTHER,T3,0,0,0,2017–2019: domestic relay,,
WORK-FD23AF448DB7,探究“媒介、场景和行为”中貌离神合的现象——以个人微信日常生活的实证研究为例,探究“媒介、场景和行为”中貌离神合的现象——以个人微信日常生活的实证研究为例,,郭美娟,2017,西部广播电视,journal article,,adjacent_convergent,FALSE,TRUE,DIGITAL_VIRTUAL_MEDIA,T3,0,0,1,2017–2019: domestic relay,,
WORK-FD8549D77088,文化场景视角下中关村创业大街发展动力探索,文化场景视角下中关村创业大街发展动力探索,,祁述裕;吴军,2017,艺术百家,journal article,,confirmed_scenes,TRUE,TRUE,POLICY_GOVERNANCE_MEASUREMENT,T3,0,0,0,2017–2019: domestic relay,CULT_MEDIA,T2
WORK-0ACBB3552D0E,刀郎木卡姆乐舞表演场景研究,刀郎木卡姆乐舞表演场景研究,,赵金科,2018,贵州大学学报:艺术版,journal article,,adjacent_convergent,FALSE,TRUE,INTERDISC_OTHER,T3,0,0,0,2017–2019: domestic relay,,
WORK-149C623803D2,基于媒介情境理论的图书馆空间及角色转变,基于媒介情境理论的图书馆空间及角色转变,,陈雪[1];郝庆[2],2018,农业图书情报学刊,journal article,,adjacent_convergent,FALSE,TRUE,DIGITAL_VIRTUAL_MEDIA,T3,0,0,0,2017–2019: domestic relay,,
WORK-16A5435FB8E9,情感共鸣:文化场景建构的内生动力,情感共鸣:文化场景建构的内生动力,,苟爽,2018,中华文化论坛,journal article,,confirmed_scenes,TRUE,TRUE,INTERDISC_OTHER,T2,0,1,0,2017–2019: domestic relay,CULT_MEDIA,T3
WORK-18E12346BE52,北京文化参与的特点、挑战与政策思考——基于文化舒适物的实证分析,北京文化参与的特点、挑战与政策思考——基于文化舒适物的实证分析,,吴军;张娇,2018,文化软实力研究,journal article,,confirmed_scenes,TRUE,TRUE,PUBLIC_CULTURE_COMMUNITY,T2,1,0,1,2017–2019: domestic relay,CULT_MEDIA,T3
WORK-21034677D170,"民间放映和线下观影活动中的文化消费场景——成都""叢林文化""案例分析","民间放映和线下观影活动中的文化消费场景——成都""叢林文化""案例分析",,杨洪吕,2018,内蒙古艺术,journal article,,adjacent_convergent,FALSE,TRUE,CULTURAL_CONSUMPTION_COMMERCIAL,T3,0,0,0,2017–2019: domestic relay,,
WORK-253D64AF1513,历史街区场景特色及构成的量化研究,历史街区场景特色及构成的量化研究,,郭梓亮,2018,广东工业大学,thesis,,confirmed_scenes,TRUE,FALSE,TOURISM_HERITAGE_PLACE,T3,0,0,0,2017–2019: domestic relay,,
WORK-2984D1252899,报纸、电视与手机:媒介场景的三种范式及其转换,报纸、电视与手机:媒介场景的三种范式及其转换,,谭辉煌[1],2018,青年记者,journal article,10.15997/j.cnki.qnjz.2018.36.011,adjacent_convergent,FALSE,TRUE,DIGITAL_VIRTUAL_MEDIA,T3,0,0,0,2017–2019: domestic relay,,
WORK-2BDD516ABD12,西南民族村落信息贫困:一个小世界生活情境的分析框架,西南民族村落信息贫困:一个小世界生活情境的分析框架,,杨峰[1];赵珊[1],2018,图书馆论坛,journal article,,adjacent_convergent,FALSE,TRUE,RURAL_DEVELOPMENT,T3,0,0,0,2017–2019: domestic relay,,
WORK-3A9F0A5EBF55,以游戏为社交场景的人际互动行为研究——以《王者荣耀》为例,以游戏为社交场景的人际互动行为研究——以《王者荣耀》为例,,付玉[1];王婧[1],2018,东南传播,journal article,10.13556/j.cnki.dncb.cn35-1274/j.2018.08.028,adjacent_convergent,FALSE,TRUE,INTERDISC_OTHER,T3,0,0,0,2017–2019: domestic relay,,
WORK-45FFFFD73691,媒介情境论视域下网络在线学习模式的传播学解析——以“慕课”(MOOC)为例,媒介情境论视域下网络在线学习模式的传播学解析——以“慕课”(MOOC)为例,,周韦希[1],2018,新闻研究导刊,journal article,,adjacent_convergent,FALSE,TRUE,DIGITAL_VIRTUAL_MEDIA,T3,0,0,0,2017–2019: domestic relay,,
WORK-4AC403FD6E24,基于媒介情境论的场景交互广告传播价值探究,基于媒介情境论的场景交互广告传播价值探究,,黎芸[1],2018,东南传播,journal article,10.13556/j.cnki.dncb.cn35-1274/j.2018.10.039,adjacent_convergent,FALSE,TRUE,DIGITAL_VIRTUAL_MEDIA,T3,0,0,0,2017–2019: domestic relay,,
WORK-4C99AC586532,场景理论视角下的城市发展——景德镇的后工业时代,场景理论视角下的城市发展——景德镇的后工业时代,,张颖,2018,美与时代:城市版,journal article,,confirmed_scenes,TRUE,TRUE,POLICY_GOVERNANCE_MEASUREMENT,T3,1,0,0,2017–2019: domestic relay,ARCH_DES_HER,T2
WORK-6B57544282AC,微信小程序+视频:视频传播中的场景思维运用,微信小程序+视频:视频传播中的场景思维运用,,李舒霓,2018,视听界,journal article,,adjacent_convergent,FALSE,TRUE,INTERDISC_OTHER,T3,0,0,0,2017–2019: domestic relay,,
WORK-6F64966BD86F,场景视域下微信小程序探究,场景视域下微信小程序探究,,朱盛兰,2018,新闻研究导刊,journal article,,probable_scenes,FALSE,TRUE,INTERDISC_OTHER,T3,0,0,0,2017–2019: domestic relay,,
WORK-7F10A9651B87,虚实之镜:文化体验中的旅游场景建构,虚实之镜:文化体验中的旅游场景建构,,闫丽源[1],2018,艺术评论,journal article,,adjacent_convergent,FALSE,TRUE,TOURISM_HERITAGE_PLACE,T3,0,1,0,2017–2019: domestic relay,,
WORK-86A7D8B3BE0F,封面新闻:技术驱动下的场景传播,封面新闻:技术驱动下的场景传播,,王军峰[1],2018,视听,journal article,,adjacent_convergent,FALSE,TRUE,INTERDISC_OTHER,T3,0,0,0,2017–2019: domestic relay,,
WORK-8958827E2F42,场景理论视角下城市商业文化对城镇居民消费的影响研究,场景理论视角下城市商业文化对城镇居民消费的影响研究,,周佳,2018,商业经济研究,journal article,,confirmed_scenes,TRUE,TRUE,CULTURAL_CONSUMPTION_COMMERCIAL,T3,0,0,0,2017–2019: domestic relay,ECON_BUS_CONS,T3
WORK-8D75C53DB35D,游客与市民共享的生活场景才是商业创新的源泉,游客与市民共享的生活场景才是商业创新的源泉,,戴斌,2018,旅游学刊,journal article,,adjacent_convergent,FALSE,TRUE,CULTURAL_CREATIVE_INNOVATION,T3,0,0,0,2017–2019: domestic relay,,
WORK-91F01F668C94,中国农村居民文化参与分析与评价:基于场景理论的方法,中国农村居民文化参与分析与评价:基于场景理论的方法,,陈波;丁程,2018,江汉论坛,journal article,,confirmed_scenes,TRUE,TRUE,RURAL_DEVELOPMENT,T3,0,0,1,2017–2019: domestic relay,INTERDISC_OTHER,T3
WORK-96B69771DEB5,基于空间改造的图书馆场景式阅读推广服务研究,基于空间改造的图书馆场景式阅读推广服务研究,,马江宝[1];赵苹[2],2018,图书馆研究,journal article,,adjacent_convergent,FALSE,TRUE,PUBLIC_CULTURE_COMMUNITY,T3,0,1,0,2017–2019: domestic relay,,
WORK-A68A1396CBF6,论乡村振兴战略背景下乡村公共文化服务建设的空间转向,论乡村振兴战略背景下乡村公共文化服务建设的空间转向,,张培奇;胡惠林,2018,福建论坛（人文社会科学版）,journal article,,confirmed_scenes,TRUE,TRUE,RURAL_DEVELOPMENT,T3,1,0,0,2017–2019: domestic relay,INTERDISC_OTHER,T3
WORK-ACA18EEF2904,场景传播在高校思政教育中的价值运用探赜,场景传播在高校思政教育中的价值运用探赜,,敖成兵[1],2018,北京城市学院学报,journal article,,adjacent_convergent,FALSE,TRUE,INTERDISC_OTHER,T3,0,0,0,2017–2019: domestic relay,,
WORK-AD131FD6DE8B,渠道、介质与场景:媒介产品化的进路,渠道、介质与场景:媒介产品化的进路,,"栾轶玫[1,2];刘宏[3]",2018,现代传播:中国传媒大学学报,journal article,,adjacent_convergent,FALSE,TRUE,DIGITAL_VIRTUAL_MEDIA,T3,0,0,0,2017–2019: domestic relay,,
WORK-B771EF0BECEC,互联网时代地域的“存在”与“消失”——从梅罗维茨的媒介情境理论出发,互联网时代地域的“存在”与“消失”——从梅罗维茨的媒介情境理论出发,,麻小影[1],2018,新媒体研究,journal article,,adjacent_convergent,FALSE,TRUE,DIGITAL_VIRTUAL_MEDIA,T3,0,0,0,2017–2019: domestic relay,,
WORK-C58C0215670E,“公园城市”语境下旧城社区场景化模式初探——以成都老城为例,“公园城市”语境下旧城社区场景化模式初探——以成都老城为例,,朱直君;高梦薇,2018,上海城市规划,journal article,10.11982/j.supr.20180407,confirmed_scenes,TRUE,TRUE,PUBLIC_CULTURE_COMMUNITY,T2,0,0,0,2017–2019: domestic relay,URBAN_PLAN_GEO,T3
WORK-CFD28C95709D,移动互联时代场景传播中的用户思维,移动互联时代场景传播中的用户思维,,蒋晓宇[1],2018,西部广播电视,journal article,,adjacent_convergent,FALSE,TRUE,INTERDISC_OTHER,T3,0,0,0,2017–2019: domestic relay,,
WORK-EB2FE67A6D41,场景传播视阈下的网络直播探析,场景传播视阈下的网络直播探析,,许奇广[1],2018,西部广播电视,journal article,,adjacent_convergent,FALSE,TRUE,DIGITAL_VIRTUAL_MEDIA,T3,0,0,0,2017–2019: domestic relay,,
WORK-F55820AD6426,媒介情境论视野下自媒体对领袖权威的影响——以美国总统特朗普为例,媒介情境论视野下自媒体对领袖权威的影响——以美国总统特朗普为例,,余怡婷,2018,新闻研究导刊,journal article,,adjacent_convergent,FALSE,TRUE,DIGITAL_VIRTUAL_MEDIA,T3,0,0,0,2017–2019: domestic relay,,
WORK-1031285E7F04,"媒介情境论视角下网络媒介对形成""丧偶式育儿""的影响","媒介情境论视角下网络媒介对形成""丧偶式育儿""的影响",,徐菁婧[1],2019,视听,journal article,,adjacent_convergent,FALSE,TRUE,DIGITAL_VIRTUAL_MEDIA,T3,0,0,0,2017–2019: domestic relay,,
WORK-115028D105AE,媒介情境论下政务微博在媒介事件中的影响——以“昆山龙哥案”为例,媒介情境论下政务微博在媒介事件中的影响——以“昆山龙哥案”为例,,淡庆[1],2019,新闻研究导刊,journal article,,adjacent_convergent,FALSE,TRUE,DIGITAL_VIRTUAL_MEDIA,T3,0,0,0,2017–2019: domestic relay,,
WORK-11C4AAF2C2BE,基于场景理论的城市街区公共文化空间维度分析,基于场景理论的城市街区公共文化空间维度分析,,陈波,2019,江汉论坛,journal article,Article no. 1003-854X(2019)12-0128-07,confirmed_scenes,TRUE,TRUE,PUBLIC_CULTURE_COMMUNITY,T3,0,0,0,2017–2019: domestic relay,INTERDISC_OTHER,T3
WORK-196CC957AA09,移动视频的政治传播场景研究,移动视频的政治传播场景研究,,王春枝[1],2019,新闻爱好者,journal article,10.16017/j.cnki.xwahz.2019.10.007,adjacent_convergent,FALSE,TRUE,INTERDISC_OTHER,T3,0,0,0,2017–2019: domestic relay,,
WORK-1C62215D586F,投影艺术介入演绎场景的媒介融合研究,投影艺术介入演绎场景的媒介融合研究,,孙鑫[1];邓开发[2],2019,戏剧之家,journal article,,adjacent_convergent,FALSE,TRUE,DIGITAL_VIRTUAL_MEDIA,T3,0,0,0,2017–2019: domestic relay,,
WORK-1F32C5B5FA64,媒介情境视域下的微信自我呈现,媒介情境视域下的微信自我呈现,,唐忠会[1];李娅[1],2019,新闻研究导刊,journal article,,adjacent_convergent,FALSE,TRUE,DIGITAL_VIRTUAL_MEDIA,T3,0,0,0,2017–2019: domestic relay,,
WORK-202FD62AADD3,图书馆公共文化空间建设研究,图书馆公共文化空间建设研究,,何盼盼;陈雅,2019,图书馆建设,journal article,10.19764/j.cnki.tsgjs.20182448,confirmed_scenes,TRUE,TRUE,PUBLIC_CULTURE_COMMUNITY,T3,0,0,0,2017–2019: domestic relay,INFO_TECH,T3
WORK-26572BAD0080,图书新零售:以用户思维和场景思维重新定义书店价值,图书新零售:以用户思维和场景思维重新定义书店价值,,曹子郁,2019,出版发行研究,journal article,,adjacent_convergent,FALSE,TRUE,CULTURAL_CONSUMPTION_COMMERCIAL,T3,0,0,0,2017–2019: domestic relay,,
WORK-288DD3510B11,海外华文新媒体的互动场景构建与共同想象延伸,海外华文新媒体的互动场景构建与共同想象延伸,,彭伟步[1],2019,桂海论丛,journal article,,adjacent_convergent,FALSE,TRUE,INTERDISC_OTHER,T3,0,0,0,2017–2019: domestic relay,,
WORK-2C67234DF18D,场景传播兴起的动因及影响分析,场景传播兴起的动因及影响分析,,程江雪[1],2019,科技传播,journal article,,adjacent_convergent,FALSE,TRUE,INTERDISC_OTHER,T3,0,0,0,2017–2019: domestic relay,,
WORK-355D7E34FEFD,浅析移动新闻客户端的场景传播实践及优化路径,浅析移动新闻客户端的场景传播实践及优化路径,,张桂杰[1],2019,新闻研究导刊,journal article,,adjacent_convergent,FALSE,TRUE,INTERDISC_OTHER,T3,0,0,0,2017–2019: domestic relay,,
WORK-3AEA43B48F2A,场景传播:电视喜剧节目的媒介化表达--以《欢乐喜剧人》为例,场景传播:电视喜剧节目的媒介化表达--以《欢乐喜剧人》为例,,贺亚莉[1],2019,当代电视,journal article,,adjacent_convergent,FALSE,TRUE,DIGITAL_VIRTUAL_MEDIA,T3,0,0,0,2017–2019: domestic relay,,
WORK-3CC079ACFF20,乡村公共文化空间的生成机制与发展路径——基于扎根理论的云南和顺图书馆的案例研究,乡村公共文化空间的生成机制与发展路径——基于扎根理论的云南和顺图书馆的案例研究,,耿达,2019,中国农村观察,journal article,,confirmed_scenes,TRUE,TRUE,RURAL_DEVELOPMENT,T3,1,0,0,2017–2019: domestic relay,RURAL_AGRI,T3
WORK-4226F8693EBF,技术赋能:5G时代场景传播中用户角色的迭代,技术赋能:5G时代场景传播中用户角色的迭代,,"喻国明[1,2];李健祺[1];靳江楠[1];王莹[1]",2019,传媒经济与管理研究,journal article,,adjacent_convergent,FALSE,TRUE,INTERDISC_OTHER,T3,0,0,0,2017–2019: domestic relay,,
WORK-45D4AAC4BCC4,京津冀协同发展的新逻辑:地方品质驱动型发展,京津冀协同发展的新逻辑:地方品质驱动型发展,,"杨开忠[1,2]",2019,经济与管理,journal article,,adjacent_convergent,FALSE,TRUE,POLICY_GOVERNANCE_MEASUREMENT,T3,1,0,0,2017–2019: domestic relay,,
WORK-4F1245FE4F71,场景理论框架下艺术与科技学科发展的新维度,场景理论框架下艺术与科技学科发展的新维度,,范振坤,2019,艺术百家,journal article,,confirmed_scenes,TRUE,TRUE,ART_IDENTITY_EDUCATION,T3,0,0,0,2017–2019: domestic relay,CULT_MEDIA,T2
WORK-5281F4B034A3,场景理论视阈下城市历史文化街区的保护与更新,场景理论视阈下城市历史文化街区的保护与更新,,李林;李舒薇;燕宜芳,2019,上海城市管理,journal article,10.3969/j.issn.1674-7739.2019.01.003,confirmed_scenes,TRUE,TRUE,TOURISM_HERITAGE_PLACE,T3,0,1,0,2017–2019: domestic relay,SOC_POLICY,T3
WORK-59D0E8CBAE0F,论乡村公共文化空间的建构与功能 ——以浙西南平卿村为例,论乡村公共文化空间的建构与功能 ——以浙西南平卿村为例,,贺少雅,2019,东方论坛,journal article,10.3969/j.issn.1005-7110.2019.03.012,confirmed_scenes,TRUE,TRUE,RURAL_DEVELOPMENT,T3,0,1,0,2017–2019: domestic relay,INTERDISC_OTHER,T3
WORK-62649CD8235A,场景理论下我国文化产业园区的发展路径探析,场景理论下我国文化产业园区的发展路径探析,,张铮;于伯坤,2019,出版发行研究,journal article,10.19393/j.cnki.cn11-1537/g2.2019.08.007,confirmed_scenes,TRUE,TRUE,CULTURAL_CREATIVE_INNOVATION,T3,1,0,0,2017–2019: domestic relay,CULT_MEDIA,T3
WORK-62A3B7D920C2,基于场景视域下的县级融媒体中心建设,基于场景视域下的县级融媒体中心建设,,周婷[1],2019,当代传播,journal article,,probable_scenes,FALSE,TRUE,INTERDISC_OTHER,T3,0,0,0,2017–2019: domestic relay,,
WORK-67284DE2BEA7,城市转型更新背景下的城市文化空间创新策略探究——基于场景理论的视角,城市转型更新背景下的城市文化空间创新策略探究——基于场景理论的视角,,余丽蓉,2019,湖北社会科学,journal article,,confirmed_scenes,TRUE,TRUE,CULTURAL_CREATIVE_INNOVATION,T2,0,1,0,2017–2019: domestic relay,INTERDISC_OTHER,T3
WORK-781EC6DA541C,多维场景视域下移动数字出版的后现代性思索--以《谜宫·如意琳琅图籍》为例,多维场景视域下移动数字出版的后现代性思索--以《谜宫·如意琳琅图籍》为例,,杨超[1];朱小阳[1],2019,出版科学,journal article,,probable_scenes,FALSE,TRUE,DIGITAL_VIRTUAL_MEDIA,T3,0,0,0,2017–2019: domestic relay,,
WORK-8C7D106DF107,场景传播机制及其影响分析,场景传播机制及其影响分析,,张江彩[1],2019,咸阳师范学院学报,journal article,,adjacent_convergent,FALSE,TRUE,INTERDISC_OTHER,T3,0,0,0,2017–2019: domestic relay,,
WORK-8D2CF697EE55,媒介场景理论视角下虚拟现实网络直播研究,媒介场景理论视角下虚拟现实网络直播研究,,邓宝盈[1],2019,艺术科技,journal article,,confirmed_scenes,TRUE,TRUE,DIGITAL_VIRTUAL_MEDIA,T3,0,0,0,2017–2019: domestic relay,CULT_MEDIA,T2
WORK-90F09923639D,新媒体环境下足球赛事的场景化传播研究,新媒体环境下足球赛事的场景化传播研究,,文达平[1],2019,新闻研究导刊,journal article,,adjacent_convergent,FALSE,TRUE,INTERDISC_OTHER,T3,0,0,0,2017–2019: domestic relay,,
WORK-968F51C0E52E,移动互联网时代场景传播新模式,移动互联网时代场景传播新模式,,张海迪[1],2019,戏剧之家,journal article,,adjacent_convergent,FALSE,TRUE,INTERDISC_OTHER,T3,0,0,0,2017–2019: domestic relay,,
WORK-9A3B0C4F8B45,从媒介情境论看微信群对家庭权力关系的影响,从媒介情境论看微信群对家庭权力关系的影响,,王昌怡[1],2019,新闻研究导刊,journal article,,adjacent_convergent,FALSE,TRUE,DIGITAL_VIRTUAL_MEDIA,T3,0,0,0,2017–2019: domestic relay,,
WORK-B1ACCE90A557,地方文化风格的测量及其对城市发展的驱动作用——《场景：空间品质如何塑造社会生活》书评,地方文化风格的测量及其对城市发展的驱动作用——《场景：空间品质如何塑造社会生活》书评,,吴军,2019,城市管理与科技,journal article,,confirmed_scenes,TRUE,TRUE,THEORY_GATEWAY,T3,1,0,1,2017–2019: domestic relay,SOC_POLICY,T3
WORK-B210BE56C775,原创剧场广告的场景构建、情境合并与行为再造——基于媒介情境理论的视角,原创剧场广告的场景构建、情境合并与行为再造——基于媒介情境理论的视角,,万晓娣[1],2019,传媒,journal article,,adjacent_convergent,FALSE,TRUE,DIGITAL_VIRTUAL_MEDIA,T3,0,1,0,2017–2019: domestic relay,,
WORK-B451D3FCB1F9,少数民族特定生活情境下文化产品设计研究——以内蒙古鹿棋为例,少数民族特定生活情境下文化产品设计研究——以内蒙古鹿棋为例,,魏乔娜[1];刘俊哲[1];艾紫依[1];孟子玲[1],2019,戏剧之家,journal article,,adjacent_convergent,FALSE,TRUE,INTERDISC_OTHER,T3,0,1,0,2017–2019: domestic relay,,
WORK-B9116C30F17B,移动短视频中的场景研究——以抖音APP为例,移动短视频中的场景研究——以抖音APP为例,,徐子涵[1],2019,东南传播,journal article,10.13556/j.cnki.dncb.cn35-1274/j.2019.07.010,adjacent_convergent,FALSE,TRUE,INTERDISC_OTHER,T3,0,0,0,2017–2019: domestic relay,,
WORK-C29BCE32CE0E,文化舒适物：地方质量如何影响城市发展,文化舒适物：地方质量如何影响城市发展,,吴军,2019,社会科学文献出版社,book,,confirmed_scenes,TRUE,FALSE,CULTURAL_CONSUMPTION_COMMERCIAL,T3,1,0,0,2017–2019: domestic relay,,
WORK-C443032B380C,数字化时代的场景主义,数字化时代的场景主义,,夏蜀[1],2019,文化纵横,journal article,,adjacent_convergent,FALSE,TRUE,DIGITAL_VIRTUAL_MEDIA,T3,0,0,0,2017–2019: domestic relay,,
WORK-C463DA944BD3,雄安新区城市化过程中乡土文化的建构,雄安新区城市化过程中乡土文化的建构,,刘潇;王宏;熊英,2019,中共石家庄市委党校学报,journal article,10.3969/j.issn.1009-0169.2019.03.011,confirmed_scenes,TRUE,TRUE,INTERDISC_OTHER,T3,0,1,0,2017–2019: domestic relay,SOC_POLICY,T3
WORK-C4C11C71FA85,基于场景特征和数据的新零售商品智能推荐分析,基于场景特征和数据的新零售商品智能推荐分析,,朱舒威[1];张浩[2],2019,商业经济研究,journal article,,adjacent_convergent,FALSE,TRUE,CULTURAL_CONSUMPTION_COMMERCIAL,T3,0,0,1,2017–2019: domestic relay,,
WORK-CBA007A05B2A,场景理论视域下实体书店的公共阅读空间建构,场景理论视域下实体书店的公共阅读空间建构,,邵娟,2019,科技与出版,journal article,10.16510/j.cnki.kjycb.2019.08.011,confirmed_scenes,TRUE,TRUE,PUBLIC_CULTURE_COMMUNITY,T3,0,1,0,2017–2019: domestic relay,CULT_MEDIA,T3
WORK-CC9EEF06D53A,媒介场景理论视域下短视频的发展——以抖音为例,媒介场景理论视域下短视频的发展——以抖音为例,,姚梦科[1],2019,新闻研究导刊,journal article,,confirmed_scenes,TRUE,TRUE,DIGITAL_VIRTUAL_MEDIA,T3,0,0,0,2017–2019: domestic relay,CULT_MEDIA,T3
WORK-CFA16D88098F,"媒介情境论视角下的""昆山龙哥事件""探析","媒介情境论视角下的""昆山龙哥事件""探析",,马小雲[1],2019,视听,journal article,,adjacent_convergent,FALSE,TRUE,DIGITAL_VIRTUAL_MEDIA,T3,0,0,0,2017–2019: domestic relay,,
WORK-D96837AB9842,网络直播与“场景传播”的契合,网络直播与“场景传播”的契合,,牛宗涛[1],2019,新闻研究导刊,journal article,,adjacent_convergent,FALSE,TRUE,DIGITAL_VIRTUAL_MEDIA,T3,0,0,0,2017–2019: domestic relay,,
WORK-D97274688B2E,论移动出版选题的场景思维,论移动出版选题的场景思维,,李广欣[1],2019,出版科学,journal article,,confirmed_scenes,TRUE,TRUE,INTERDISC_OTHER,T3,0,0,0,2017–2019: domestic relay,CULT_MEDIA,T3
WORK-E311CFBE7B3F,乡村振兴视域下农村传统公共文化空间的复兴与重构 ——基于江西莲花县村落祠堂的调研,乡村振兴视域下农村传统公共文化空间的复兴与重构 ——基于江西莲花县村落祠堂的调研,,贺一松;王小雄;贺雨昕;等,2019,农林经济管理学报,journal article,10.16195/j.cnki.cn36-1328/f.2019.06.89,confirmed_scenes,TRUE,TRUE,RURAL_DEVELOPMENT,T3,1,0,0,2017–2019: domestic relay,RURAL_AGRI,T3
WORK-E454C0B8D79B,文化场景营造与城市发展动力培育研究：基于北京三个案例的比较分析,文化场景营造与城市发展动力培育研究：基于北京三个案例的比较分析,,吴军,2019,中国文化产业评论,collection article,,confirmed_scenes,TRUE,TRUE,URBAN_RENEWAL_DESIGN,T3,1,1,0,2017–2019: domestic relay,CULT_MEDIA,T3
WORK-E96B014FF8DA,梅罗维茨“媒介场景与行为”视角下的微博集群行为探析——以“德阳安医生事件”为例,梅罗维茨“媒介场景与行为”视角下的微博集群行为探析——以“德阳安医生事件”为例,,陈谦[1];赵飞格[1];韩瑞雪[1],2019,东南传播,journal article,10.13556/j.cnki.dncb.cn35-1274/j.2019.06.023,adjacent_convergent,FALSE,TRUE,DIGITAL_VIRTUAL_MEDIA,T3,0,0,0,2017–2019: domestic relay,,
WORK-EC21216E128A,文化场景培育与城市发展新动力探索——以青岛市为例,文化场景培育与城市发展新动力探索——以青岛市为例,,吕绍勋,2019,青岛职业技术学院学报,journal article,,confirmed_scenes,TRUE,TRUE,POLICY_GOVERNANCE_MEASUREMENT,T3,1,0,0,2017–2019: domestic relay,INTERDISC_OTHER,T3
WORK-F02760EB7CAF,CGTN“两会”报道的场景传播研究,CGTN“两会”报道的场景传播研究,,吴敏苏[1];王鹏宇[2],2019,现代传播:中国传媒大学学报,journal article,,adjacent_convergent,FALSE,TRUE,INTERDISC_OTHER,T3,0,0,0,2017–2019: domestic relay,,
WORK-F657FBA8BBB5,消费者视角下城市消费空间“场景”概念的建构,消费者视角下城市消费空间“场景”概念的建构,,谈佳洁,2019,城市问题,journal article,10.13239/j.bjsshkxy.cswt.190510,confirmed_scenes,TRUE,TRUE,CULTURAL_CONSUMPTION_COMMERCIAL,T3,0,1,0,2017–2019: domestic relay,URBAN_PLAN_GEO,T3
WORK-F71094F78F92,农村公共文化空间的功能服务与重构探索——以云南省凤庆县鲁史村为例,农村公共文化空间的功能服务与重构探索——以云南省凤庆县鲁史村为例,,袁静晗;廖鑫,2019,湖南包装,journal article,10.19686/j.cnki.issn1671-4997.2019.03.011,confirmed_scenes,TRUE,TRUE,RURAL_DEVELOPMENT,T3,0,0,0,2017–2019: domestic relay,ARCH_DES_HER,T3
WORK-F772F853EF51,当代公共艺术的空间表达与场景营造--评《当代公共艺术研究》,当代公共艺术的空间表达与场景营造--评《当代公共艺术研究》,,姜丽娟[1],2019,中国教育学刊,journal article,,adjacent_convergent,FALSE,TRUE,URBAN_RENEWAL_DESIGN,T3,0,1,0,2017–2019: domestic relay,,
WORK-03FDBB0F0695,场景视域下互联网传播的进阶方向——以微信小程序场景内嵌与生态布局为例,场景视域下互联网传播的进阶方向——以微信小程序场景内嵌与生态布局为例,,郭彬彬[1],2020,出版广角,journal article,,probable_scenes,FALSE,TRUE,INTERDISC_OTHER,T3,0,0,0,2020–2022: rapid application,,
WORK-0555306566B6,工业遗产保护的目标场景和规划策略 ——以九江动力机厂为例,工业遗产保护的目标场景和规划策略 ——以九江动力机厂为例,,兰伟杰,2020,中国名城,journal article,,confirmed_scenes,TRUE,TRUE,TOURISM_HERITAGE_PLACE,T3,0,1,0,2020–2022: rapid application,URBAN_PLAN_GEO,T3
WORK-0D544FDBDF93,乡村文化振兴中的如画场景营造结构,乡村文化振兴中的如画场景营造结构,,刘晓菲[1];李凤亮[1],2020,河南牧业经济学院学报,journal article,,adjacent_convergent,FALSE,TRUE,RURAL_DEVELOPMENT,T3,0,1,0,2020–2022: rapid application,,
WORK-0D5756F1F8D4,新中国乡村公共文化空间的历史变迁与振兴路径,新中国乡村公共文化空间的历史变迁与振兴路径,,柯晓兰,2020,成都行政学院学报,journal article,,confirmed_scenes,TRUE,TRUE,RURAL_DEVELOPMENT,T3,0,0,0,2020–2022: rapid application,SOC_POLICY,T3
WORK-0E738C935318,媒介场景视角下政务短视频的传播,媒介场景视角下政务短视频的传播,,何顺民[1];曹文泉[1],2020,青年记者,journal article,10.15997/j.cnki.qnjz.2020.02.019,adjacent_convergent,FALSE,TRUE,DIGITAL_VIRTUAL_MEDIA,T3,0,0,0,2020–2022: rapid application,,
WORK-0F5C52AC24D7,场景驱动下移动阅读用户黏性培养研究,场景驱动下移动阅读用户黏性培养研究,,卜亚敏[1];甄伟锋[2],2020,传媒,journal article,,confirmed_scenes,TRUE,TRUE,INTERDISC_OTHER,T3,0,0,0,2020–2022: rapid application,CULT_MEDIA,T3
WORK-1A1503D6F192,场景理论视角下广州市工业用地更新影响因素研究--以文化创意产业园为例,场景理论视角下广州市工业用地更新影响因素研究--以文化创意产业园为例,,王韬,2020,华南理工大学,thesis,,confirmed_scenes,TRUE,FALSE,CULTURAL_CREATIVE_INNOVATION,T3,0,1,0,2020–2022: rapid application,,
WORK-1EFFB15BB3CC,旅游IP内容表达、场景设计及其商业实现——以延安市为例,旅游IP内容表达、场景设计及其商业实现——以延安市为例,,窦文章;王晶,2020,社会科学前沿,journal article,,adjacent_convergent,FALSE,TRUE,TOURISM_HERITAGE_PLACE,T3,0,1,0,2020–2022: rapid application,,
WORK-1FAE8383F02E,媒介情境论视域下媒体内部创业与媒体人辞职创业行为比较,媒介情境论视域下媒体内部创业与媒体人辞职创业行为比较,,王月[1],2020,编辑之友,journal article,,adjacent_convergent,FALSE,TRUE,DIGITAL_VIRTUAL_MEDIA,T3,0,0,0,2020–2022: rapid application,,
WORK-2320F48FDAB7,融媒体时代闽派古琴文化品牌传播策略研究--基于媒介情境论视角,融媒体时代闽派古琴文化品牌传播策略研究--基于媒介情境论视角,,吴翼帆[1];王海燕[1],2020,新媒体研究,journal article,,adjacent_convergent,FALSE,TRUE,DIGITAL_VIRTUAL_MEDIA,T3,0,0,0,2020–2022: rapid application,,
WORK-25C7E13472D8,场景传播的叙事学解析,场景传播的叙事学解析,,李旗[1],2020,传媒,journal article,,adjacent_convergent,FALSE,TRUE,INTERDISC_OTHER,T3,0,0,0,2020–2022: rapid application,,
WORK-276C5D701476,场景思维下新媒体深度新闻报道的创新路径探析,场景思维下新媒体深度新闻报道的创新路径探析,,林磊[1],2020,新闻知识,journal article,,adjacent_convergent,FALSE,TRUE,CULTURAL_CREATIVE_INNOVATION,T3,0,0,0,2020–2022: rapid application,,
WORK-29B68E3C4DF6,场景传播视域下的实体书店转型策略,场景传播视域下的实体书店转型策略,,魏旭[1],2020,现代出版,journal article,,adjacent_convergent,FALSE,TRUE,INTERDISC_OTHER,T3,0,0,0,2020–2022: rapid application,,
WORK-2AB54F501A1F,基于场景理论的衍生品研发与博物馆展览互构关系研究,基于场景理论的衍生品研发与博物馆展览互构关系研究,,黄鸿宇,2020,四川美术学院,thesis,,confirmed_scenes,TRUE,FALSE,TOURISM_HERITAGE_PLACE,T3,0,0,0,2020–2022: rapid application,,
WORK-3236E420CE97,传统婚礼仪式场景的创新设计,传统婚礼仪式场景的创新设计,,牟彪[1];李兴芬[2],2020,设计艺术研究,journal article,,adjacent_convergent,FALSE,TRUE,CULTURAL_CREATIVE_INNOVATION,T3,0,1,0,2020–2022: rapid application,,
WORK-33B610A2D8F4,从媒介情境论的视角看网络直播对主播行为的影响,从媒介情境论的视角看网络直播对主播行为的影响,,任杰[1],2020,传播与版权,journal article,10.16852/j.cnki.45-1390/g2.2020.10.035,adjacent_convergent,FALSE,TRUE,DIGITAL_VIRTUAL_MEDIA,T3,0,0,0,2020–2022: rapid application,,
WORK-35709478D0D9,中国城市文化场景的模式与特征分析——基于31个城市文化舒适物的实证研究,中国城市文化场景的模式与特征分析——基于31个城市文化舒适物的实证研究,,陈波; 林馨雨,2020,中国软科学,journal article,,confirmed_scenes,TRUE,TRUE,CULTURAL_CONSUMPTION_COMMERCIAL,T3,0,0,1,2020–2022: rapid application,INTERDISC_OTHER,T3
WORK-3626689E3E2F,中国城市非遗传承场景评价指标体系构建与实证,中国城市非遗传承场景评价指标体系构建与实证,,陈波;赵润,2020,华中师范大学学报（人文社会科学版）,journal article,,confirmed_scenes,TRUE,TRUE,TOURISM_HERITAGE_PLACE,T3,0,0,1,2020–2022: rapid application,INTERDISC_OTHER,T3
WORK-38839E0251BC,人工智能对阅读场景的重塑,人工智能对阅读场景的重塑,,李贝贝[1],2020,出版发行研究,journal article,,adjacent_convergent,FALSE,TRUE,DIGITAL_VIRTUAL_MEDIA,T3,0,0,0,2020–2022: rapid application,,
WORK-38E9D6B3DA81,乡村公共文化空间发展的内在逻辑研究——基于南京市佘村的田野调查,乡村公共文化空间发展的内在逻辑研究——基于南京市佘村的田野调查,,杨媛媛;陈扬,2020,区域治理,journal article,10.3969/j.issn.2096-4595.2020.26.017,confirmed_scenes,TRUE,TRUE,RURAL_DEVELOPMENT,T3,0,0,0,2020–2022: rapid application,SOC_POLICY,T3
WORK-44EB9DDA48E3,乡村振兴战略背景下乡村公共文化空间重构研究,乡村振兴战略背景下乡村公共文化空间重构研究,,刘玉堂;高睿霞,2020,江汉论坛,journal article,,confirmed_scenes,TRUE,TRUE,RURAL_DEVELOPMENT,T3,1,0,0,2020–2022: rapid application,INTERDISC_OTHER,T3
WORK-467283690DF0,基于“未来社区”场景的社区美育价值和实现路径初探,基于“未来社区”场景的社区美育价值和实现路径初探,,卢懿[1],2020,美育学刊,journal article,,adjacent_convergent,FALSE,TRUE,PUBLIC_CULTURE_COMMUNITY,T3,1,0,0,2020–2022: rapid application,,
WORK-46B0D1D82977,学习共同体视角的红色研学旅行情境空间研究,学习共同体视角的红色研学旅行情境空间研究,,罗向兼[1],2020,美与时代:城市版,journal article,,adjacent_convergent,FALSE,TRUE,INTERDISC_OTHER,T3,0,0,0,2020–2022: rapid application,,
WORK-46F800B0ED57,权力、资本、地方对“文化场景”的建构--以历史街区“五店市”文化产业为考察对象,权力、资本、地方对“文化场景”的建构--以历史街区“五店市”文化产业为考察对象,,王惠蓉,2020,东南学术,journal article,,probable_scenes,FALSE,TRUE,TOURISM_HERITAGE_PLACE,T3,0,1,0,2020–2022: rapid application,,
WORK-4A2845C94BE8,"文化创意在建设""公园城市""中的助力作用","文化创意在建设""公园城市""中的助力作用",,范玉刚,2020,中原文化研究,journal article,,confirmed_scenes,TRUE,TRUE,CULTURAL_CREATIVE_INNOVATION,T3,0,0,0,2020–2022: rapid application,CULT_MEDIA,T3
WORK-4ADB2A326766,地方品质、劳动力区位与区域创新发展--基于新空间经济学理论,地方品质、劳动力区位与区域创新发展--基于新空间经济学理论,,董亚宁[1];顾芸[3];陈威[2];杨开忠[4],2020,西北人口,journal article,,adjacent_convergent,FALSE,TRUE,CULTURAL_CREATIVE_INNOVATION,T3,0,0,0,2020–2022: rapid application,,
WORK-4EE957EE1761,地铁场景传播:移动互联时代品牌传播的“魔力场”,地铁场景传播:移动互联时代品牌传播的“魔力场”,,唐洁[1],2020,出版广角,journal article,,adjacent_convergent,FALSE,TRUE,INTERDISC_OTHER,T3,0,0,0,2020–2022: rapid application,,
WORK-5308A8DE9F40,文化产业集群要素特征、成长路径及案例分析--以场景理论为视角,文化产业集群要素特征、成长路径及案例分析--以场景理论为视角,,詹绍文;王敏;王晓飞,2020,江汉学术,journal article,,confirmed_scenes,TRUE,TRUE,CULTURAL_CREATIVE_INNOVATION,T3,0,0,0,2020–2022: rapid application,INTERDISC_OTHER,T3
WORK-540523C1FD6D,品牌危机中用户场域情景体验对网络信息分享意愿影响研究,品牌危机中用户场域情景体验对网络信息分享意愿影响研究,,阳长征[1],2020,软科学,journal article,,adjacent_convergent,FALSE,TRUE,DIGITAL_VIRTUAL_MEDIA,T3,0,0,0,2020–2022: rapid application,,
WORK-583FD942C661,媒介情境论视域下抖音短视频符号化、模板化传播探析,媒介情境论视域下抖音短视频符号化、模板化传播探析,,郭婧祎[1],2020,新媒体研究,journal article,,adjacent_convergent,FALSE,TRUE,DIGITAL_VIRTUAL_MEDIA,T3,0,0,0,2020–2022: rapid application,,
WORK-587D4C30BA40,美国教育场景的文化解析——《教育的社会文化土壤——基于美国费城安卓学校的教育人类学观察》评述,美国教育场景的文化解析——《教育的社会文化土壤——基于美国费城安卓学校的教育人类学观察》评述,,陈婷丽[1];海路[2],2020,民族高等教育研究,journal article,,adjacent_convergent,FALSE,TRUE,INTERDISC_OTHER,T3,0,0,0,2020–2022: rapid application,,
WORK-5DEF2632F3CF,移动互联网下电视新闻节目的场景化传播探索——以《海峡新干线》为例,移动互联网下电视新闻节目的场景化传播探索——以《海峡新干线》为例,,邹梨[1],2020,电视研究,journal article,,adjacent_convergent,FALSE,TRUE,INTERDISC_OTHER,T3,0,0,0,2020–2022: rapid application,,
WORK-5FE045D8795B,社交媒体舆论的“虚拟互动”场景特征,社交媒体舆论的“虚拟互动”场景特征,,韩筱[1],2020,传媒,journal article,,adjacent_convergent,FALSE,TRUE,DIGITAL_VIRTUAL_MEDIA,T3,0,0,0,2020–2022: rapid application,,
WORK-6ACE123D0263,场景传播与渠道变革:广州电商直播业态发展分析,场景传播与渠道变革:广州电商直播业态发展分析,,"周懿瑾[1,2];张志安[1,2];冯嘉欣[3]",2020,城市观察,journal article,,adjacent_convergent,FALSE,TRUE,DIGITAL_VIRTUAL_MEDIA,T3,0,0,0,2020–2022: rapid application,,
WORK-6D88F27FDBFA,后疫情时代体育传播营销的场景转型,后疫情时代体育传播营销的场景转型,,王鸣捷[1];王婉婷[2],2020,现代传播:中国传媒大学学报,journal article,,adjacent_convergent,FALSE,TRUE,SPORT_LEISURE,T3,0,0,0,2020–2022: rapid application,,
WORK-719AB6EA4463,场景视域下数字阅读特征与发展策略研究,场景视域下数字阅读特征与发展策略研究,,刘果[1],2020,湖南大学学报:社会科学版,journal article,,confirmed_scenes,TRUE,TRUE,DIGITAL_VIRTUAL_MEDIA,T3,0,0,0,2020–2022: rapid application,INTERDISC_OTHER,T3
WORK-74BB657F756A,蜂鸣理论视角下的城市文化创新,蜂鸣理论视角下的城市文化创新,Urban Cultural Innovation from the Perspective of Buzz Theory,齐骥;亓冉,2020,理论月刊,journal article,10.14180/j.cnki.1004-0544.2020.10.011,confirmed_scenes,TRUE,TRUE,CULTURAL_CREATIVE_INNOVATION,T3,0,0,0,2020–2022: rapid application,INTERDISC_OTHER,T3
WORK-76C1F6E75F52,场景营城的经济学思考及路径研究,场景营城的经济学思考及路径研究,,张宇[1];张梦雅[1];于惠洋[2];李艳春[1],2020,先锋,journal article,,adjacent_convergent,FALSE,TRUE,INTERDISC_OTHER,T3,0,0,0,2020–2022: rapid application,,
WORK-775431E1FD95,融媒体语境下电视晚会的场景传播策略,融媒体语境下电视晚会的场景传播策略,,朱斌[1];赵倩如[2],2020,青年记者,journal article,10.15997/j.cnki.qnjz.2020.26.050,adjacent_convergent,FALSE,TRUE,INTERDISC_OTHER,T3,0,0,0,2020–2022: rapid application,,
WORK-7D2729600B03,场景理论与文化艺术遗产的传承与创新--金元浦对话劳伦斯教授,场景理论与文化艺术遗产的传承与创新--金元浦对话劳伦斯教授,,金元浦,2020,北京联合大学学报:人文社会科学版,journal article,,confirmed_scenes,TRUE,TRUE,TOURISM_HERITAGE_PLACE,T3,0,0,0,2020–2022: rapid application,INTERDISC_OTHER,T2
WORK-992A0D2E9DF6,“红包大战”现象背后:场景思维下的流量争夺,“红包大战”现象背后:场景思维下的流量争夺,,杨欣悦[1];彭兰(指导)[2],2020,新闻论坛,journal article,,adjacent_convergent,FALSE,TRUE,INTERDISC_OTHER,T3,0,0,0,2020–2022: rapid application,,
WORK-9A5409859148,农村传统公共文化空间与乡村振兴研究,农村传统公共文化空间与乡村振兴研究,,张理,2020,农业经济,journal article,,confirmed_scenes,TRUE,TRUE,RURAL_DEVELOPMENT,T3,1,0,0,2020–2022: rapid application,RURAL_AGRI,T3
WORK-9A7C01587782,消费场景：一种城市发展的新动能,消费场景：一种城市发展的新动能,,吴军; 叶裕民,2020,城市发展研究,journal article,10.3969/j.issn.1006-3862.2020.11.005,confirmed_scenes,TRUE,TRUE,CULTURAL_CONSUMPTION_COMMERCIAL,T2,1,0,0,2020–2022: rapid application,URBAN_PLAN_GEO,T3
WORK-9E7D5FB37B65,媒介情境视域下社交媒体用户行为异化研究,媒介情境视域下社交媒体用户行为异化研究,,冷若冰[1],2020,新闻研究导刊,journal article,,adjacent_convergent,FALSE,TRUE,DIGITAL_VIRTUAL_MEDIA,T3,0,0,0,2020–2022: rapid application,,
WORK-A68FF14D4700,浅析创意中插广告的创意呈现——基于媒介场景理论的视角,浅析创意中插广告的创意呈现——基于媒介场景理论的视角,,姚含烨[1],2020,视听,journal article,,confirmed_scenes,TRUE,TRUE,DIGITAL_VIRTUAL_MEDIA,T3,0,0,0,2020–2022: rapid application,CULT_MEDIA,T2
WORK-ABF952D0E4A0,基于场景理论构建剧院公共艺术教育策略,基于场景理论构建剧院公共艺术教育策略,,鞠博,2020,艺术教育,journal article,,confirmed_scenes,TRUE,TRUE,ART_IDENTITY_EDUCATION,T3,0,0,0,2020–2022: rapid application,EDUCATION,T2
WORK-AEDBE8866179,生活、场景、内容:苏州地方戏曲、曲艺与旅游融合发展的理论逻辑与实践探索,生活、场景、内容:苏州地方戏曲、曲艺与旅游融合发展的理论逻辑与实践探索,,周晓薇,2020,艺术百家,journal article,,probable_scenes,FALSE,TRUE,TOURISM_HERITAGE_PLACE,T3,0,0,0,2020–2022: rapid application,,
WORK-B27C3136A281,媒介情境论视角下新媒体对师生互动关系的影响,媒介情境论视角下新媒体对师生互动关系的影响,,闫彦[1],2020,西部广播电视,journal article,,adjacent_convergent,FALSE,TRUE,DIGITAL_VIRTUAL_MEDIA,T3,0,0,0,2020–2022: rapid application,,
WORK-B51F0B3BA665,新时代中国乡村公共文化空间的发展趋势,新时代中国乡村公共文化空间的发展趋势,,吴焜;李林,2020,上海城市管理,journal article,10.3969/j.issn.1674-7739.2020.03.013,confirmed_scenes,TRUE,TRUE,RURAL_DEVELOPMENT,T3,0,0,0,2020–2022: rapid application,SOC_POLICY,T3
WORK-B83248BF6439,关于公共艺术设计与消费场景中艺术文化生产的思考,关于公共艺术设计与消费场景中艺术文化生产的思考,,李亚祺,2020,艺术传播研究,journal article,,adjacent_convergent,FALSE,TRUE,CULTURAL_CREATIVE_INNOVATION,T3,0,1,0,2020–2022: rapid application,,
WORK-B8C5FB6A6240,带货主播的多维场景与媒介实践,带货主播的多维场景与媒介实践,,黄淼[1],2020,青年记者,journal article,10.15997/j.cnki.qnjz.2020.16.021,adjacent_convergent,FALSE,TRUE,DIGITAL_VIRTUAL_MEDIA,T3,0,0,0,2020–2022: rapid application,,
WORK-BC618E542225,场景理论下上海户外演艺文化空间研究,场景理论下上海户外演艺文化空间研究,,崔禹彤,2020,同济大学,thesis,,confirmed_scenes,TRUE,FALSE,INTERDISC_OTHER,T3,0,0,0,2020–2022: rapid application,,
WORK-BFCDAD5D6F62,场景视域下特色小镇创生发展的文化介入路径研究——基于川渝33个样本的模糊集定性比较分析,场景视域下特色小镇创生发展的文化介入路径研究——基于川渝33个样本的模糊集定性比较分析,,张琳;黄美玲;杨毅,2020,福建论坛（人文社会科学版）,journal article,,confirmed_scenes,TRUE,TRUE,INTERDISC_OTHER,T3,0,0,0,2020–2022: rapid application,INTERDISC_OTHER,T3
WORK-C2D18F16C995,5G技术特征、传播场景和媒介环境学审视,5G技术特征、传播场景和媒介环境学审视,,许加彪[1];李亘[1],2020,当代传播,journal article,,adjacent_convergent,FALSE,TRUE,DIGITAL_VIRTUAL_MEDIA,T3,0,0,0,2020–2022: rapid application,,
WORK-C47D0DDF573B,场景的“再场景化”：新媒介时代文创街区的媒介形象建构与传播,场景的“再场景化”：新媒介时代文创街区的媒介形象建构与传播,,刘桂茹,2020,福建论坛（人文社会科学版）,journal article,,confirmed_scenes,TRUE,TRUE,DIGITAL_VIRTUAL_MEDIA,T3,0,1,0,2020–2022: rapid application,INTERDISC_OTHER,T3
WORK-CB184DFC27DE,社区文创的场景设计与创意营造机制 以澳门社区文创的创意管理实践为例,社区文创的场景设计与创意营造机制 以澳门社区文创的创意管理实践为例,,向勇[1],2020,新美术,journal article,,adjacent_convergent,FALSE,TRUE,PUBLIC_CULTURE_COMMUNITY,T3,0,1,0,2020–2022: rapid application,,
WORK-CFF9BA985903,场景理论视域下非物质文化遗产的生活性保护研究——以大运河（江苏段）为例,场景理论视域下非物质文化遗产的生活性保护研究——以大运河（江苏段）为例,,陈天宇,2020,南京师范大学,thesis,,confirmed_scenes,TRUE,FALSE,TOURISM_HERITAGE_PLACE,T3,0,1,0,2020–2022: rapid application,,
WORK-D2D76F0DA29F,作为场景的体育竞赛表演:赛事与城市的互动再定义,作为场景的体育竞赛表演:赛事与城市的互动再定义,,徐靖芮;王学实,2020,武汉体育学院学报,journal article,,confirmed_scenes,TRUE,TRUE,SPORT_LEISURE,T3,0,0,0,2020–2022: rapid application,SPORT_LEISURE,T3
WORK-D65B1F546EBD,消失与重构:智能化新闻生产的场景叙事,消失与重构:智能化新闻生产的场景叙事,,国秋华[1];余蕾[1],2020,中国编辑,journal article,,adjacent_convergent,FALSE,TRUE,INTERDISC_OTHER,T3,0,0,0,2020–2022: rapid application,,
WORK-D6D072BB2379,日常生活情境中的“勾连”:陕西省×家村村民使用手机获取信息的考察,日常生活情境中的“勾连”:陕西省×家村村民使用手机获取信息的考察,,吴琳琳[1];徐琛[2],2020,现代传播:中国传媒大学学报,journal article,,adjacent_convergent,FALSE,TRUE,INTERDISC_OTHER,T3,0,0,0,2020–2022: rapid application,,
WORK-DFD78AECEEFB,重大疫情背景下的媒介情境与民众认知心理偏向,重大疫情背景下的媒介情境与民众认知心理偏向,,马燕[1],2020,东南传播,journal article,10.13556/j.cnki.dncb.cn35-1274/j.2020.10.031,adjacent_convergent,FALSE,TRUE,DIGITAL_VIRTUAL_MEDIA,T3,0,0,0,2020–2022: rapid application,,
WORK-E065DEDBFD97,城市文化场景的构建机制研究——以加拿大多伦多市为例,城市文化场景的构建机制研究——以加拿大多伦多市为例,,范为,2020,行政管理改革,journal article,,probable_scenes,FALSE,TRUE,INTERDISC_OTHER,T3,0,0,0,2020–2022: rapid application,,
WORK-E1C612EFD4FD,代际之役:新冠疫情家庭冲突场景的叙事分析,代际之役:新冠疫情家庭冲突场景的叙事分析,,唐乐水[1],2020,当代青年研究,journal article,,adjacent_convergent,FALSE,TRUE,INTERDISC_OTHER,T3,0,0,0,2020–2022: rapid application,,
WORK-E30494511AE3,场景视角下的青岛八大关历史街区保护更新研究,场景视角下的青岛八大关历史街区保护更新研究,,程诗雅,2020,青岛理工大学,thesis,,confirmed_scenes,TRUE,FALSE,TOURISM_HERITAGE_PLACE,T3,0,1,0,2020–2022: rapid application,,
WORK-E5D84845DE76,城市基层公共文化空间的功能融合与业态创新,城市基层公共文化空间的功能融合与业态创新,,高同阳,2020,品牌研究,journal article,10.3969/j.issn.1671-1009.2020.32.133,confirmed_scenes,TRUE,TRUE,PUBLIC_CULTURE_COMMUNITY,T3,0,0,0,2020–2022: rapid application,ECON_BUS_CONS,T3
WORK-E94E5C42842C,基于文化场景理论的我国城市文化创新路径探究,基于文化场景理论的我国城市文化创新路径探究,,禹建湘;汪妍,2020,城市学刊,journal article,,confirmed_scenes,TRUE,TRUE,CULTURAL_CREATIVE_INNOVATION,T2,0,0,0,2020–2022: rapid application,URBAN_PLAN_GEO,T3
WORK-E9BA4FB6FB4C,浅析新零售时代下城市特色街区消费场景营造的路径--以成都市成华区猛追湾市民休闲区为例,浅析新零售时代下城市特色街区消费场景营造的路径--以成都市成华区猛追湾市民休闲区为例,,何徐兴,2020,全国流通经济,journal article,,adjacent_convergent,FALSE,TRUE,SPORT_LEISURE,T3,0,1,0,2020–2022: rapid application,,
WORK-EA2DC1085E59,数字时代博物馆叙事逻辑的重构:基于场景理论的视角,数字时代博物馆叙事逻辑的重构:基于场景理论的视角,,张允;张梦心,2020,现代传播:中国传媒大学学报,journal article,,confirmed_scenes,TRUE,TRUE,DIGITAL_VIRTUAL_MEDIA,T3,0,0,0,2020–2022: rapid application,CULT_MEDIA,T3
WORK-EAC2CE4B9EB1,场景式阅读构建:场域、程式与互动驱力——由《一本好书》说起,场景式阅读构建:场域、程式与互动驱力——由《一本好书》说起,,刘艳[1],2020,图书馆论坛,journal article,,adjacent_convergent,FALSE,TRUE,INTERDISC_OTHER,T3,0,0,0,2020–2022: rapid application,,
WORK-EBEEEEB00991,场景理论视角下南京私人小型当代艺术空间城市角色研究,场景理论视角下南京私人小型当代艺术空间城市角色研究,,陆霄虹,2020,中国美术,journal article,,confirmed_scenes,TRUE,TRUE,ART_IDENTITY_EDUCATION,T3,0,0,0,2020–2022: rapid application,CULT_MEDIA,T3
WORK-EE26ABEC8B6D,场景理论助力城市社区空间发展与升级,场景理论助力城市社区空间发展与升级,,王孟璟,2020,美与时代:城市版,journal article,,confirmed_scenes,TRUE,TRUE,PUBLIC_CULTURE_COMMUNITY,T3,0,0,0,2020–2022: rapid application,ARCH_DES_HER,T2
WORK-EFED0207614D,场景理论视角下传统武术的保护与开发——基于对H区GFG活动的考察,场景理论视角下传统武术的保护与开发——基于对H区GFG活动的考察,,袁进业;陈小蓉,2020,沈阳体育学院学报,journal article,,confirmed_scenes,TRUE,TRUE,SPORT_LEISURE,T2,0,1,0,2020–2022: rapid application,SPORT_LEISURE,T3
WORK-F0DD7100E9A6,“全媒体+场景”视域下地铁文化传播模式及策略——基于马莱茨克模式的分析,“全媒体+场景”视域下地铁文化传播模式及策略——基于马莱茨克模式的分析,,"滕夙宏[1,2];刘韦伟[1,2];李伟佳[1,2]",2020,中国编辑,journal article,,adjacent_convergent,FALSE,TRUE,INTERDISC_OTHER,T3,0,0,0,2020–2022: rapid application,,
WORK-F756718892A5,情景体验式空间的设计探究——以餐厅为例,情景体验式空间的设计探究——以餐厅为例,,邹娜[1],2020,科技资讯,journal article,,adjacent_convergent,FALSE,TRUE,INTERDISC_OTHER,T3,0,1,0,2020–2022: rapid application,,
WORK-FA3D65EC52EF,场景理论视域下城市阅读空间服务场景生成与策略研究,场景理论视域下城市阅读空间服务场景生成与策略研究,,李昊远;龚景兴,2020,图书馆研究,journal article,,confirmed_scenes,TRUE,TRUE,PUBLIC_CULTURE_COMMUNITY,T3,0,0,0,2020–2022: rapid application,INFO_TECH,T3
WORK-FCA23B3E2657,场景理论:大学书院文化空间分析的新路径--兼论书院思想政治教育的场景转向,场景理论:大学书院文化空间分析的新路径--兼论书院思想政治教育的场景转向,,谭翀,2020,江苏高教,journal article,,confirmed_scenes,TRUE,TRUE,ART_IDENTITY_EDUCATION,T3,0,0,0,2020–2022: rapid application,EDUCATION,T3
WORK-FD763478AC0B,新型实体书店的场景美学与公共文化建构分析,新型实体书店的场景美学与公共文化建构分析,,闫敏[1];原静文[1],2020,出版广角,journal article,,adjacent_convergent,FALSE,TRUE,PUBLIC_CULTURE_COMMUNITY,T3,0,1,0,2020–2022: rapid application,,
WORK-01820B4EBA88,"场景融合·社群激活·""实验场""——城市传播视域下实体书店作为知识生产空间的价值研究","场景融合·社群激活·""实验场""——城市传播视域下实体书店作为知识生产空间的价值研究",,张萱[1],2021,东岳论丛,journal article,10.15981/j.cnki.dongyueluncong.2021.04.014,adjacent_convergent,FALSE,TRUE,INTERDISC_OTHER,T3,0,0,0,2020–2022: rapid application,,
WORK-02ECEF34B48C,基于场景理论的文化动力型乡村振兴模式探析,基于场景理论的文化动力型乡村振兴模式探析,,陈姝颖,2021,大理大学学报,journal article,,confirmed_scenes,TRUE,TRUE,RURAL_DEVELOPMENT,T3,1,0,0,2020–2022: rapid application,INTERDISC_OTHER,T3
WORK-037EA2D99BE0,社区消费场景研究:基于青年需求的实证分析,社区消费场景研究:基于青年需求的实证分析,,吴军;郑昊,2021,现代城市研究,journal article,10.3969/j.issn.1009-6000.2021.09.005,confirmed_scenes,TRUE,TRUE,PUBLIC_CULTURE_COMMUNITY,T3,0,0,1,2020–2022: rapid application,URBAN_PLAN_GEO,T3
WORK-0565B20474B0,"场景理论视角下""云演艺""对文化消费的影响","场景理论视角下""云演艺""对文化消费的影响",,林紫东,2021,艺术教育,journal article,,confirmed_scenes,TRUE,TRUE,CULTURAL_CONSUMPTION_COMMERCIAL,T3,0,0,0,2020–2022: rapid application,EDUCATION,T2
WORK-0615751051B6,公园化城，场景营城：“公园城市”建设模式的新思考,公园化城，场景营城：“公园城市”建设模式的新思考,,王忠杰;吴岩;景泽宇,2021,中国园林,journal article,,confirmed_scenes,TRUE,TRUE,INTERDISC_OTHER,T3,0,0,0,2020–2022: rapid application,ARCH_DES_HER,T3
WORK-088D81711937,Bohemian Cultural Scenes and Creative Development of Chinese Cities: An Analysis of 65 Cities Using Cultural Amenity Data,,Bohemian Cultural Scenes and Creative Development of Chinese Cities: An Analysis of 65 Cities Using Cultural Amenity Data,"Wu J, Zheng H, Wang T, and Clark T N",2021,Sustainability,journal article,10.3390/su13095260,confirmed_scenes,TRUE,TRUE,CULTURAL_CREATIVE_INNOVATION,T2,0,0,0,2020–2022: rapid application,INTERDISC_OTHER,T3
WORK-09418BCF54F9,场景理论视域下红色文化遗产风貌区的构建与展望——以上海市为例,场景理论视域下红色文化遗产风貌区的构建与展望——以上海市为例,,纪志晴,2021,上海城市管理,journal article,,confirmed_scenes,TRUE,TRUE,TOURISM_HERITAGE_PLACE,T3,0,0,0,2020–2022: rapid application,SOC_POLICY,T3
WORK-09DB2EC1FAA3,"文化消费理论本土化进程中的""文化管理学""转向","文化消费理论本土化进程中的""文化管理学""转向",,傅才武;何鹏,2021,湖北大学学报（哲学社会科学版）,journal article,10.3969/j.issn.1001-4799.2021.03.011,confirmed_scenes,TRUE,TRUE,CULTURAL_CONSUMPTION_COMMERCIAL,T3,0,0,0,2020–2022: rapid application,INTERDISC_OTHER,T3
WORK-0A5390252183,重庆渝中区山城步道品质提升规划:基于场景理论的山地城市街巷更新研究,重庆渝中区山城步道品质提升规划:基于场景理论的山地城市街巷更新研究,,黄瓴;王婷,2021,北京规划建设,journal article,,confirmed_scenes,TRUE,TRUE,URBAN_RENEWAL_DESIGN,T3,0,1,0,2020–2022: rapid application,URBAN_PLAN_GEO,T2
WORK-0A9CA2CEF5EE,存量更新背景下的老旧社区场景重塑与四态共生 ——以杭州市闸弄口街道为例,存量更新背景下的老旧社区场景重塑与四态共生 ——以杭州市闸弄口街道为例,,虞逸琪;赵秀敏;石坚韧,2021,住宅科技,journal article,10.3969/j.issn.1002-0454.2021.08.009,confirmed_scenes,TRUE,TRUE,PUBLIC_CULTURE_COMMUNITY,T3,0,1,0,2020–2022: rapid application,ARCH_DES_HER,T3
WORK-0B06F991ED80,社区文化空间重塑中治理逻辑的生成机制 ——以史家胡同为例,社区文化空间重塑中治理逻辑的生成机制 ——以史家胡同为例,,刘星,2021,广东行政学院学报,journal article,10.13975/j.cnki.gdxz.2021.02.001,confirmed_scenes,TRUE,TRUE,PUBLIC_CULTURE_COMMUNITY,T3,1,0,0,2020–2022: rapid application,SOC_POLICY,T3
WORK-0BED19018BB2,基于场景理论建构乡村公共文化空间研究,基于场景理论建构乡村公共文化空间研究,,黄晓琴,2021,美与时代:城市版,journal article,,confirmed_scenes,TRUE,TRUE,RURAL_DEVELOPMENT,T3,0,1,0,2020–2022: rapid application,ARCH_DES_HER,T2
WORK-0C2ECF92AEF8,场景理论视角下冬至节日空间研究——以江西丰城新厦邹家村为例,场景理论视角下冬至节日空间研究——以江西丰城新厦邹家村为例,,吴书平,2021,江西师范大学,thesis,,confirmed_scenes,TRUE,FALSE,INTERDISC_OTHER,T3,0,0,0,2020–2022: rapid application,,
WORK-0C848A9B2A4E,"""复兴大道100号""互动体验馆 以场景化传播实现沉浸式体验","""复兴大道100号""互动体验馆 以场景化传播实现沉浸式体验",,张磊[1];曹彦鹏[1];冯涛[1],2021,中国记者,journal article,,adjacent_convergent,FALSE,TRUE,DIGITAL_VIRTUAL_MEDIA,T3,0,0,0,2020–2022: rapid application,,
WORK-0CD57EC66676,社群、媒介与场景:非物质文化遗产活化三要素,社群、媒介与场景:非物质文化遗产活化三要素,,高小康,2021,中国非物质文化遗产,journal article,,adjacent_convergent,FALSE,TRUE,DIGITAL_VIRTUAL_MEDIA,T3,0,0,0,2020–2022: rapid application,,
WORK-105B865A3A22,"中国社交媒介情境下""官民对话""的理论建构与初步检视","中国社交媒介情境下""官民对话""的理论建构与初步检视",,宫贺[1];孙赫宁[2];顾纯璟[3],2021,中国行政管理,journal article,,adjacent_convergent,FALSE,TRUE,DIGITAL_VIRTUAL_MEDIA,T3,0,1,0,2020–2022: rapid application,,
WORK-12055D48FE7D,多元情境下的身份冲突:媒介情境论视域下明星直播带货翻车现象之透析,多元情境下的身份冲突:媒介情境论视域下明星直播带货翻车现象之透析,,刘鸿儒[1],2021,湖北经济学院学报:人文社会科学版,journal article,,adjacent_convergent,FALSE,TRUE,DIGITAL_VIRTUAL_MEDIA,T3,0,0,0,2020–2022: rapid application,,
WORK-134ACD7829A4,社区公共阅读空间:学习型城市建设的场景构建和机制保障,社区公共阅读空间:学习型城市建设的场景构建和机制保障,,王燕枝[1],2021,中国成人教育,journal article,,adjacent_convergent,FALSE,TRUE,PUBLIC_CULTURE_COMMUNITY,T3,0,0,0,2020–2022: rapid application,,
WORK-1A0B47A03CC1,场景视域下时尚类综艺节目文化价值的传播与表达,场景视域下时尚类综艺节目文化价值的传播与表达,,梁梅朵[1],2021,青年记者,journal article,10.15997/j.cnki.qnjz.2021.18.040,probable_scenes,FALSE,TRUE,INTERDISC_OTHER,T3,0,0,0,2020–2022: rapid application,,
WORK-20B2FC7367FA,场景理论视域下西游乐园文化创意特征解构分析,场景理论视域下西游乐园文化创意特征解构分析,,刘志刚,2021,淮阴师范学院学报:哲学社会科学版,journal article,,confirmed_scenes,TRUE,TRUE,CULTURAL_CREATIVE_INNOVATION,T3,0,0,0,2020–2022: rapid application,INTERDISC_OTHER,T2
WORK-27B9AF353CBF,场景理论视角下乡村振兴的文化动力机制及实践研究,场景理论视角下乡村振兴的文化动力机制及实践研究,,陈姝颖,2021,四川行政学院学报,journal article,,confirmed_scenes,TRUE,TRUE,RURAL_DEVELOPMENT,T3,1,0,0,2020–2022: rapid application,SOC_POLICY,T3
WORK-2E8258372204,场景视域下微信小程序的内在矛盾和解决措施,场景视域下微信小程序的内在矛盾和解决措施,,彭银雪[1],2021,视听,journal article,,probable_scenes,FALSE,TRUE,INTERDISC_OTHER,T3,0,0,0,2020–2022: rapid application,,
WORK-30CE2A5B45E2,网络时代聊天记录跨场景传播的法律治理,网络时代聊天记录跨场景传播的法律治理,,何金海[1],2021,北京政法职业学院学报,journal article,,adjacent_convergent,FALSE,TRUE,DIGITAL_VIRTUAL_MEDIA,T3,1,0,0,2020–2022: rapid application,,
WORK-34F7C75EDA29,"从认识论到方法论:成都""场景营城""战略实践探析","从认识论到方法论:成都""场景营城""战略实践探析",,李明星;蒲焘;冯一泰,2021,成都行政学院学报,journal article,10.3969/j.issn.1008-5947.2021.05.015,confirmed_scenes,TRUE,TRUE,INTERDISC_OTHER,T3,1,0,0,2020–2022: rapid application,SOC_POLICY,T3
WORK-3938BD02D47A,海外华文媒体文化自信建构路径分析——基于场景思维的新探讨,海外华文媒体文化自信建构路径分析——基于场景思维的新探讨,,张倩颖[1],2021,东南传播,journal article,10.13556/j.cnki.dncb.cn35-1274/j.2021.07.025,adjacent_convergent,FALSE,TRUE,INTERDISC_OTHER,T3,0,1,0,2020–2022: rapid application,,
WORK-3ACB64F0D051,当代艺术馆展览空间场景营造的设计策略,当代艺术馆展览空间场景营造的设计策略,,沈荣荣[1];徐钊[1],2021,湖南包装,journal article,,adjacent_convergent,FALSE,TRUE,URBAN_RENEWAL_DESIGN,T3,0,1,0,2020–2022: rapid application,,
WORK-3B122EA21EB1,智能传播时代的社会交往:场景、逻辑与文化,智能传播时代的社会交往:场景、逻辑与文化,,"殷乐[1,2];高慧敏[3]",2021,中国编辑,journal article,,adjacent_convergent,FALSE,TRUE,INTERDISC_OTHER,T3,0,0,0,2020–2022: rapid application,,
WORK-3B4E5F17FE6B,场景视域下县级融媒体中心建设的路径选择,场景视域下县级融媒体中心建设的路径选择,,昝豆豆[1],2021,东南传播,journal article,10.13556/j.cnki.dncb.cn35-1274/j.2021.03.013,confirmed_scenes,TRUE,TRUE,INTERDISC_OTHER,T3,0,0,0,2020–2022: rapid application,CULT_MEDIA,T3
WORK-3D5FE28BE41B,构建文化场景 活化胡同文化,构建文化场景 活化胡同文化,,魏文坤,2021,前线,journal article,,probable_scenes,FALSE,TRUE,INTERDISC_OTHER,T3,0,0,0,2020–2022: rapid application,,
WORK-41796BCC3637,"场景理论下上海文化记忆机构""非遗+旅游""融合发展新路径","场景理论下上海文化记忆机构""非遗+旅游""融合发展新路径",,刘中华;焦基鹏,2021,文化遗产,journal article,,confirmed_scenes,TRUE,TRUE,TOURISM_HERITAGE_PLACE,T3,0,0,0,2020–2022: rapid application,ARCH_DES_HER,T3
WORK-44DC457F6BB2,媒介情境理论下李子柒的影像情境探析,媒介情境理论下李子柒的影像情境探析,,张林[1];钟雄飞[2],2021,视听,journal article,,adjacent_convergent,FALSE,TRUE,DIGITAL_VIRTUAL_MEDIA,T3,0,0,0,2020–2022: rapid application,,
WORK-451AE325250F,媒介情境视域下青年健身的自我呈现探析——基于D健身房的学术考察,媒介情境视域下青年健身的自我呈现探析——基于D健身房的学术考察,,赵红勋[1];付月[1],2021,中州大学学报,journal article,,adjacent_convergent,FALSE,TRUE,SPORT_LEISURE,T3,0,0,0,2020–2022: rapid application,,
WORK-45AB75D7CB83,"场景理论视角下的""网红建筑""文化价值观分析","场景理论视角下的""网红建筑""文化价值观分析",,盛昊一,2021,建筑与文化,journal article,,confirmed_scenes,TRUE,TRUE,ART_IDENTITY_EDUCATION,T3,0,0,0,2020–2022: rapid application,ARCH_DES_HER,T3
WORK-45DCD5326B96,媒介情境论视阈下移动网络游戏的虚拟交往研究——以《和平精英》手游为例,媒介情境论视阈下移动网络游戏的虚拟交往研究——以《和平精英》手游为例,,文佳杨[1],2021,新媒体研究,journal article,,adjacent_convergent,FALSE,TRUE,DIGITAL_VIRTUAL_MEDIA,T3,0,0,0,2020–2022: rapid application,,
WORK-4BE7DAFBA851,广州市北京路历史文化街区场景营造手法研究,广州市北京路历史文化街区场景营造手法研究,,徐莉,2021,华南农业大学,thesis,,confirmed_scenes,TRUE,FALSE,TOURISM_HERITAGE_PLACE,T3,0,1,0,2020–2022: rapid application,,
WORK-4E29401D2349,沉浸体验式戏剧的场景传播模式研究,沉浸体验式戏剧的场景传播模式研究,,吴帆[1];马晨骋[2],2021,现代传播:中国传媒大学学报,journal article,,adjacent_convergent,FALSE,TRUE,INTERDISC_OTHER,T3,0,0,0,2020–2022: rapid application,,
WORK-5698772E14F6,城市舒适物、创意人才和城市创新,城市舒适物、创意人才和城市创新,,扈爽[1];朱启贵[1],2021,华东经济管理,journal article,,probable_scenes,FALSE,TRUE,CULTURAL_CREATIVE_INNOVATION,T3,0,0,0,2020–2022: rapid application,,
WORK-56A9FDF4D919,场景视域下文化旅游社区模式构建——以阿那亚文旅社区为例,场景视域下文化旅游社区模式构建——以阿那亚文旅社区为例,,陈舒萍,2021,中南林业科技大学学报（社会科学版）,journal article,,confirmed_scenes,TRUE,TRUE,TOURISM_HERITAGE_PLACE,T3,0,0,0,2020–2022: rapid application,INTERDISC_OTHER,T3
WORK-5EC1D4F1F3B4,场景理论下华宁红砖厂再利用景观设计策略,场景理论下华宁红砖厂再利用景观设计策略,,汪其航;李少卿;王贺,2021,城市建筑,journal article,10.19892/j.cnki.csjz.2021.32.53,confirmed_scenes,TRUE,TRUE,URBAN_RENEWAL_DESIGN,T3,0,1,0,2020–2022: rapid application,ARCH_DES_HER,T3
WORK-63E591E03149,社交媒介场景下代际冲突的形成与和解,社交媒介场景下代际冲突的形成与和解,,党洁[1],2021,东南传播,journal article,10.13556/j.cnki.dncb.cn35-1274/j.2021.08.005,adjacent_convergent,FALSE,TRUE,DIGITAL_VIRTUAL_MEDIA,T3,0,0,0,2020–2022: rapid application,,
WORK-65FBD24CDEF6,从媒介情境理论视域下的短视频图书营销,从媒介情境理论视域下的短视频图书营销,,何珊[1],2021,出版发行研究,journal article,,adjacent_convergent,FALSE,TRUE,DIGITAL_VIRTUAL_MEDIA,T3,0,0,0,2020–2022: rapid application,,
WORK-66326D69AE91,基于场景理论的健康社区营造,基于场景理论的健康社区营造,Place-Making in Healthy Communities Using the Theory of Scenes,孟丹诚;徐磊青,2021,南方建筑,journal article,10.3969/j.issn.1000-0232.2021.03.036,confirmed_scenes,TRUE,TRUE,PUBLIC_CULTURE_COMMUNITY,T3,0,1,0,2020–2022: rapid application,ARCH_DES_HER,T3
WORK-67BCC9DEA321,场景思维在新闻写作中的应用,场景思维在新闻写作中的应用,,张磊[1],2021,东南传播,journal article,10.13556/j.cnki.dncb.cn35-1274/j.2021.11.045,adjacent_convergent,FALSE,TRUE,INTERDISC_OTHER,T3,0,0,0,2020–2022: rapid application,,
WORK-686DA817D933,场景式阅读与表达:媒体融合视域下的出版路径探索,场景式阅读与表达:媒体融合视域下的出版路径探索,,王建华[1];苏日古嘎[1],2021,现代出版,journal article,,adjacent_convergent,FALSE,TRUE,INTERDISC_OTHER,T3,0,0,0,2020–2022: rapid application,,
WORK-69A1B13F4DE1,基于场景理论的博物馆数字化研究——以陕西汉阳陵博物馆为例,基于场景理论的博物馆数字化研究——以陕西汉阳陵博物馆为例,,张希睿,2021,文物鉴定与鉴赏,journal article,,confirmed_scenes,TRUE,TRUE,DIGITAL_VIRTUAL_MEDIA,T3,0,0,0,2020–2022: rapid application,ARCH_DES_HER,T3
WORK-6CAC7AA385B0,场景理论视域下天津市民公共文化参与问题研究,场景理论视域下天津市民公共文化参与问题研究,,彭怀雪,2021,天津商业大学,thesis,,confirmed_scenes,TRUE,FALSE,PUBLIC_CULTURE_COMMUNITY,T3,0,0,0,2020–2022: rapid application,,
WORK-6F62F73E4EAD,形塑信任:网络电商直播的场景框架与情感逻辑,形塑信任:网络电商直播的场景框架与情感逻辑,,周丽[1];范建华[2],2021,西南民族大学学报:人文社会科学版,journal article,,adjacent_convergent,FALSE,TRUE,DIGITAL_VIRTUAL_MEDIA,T3,0,0,0,2020–2022: rapid application,,
WORK-71B4564696D6,文化场景理论视域下公共图书馆空间建设研究,文化场景理论视域下公共图书馆空间建设研究,,臧航达;寇垠,2021,图书馆学研究,journal article,,confirmed_scenes,TRUE,TRUE,PUBLIC_CULTURE_COMMUNITY,T3,0,0,0,2020–2022: rapid application,INFO_TECH,T3
WORK-7490B51B6620,数字文化空间下公共文化服务体系建设的创新方向与改革路径,数字文化空间下公共文化服务体系建设的创新方向与改革路径,,贺怡;傅才武,2021,国家图书馆学刊,journal article,10.13666/j.cnki.jnlc.2021.0209,confirmed_scenes,TRUE,TRUE,DIGITAL_VIRTUAL_MEDIA,T3,0,0,0,2020–2022: rapid application,INFO_TECH,T2
WORK-79496285BA39,场景理论视域下川剧文化空间与场景营造研究,场景理论视域下川剧文化空间与场景营造研究,,李洁,2021,四川戏剧,journal article,,confirmed_scenes,TRUE,TRUE,URBAN_RENEWAL_DESIGN,T3,0,1,0,2020–2022: rapid application,CULT_MEDIA,T3
WORK-7C3C9445D4EE,城市文化商业街区夜间场景感知研究——基于武汉楚河汉街的实证观察,城市文化商业街区夜间场景感知研究——基于武汉楚河汉街的实证观察,,高唐璇,2021,武汉大学,thesis,,confirmed_scenes,TRUE,FALSE,CULTURAL_CONSUMPTION_COMMERCIAL,T3,0,0,1,2020–2022: rapid application,,
WORK-7F99E275659E,城市实体书店场景建构探析——基于知识交往视角,城市实体书店场景建构探析——基于知识交往视角,,李淼,2021,中国编辑,journal article,,confirmed_scenes,TRUE,TRUE,INTERDISC_OTHER,T3,0,1,0,2020–2022: rapid application,CULT_MEDIA,T3
WORK-8165D657153E,基于场景理论的历史性城市景观消费空间感知研究,基于场景理论的历史性城市景观消费空间感知研究,,"周详, 成玉宁",2021,中国园林,journal article,10.19775/j.cla.2021.03.0056,confirmed_scenes,TRUE,TRUE,CULTURAL_CONSUMPTION_COMMERCIAL,T3,0,0,0,2020–2022: rapid application,ARCH_DES_HER,T3
WORK-81662402E3A2,媒介情境论视角下网络游戏的虚拟交往研究——以《摩尔庄园》手游为例,媒介情境论视角下网络游戏的虚拟交往研究——以《摩尔庄园》手游为例,,王泽晨[1],2021,新媒体研究,journal article,,adjacent_convergent,FALSE,TRUE,DIGITAL_VIRTUAL_MEDIA,T3,0,0,0,2020–2022: rapid application,,
WORK-82DF045F71A5,重叠的公共场所与私人空间——视频弹幕的传播场景分析,重叠的公共场所与私人空间——视频弹幕的传播场景分析,,耿英华[1];酉琦宇[2],2021,新媒体研究,journal article,,adjacent_convergent,FALSE,TRUE,INTERDISC_OTHER,T3,0,0,0,2020–2022: rapid application,,
WORK-8486D0731A0D,个人信息场景化传播困境及保护研究,个人信息场景化传播困境及保护研究,,林凌[1];程思凡[2],2021,当代传播,journal article,,adjacent_convergent,FALSE,TRUE,INTERDISC_OTHER,T3,0,1,0,2020–2022: rapid application,,
WORK-885F7661588F,城市遗产空间的场景重塑与消费叙事——从《场景:空间品质如何塑造社会生活》谈起,城市遗产空间的场景重塑与消费叙事——从《场景:空间品质如何塑造社会生活》谈起,,孙菲[1],2021,学术评论,journal article,,confirmed_scenes,TRUE,TRUE,TOURISM_HERITAGE_PLACE,T3,0,0,0,2020–2022: rapid application,INTERDISC_OTHER,T3
WORK-8A660BD6494F,文化高质量发展视域下乡村公共文化空间指标体系研究,文化高质量发展视域下乡村公共文化空间指标体系研究,,陈波;李晶晶,2021,湖北社会科学,journal article,10.3969/j.issn.1003-8477.2021.08.004,confirmed_scenes,TRUE,TRUE,RURAL_DEVELOPMENT,T3,0,0,1,2020–2022: rapid application,INTERDISC_OTHER,T3
WORK-8B1096BA58E4,权力·认同·重构:场景传播视角下的县长直播带货,权力·认同·重构:场景传播视角下的县长直播带货,,许尔凯[1];刘俊辉[1],2021,科技传播,journal article,,confirmed_scenes,TRUE,TRUE,DIGITAL_VIRTUAL_MEDIA,T3,0,0,0,2020–2022: rapid application,CULT_MEDIA,T2
WORK-90229EB82A14,时空逻辑中虚拟文化场景的向度观控与未来展望,时空逻辑中虚拟文化场景的向度观控与未来展望,,陈思;齐骥,2021,经济与社会发展,journal article,,probable_scenes,FALSE,TRUE,DIGITAL_VIRTUAL_MEDIA,T3,0,0,0,2020–2022: rapid application,,
WORK-9127D50627FC,场景视域下大运河非遗生活性保护的策略研究,场景视域下大运河非遗生活性保护的策略研究,,"郭新茹, 陈天宇, 唐月民",2021,南京社会科学,journal article,10.15937/j.cnki.issn1001-8263.2021.05.019,confirmed_scenes,TRUE,TRUE,TOURISM_HERITAGE_PLACE,T3,0,1,0,2020–2022: rapid application,INTERDISC_OTHER,T3
WORK-92460FFEFD83,场景思维下的新式茶饮品牌体验策略设计研究——以喜茶为例,场景思维下的新式茶饮品牌体验策略设计研究——以喜茶为例,,蔡铭浩[1];刘颜楷[1],2021,艺术科技,journal article,,adjacent_convergent,FALSE,TRUE,INTERDISC_OTHER,T3,0,1,0,2020–2022: rapid application,,
WORK-94181A1F41A9,"""节点""书写在城市气质建构与文化遗产""变现""中的作用——以华岳庙与华阴市为例","""节点""书写在城市气质建构与文化遗产""变现""中的作用——以华岳庙与华阴市为例",,程建虎[1],2021,临沂大学学报,journal article,,probable_scenes,FALSE,TRUE,TOURISM_HERITAGE_PLACE,T3,0,1,0,2020–2022: rapid application,,
WORK-96CE23D95463,媒介场景化背景下的实体书店多模态空间建构,媒介场景化背景下的实体书店多模态空间建构,,沈悦[1],2021,中国编辑,journal article,,adjacent_convergent,FALSE,TRUE,DIGITAL_VIRTUAL_MEDIA,T3,0,1,0,2020–2022: rapid application,,
WORK-9EC8805E480A,永久性公共艺术对商业综合体场景营造的策略,永久性公共艺术对商业综合体场景营造的策略,,黄雨婷[1],2021,美与时代:城市版,journal article,,adjacent_convergent,FALSE,TRUE,CULTURAL_CONSUMPTION_COMMERCIAL,T3,0,1,0,2020–2022: rapid application,,
WORK-9EF70784315D,场景传播视角下赣南红色旅游的创新发展——以赣州方特东方欲晓主题公园为例,场景传播视角下赣南红色旅游的创新发展——以赣州方特东方欲晓主题公园为例,,邓艳昕[1],2021,科技传播,journal article,,adjacent_convergent,FALSE,TRUE,TOURISM_HERITAGE_PLACE,T3,0,0,0,2020–2022: rapid application,,
WORK-9FE8B4F99240,场景理论视角下文旅融合可持续发展动力研究——以乌镇为例,场景理论视角下文旅融合可持续发展动力研究——以乌镇为例,,黄琳,2021,中国市场,journal article,,confirmed_scenes,TRUE,TRUE,TOURISM_HERITAGE_PLACE,T3,0,0,0,2020–2022: rapid application,ECON_BUS_CONS,T3
WORK-A32BD5871E82,《典籍里的中国》对经典人物形象的再塑造——以媒介情境论为视角,《典籍里的中国》对经典人物形象的再塑造——以媒介情境论为视角,,胡大海[1];宋美彤[2],2021,艺术传播研究,journal article,,adjacent_convergent,FALSE,TRUE,DIGITAL_VIRTUAL_MEDIA,T3,0,0,0,2020–2022: rapid application,,
WORK-A5B3A5585B3A,未来社区教育场景之构建——基于浙江省杭州市S区和G小镇的实践探索,未来社区教育场景之构建——基于浙江省杭州市S区和G小镇的实践探索,,吕苹[1];金陈蕾[2],2021,湖州师范学院学报,journal article,,adjacent_convergent,FALSE,TRUE,PUBLIC_CULTURE_COMMUNITY,T3,0,0,0,2020–2022: rapid application,,
WORK-A849BE88461A,城市文化场景的营造及空间模式研究——以广州市中心城区为例,城市文化场景的营造及空间模式研究——以广州市中心城区为例,,徐妍,2021,华南理工大学,thesis,,confirmed_scenes,TRUE,FALSE,URBAN_RENEWAL_DESIGN,T3,0,1,0,2020–2022: rapid application,,
WORK-AAB042DA1058,场景视阈下城市夜间文旅消费空间研究——基于长沙超级文和友文化场景的透视,场景视阈下城市夜间文旅消费空间研究——基于长沙超级文和友文化场景的透视,,"傅才武, 王异凡",2021,武汉大学学报（哲学社会科学版）,journal article,10.14086/j.cnki.wujss.2021.06.006,confirmed_scenes,TRUE,TRUE,TOURISM_HERITAGE_PLACE,T3,0,0,0,2020–2022: rapid application,INTERDISC_OTHER,T3
WORK-AD5FDAECE683,数字时代青年公共文化空间的商业化实践——对TX淮海年轻力中心的多向度考察,数字时代青年公共文化空间的商业化实践——对TX淮海年轻力中心的多向度考察,,聂磊,2021,当代青年研究,journal article,10.3969/j.issn.1006-1789.2021.02.009,confirmed_scenes,TRUE,TRUE,DIGITAL_VIRTUAL_MEDIA,T3,0,0,0,2020–2022: rapid application,SOC_POLICY,T3
WORK-AE606FA9C4B0,连云港市文化建设高质量发展研究——以文化场景理论为视角,连云港市文化建设高质量发展研究——以文化场景理论为视角,,刘曼,2021,现代交际,journal article,,confirmed_scenes,TRUE,TRUE,INTERDISC_OTHER,T3,0,0,0,2020–2022: rapid application,CULT_MEDIA,T3
WORK-AEC5A6344B37,以场景红利为核心提升城市品质,以场景红利为核心提升城市品质,Improving Urban Quality with Scene Dividends as the Core,魏建,2021,山东师范大学学报（社会科学版）,journal article,,confirmed_scenes,TRUE,TRUE,INTERDISC_OTHER,T3,0,0,0,2020–2022: rapid application,INTERDISC_OTHER,T3
WORK-AF113A621C25,有声阅读作为弥合视障人群数字鸿沟的场景研究——政策、技术与法律、市场,有声阅读作为弥合视障人群数字鸿沟的场景研究——政策、技术与法律、市场,,徐佳[1],2021,中国出版,journal article,,adjacent_convergent,FALSE,TRUE,DIGITAL_VIRTUAL_MEDIA,T3,1,0,0,2020–2022: rapid application,,
WORK-B1034714B8C2,基于文化场景理论视角下的乡村文化场景构建,基于文化场景理论视角下的乡村文化场景构建,,李明;邢雪娥,2021,宿州学院学报,journal article,,confirmed_scenes,TRUE,TRUE,RURAL_DEVELOPMENT,T3,0,0,0,2020–2022: rapid application,INTERDISC_OTHER,T3
WORK-B8320EEE0B83,地方品质对异质性劳动力流动的影响——基于中国CMDS微观调查数据的分析,地方品质对异质性劳动力流动的影响——基于中国CMDS微观调查数据的分析,,顾芸[1];董亚宁[2],2021,财经科学,journal article,,adjacent_convergent,FALSE,TRUE,INTERDISC_OTHER,T3,0,0,1,2020–2022: rapid application,,
WORK-BAC17C303222,场景理论视域下老旧厂房改造式文创园区发展路径研究,场景理论视域下老旧厂房改造式文创园区发展路径研究,,任泽阳,2021,包头职业技术学院学报,journal article,,confirmed_scenes,TRUE,TRUE,URBAN_RENEWAL_DESIGN,T3,1,1,0,2020–2022: rapid application,INTERDISC_OTHER,T3
WORK-BB45733329C7,"论沉浸式新闻中""场景""要素的运用——以新华社VR新闻为例","论沉浸式新闻中""场景""要素的运用——以新华社VR新闻为例",,杨小洁[1],2021,西部广播电视,journal article,,adjacent_convergent,FALSE,TRUE,DIGITAL_VIRTUAL_MEDIA,T3,0,0,0,2020–2022: rapid application,,
WORK-BFEAD7444C24,"微信""拍一拍"":一种新媒介场景的构建","微信""拍一拍"":一种新媒介场景的构建",,李昂[1];王慧灵[2],2021,新媒体研究,journal article,,adjacent_convergent,FALSE,TRUE,DIGITAL_VIRTUAL_MEDIA,T3,0,0,0,2020–2022: rapid application,,
WORK-C2D80CFBB686,区域一体化、地方品质对产品质量的影响——引入质量的新经济地理学模型,区域一体化、地方品质对产品质量的影响——引入质量的新经济地理学模型,,薛领[1];张晓林[1];张天骄[1],2021,经济问题探索,journal article,,adjacent_convergent,FALSE,TRUE,INTERDISC_OTHER,T3,0,0,1,2020–2022: rapid application,,
WORK-C5DB1DDF20DE,餐厅服务场景的文化特征对服务失误归因的影响机制,餐厅服务场景的文化特征对服务失误归因的影响机制,,黎冬梅[1];黎慕华[2],2021,旅游科学,journal article,,adjacent_convergent,FALSE,TRUE,INTERDISC_OTHER,T3,0,0,1,2020–2022: rapid application,,
WORK-C8CD1F3B649E,体验经济视角下夜间旅游场景营造思路研究,体验经济视角下夜间旅游场景营造思路研究,,"刘道璇[1];李庆雷[1,2]",2021,西部经济管理论坛,journal article,,adjacent_convergent,FALSE,TRUE,TOURISM_HERITAGE_PLACE,T3,0,1,0,2020–2022: rapid application,,
WORK-D31DB9F77A1F,场景理论视角下的湖南文化产业园区发展路径研究,场景理论视角下的湖南文化产业园区发展路径研究,,曾咏梅;程星雨;王晨曦,2021,怀化学院学报,journal article,,confirmed_scenes,TRUE,TRUE,CULTURAL_CREATIVE_INNOVATION,T3,1,0,0,2020–2022: rapid application,INTERDISC_OTHER,T3
WORK-D4519CDE34B5,基于数字化传播的场景叙事探析,基于数字化传播的场景叙事探析,,汪宏升[1],2021,视听,journal article,,adjacent_convergent,FALSE,TRUE,DIGITAL_VIRTUAL_MEDIA,T3,0,0,0,2020–2022: rapid application,,
WORK-D933F1CEF3BC,场景视域下县级融媒体中心建设的路径规划研究,场景视域下县级融媒体中心建设的路径规划研究,,周彤[1],2021,新闻知识,journal article,,confirmed_scenes,TRUE,TRUE,URBAN_RENEWAL_DESIGN,T3,0,1,0,2020–2022: rapid application,CULT_MEDIA,T3
WORK-DC38E0499E18,场景理论下城市历史文化街区的发展——以芙蓉街-百花洲历史文化街区为例,场景理论下城市历史文化街区的发展——以芙蓉街-百花洲历史文化街区为例,,李军红;侯传勇,2021,齐鲁艺苑:山东艺术学院学报,journal article,,confirmed_scenes,TRUE,TRUE,TOURISM_HERITAGE_PLACE,T3,0,0,0,2020–2022: rapid application,CULT_MEDIA,T3
WORK-E2C3034DC0D5,短视频原生广告的场景化传播,短视频原生广告的场景化传播,,黄慧[1],2021,传媒,journal article,,adjacent_convergent,FALSE,TRUE,INTERDISC_OTHER,T3,0,0,0,2020–2022: rapid application,,
WORK-E44FB03D65D2,场景、体验、连接、社群:图书出版3.0的新进路,场景、体验、连接、社群:图书出版3.0的新进路,,马廷魁[1];刘岩[1],2021,中国编辑,journal article,,adjacent_convergent,FALSE,TRUE,INTERDISC_OTHER,T3,0,0,0,2020–2022: rapid application,,
WORK-E5528AAD5968,基于情境空间构建的博物馆文创产品设计方法研究,基于情境空间构建的博物馆文创产品设计方法研究,,吴介[1];刘慧喜[1],2021,艺术与设计(理论),journal article,10.16824/j.cnki.issn10082832.2021.12.022,adjacent_convergent,FALSE,TRUE,TOURISM_HERITAGE_PLACE,T3,0,1,0,2020–2022: rapid application,,
WORK-E6E3E09328E9,5G赋能媒介场景变革:极简交互、多感响应与直连推送,5G赋能媒介场景变革:极简交互、多感响应与直连推送,,于智源[1];倪万[1],2021,中国出版,journal article,,adjacent_convergent,FALSE,TRUE,DIGITAL_VIRTUAL_MEDIA,T3,0,0,0,2020–2022: rapid application,,
WORK-E6F79B1B93D2,图书馆数字资源阅读推广的场景构建研究,图书馆数字资源阅读推广的场景构建研究,,岳修志[1],2021,高校图书馆工作,journal article,,adjacent_convergent,FALSE,TRUE,DIGITAL_VIRTUAL_MEDIA,T3,0,0,0,2020–2022: rapid application,,
WORK-E790241D7703,基于传递观与仪式观的场景式阅读研究——由《一本好书》说起,基于传递观与仪式观的场景式阅读研究——由《一本好书》说起,,刘艳[1],2021,图书馆建设,journal article,,adjacent_convergent,FALSE,TRUE,INTERDISC_OTHER,T3,0,0,0,2020–2022: rapid application,,
WORK-EECC280B6161,场景理论的范式转型及其中国实践,场景理论的范式转型及其中国实践,Theory of Scenes: Paradigm Transformation and Its Practice in China,温雯; 戴俊骋,2021,山东大学学报（哲学社会科学版）,journal article,,confirmed_scenes,TRUE,TRUE,THEORY_GATEWAY,T2,0,0,0,2020–2022: rapid application,INTERDISC_OTHER,T3
WORK-F0FD43E93B7D,重庆老旧小区公共空间场景化改造策略探究,重庆老旧小区公共空间场景化改造策略探究,,"赵万民, 吴斯妤, 杨光",2021,规划师,journal article,10.3969/j.issn.1006-0022.2021.17.006,confirmed_scenes,TRUE,TRUE,PUBLIC_CULTURE_COMMUNITY,T3,0,1,0,2020–2022: rapid application,URBAN_PLAN_GEO,T3
WORK-F59EEE43B144,虚拟文化空间场景维度及评价研究——以“云游博物馆”为例,虚拟文化空间场景维度及评价研究——以“云游博物馆”为例,,陈波;彭心睿,2021,江汉论坛,journal article,10.3969/j.issn.1003-854X.2021.04.018,confirmed_scenes,TRUE,TRUE,DIGITAL_VIRTUAL_MEDIA,T3,0,0,1,2020–2022: rapid application,INTERDISC_OTHER,T3
WORK-F7A7EC2D740F,场景理论在成都城市社区更新中的在地应用——以望平社区为例,场景理论在成都城市社区更新中的在地应用——以望平社区为例,,赵蔚;韩腾飞;李春玲,2021,上海城市规划,journal article,,confirmed_scenes,TRUE,TRUE,PUBLIC_CULTURE_COMMUNITY,T3,0,1,0,2020–2022: rapid application,URBAN_PLAN_GEO,T3
WORK-F8227F2E8731,场景化治理:市域社会治理的创新与发展——重庆市沙坪坝区的实践样本,场景化治理:市域社会治理的创新与发展——重庆市沙坪坝区的实践样本,,"王斌[1,2,3]",2021,重庆行政,journal article,,adjacent_convergent,FALSE,TRUE,CULTURAL_CREATIVE_INNOVATION,T3,1,0,0,2020–2022: rapid application,,
WORK-F9453AB659B3,乡村文旅融合对游客满意度的影响研究——基于场景理论的实证分析,乡村文旅融合对游客满意度的影响研究——基于场景理论的实证分析,,黎玲,2021,技术经济与管理研究,journal article,,confirmed_scenes,TRUE,TRUE,RURAL_DEVELOPMENT,T3,0,0,1,2020–2022: rapid application,ECON_BUS_CONS,T3
WORK-F96C57A5B977,试析玛莎·施瓦茨景观设计作品中的体验场景塑造,试析玛莎·施瓦茨景观设计作品中的体验场景塑造,,吴凡[1],2021,美术大观,journal article,,adjacent_convergent,FALSE,TRUE,URBAN_RENEWAL_DESIGN,T3,0,1,0,2020–2022: rapid application,,
WORK-FA74D81AB2BB,城市文化空间理性内涵与优化路径,城市文化空间理性内涵与优化路径,,赵婉彤,2021,西安电子科技大学,thesis,,confirmed_scenes,TRUE,FALSE,INTERDISC_OTHER,T3,0,0,0,2020–2022: rapid application,,
WORK-FCEDDEA9414D,基于场景理论的文化创意产业园的创意阶层就业偏好与场景建设研究——以成都市东郊记忆和西村大院为例,基于场景理论的文化创意产业园的创意阶层就业偏好与场景建设研究——以成都市东郊记忆和西村大院为例,,杨欣傲,2021,兰州大学,thesis,,confirmed_scenes,TRUE,FALSE,CULTURAL_CREATIVE_INNOVATION,T3,0,0,0,2020–2022: rapid application,,
WORK-FEB100758DD1,文化场景理论下成都公园城市文化场景构建,文化场景理论下成都公园城市文化场景构建,,周逸影;高梦薇,2021,资源与人居环境,journal article,,confirmed_scenes,TRUE,TRUE,INTERDISC_OTHER,T3,0,0,0,2020–2022: rapid application,URBAN_PLAN_GEO,T3
WORK-015E0AC9A4A9,场景理论下青岛滨海广场夜景观营造方法研究,场景理论下青岛滨海广场夜景观营造方法研究,,贾宏远,2022,青岛理工大学,thesis,,confirmed_scenes,TRUE,FALSE,URBAN_RENEWAL_DESIGN,T3,0,1,0,2020–2022: rapid application,,
WORK-0163F1D6A87B,基于媒介情境论的播音员主持人角色转换与转型研究,基于媒介情境论的播音员主持人角色转换与转型研究,,韩瑞聪[1],2022,中国广播,journal article,,adjacent_convergent,FALSE,TRUE,DIGITAL_VIRTUAL_MEDIA,T3,0,0,0,2020–2022: rapid application,,
WORK-024B01A9D76B,基于场景理论的老旧社区户外空间改造后评价——以上海闵行区“美丽家园”建设为例,基于场景理论的老旧社区户外空间改造后评价——以上海闵行区“美丽家园”建设为例,,杨利华;王云,2022,建筑与文化,journal article,10.19875/j.cnki.jzywh.2022.08.056,confirmed_scenes,TRUE,TRUE,PUBLIC_CULTURE_COMMUNITY,T3,0,1,1,2020–2022: rapid application,ARCH_DES_HER,T3
WORK-06FCCCCD3854,红色旅游体验场景量表开发:一种混合式方法的应用,红色旅游体验场景量表开发:一种混合式方法的应用,,"李慧[1,2];张梦[1]",2022,旅游科学,journal article,10.16323/j.cnki.lykx.2022.06.003,adjacent_convergent,FALSE,TRUE,TOURISM_HERITAGE_PLACE,T3,0,0,0,2020–2022: rapid application,,
WORK-086D6264647C,场景的“蜂鸣生产力”,场景的“蜂鸣生产力”,,齐骥; 亓冉; 特里·N·克拉克,2022,山东大学学报（哲学社会科学版）,journal article,10.19836/j.cnki.37-1100/c.2022.04.003,confirmed_scenes,TRUE,TRUE,CULTURAL_CREATIVE_INNOVATION,T2,0,0,0,2020–2022: rapid application,INTERDISC_OTHER,T3
WORK-08BBFE487F9F,符号介入:体育文化场景构筑与空间生产研究——以花木兰体育公园为例,符号介入:体育文化场景构筑与空间生产研究——以花木兰体育公园为例,,陈治;屈晨旭,2022,广州体育学院学报,journal article,10.13830/j.cnki.cn44-1129/g8.2022.04.010,probable_scenes,FALSE,TRUE,SPORT_LEISURE,T3,0,0,0,2020–2022: rapid application,,
WORK-095B7B4932FB,基于场景理论的南京纪念性主题公园景观设计研究,基于场景理论的南京纪念性主题公园景观设计研究,,倪庆,2022,东南大学,thesis,,confirmed_scenes,TRUE,FALSE,URBAN_RENEWAL_DESIGN,T3,0,1,0,2020–2022: rapid application,,
WORK-0B93577D2465,媒介情境论视域下主流舆论阵地建设研究,媒介情境论视域下主流舆论阵地建设研究,,陈文耀[1],2022,新媒体研究,journal article,10.16604/j.cnki.issn2096-0360.2022.17.010,adjacent_convergent,FALSE,TRUE,DIGITAL_VIRTUAL_MEDIA,T3,0,0,0,2020–2022: rapid application,,
WORK-0BA39736AD58,场景理论及其在我国历史城镇保护与更新中的应用,场景理论及其在我国历史城镇保护与更新中的应用,,李和平;金红;特里·N·克拉克等,2022,城市规划学刊,journal article,,confirmed_scenes,TRUE,TRUE,URBAN_RENEWAL_DESIGN,T3,0,1,0,2020–2022: rapid application,URBAN_PLAN_GEO,T2
WORK-133FE2C516FF,基于场景理论的乡村文化改造设计研究——以新县丁李湾为例,基于场景理论的乡村文化改造设计研究——以新县丁李湾为例,,魏正聪;汪柄江,2022,艺术科技,journal article,,confirmed_scenes,TRUE,TRUE,RURAL_DEVELOPMENT,T3,0,1,0,2020–2022: rapid application,CULT_MEDIA,T2
WORK-14998A212784,身临其境:博物馆沉浸式交互场景的营造与设计,身临其境:博物馆沉浸式交互场景的营造与设计,,谭奇[1],2022,博物馆管理,journal article,,adjacent_convergent,FALSE,TRUE,DIGITAL_VIRTUAL_MEDIA,T3,0,1,0,2020–2022: rapid application,,
WORK-178DDA53CD69,数字化文化消费新场景的背景、特征、功能与发展方向,数字化文化消费新场景的背景、特征、功能与发展方向,,齐骥[1];陈思[1],2022,福建论坛:人文社会科学版,journal article,,adjacent_convergent,FALSE,TRUE,DIGITAL_VIRTUAL_MEDIA,T3,0,0,0,2020–2022: rapid application,,
WORK-1A1BA391F0AD,场景视域下城市创意街区的空间营造：理论维度与范式,场景视域下城市创意街区的空间营造：理论维度与范式,,钟晟,2022,理论月刊,journal article,,confirmed_scenes,TRUE,TRUE,CULTURAL_CREATIVE_INNOVATION,T3,0,1,0,2020–2022: rapid application,INTERDISC_OTHER,T3
WORK-1F13A6E1A72E,基于场景理论的社区农贸市场公共环境设计研究,基于场景理论的社区农贸市场公共环境设计研究,,余慧怡,2022,东南大学,thesis,,confirmed_scenes,TRUE,FALSE,PUBLIC_CULTURE_COMMUNITY,T3,0,1,0,2020–2022: rapid application,,
WORK-1F1E4BB93132,中国非物质文化遗产的数字化场景与构建路径,中国非物质文化遗产的数字化场景与构建路径,,温雯[1];赵梦笛[1],2022,理论月刊,journal article,10.14180/j.cnki.1004-0544.2022.10.011,adjacent_convergent,FALSE,TRUE,DIGITAL_VIRTUAL_MEDIA,T3,0,0,0,2020–2022: rapid application,,
WORK-212AC90DC520,媒介融合背景下“开年大剧”的场景传播机制探析——从《人世间》的热播现象谈起,媒介融合背景下“开年大剧”的场景传播机制探析——从《人世间》的热播现象谈起,,魏兵[1];韩宜轩[2],2022,艺术教育,journal article,,confirmed_scenes,TRUE,TRUE,DIGITAL_VIRTUAL_MEDIA,T3,0,0,0,2020–2022: rapid application,EDUCATION,T2
WORK-215EFBFA9D5B,以新型邻里文化为核心的未来社区场景设计研究,以新型邻里文化为核心的未来社区场景设计研究,,董安娜[1],2022,中国科技投资,journal article,,adjacent_convergent,FALSE,TRUE,PUBLIC_CULTURE_COMMUNITY,T3,0,1,0,2020–2022: rapid application,,
WORK-21B910A618AC,基于场景理论的数字文化旅游融合发展研究,基于场景理论的数字文化旅游融合发展研究,,汪妍,2022,北京航空航天大学学报（社会科学版）,journal article,10.13766/j.bhsk.1008-2204.2021.0575,confirmed_scenes,TRUE,TRUE,DIGITAL_VIRTUAL_MEDIA,T2,0,0,0,2020–2022: rapid application,INTERDISC_OTHER,T3
WORK-23B3F1F1AFD6,山东大运河的文化空间与场景塑造,山东大运河的文化空间与场景塑造,,范玉刚;许诗怡,2022,中原文化研究,journal article,10.3969/j.issn.2095-5669.2022.03.008,confirmed_scenes,TRUE,TRUE,INTERDISC_OTHER,T3,0,0,0,2020–2022: rapid application,CULT_MEDIA,T3
WORK-25E5DE5B7BC3,场景视域下“诗城”马鞍山的城市文化品牌传播路径探索,场景视域下“诗城”马鞍山的城市文化品牌传播路径探索,,路淑敏[1],2022,视听,journal article,,confirmed_scenes,TRUE,TRUE,INTERDISC_OTHER,T3,0,0,0,2020–2022: rapid application,CULT_MEDIA,T2
WORK-265A111FC658,媒介情境视域下文博纪录片的创新归因——以《如果国宝会说话》为例,媒介情境视域下文博纪录片的创新归因——以《如果国宝会说话》为例,,吴晓贤[1],2022,全媒体探索,journal article,,adjacent_convergent,FALSE,TRUE,DIGITAL_VIRTUAL_MEDIA,T3,0,0,0,2020–2022: rapid application,,
WORK-2DFD49AA9EB4,基于B站的高校思想政治教育媒介情境论考察,基于B站的高校思想政治教育媒介情境论考察,,蒋海蛟[1];王世丹[1],2022,齐齐哈尔大学学报:哲学社会科学版,journal article,10.13971/j.cnki.cn23-1435/c.2022.08.020,adjacent_convergent,FALSE,TRUE,DIGITAL_VIRTUAL_MEDIA,T3,0,0,0,2020–2022: rapid application,,
WORK-3062C8BE888F,体育服务综合体消费场景营造的逻辑动因、实践探索及提升策略,体育服务综合体消费场景营造的逻辑动因、实践探索及提升策略,,陈元欣;刘恒;陈磊,2022,体育学研究,journal article,10.15877/j.cnki.nsic.20220428.001,adjacent_convergent,FALSE,TRUE,SPORT_LEISURE,T3,0,1,0,2020–2022: rapid application,,
WORK-32706CD5192B,基于场景理论分析旅游城市建筑群的文化价值观,基于场景理论分析旅游城市建筑群的文化价值观,,任秀芹;张佳琪,2022,西部旅游,journal article,,confirmed_scenes,TRUE,TRUE,TOURISM_HERITAGE_PLACE,T3,0,0,0,2020–2022: rapid application,TOUR_HOSP,T3
WORK-3969D9D4FBD6,乡村文化空间营造:中国乡村文化治理的空间转向,乡村文化空间营造:中国乡村文化治理的空间转向,,傅才武;李俊辰,2022,深圳大学学报（人文社会科学版）,journal article,10.3969/j.issn.1000-260X.2022.05.001,confirmed_scenes,TRUE,TRUE,RURAL_DEVELOPMENT,T3,1,1,0,2020–2022: rapid application,INTERDISC_OTHER,T3
WORK-399720E466A1,文化遗产虚拟场景维度设计与评价——以动态版《清明上河图》为例,文化遗产虚拟场景维度设计与评价——以动态版《清明上河图》为例,,陈波[1];巢雪薇[1],2022,中南民族大学学报:人文社会科学版,journal article,10.19898/j.cnki.42-1704/C.2022.0709,confirmed_scenes,TRUE,TRUE,DIGITAL_VIRTUAL_MEDIA,T3,0,1,1,2020–2022: rapid application,INTERDISC_OTHER,T3
WORK-3A35C8C35A96,基于场景理论的山地城市社区公共空间解析与空间优化——以重庆市渝中区领事巷社区为例,基于场景理论的山地城市社区公共空间解析与空间优化——以重庆市渝中区领事巷社区为例,,黄睿,2022,重庆大学,thesis,,confirmed_scenes,TRUE,FALSE,PUBLIC_CULTURE_COMMUNITY,T3,0,0,0,2020–2022: rapid application,,
WORK-3E7C2D898F4E,发达国家城市存量空间更新中体育场景注入经验与启示,发达国家城市存量空间更新中体育场景注入经验与启示,,赵明楠;李雨阳;史友宽,2022,体育文化导刊,journal article,10.3969/j.issn.1671-1572.2022.03.006,confirmed_scenes,TRUE,TRUE,SPORT_LEISURE,T3,1,1,0,2020–2022: rapid application,SPORT_LEISURE,T3
WORK-3F384999DA2A,聊天截屏跨场景传播的意义赋予与反思,聊天截屏跨场景传播的意义赋予与反思,,吴翊阳[1];罗彬[2],2022,视听,journal article,10.19395/j.cnki.1674-246x.2022.08.032,adjacent_convergent,FALSE,TRUE,INTERDISC_OTHER,T3,0,0,0,2020–2022: rapid application,,
WORK-41C0AF30094A,消费新场景 生活新体验,消费新场景 生活新体验,,蒋筱青[1],2022,四川党的建设,journal article,,adjacent_convergent,FALSE,TRUE,CULTURAL_CONSUMPTION_COMMERCIAL,T3,0,0,0,2020–2022: rapid application,,
WORK-44236C44AAAA,社区邻里公共空间的维度分析与建构路径——基于场景理论的分析,社区邻里公共空间的维度分析与建构路径——基于场景理论的分析,,陈莹,2022,西安建筑科技大学学报:社会科学版,journal article,10.15986/j.1008-7192.2022.05.007,confirmed_scenes,TRUE,TRUE,PUBLIC_CULTURE_COMMUNITY,T3,0,1,0,2020–2022: rapid application,INTERDISC_OTHER,T3
WORK-45C4F1FD2F8D,场景如何赋能短视频商业模式价值创造?——快手和抖音双案例研究,场景如何赋能短视频商业模式价值创造?——快手和抖音双案例研究,,"王福[1,2]",2022,西安交通大学学报:社会科学版,journal article,10.15896/j.xjtuskxb.202206018,adjacent_convergent,FALSE,TRUE,CULTURAL_CONSUMPTION_COMMERCIAL,T3,0,0,0,2020–2022: rapid application,,
WORK-478FA19EB352,以何为家:媒介情境论视域下异地分居的青年夫妻微信交往研究,以何为家:媒介情境论视域下异地分居的青年夫妻微信交往研究,,朱国丽[1];袁爱清[1],2022,东南传播,journal article,10.13556/j.cnki.dncb.cn35-1274/j.2022.03.013,adjacent_convergent,FALSE,TRUE,DIGITAL_VIRTUAL_MEDIA,T3,0,0,0,2020–2022: rapid application,,
WORK-489E4AB769CA,场景理论视角下的城市更新策略研究,场景理论视角下的城市更新策略研究,,闫文倩,2022,新丝路,journal article,,confirmed_scenes,TRUE,TRUE,URBAN_RENEWAL_DESIGN,T3,0,1,0,2020–2022: rapid application,INTERDISC_OTHER,T2
WORK-4ABBF3921277,场景赋能红色文化旅游发展的理论逻辑与多维路径,场景赋能红色文化旅游发展的理论逻辑与多维路径,,邵明华;杨甜甜,2022,兰州大学学报（社会科学版）,journal article,10.13885/j.issn.1000-2804.2022.06.009,confirmed_scenes,TRUE,TRUE,TOURISM_HERITAGE_PLACE,T3,0,0,0,2020–2022: rapid application,INTERDISC_OTHER,T3
WORK-4AF241D39160,乡村振兴中的文化场景构建研究——基于场景理论的视角,乡村振兴中的文化场景构建研究——基于场景理论的视角,,齐慧姝;郑芳,2022,吉林艺术学院学报,journal article,10.13867/j.cnki.1674-5442.2022.04.005,confirmed_scenes,TRUE,TRUE,RURAL_DEVELOPMENT,T3,1,0,0,2020–2022: rapid application,CULT_MEDIA,T3
WORK-4B63FA395105,媒介融合中的场景传播特点——以移动新闻为例,媒介融合中的场景传播特点——以移动新闻为例,,李杭梅[1],2022,科技传播,journal article,10.16607/j.cnki.1674-6708.2022.08.040,adjacent_convergent,FALSE,TRUE,DIGITAL_VIRTUAL_MEDIA,T3,0,0,0,2020–2022: rapid application,,
WORK-4C38709379A6,体育赛事传播中场景叙事对互动仪式链建构的作用——以2022北京冬奥会为例,体育赛事传播中场景叙事对互动仪式链建构的作用——以2022北京冬奥会为例,,杨佳欣[1],2022,新媒体研究,journal article,10.16604/j.cnki.issn2096-0360.2022.19.003,adjacent_convergent,FALSE,TRUE,SPORT_LEISURE,T3,0,1,0,2020–2022: rapid application,,
WORK-4CB00CEC336B,当代博物馆展示空间中代入感场景叙事的类型,当代博物馆展示空间中代入感场景叙事的类型,,何修传[1];石硕[2],2022,四川戏剧,journal article,,adjacent_convergent,FALSE,TRUE,TOURISM_HERITAGE_PLACE,T3,0,0,0,2020–2022: rapid application,,
WORK-4D2347353F64,文化场景理论视域下社区图书馆场景化建构研究,文化场景理论视域下社区图书馆场景化建构研究,,陈冀宏,2022,图书馆,journal article,,confirmed_scenes,TRUE,TRUE,PUBLIC_CULTURE_COMMUNITY,T3,0,1,0,2020–2022: rapid application,INFO_TECH,T3
WORK-4FC60692C1D4,数字化时代旅游场景:概念整合与价值创造,数字化时代旅游场景:概念整合与价值创造,,"夏蜀[1,2];陈中科[1]",2022,旅游科学,journal article,10.16323/j.cnki.lykx.20220506.001,adjacent_convergent,FALSE,TRUE,DIGITAL_VIRTUAL_MEDIA,T3,0,0,0,2020–2022: rapid application,,
WORK-4FDD69C5E57B,审美视角下钱塘江诗路文化场景营造研究,审美视角下钱塘江诗路文化场景营造研究,,彭静瑶,2022,浙江工业大学,thesis,,confirmed_scenes,TRUE,FALSE,URBAN_RENEWAL_DESIGN,T3,0,1,0,2020–2022: rapid application,,
WORK-51366F2BC1EA,新场景消费背景下文旅街区场景的创建与提升 ——以三坊七巷为例,新场景消费背景下文旅街区场景的创建与提升 ——以三坊七巷为例,,孔旭红,2022,中国市场,journal article,10.13939/j.cnki.zgsc.2022.19.031,confirmed_scenes,TRUE,TRUE,TOURISM_HERITAGE_PLACE,T3,0,0,0,2020–2022: rapid application,ECON_BUS_CONS,T3
WORK-518435C9B118,场景传播视角的红色档案资源开发与传播,场景传播视角的红色档案资源开发与传播,,聂勇浩[1];牟胜男[1],2022,浙江档案,journal article,10.16033/j.cnki.33-1055/g2.2022.07.018,adjacent_convergent,FALSE,TRUE,INTERDISC_OTHER,T3,0,0,0,2020–2022: rapid application,,
WORK-52427D5BC688,基于场景理论的老旧小区公共空间改造策略研究——以合肥市合浦南村为例,基于场景理论的老旧小区公共空间改造策略研究——以合肥市合浦南村为例,,乔瑞;王亚迅,2022,住宅产业,journal article,,confirmed_scenes,TRUE,TRUE,PUBLIC_CULTURE_COMMUNITY,T2,0,1,0,2020–2022: rapid application,ARCH_DES_HER,T3
WORK-526A04E26FEE,场景理论在中国城乡规划领域的应用及展望——基于CiteSpace的文献计量分析,场景理论在中国城乡规划领域的应用及展望——基于CiteSpace的文献计量分析,,谭辰雯; 孔惟洁; 王霖,2022,城市建筑,journal article,,confirmed_scenes,TRUE,TRUE,URBAN_RENEWAL_DESIGN,T3,0,1,0,2020–2022: rapid application,ARCH_DES_HER,T3
WORK-54C75F01776E,场景理论视角下乡村公共文化空间的价值重构,场景理论视角下乡村公共文化空间的价值重构,,倪跃达,2022,领导科学论坛,journal article,10.19299/j.cnki.42-1837/C.2022.10.015,confirmed_scenes,TRUE,TRUE,RURAL_DEVELOPMENT,T3,0,0,0,2020–2022: rapid application,SOC_POLICY,T3
WORK-5848B568C1A4,文化资本导向下的乡村公共文化空间更新研究——以浏阳市竹联村美丽屋场营建为例,文化资本导向下的乡村公共文化空间更新研究——以浏阳市竹联村美丽屋场营建为例,,罗荩;高美祥;杨瑛;等,2022,西部人居环境学刊,journal article,10.13791/j.cnki.hsfwest.20220218,confirmed_scenes,TRUE,TRUE,RURAL_DEVELOPMENT,T3,0,1,0,2020–2022: rapid application,URBAN_PLAN_GEO,T3
WORK-58F67A7B1CF6,基于场景理论的体育非物质文化遗产保护运行机制与实践方略,基于场景理论的体育非物质文化遗产保护运行机制与实践方略,,宋博;张春燕;丁冠榕,2022,体育文化导刊,journal article,,confirmed_scenes,TRUE,TRUE,SPORT_LEISURE,T3,0,1,0,2020–2022: rapid application,SPORT_LEISURE,T3
WORK-59738DB6D0E7,场景理论视角下东昌路更新策略研究,场景理论视角下东昌路更新策略研究,,杜书波;孟宪栋;张晓宇;等,2022,城市建筑,journal article,10.19892/j.cnki.csjz.2022.15.10,confirmed_scenes,TRUE,TRUE,INTERDISC_OTHER,T3,0,1,0,2020–2022: rapid application,ARCH_DES_HER,T3
WORK-5B9E21E5A572,“邻里支持单元”防疫互助赋能未来社区邻里场景营造,“邻里支持单元”防疫互助赋能未来社区邻里场景营造,,孟静亭[1];王涛[2];林再国[3],2022,建筑与文化,journal article,10.19875/j.cnki.jzywh.2022.12.040,adjacent_convergent,FALSE,TRUE,PUBLIC_CULTURE_COMMUNITY,T3,0,1,0,2020–2022: rapid application,,
WORK-5FB58454D8FB,黄河国家文化公园空间生产机理及其场景表达研究,黄河国家文化公园空间生产机理及其场景表达研究,,陈波;庞亚婷,2022,武汉大学学报（哲学社会科学版）,journal article,10.14086/j.cnki.wujss.2022.05.006,probable_scenes,FALSE,TRUE,TOURISM_HERITAGE_PLACE,T3,1,0,0,2020–2022: rapid application,,
WORK-5FC78901209A,媒体融合背景下区域媒体的场景化传播探索——以楚天都市报极目新闻为例,媒体融合背景下区域媒体的场景化传播探索——以楚天都市报极目新闻为例,,蔡沁辰[1],2022,科技传播,journal article,10.16607/j.cnki.1674-6708.2022.10.029,adjacent_convergent,FALSE,TRUE,INTERDISC_OTHER,T3,0,0,0,2020–2022: rapid application,,
WORK-600D8174427A,黄河文化的符号化与场景化传播,黄河文化的符号化与场景化传播,,战令琦[1];张海斌[2],2022,新闻爱好者,journal article,10.16017/j.cnki.xwahz.2022.11.017,confirmed_scenes,TRUE,TRUE,INTERDISC_OTHER,T3,0,0,0,2020–2022: rapid application,CULT_MEDIA,T3
WORK-61C613CEA1AD,消费场景视角下国际消费中心城市建设路径探索 ——以成都为例,消费场景视角下国际消费中心城市建设路径探索 ——以成都为例,,吴军;王修齐;刘润东,2022,现代城市研究,journal article,10.3969/j.issn.1009-6000.2022.10.002,confirmed_scenes,TRUE,TRUE,CULTURAL_CONSUMPTION_COMMERCIAL,T3,1,1,0,2020–2022: rapid application,URBAN_PLAN_GEO,T3
WORK-6210827819F4,基于文化场景理论的大学图书馆主题展览之思,基于文化场景理论的大学图书馆主题展览之思,,刘波;潘明茜;宋茂荣,2022,图书馆学刊,journal article,10.14037/j.cnki.tsgxk.2022.11.001,confirmed_scenes,TRUE,TRUE,PUBLIC_CULTURE_COMMUNITY,T3,0,0,0,2020–2022: rapid application,INFO_TECH,T3
WORK-6211F6AC26C2,智媒时代儿童阅读的场景建构与价值观引领,智媒时代儿童阅读的场景建构与价值观引领,,"张炯[1,2]",2022,中国编辑,journal article,,adjacent_convergent,FALSE,TRUE,INTERDISC_OTHER,T3,0,1,0,2020–2022: rapid application,,
WORK-62B5A5F7C0D0,文化数字化赋能数字文化消费新场景,文化数字化赋能数字文化消费新场景,,沈锐拥[1],2022,人文天下,journal article,10.16737/j.cnki.rwtx81281190.2022.07.010,adjacent_convergent,FALSE,TRUE,DIGITAL_VIRTUAL_MEDIA,T3,0,0,0,2020–2022: rapid application,,
WORK-63B7CD97CAA7,场景视域下旅游休闲街区夜间品牌研究,场景视域下旅游休闲街区夜间品牌研究,,张馨瑞,2022,上海师范大学,thesis,,confirmed_scenes,TRUE,FALSE,SPORT_LEISURE,T3,0,0,0,2020–2022: rapid application,,
WORK-640D57AC1EBF,城市消费舒适物的产业结构升级效应研究——基于人才集聚的中介作用,城市消费舒适物的产业结构升级效应研究——基于人才集聚的中介作用,,武优勐;王鹏帆;毛中根,2022,浙江工商大学学报,journal article,10.14134/j.cnki.cn33-1337/c.2022.02.011,confirmed_scenes,TRUE,TRUE,CULTURAL_CONSUMPTION_COMMERCIAL,T3,0,0,1,2020–2022: rapid application,ECON_BUS_CONS,T3
WORK-66AE36577A15,"移动互联时代导航应用的场景化传播——以""高德地图""为例","移动互联时代导航应用的场景化传播——以""高德地图""为例",,程小婷[1],2022,科技传播,journal article,10.16607/j.cnki.1674-6708.2022.06.024,adjacent_convergent,FALSE,TRUE,INTERDISC_OTHER,T3,0,0,0,2020–2022: rapid application,,
WORK-670A58A566E5,乡村人文场景营造策略研究 ——以桂中乡村为例,乡村人文场景营造策略研究 ——以桂中乡村为例,,罗舒雅,2022,美与时代（城市）,journal article,,confirmed_scenes,TRUE,TRUE,RURAL_DEVELOPMENT,T3,0,1,0,2020–2022: rapid application,ARCH_DES_HER,T3
WORK-67607F5A6028,场景视域下虚拟形象类综艺节目的探索与创新——以《2060》为例,场景视域下虚拟形象类综艺节目的探索与创新——以《2060》为例,,董玉芝[1];洪西贝[1],2022,新闻爱好者,journal article,10.16017/j.cnki.xwahz.2022.08.013,probable_scenes,FALSE,TRUE,DIGITAL_VIRTUAL_MEDIA,T3,0,0,0,2020–2022: rapid application,,
WORK-6D47412079A1,场景理论视角下合肥特色街区文化传播研究,场景理论视角下合肥特色街区文化传播研究,,李若婧,2022,安徽开放大学学报,journal article,10.19371/j.cnki.issn1008-6021.2022.02.006,confirmed_scenes,TRUE,TRUE,URBAN_RENEWAL_DESIGN,T3,0,0,0,2020–2022: rapid application,INTERDISC_OTHER,T3
WORK-70FBA09F3159,场景理论框架下的未来乡村建设要素与场景类型研究——以杭州市桐庐县大路村为例,场景理论框架下的未来乡村建设要素与场景类型研究——以杭州市桐庐县大路村为例,,曹志奎;陈雪萤;武前波等,2022,规划师,journal article,10.3969/j.issn.1006-0022.2022.12.018,confirmed_scenes,TRUE,TRUE,RURAL_DEVELOPMENT,T3,0,0,0,2020–2022: rapid application,URBAN_PLAN_GEO,T3
WORK-72AB7AD4EF91,文化场景一体化设计实践,文化场景一体化设计实践,,郑宏杰;彭科;张莎,2022,建筑与文化,journal article,10.19875/j.cnki.jzywh.2022.10.033,probable_scenes,FALSE,TRUE,INTERDISC_OTHER,T3,0,1,0,2020–2022: rapid application,,
WORK-739AB65EA658,用户场景视域下专业出版知识服务模式探析,用户场景视域下专业出版知识服务模式探析,,贺芳[1],2022,中国出版,journal article,,probable_scenes,FALSE,TRUE,INTERDISC_OTHER,T3,0,0,0,2020–2022: rapid application,,
WORK-7523DF37C8D5,乡村文化延革的新思路：农家书屋文化服务场景建构,乡村文化延革的新思路：农家书屋文化服务场景建构,,张勇丽;丁梦瑶,2022,文艺争鸣,journal article,,confirmed_scenes,TRUE,TRUE,RURAL_DEVELOPMENT,T3,0,1,0,2020–2022: rapid application,CULT_MEDIA,T3
WORK-7647EECE73A6,场景理论下非遗旅游地文化价值提升研究——基于浙江省27个非遗旅游小镇数据分析,场景理论下非遗旅游地文化价值提升研究——基于浙江省27个非遗旅游小镇数据分析,,陈波;延书宁,2022,同济大学学报（社会科学版）,journal article,,confirmed_scenes,TRUE,TRUE,TOURISM_HERITAGE_PLACE,T3,0,0,1,2020–2022: rapid application,INTERDISC_OTHER,T3
WORK-78980BEB6093,电视节目的媒介场景塑造与时代记忆提取——以《典籍里的中国》为例,电视节目的媒介场景塑造与时代记忆提取——以《典籍里的中国》为例,,李春雷[1];张雪婷[1],2022,电视研究,journal article,,adjacent_convergent,FALSE,TRUE,DIGITAL_VIRTUAL_MEDIA,T3,0,0,0,2020–2022: rapid application,,
WORK-79B028C22587,数字阅读的场景构建研究,数字阅读的场景构建研究,,吴言悔[1],2022,新媒体研究,journal article,10.16604/j.cnki.issn2096-0360.2022.11.004,confirmed_scenes,TRUE,TRUE,DIGITAL_VIRTUAL_MEDIA,T3,0,0,0,2020–2022: rapid application,CULT_MEDIA,T3
WORK-7DCA5AAD9B03,城市夜间旅游场景高质量发展创新路径研究,城市夜间旅游场景高质量发展创新路径研究,,齐骥;陆梓欣,2022,现代城市研究,journal article,10.3969/j.issn.1009-6000.2022.10.003,confirmed_scenes,TRUE,TRUE,TOURISM_HERITAGE_PLACE,T3,0,0,0,2020–2022: rapid application,URBAN_PLAN_GEO,T3
WORK-7F5809C7C4E3,基于青少年体验的图书馆阅读场景构建,基于青少年体验的图书馆阅读场景构建,,战令琦[1],2022,出版广角,journal article,,adjacent_convergent,FALSE,TRUE,PUBLIC_CULTURE_COMMUNITY,T3,0,0,0,2020–2022: rapid application,,
WORK-86CD18EC9B5B,实体书店吸引力场景塑造策略,实体书店吸引力场景塑造策略,,沈悦[1],2022,中国出版,journal article,,adjacent_convergent,FALSE,TRUE,INTERDISC_OTHER,T3,0,0,0,2020–2022: rapid application,,
WORK-8D4186237CEC,元宇宙视域下少数民族文化虚实融合消费场景的搭建路径探析,元宇宙视域下少数民族文化虚实融合消费场景的搭建路径探析,,乔驿然;胡桉澍;刘遹菡;陶怡睿,2022,艺术科技,journal article,,adjacent_convergent,FALSE,TRUE,DIGITAL_VIRTUAL_MEDIA,T3,0,0,0,2020–2022: rapid application,,
WORK-8E7854EFC17B,通勤成本、地方品质竞争与都市圈空间结构演化,通勤成本、地方品质竞争与都市圈空间结构演化,,张超[1];王君慧[1];姚永玲[2],2022,首都经济贸易大学学报,journal article,10.13504/j.cnki.issn1008-2700.2022.05.005,adjacent_convergent,FALSE,TRUE,INTERDISC_OTHER,T3,0,0,0,2020–2022: rapid application,,
WORK-9123A32CC165,场景视域下车载数字阅读生态构建:要素、障碍与对策,场景视域下车载数字阅读生态构建:要素、障碍与对策,,傅莹[1];郭嘉[1],2022,编辑之友,journal article,10.13786/j.cnki.cn14-1066/g2.2022.5.004,confirmed_scenes,TRUE,TRUE,DIGITAL_VIRTUAL_MEDIA,T3,0,0,0,2020–2022: rapid application,CULT_MEDIA,T3
WORK-91FAA082CF9D,媒介情境论视野下网络缩写的屏幕社交价值,媒介情境论视野下网络缩写的屏幕社交价值,,闫文君[1];贠瑞静[2],2022,出版广角,journal article,10.16491/j.cnki.cn45-1216/g2.2022.11.016,adjacent_convergent,FALSE,TRUE,DIGITAL_VIRTUAL_MEDIA,T3,0,0,0,2020–2022: rapid application,,
WORK-94DC190DC3F8,技术赋能下北京冬奥赛事的场景化传播,技术赋能下北京冬奥赛事的场景化传播,,徐若寒[1];刘贺娟[1],2022,视听理论与实践,journal article,,adjacent_convergent,FALSE,TRUE,INTERDISC_OTHER,T3,0,0,0,2020–2022: rapid application,,
WORK-9534FED8000F,历史文化街区场景构建与展示策略探讨,历史文化街区场景构建与展示策略探讨,,陆松福[1];赵成柏[1];陶爱祥[1],2022,商展经济,journal article,10.19995/j.cnki.CN10-1617/F7.2022.17.039,adjacent_convergent,FALSE,TRUE,TOURISM_HERITAGE_PLACE,T3,0,0,0,2020–2022: rapid application,,
WORK-97D6A230B76E,场景理论下乡村文旅融合的价值表达及其强化路径,场景理论下乡村文旅融合的价值表达及其强化路径,,陈波;刘彤瑶,2022,南京社会科学,journal article,10.15937/j.cnki.issn1001-8263.2022.08.018,confirmed_scenes,TRUE,TRUE,RURAL_DEVELOPMENT,T3,0,0,0,2020–2022: rapid application,INTERDISC_OTHER,T3
WORK-9EB78ECB607D,业主志愿者:风险社会中再造城市熟人社区的关键变量——以S社区防疫群生活为场景,业主志愿者:风险社会中再造城市熟人社区的关键变量——以S社区防疫群生活为场景,,李梅[1],2022,江西师范大学学报:哲学社会科学版,journal article,,adjacent_convergent,FALSE,TRUE,PUBLIC_CULTURE_COMMUNITY,T3,0,1,0,2020–2022: rapid application,,
WORK-A1BFF09F755E,基于文化场景理论的文旅社区建设研究——以上海M50文旅社区为例,基于文化场景理论的文旅社区建设研究——以上海M50文旅社区为例,Research on Cultural Tourism Community Construction Based on Cultural Scene Theory—Taking Shanghai M50 Cultural Tourism Community as an Example,方娜;程奇,2022,可持续发展,journal article,10.12677/sd.2022.125146,confirmed_scenes,TRUE,TRUE,TOURISM_HERITAGE_PLACE,T2,0,0,0,2020–2022: rapid application,INTERDISC_OTHER,T3
WORK-ACF1338E6C81,文旅资源情境传播研究——以津云客户端文旅专栏天津文旅资源传播为例,文旅资源情境传播研究——以津云客户端文旅专栏天津文旅资源传播为例,,刘作君[1];李田田[2],2022,乌鲁木齐职业大学学报,journal article,,adjacent_convergent,FALSE,TRUE,TOURISM_HERITAGE_PLACE,T3,0,0,0,2020–2022: rapid application,,
WORK-AE325BA92028,场景视域下城市阅读空间认同研究,场景视域下城市阅读空间认同研究,,唐璞妮;王胡林;淳姣,2022,国家图书馆学刊,journal article,10.13666/j.cnki.jnlc.2022.0409,confirmed_scenes,TRUE,TRUE,PUBLIC_CULTURE_COMMUNITY,T3,0,0,0,2020–2022: rapid application,INFO_TECH,T2
WORK-B0FAC2A5B37B,基于场景理论的大学校园红色文化景观更新设计 ——以复旦大学8号楼室外空间更新为例,基于场景理论的大学校园红色文化景观更新设计 ——以复旦大学8号楼室外空间更新为例,,黎莹;戴代新,2022,城市建筑,journal article,10.19892/j.cnki.csjz.2022.10.47,confirmed_scenes,TRUE,TRUE,URBAN_RENEWAL_DESIGN,T3,0,1,0,2020–2022: rapid application,ARCH_DES_HER,T3
WORK-B88FAE25F463,基于场景理论的交互式公共空间设计——以成都市中日城市设计产业中心为例,基于场景理论的交互式公共空间设计——以成都市中日城市设计产业中心为例,,蒋宸明阳,2022,,thesis,,confirmed_scenes,TRUE,FALSE,PUBLIC_CULTURE_COMMUNITY,T3,0,1,0,2020–2022: rapid application,,
WORK-BE00D9FF6948,人工智能时代文化消费场景研究,人工智能时代文化消费场景研究,,穆琦琦,2022,山东师范大学,thesis,,confirmed_scenes,TRUE,FALSE,DIGITAL_VIRTUAL_MEDIA,T3,0,0,0,2020–2022: rapid application,,
WORK-C109ACE2C86D,西安市文化场景特征识别及形成机制研究——基于文化舒适物视角,西安市文化场景特征识别及形成机制研究——基于文化舒适物视角,,王佩瑶,2022,西安建筑科技大学,thesis,,confirmed_scenes,TRUE,FALSE,CULTURAL_CONSUMPTION_COMMERCIAL,T3,0,0,1,2020–2022: rapid application,,
WORK-C477BFD9C495,场景理论视域下长三角苏南地区美丽乡村建设思考,场景理论视域下长三角苏南地区美丽乡村建设思考,,贺丹;蒋志英,2022,美与时代:城市版,journal article,,confirmed_scenes,TRUE,TRUE,RURAL_DEVELOPMENT,T3,0,0,0,2020–2022: rapid application,ARCH_DES_HER,T2
WORK-C4C248C4CF60,公园城市理念下社区绿色开放空间的场景营造,公园城市理念下社区绿色开放空间的场景营造,,杨智荣[1];王玮[1],2022,设计艺术研究,journal article,10.3963/j.issn.2095-0705.2022.02.006,adjacent_convergent,FALSE,TRUE,PUBLIC_CULTURE_COMMUNITY,T3,0,1,0,2020–2022: rapid application,,
WORK-C8F3A6367211,基于场景升级背景的三星堆镇文旅场景营造研究,基于场景升级背景的三星堆镇文旅场景营造研究,,赵之铭;练红宇,2022,旅游纵览,journal article,10.3969/j.issn.1004-3292.2022.08.015,confirmed_scenes,TRUE,TRUE,TOURISM_HERITAGE_PLACE,T3,0,1,0,2020–2022: rapid application,TOUR_HOSP,T3
WORK-CD852DB22EC1,基于场景理论的大运河国家文化公园游憩机会谱构建——以北京玉河段为例,基于场景理论的大运河国家文化公园游憩机会谱构建——以北京玉河段为例,,覃锦旋;王忠君,2022,中国园林,journal article,10.19775/j.cla.2022.S2.0135,confirmed_scenes,TRUE,TRUE,TOURISM_HERITAGE_PLACE,T3,1,0,0,2020–2022: rapid application,ARCH_DES_HER,T3
WORK-CF8EE33CEA22,营造户外消费新场景的经验与深化发展研究——以成都为例,营造户外消费新场景的经验与深化发展研究——以成都为例,,张小溪,2022,城市,journal article,,confirmed_scenes,TRUE,TRUE,CULTURAL_CONSUMPTION_COMMERCIAL,T3,0,1,0,2020–2022: rapid application,URBAN_PLAN_GEO,T3
WORK-CFEC26373A90,场景理论下青岛户外广告规划设计研究,场景理论下青岛户外广告规划设计研究,,刘子杨,2022,青岛理工大学,thesis,,confirmed_scenes,TRUE,FALSE,URBAN_RENEWAL_DESIGN,T3,0,1,0,2020–2022: rapid application,,
WORK-D25E586CAE8E,场景规划：助力城市群协同发展——以粤港澳大湾区为例,场景规划：助力城市群协同发展——以粤港澳大湾区为例,,郭晨;冯舒;汤沫熙;唐正宇;杨志鹏,2022,热带地理,journal article,10.13284/j.cnki.rddl.003433,confirmed_scenes,TRUE,TRUE,URBAN_RENEWAL_DESIGN,T2,1,1,0,2020–2022: rapid application,URBAN_PLAN_GEO,T3
WORK-D39129AAACB2,场景理论视角下的东营城市形象塑造研究,场景理论视角下的东营城市形象塑造研究,,王洋,2022,山东大学,thesis,,confirmed_scenes,TRUE,FALSE,INTERDISC_OTHER,T3,0,0,0,2020–2022: rapid application,,
WORK-DD19E977949E,浙江未来社区场景化更新策略及实践,浙江未来社区场景化更新策略及实践,,卢锐;赵栋;黄琴诗,2022,规划师,journal article,10.3969/j.issn.1006-0022.2022.11.009,confirmed_scenes,TRUE,TRUE,PUBLIC_CULTURE_COMMUNITY,T3,0,1,0,2020–2022: rapid application,URBAN_PLAN_GEO,T3
WORK-DE884C06F480,价值重构、场景塑造与行动赋权:社会工作参与社区环境治理共同体构建的三个基础,价值重构、场景塑造与行动赋权:社会工作参与社区环境治理共同体构建的三个基础,,罗桥[1];汤皓然[1],2022,社会工作与管理,journal article,,confirmed_scenes,TRUE,TRUE,PUBLIC_CULTURE_COMMUNITY,T3,1,0,0,2020–2022: rapid application,SOC_POLICY,T3
WORK-E89097F38C84,设计赋能乡村公共文化空间重构,设计赋能乡村公共文化空间重构,,李晓瑜,2022,艺术与设计,journal article,,confirmed_scenes,TRUE,TRUE,RURAL_DEVELOPMENT,T3,0,1,0,2020–2022: rapid application,ARCH_DES_HER,T3
WORK-E8D548AEFC33,文化场景与城市治安状况的关系研究——以深圳市为例,文化场景与城市治安状况的关系研究——以深圳市为例,,陈波;金舒,2022,社会科学战线,journal article,,confirmed_scenes,TRUE,TRUE,INTERDISC_OTHER,T3,0,0,0,2020–2022: rapid application,INTERDISC_OTHER,T3
WORK-EB060D580C62,产业社区公共空间场景营造初探 ——以成都市高新南区桂溪片区为例,产业社区公共空间场景营造初探 ——以成都市高新南区桂溪片区为例,,张侔;王晓南,2022,城市建筑,journal article,10.19892/j.cnki.csjz.2022.07.26,confirmed_scenes,TRUE,TRUE,PUBLIC_CULTURE_COMMUNITY,T3,0,1,0,2020–2022: rapid application,ARCH_DES_HER,T3
WORK-ED100F66E19A,乡村振兴背景下公共艺术介入与乡村文化场景营造研究,乡村振兴背景下公共艺术介入与乡村文化场景营造研究,,范佩宏,2022,温州大学,thesis,,confirmed_scenes,TRUE,FALSE,RURAL_DEVELOPMENT,T3,1,1,0,2020–2022: rapid application,,
WORK-F245367C8D1C,舒适性视角下杭州市创意空间分布格局及影响因素研究,舒适性视角下杭州市创意空间分布格局及影响因素研究,,郭豆豆,2022,浙江工业大学,thesis,,confirmed_scenes,TRUE,FALSE,CULTURAL_CREATIVE_INNOVATION,T3,0,0,0,2020–2022: rapid application,,
WORK-F3EAC39D23D6,社会表演理论下B站音乐视频场景特征与互动研究,社会表演理论下B站音乐视频场景特征与互动研究,,殷玉东[1],2022,新闻研究导刊,journal article,,adjacent_convergent,FALSE,TRUE,INTERDISC_OTHER,T3,0,0,0,2020–2022: rapid application,,
WORK-F3EED5794F60,场景式消费酒店的顾客住宿动机与体验价值研究,场景式消费酒店的顾客住宿动机与体验价值研究,,郑昭彦[1],2022,旅游导刊,journal article,10.12054/lydk.bisu.188,adjacent_convergent,FALSE,TRUE,CULTURAL_CONSUMPTION_COMMERCIAL,T3,0,0,0,2020–2022: rapid application,,
WORK-F59FBAEA8ABF,文化场景理论下高校图书馆阅读推广的探索——以湘潭大学图书馆话剧《初心》为例,文化场景理论下高校图书馆阅读推广的探索——以湘潭大学图书馆话剧《初心》为例,,马漫江;孙英姿;戴艳清,2022,图书馆杂志,journal article,10.13663/j.cnki.lj.2022.11.008,confirmed_scenes,TRUE,TRUE,PUBLIC_CULTURE_COMMUNITY,T3,0,0,0,2020–2022: rapid application,INFO_TECH,T2
WORK-F83965E87693,场景视域下乡村旅游目的地文旅融合发展路径——以安徽省黟县宏村为例,场景视域下乡村旅游目的地文旅融合发展路径——以安徽省黟县宏村为例,,张莹;郑颖;李贵,2022,湖北文理学院学报,journal article,10.3969/j.issn.1009-2854.2022.08.002,confirmed_scenes,TRUE,TRUE,RURAL_DEVELOPMENT,T3,1,0,0,2020–2022: rapid application,INTERDISC_OTHER,T3
WORK-FC045B921865,城市舒适物吸引了人才吗——基于我国地级市数据的实证研究,城市舒适物吸引了人才吗——基于我国地级市数据的实证研究,,扈爽[1];朱启贵[1],2022,山西财经大学学报,journal article,10.13781/j.cnki.1007-9556.2022.06.003,probable_scenes,FALSE,TRUE,CULTURAL_CONSUMPTION_COMMERCIAL,T3,0,0,1,2020–2022: rapid application,,
WORK-FD8B73155948,基于无监督聚类方法的城市消费场景识别研究：以长沙为例,基于无监督聚类方法的城市消费场景识别研究：以长沙为例,,周恺;熊益群,2022,现代城市研究,journal article,10.3969/j.issn.1009-6000.2022.10.005,confirmed_scenes,TRUE,TRUE,CULTURAL_CONSUMPTION_COMMERCIAL,T3,0,0,1,2020–2022: rapid application,URBAN_PLAN_GEO,T3
WORK-FFCD9E0D70EB,媒介情境视角下医生媒介形象的建构与呈现,媒介情境视角下医生媒介形象的建构与呈现,,"蒋昀洁[1,2];李燕丽[3];李洁[3]",2022,西部广播电视,journal article,,adjacent_convergent,FALSE,TRUE,DIGITAL_VIRTUAL_MEDIA,T3,0,1,0,2020–2022: rapid application,,
WORK-0113DE957A00,场景理论视阈下当代城市空间的艺术生态,场景理论视阈下当代城市空间的艺术生态,,陶蓉蓉,2023,盐城师范学院学报:人文社会科学版,journal article,10.16401/j.cnki.ysxb.1003-6873.2023.02.027,confirmed_scenes,TRUE,TRUE,ART_IDENTITY_EDUCATION,T3,0,0,0,2023–2025: expansion and convergence,INTERDISC_OTHER,T3
WORK-0242AE8BC080,冲击、阻滞与场景再造:城市更新视域下的公共文化,冲击、阻滞与场景再造:城市更新视域下的公共文化,,苏建健;王波;李晓昀,2023,中国文化产业评论,collection article,,confirmed_scenes,TRUE,TRUE,PUBLIC_CULTURE_COMMUNITY,T3,0,1,0,2023–2025: expansion and convergence,CULT_MEDIA,T3
WORK-02C928FFDCFF,场景视域下数字赋能饮食类非遗保护与利用研究,场景视域下数字赋能饮食类非遗保护与利用研究,,杨小莉[1];高冕[2],2023,四川旅游学院学报,journal article,,confirmed_scenes,TRUE,TRUE,DIGITAL_VIRTUAL_MEDIA,T3,0,1,0,2023–2025: expansion and convergence,TOUR_HOSP,T3
WORK-02C94C6ACE15,文化传播视角下未来社区场景营造探析,文化传播视角下未来社区场景营造探析,,叶菁[1];俞坚[2],2023,浙江树人大学学报,journal article,10.3969/j.issn.1671-2714.2023.03.005,adjacent_convergent,FALSE,TRUE,PUBLIC_CULTURE_COMMUNITY,T3,0,1,0,2023–2025: expansion and convergence,,
WORK-02D0FA01494B,基于场景理论的杭州主题图书馆文化场景建构研究,基于场景理论的杭州主题图书馆文化场景建构研究,,董天,2023,华中师范大学,thesis,,confirmed_scenes,TRUE,FALSE,PUBLIC_CULTURE_COMMUNITY,T3,0,1,0,2023–2025: expansion and convergence,,
WORK-05F072CDC0B7,场景理论视角下的高密度住区公共空间营造策略探究,场景理论视角下的高密度住区公共空间营造策略探究,,曹时语;薛凯,2023,建筑与文化,journal article,10.19875/j.cnki.jzywh.2023.11.037,confirmed_scenes,TRUE,TRUE,PUBLIC_CULTURE_COMMUNITY,T3,0,1,0,2023–2025: expansion and convergence,ARCH_DES_HER,T3
WORK-06EEA612D5DE,场景理论下图书馆红色阅读推广服务模式研究,场景理论下图书馆红色阅读推广服务模式研究,,王建功,2023,传播与版权,journal article,10.16852/j.cnki.45-1390/g2.2023.18.035,confirmed_scenes,TRUE,TRUE,PUBLIC_CULTURE_COMMUNITY,T3,0,0,0,2023–2025: expansion and convergence,CULT_MEDIA,T3
WORK-07188CA4CDED,城市气质与电影文化的共融互构——以成都2023年春节档电影票房现象为例,城市气质与电影文化的共融互构——以成都2023年春节档电影票房现象为例,,闫楚[1];吴青莲[2],2023,四川戏剧,journal article,,probable_scenes,FALSE,TRUE,INTERDISC_OTHER,T3,0,0,0,2023–2025: expansion and convergence,,
WORK-0BF486117B9A,场景视域下企业型社区旧资产空间再生——以济南炼化小区为例,场景视域下企业型社区旧资产空间再生——以济南炼化小区为例,,孟令杰;刘清越,2023,城市建筑,journal article,10.19892/j.cnki.csjz.2023.12.14,confirmed_scenes,TRUE,TRUE,PUBLIC_CULTURE_COMMUNITY,T3,0,0,0,2023–2025: expansion and convergence,ARCH_DES_HER,T3
WORK-0D6160E3D5E4,场景理论视域下城市阅读空间优化策略研究--基于无锡市民公共文化参与的影响因素调查,场景理论视域下城市阅读空间优化策略研究--基于无锡市民公共文化参与的影响因素调查,,邵祯,2023,曲阜师范大学,thesis,,confirmed_scenes,TRUE,FALSE,PUBLIC_CULTURE_COMMUNITY,T3,0,0,0,2023–2025: expansion and convergence,,
WORK-0F68D9BC197E,场景视域下公共图书馆作为知识交流空间的价值研究,场景视域下公共图书馆作为知识交流空间的价值研究,,"李泽华[1,2]",2023,国家图书馆学刊,journal article,10.13666/j.cnki.jnlc.2023.0503,probable_scenes,FALSE,TRUE,PUBLIC_CULTURE_COMMUNITY,T3,0,0,0,2023–2025: expansion and convergence,,
WORK-0FF75A63E4F2,地域文化传承下的旅游型乡村场景设计,地域文化传承下的旅游型乡村场景设计,,吴嘉越[1],2023,建筑与文化,journal article,10.19875/j.cnki.jzywh.2023.12.082,adjacent_convergent,FALSE,TRUE,RURAL_DEVELOPMENT,T3,0,1,0,2023–2025: expansion and convergence,,
WORK-119CA1E54068,场景理论视域下乡村文旅数字化服务设计策略,场景理论视域下乡村文旅数字化服务设计策略,,徐延章,2023,当代美术家,journal article,,confirmed_scenes,TRUE,TRUE,RURAL_DEVELOPMENT,T3,0,1,0,2023–2025: expansion and convergence,CULT_MEDIA,T3
WORK-128CEC0AE298,公园城市化：城市更新的一种空间再生产规划路径--以绵阳市绵兴路城市更新规划为例,公园城市化：城市更新的一种空间再生产规划路径--以绵阳市绵兴路城市更新规划为例,,胡艳妮,2023,重庆大学,thesis,,confirmed_scenes,TRUE,FALSE,URBAN_RENEWAL_DESIGN,T3,0,1,0,2023–2025: expansion and convergence,,
WORK-13AF95C588DD,重构“云演艺”空间:后疫情时代消费场景转型的“破”与“立”,重构“云演艺”空间:后疫情时代消费场景转型的“破”与“立”,,张丰艳;王子文;刘宇翔,2023,传媒,journal article,,adjacent_convergent,FALSE,TRUE,CULTURAL_CONSUMPTION_COMMERCIAL,T3,0,0,0,2023–2025: expansion and convergence,,
WORK-13BB38A89BCD,分割、脱离与接合:基于媒介情境理论的“搭子”社交文化探析,分割、脱离与接合:基于媒介情境理论的“搭子”社交文化探析,,曾丽颖[1],2023,科技传播,journal article,10.16607/j.cnki.1674-6708.2023.20.007,adjacent_convergent,FALSE,TRUE,DIGITAL_VIRTUAL_MEDIA,T3,0,0,0,2023–2025: expansion and convergence,,
WORK-162664EAD95E,体育服务综合体内体育场景营造研究,体育服务综合体内体育场景营造研究,,陈居星[1];陈元欣[1],2023,河北体育学院学报,journal article,,probable_scenes,FALSE,TRUE,SPORT_LEISURE,T3,0,1,0,2023–2025: expansion and convergence,,
WORK-16AB36C5BBDA,北方地区晚唐五代壁画墓生活场景图探析,北方地区晚唐五代壁画墓生活场景图探析,,张语哲[1],2023,文物鉴定与鉴赏,journal article,10.20005/j.cnki.issn.1674-8697.2023.04.003,adjacent_convergent,FALSE,TRUE,INTERDISC_OTHER,T3,0,0,0,2023–2025: expansion and convergence,,
WORK-1A62AB9EF122,场景理论视域下高职院校校园环境景观空间建构,场景理论视域下高职院校校园环境景观空间建构,,楚晓红,2023,美与时代:城市版,journal article,,confirmed_scenes,TRUE,TRUE,URBAN_RENEWAL_DESIGN,T3,0,1,0,2023–2025: expansion and convergence,ARCH_DES_HER,T2
WORK-1D7C133A1F7A,关系驱动、资源赋能与空间重构:农民渐进式参与农村公共文化服务研究,关系驱动、资源赋能与空间重构:农民渐进式参与农村公共文化服务研究,,袁金辉;梁一梦,2023,江西社会科学,journal article,,confirmed_scenes,TRUE,TRUE,RURAL_DEVELOPMENT,T3,0,0,0,2023–2025: expansion and convergence,INTERDISC_OTHER,T3
WORK-1DCA5BE255CB,试论城市更新背景下工业遗产的场景化保护,试论城市更新背景下工业遗产的场景化保护,,宋琪;曲诗雨,2023,生产力研究,journal article,10.3969/j.issn.1004-2768.2023.01.010,confirmed_scenes,TRUE,TRUE,TOURISM_HERITAGE_PLACE,T3,0,1,0,2023–2025: expansion and convergence,ECON_BUS_CONS,T3
WORK-1F66216A3383,推进共同富裕背景下社区学习场景构建研究,推进共同富裕背景下社区学习场景构建研究,,杨淑珺[1],2023,终身教育研究,journal article,10.13425/j.cnki.jjou.2023.01.009,confirmed_scenes,TRUE,TRUE,RURAL_DEVELOPMENT,T3,1,0,0,2023–2025: expansion and convergence,EDUCATION,T3
WORK-1F9999E4C515,黄梅岳家拳的场景营造与生活性保护研究,黄梅岳家拳的场景营造与生活性保护研究,,黄永林[1];张恩荣[1],2023,湖北理工学院学报:人文社会科学版,journal article,10.3969/j.ISSN.2095-4662.2023.05.010,probable_scenes,FALSE,TRUE,URBAN_RENEWAL_DESIGN,T3,0,1,0,2023–2025: expansion and convergence,,
WORK-2123FC230023,场景理论视角下城市创意街区营造探讨,场景理论视角下城市创意街区营造探讨,,刘宗璇;龚立君,2023,美与时代(上),journal article,10.16129/j.cnki.mysds.2023.12.028,confirmed_scenes,TRUE,TRUE,CULTURAL_CREATIVE_INNOVATION,T3,0,1,0,2023–2025: expansion and convergence,ARCH_DES_HER,T2
WORK-2253D318C877,VR场景构建视野下的井冈山红色文化传播研究,VR场景构建视野下的井冈山红色文化传播研究,,洪琳琳[1];丁子怡[1],2023,新闻研究导刊,journal article,,adjacent_convergent,FALSE,TRUE,INTERDISC_OTHER,T3,0,0,0,2023–2025: expansion and convergence,,
WORK-2573DAD040A3,场景理论视角下的工业遗存社区化更新研究,场景理论视角下的工业遗存社区化更新研究,,罗雪蕾;游欣畅;李异,2023,建筑与文化,journal article,10.19875/j.cnki.jzywh.2023.04.049,confirmed_scenes,TRUE,TRUE,PUBLIC_CULTURE_COMMUNITY,T3,0,1,0,2023–2025: expansion and convergence,ARCH_DES_HER,T3
WORK-2ACCA030DA82,场景理论视域下非遗馆建设研究,场景理论视域下非遗馆建设研究,,徐金龙;汪婷婷,2023,长江大学学报（社会科学版）,journal article,10.3969/j.issn.1673-1395.2023.06.007,confirmed_scenes,TRUE,TRUE,TOURISM_HERITAGE_PLACE,T3,0,0,0,2023–2025: expansion and convergence,INTERDISC_OTHER,T3
WORK-2B577641B314,媒介情境视域下知识型营销直播间建构策略研究——以东方甄选直播间为例,媒介情境视域下知识型营销直播间建构策略研究——以东方甄选直播间为例,,禄鋈魁[1];赵捷[2];李贵莹[2],2023,视听,journal article,10.19395/j.cnki.1674-246x.2023.02.006,adjacent_convergent,FALSE,TRUE,DIGITAL_VIRTUAL_MEDIA,T3,0,1,0,2023–2025: expansion and convergence,,
WORK-2CDAD500890E,基于用户体验的多模态数字场景构建策略研究,基于用户体验的多模态数字场景构建策略研究,,黄梦君[1];张照然[2];张杨[2],2023,设计艺术研究,journal article,10.3963/j.issn.2095-0705.2023.02.013,confirmed_scenes,TRUE,TRUE,DIGITAL_VIRTUAL_MEDIA,T3,0,0,0,2023–2025: expansion and convergence,ARCH_DES_HER,T3
WORK-2E5D08E60ED4,地方品质与资源型城市产业结构转型——基于人口集聚的视角,地方品质与资源型城市产业结构转型——基于人口集聚的视角,,李娜[1];赵康杰[1];景普秋[1],2023,城市问题,journal article,10.13239/j.bjsshkxy.cswt.230406,adjacent_convergent,FALSE,TRUE,INTERDISC_OTHER,T3,0,0,0,2023–2025: expansion and convergence,,
WORK-2F3717FF466B,场景理论视域下滇越铁路沿线文化空间营造研究,场景理论视域下滇越铁路沿线文化空间营造研究,,耿达;傅斯鎏,2023,文化软实力研究,journal article,10.19468/j.cnki.2096-1987.2023.03.007,confirmed_scenes,TRUE,TRUE,URBAN_RENEWAL_DESIGN,T3,0,1,0,2023–2025: expansion and convergence,CULT_MEDIA,T3
WORK-2F797A929E96,基于媒介情境论的国产综艺大电影分析,基于媒介情境论的国产综艺大电影分析,,常红林[1],2023,电影文学,journal article,,adjacent_convergent,FALSE,TRUE,DIGITAL_VIRTUAL_MEDIA,T3,0,0,0,2023–2025: expansion and convergence,,
WORK-2FEF13E3C8EE,真实与在场:论当代影像场景的媒介剧场,真实与在场:论当代影像场景的媒介剧场,,王天乐[1];吕睿[1],2023,贵州大学学报:艺术版,journal article,10.15958/j.cnki.gdxbysb.2023.02.004,confirmed_scenes,TRUE,TRUE,DIGITAL_VIRTUAL_MEDIA,T3,0,0,0,2023–2025: expansion and convergence,CULT_MEDIA,T3
WORK-314B670A4F32,数字文化服务场景构建的驱动机理与价值图景——基于可供性视角,数字文化服务场景构建的驱动机理与价值图景——基于可供性视角,,肖代柏[1];郑禾名稀[2],2023,学术论坛,journal article,10.16524/j.45-1002.2023.05.005,probable_scenes,FALSE,TRUE,DIGITAL_VIRTUAL_MEDIA,T3,0,0,0,2023–2025: expansion and convergence,,
WORK-321B85249DDF,媒介情境视域下哔哩哔哩纪录片的情感转译,媒介情境视域下哔哩哔哩纪录片的情感转译,,胡辰敏[1],2023,西部广播电视,journal article,,adjacent_convergent,FALSE,TRUE,DIGITAL_VIRTUAL_MEDIA,T3,0,0,0,2023–2025: expansion and convergence,,
WORK-34CB8CCBE5A8,文化场景理论视域下档案馆传承红色基因的路径研究,文化场景理论视域下档案馆传承红色基因的路径研究,,孙大东;吴怡娇,2023,北京档案,journal article,,confirmed_scenes,TRUE,TRUE,ART_IDENTITY_EDUCATION,T3,0,0,0,2023–2025: expansion and convergence,INFO_TECH,T3
WORK-369D578C9A24,场景理论视域下旅游小镇发展路径研究——以山东省日照市东夷小镇为例,场景理论视域下旅游小镇发展路径研究——以山东省日照市东夷小镇为例,"Research on the Development Path of Tourism Town from the Perspective of Scene Theory: A Case Study of Dongyi Town in Rizhao City, Shandong Province",纪东东;陈为晓,2023,文化软实力研究,journal article,10.19468/j.cnki.2096-1987.2023.03.004,confirmed_scenes,TRUE,TRUE,TOURISM_HERITAGE_PLACE,T2,1,0,0,2023–2025: expansion and convergence,CULT_MEDIA,T3
WORK-36DF3FF05A6D,场景视域下中国体育非遗保护评价指标体系研究——基于省级面板数据的实证,场景视域下中国体育非遗保护评价指标体系研究——基于省级面板数据的实证,,郭新茹;杨依沄;沈佳,2023,中国文化产业评论,journal article,,confirmed_scenes,TRUE,TRUE,SPORT_LEISURE,T3,0,1,1,2023–2025: expansion and convergence,CULT_MEDIA,T3
WORK-36FBBB921118,商场展场化现象下的城市消费场景艺术化探索,商场展场化现象下的城市消费场景艺术化探索,,徐望,2023,民族艺术研究,journal article,10.14003/j.cnki.mzysyj.2023.01.16,adjacent_convergent,FALSE,TRUE,CULTURAL_CONSUMPTION_COMMERCIAL,T3,0,0,0,2023–2025: expansion and convergence,,
WORK-3797B16725D6,基于萃智创新理论的乡村旅游场景优化设计研究--以株洲市响水村为例,基于萃智创新理论的乡村旅游场景优化设计研究--以株洲市响水村为例,,齐瑶,2023,湖南工业大学,thesis,,confirmed_scenes,TRUE,FALSE,RURAL_DEVELOPMENT,T3,0,1,0,2023–2025: expansion and convergence,,
WORK-38C6574D0F9C,面向未来视听:全媒体背景下5G频道应用场景的要素、模式与机制,面向未来视听:全媒体背景下5G频道应用场景的要素、模式与机制,,卢迪[1];廖文瑞[2],2023,现代传播:中国传媒大学学报,journal article,10.19997/j.cnki.xdcb.2023.04.005,adjacent_convergent,FALSE,TRUE,INTERDISC_OTHER,T3,0,0,0,2023–2025: expansion and convergence,,
WORK-3A12CAFAC553,日常生活走向文化场景——以西江千户苗寨为例,日常生活走向文化场景——以西江千户苗寨为例,,郑美雁;杜梦倩;彭燕;周永康,2023,社会发展研究,journal article,,probable_scenes,FALSE,TRUE,INTERDISC_OTHER,T3,0,0,0,2023–2025: expansion and convergence,,
WORK-3E57C18DA6F4,基于媒介场景视角的短视频传播策略研究——以图书类短视频为例,基于媒介场景视角的短视频传播策略研究——以图书类短视频为例,,谢琰[1],2023,出版参考,journal article,,adjacent_convergent,FALSE,TRUE,DIGITAL_VIRTUAL_MEDIA,T3,0,0,0,2023–2025: expansion and convergence,,
WORK-4291E88C24E8,虚拟的田园:沈丹“乡愁”系列短视频中的场景建构与价值追寻,虚拟的田园:沈丹“乡愁”系列短视频中的场景建构与价值追寻,,施媛媛[1];曾庆江[1],2023,东南传播,journal article,10.13556/j.cnki.dncb.cn35-1274/j.2023.12.017,adjacent_convergent,FALSE,TRUE,DIGITAL_VIRTUAL_MEDIA,T3,0,1,0,2023–2025: expansion and convergence,,
WORK-42DAA399F99C,场景理论视域下工业遗产保护性开发研究——以重庆抗战兵器工业遗址为例,场景理论视域下工业遗产保护性开发研究——以重庆抗战兵器工业遗址为例,,张海燕;卢敏;陈爽,2023,中国文化产业评论,journal article,,confirmed_scenes,TRUE,TRUE,TOURISM_HERITAGE_PLACE,T3,0,1,0,2023–2025: expansion and convergence,CULT_MEDIA,T3
WORK-4317B4C386FA,博物馆空间的场景叙事与共情传播:元宇宙技术迭代背景下的考察,博物馆空间的场景叙事与共情传播:元宇宙技术迭代背景下的考察,,江凌[1],2023,文化艺术研究,journal article,,adjacent_convergent,FALSE,TRUE,DIGITAL_VIRTUAL_MEDIA,T3,0,0,0,2023–2025: expansion and convergence,,
WORK-46769374C997,基于村民感知的未来乡村文化场景建设研究--以龙游县溪口村为例,基于村民感知的未来乡村文化场景建设研究--以龙游县溪口村为例,,陈小玉,2023,浙江师范大学,thesis,,confirmed_scenes,TRUE,FALSE,RURAL_DEVELOPMENT,T3,0,0,0,2023–2025: expansion and convergence,,
WORK-46B44230FB18,基于场景舒适物组合的居住街区社群偏好研究——以白马凼街区为例,基于场景舒适物组合的居住街区社群偏好研究——以白马凼街区为例,,许诗凯;许芗斌;庄陶之,2023,华中建筑,journal article,,confirmed_scenes,TRUE,TRUE,CULTURAL_CONSUMPTION_COMMERCIAL,T3,0,0,0,2023–2025: expansion and convergence,ARCH_DES_HER,T3
WORK-47147F7E563F,基于CVM的城市文化场景价值评价研究--以西安大唐不夜城为例,基于CVM的城市文化场景价值评价研究--以西安大唐不夜城为例,,曲诗雨,2023,西安建筑科技大学,thesis,,confirmed_scenes,TRUE,FALSE,POLICY_GOVERNANCE_MEASUREMENT,T3,0,0,1,2023–2025: expansion and convergence,,
WORK-4750C74AAD4E,场景营造: 社区营造与社会治理创新的空间实践转向,场景营造: 社区营造与社会治理创新的空间实践转向,,王磊,2023,山东大学学报（哲学社会科学版）,journal article,,confirmed_scenes,TRUE,TRUE,PUBLIC_CULTURE_COMMUNITY,T3,1,1,0,2023–2025: expansion and convergence,INTERDISC_OTHER,T3
WORK-4945591E4972,场景理论视域下公共文化数字化服务的创新维度,场景理论视域下公共文化数字化服务的创新维度,,徐延章,2023,图书馆学研究,journal article,10.15941/j.cnki.issn1001-0424.2023.11.002,confirmed_scenes,TRUE,TRUE,DIGITAL_VIRTUAL_MEDIA,T3,0,0,0,2023–2025: expansion and convergence,INFO_TECH,T3
WORK-49DFC43881B8,网络直播场景赋能传统文化的模式与影响,网络直播场景赋能传统文化的模式与影响,,胡琦[1];林亮景[1],2023,全媒体探索,journal article,,adjacent_convergent,FALSE,TRUE,DIGITAL_VIRTUAL_MEDIA,T3,0,0,0,2023–2025: expansion and convergence,,
WORK-4A7995B50F1B,文旅融合视域下现代书业空间生产及其文化场景构建,文旅融合视域下现代书业空间生产及其文化场景构建,,吴昉;蒙沛奕,2023,中国出版,journal article,,probable_scenes,FALSE,TRUE,TOURISM_HERITAGE_PLACE,T3,0,0,0,2023–2025: expansion and convergence,,
WORK-4B6BAA3E2786,阅读新时代:红色有声书籍多维场景构建,阅读新时代:红色有声书籍多维场景构建,,李应杰[1];李君婷[2],2023,中国出版,journal article,,adjacent_convergent,FALSE,TRUE,INTERDISC_OTHER,T3,0,0,0,2023–2025: expansion and convergence,,
WORK-4CB7E0303D14,场景理论视域下乡村工业遗产的维度建构与更新策略,场景理论视域下乡村工业遗产的维度建构与更新策略,,范长存;张中波,2023,人文天下,journal article,10.16737/j.cnki.rwtx81281190.2023.07.014,confirmed_scenes,TRUE,TRUE,RURAL_DEVELOPMENT,T3,0,1,0,2023–2025: expansion and convergence,CULT_MEDIA,T3
WORK-50232D90CE18,场景理论视域下非遗传承型传统村落的更新策略研究,场景理论视域下非遗传承型传统村落的更新策略研究,,范长存;张中波,2023,非物质文化遗产研究集刊,journal article,,confirmed_scenes,TRUE,TRUE,RURAL_DEVELOPMENT,T3,0,1,0,2023–2025: expansion and convergence,ARCH_DES_HER,T3
WORK-510647329516,场景理论下怀旧消费空间的建构与感知研究——以“长沙超级文和友”为例,场景理论下怀旧消费空间的建构与感知研究——以“长沙超级文和友”为例,,何小蓉等,2023,世界地理研究,journal article,,confirmed_scenes,TRUE,TRUE,CULTURAL_CONSUMPTION_COMMERCIAL,T3,0,1,0,2023–2025: expansion and convergence,URBAN_PLAN_GEO,T3
WORK-5224A05A438F,场景视域下中国城市文化活力评估——基于21个特大及超大城市的实证研究,场景视域下中国城市文化活力评估——基于21个特大及超大城市的实证研究,,詹绍文;邓雨龙;何夷伦,2023,文化产业研究,journal article,,confirmed_scenes,TRUE,TRUE,INTERDISC_OTHER,T3,0,0,1,2023–2025: expansion and convergence,CULT_MEDIA,T2
WORK-53AD5C3C8428,场景理论视域下沿黄城市高质量发展的现实困境和路径选择,场景理论视域下沿黄城市高质量发展的现实困境和路径选择,,侯燕,2023,信阳师范学院学报:哲学社会科学版,journal article,10.3969/j.issn.1003-0964.2023.02.010,confirmed_scenes,TRUE,TRUE,INTERDISC_OTHER,T3,0,0,0,2023–2025: expansion and convergence,INTERDISC_OTHER,T3
WORK-55B58C55C10E,场景理论视角下城市高密度住区公共空间营造策略研究--以苏北地区为例,场景理论视角下城市高密度住区公共空间营造策略研究--以苏北地区为例,,曹时语,2023,青岛理工大学（public admissions affiliation）,thesis,,confirmed_scenes,TRUE,FALSE,PUBLIC_CULTURE_COMMUNITY,T3,0,1,0,2023–2025: expansion and convergence,,
WORK-594F63F2EC37,中国乡村公共文化空间研究回顾与展望,中国乡村公共文化空间研究回顾与展望,,苗美娟,2023,农业图书情报学报,journal article,10.13998/j.cnki.issn1002-1248.23-0222,confirmed_scenes,TRUE,TRUE,RURAL_DEVELOPMENT,T3,0,0,0,2023–2025: expansion and convergence,INFO_TECH,T3
WORK-5BB316C5E43D,场景理论视角下的工业遗存社区化更新利用研究,场景理论视角下的工业遗存社区化更新利用研究,,罗雪蕾,2023,西南交通大学,thesis,,confirmed_scenes,TRUE,FALSE,PUBLIC_CULTURE_COMMUNITY,T3,0,1,0,2023–2025: expansion and convergence,,
WORK-5D06AA7CC14F,媒介情境论下社交倦怠与自我消除行为探究——以微信朋友圈“最近三天可见”为例,媒介情境论下社交倦怠与自我消除行为探究——以微信朋友圈“最近三天可见”为例,,李思涵[1],2023,艺术科技,journal article,,adjacent_convergent,FALSE,TRUE,DIGITAL_VIRTUAL_MEDIA,T3,0,0,0,2023–2025: expansion and convergence,,
WORK-5D4DF91E59A4,场景理论下城市工业遗产建筑改造方法研究,场景理论下城市工业遗产建筑改造方法研究,,刘宇;高雪聪,2023,艺术与设计(理论),journal article,10.16824/j.cnki.issn10082832.2023.08.012,confirmed_scenes,TRUE,TRUE,TOURISM_HERITAGE_PLACE,T3,0,1,0,2023–2025: expansion and convergence,ARCH_DES_HER,T3
WORK-5E9E3E831848,数字化文化消费新场景:新赛道、新挑战与新趋势,数字化文化消费新场景:新赛道、新挑战与新趋势,,肖远平[1],2023,华中师范大学学报:人文社会科学版,journal article,10.19992/j.cnki.1000-2456.2023.01.006,adjacent_convergent,FALSE,TRUE,DIGITAL_VIRTUAL_MEDIA,T3,0,0,0,2023–2025: expansion and convergence,,
WORK-5ED7BD7F3D0C,场景营造视角下成都旧城街道品质评价与更新策略研究,场景营造视角下成都旧城街道品质评价与更新策略研究,,谢龙杰,2023,西南交通大学,thesis,,confirmed_scenes,TRUE,FALSE,URBAN_RENEWAL_DESIGN,T3,0,1,1,2023–2025: expansion and convergence,,
WORK-61E43C55605A,场景视域下文化对当代城市商业空间发展的影响探究——以合肥金大地东西街为例,场景视域下文化对当代城市商业空间发展的影响探究——以合肥金大地东西街为例,,宣蔚[1];肖佳琦[1];孔子然[1];禚璇[1],2023,沈阳建筑大学学报:社会科学版,journal article,10.11717/j.issn.1673-1387.2023.02.01,confirmed_scenes,TRUE,TRUE,CULTURAL_CONSUMPTION_COMMERCIAL,T3,0,0,0,2023–2025: expansion and convergence,INTERDISC_OTHER,T3
WORK-627A6FCFADFF,情感体验视角下城市街道家具的场景化营造研究--以成都新华坊特色街区为例,情感体验视角下城市街道家具的场景化营造研究--以成都新华坊特色街区为例,,陈书凝,2023,四川农业大学,thesis,,confirmed_scenes,TRUE,FALSE,URBAN_RENEWAL_DESIGN,T3,0,1,0,2023–2025: expansion and convergence,,
WORK-66A28A59D301,长江国家文化公园场景感知研究,长江国家文化公园场景感知研究,,陈波;庞亚婷,2023,江汉论坛,journal article,10.3969/j.issn.1003-854X.2023.04.018,confirmed_scenes,TRUE,TRUE,TOURISM_HERITAGE_PLACE,T3,1,0,0,2023–2025: expansion and convergence,INTERDISC_OTHER,T3
WORK-6764B6A6D0F3,场景理论视域下的“城市公共阅读空间”营建,场景理论视域下的“城市公共阅读空间”营建,,汤诚;刘晓霞;王春迎,2023,图书情报知识,journal article,,confirmed_scenes,TRUE,TRUE,PUBLIC_CULTURE_COMMUNITY,T3,0,0,0,2023–2025: expansion and convergence,INFO_TECH,T3
WORK-681336B338DF,国潮元素在景区场景营造与体验设计中的困境和应用策略,国潮元素在景区场景营造与体验设计中的困境和应用策略,,王帆[1];张清河[2],2023,人文天下,journal article,10.16737/j.cnki.rwtx81281190.2023.08.002,adjacent_convergent,FALSE,TRUE,TOURISM_HERITAGE_PLACE,T3,0,1,0,2023–2025: expansion and convergence,,
WORK-688151311895,IP赋能在图书馆文旅融合中的应用场景研究,IP赋能在图书馆文旅融合中的应用场景研究,,应珂[1];梁璞[1],2023,图书馆界,journal article,10.14072/j.cnki.tsgj.2023.06.009,adjacent_convergent,FALSE,TRUE,TOURISM_HERITAGE_PLACE,T3,0,0,0,2023–2025: expansion and convergence,,
WORK-6B7B2A2C58FF,媒介情境论视域下“康辉Vlog”的新闻场景构建研究,媒介情境论视域下“康辉Vlog”的新闻场景构建研究,,张琦[1],2023,中国地市报人,journal article,10.16763/j.cnki.1007-4643.2023.06.032,adjacent_convergent,FALSE,TRUE,DIGITAL_VIRTUAL_MEDIA,T3,0,0,0,2023–2025: expansion and convergence,,
WORK-6BE978CFB5AD,基于文化舒适物空间格局的新型城河共生模式研究——以大运河国家文化公园为例,基于文化舒适物空间格局的新型城河共生模式研究——以大运河国家文化公园为例,,李东晔;周永博;贾文通;周进;吴丽敏,2023,旅游学刊,journal article,10.19765/j.cnki.1002-5006.2023.09.013,confirmed_scenes,TRUE,TRUE,TOURISM_HERITAGE_PLACE,T3,1,0,0,2023–2025: expansion and convergence,TOUR_HOSP,T3
WORK-6E9C3A62239C,媒介情境论视角下新农人短视频对乡村社会景观的重构研究,媒介情境论视角下新农人短视频对乡村社会景观的重构研究,,黄文文[1],2023,视听,journal article,10.19395/j.cnki.1674-246x.2023.09.029,adjacent_convergent,FALSE,TRUE,RURAL_DEVELOPMENT,T3,0,0,0,2023–2025: expansion and convergence,,
WORK-6F4EB55579DC,基于场景理论的城市文化消费空间活力提升路径,基于场景理论的城市文化消费空间活力提升路径,,崔艳天;祁述裕,2023,长安大学学报（社会科学版）,journal article,,confirmed_scenes,TRUE,TRUE,CULTURAL_CONSUMPTION_COMMERCIAL,T3,0,0,0,2023–2025: expansion and convergence,INTERDISC_OTHER,T3
WORK-71093C1051AA,基于场景营造的特色街区公共空间优化策略研究——以成都市为例,基于场景营造的特色街区公共空间优化策略研究——以成都市为例,,周海玲;赵嘉敏;赵翔宇,2023,智能建筑与智慧城市,journal article,10.13655/j.cnki.ibci.2023.02.013,confirmed_scenes,TRUE,TRUE,PUBLIC_CULTURE_COMMUNITY,T3,0,1,0,2023–2025: expansion and convergence,ARCH_DES_HER,T3
WORK-716DD5E3F0FC,景观智慧娱乐设施在公园场景营造中的运用,景观智慧娱乐设施在公园场景营造中的运用,,毛艺霖[1],2023,美与时代:城市版,journal article,,adjacent_convergent,FALSE,TRUE,URBAN_RENEWAL_DESIGN,T3,0,1,0,2023–2025: expansion and convergence,,
WORK-73EFB4A88389,运河城市文化的体验式传播场景构建研究——以中国大运河博物馆为例,运河城市文化的体验式传播场景构建研究——以中国大运河博物馆为例,,王丹园[1],2023,艺术科技,journal article,,confirmed_scenes,TRUE,TRUE,TOURISM_HERITAGE_PLACE,T3,0,0,0,2023–2025: expansion and convergence,CULT_MEDIA,T2
WORK-74FA97FE0222,情感与仪式互动社会下的当代乡村公共文化空间塑造,情感与仪式互动社会下的当代乡村公共文化空间塑造,,杨龙飞;疏仁华,2023,福建论坛（人文社会科学版）,journal article,,confirmed_scenes,TRUE,TRUE,RURAL_DEVELOPMENT,T3,0,0,0,2023–2025: expansion and convergence,INTERDISC_OTHER,T3
WORK-7744F00CB33B,基于场景理论的梁子岛旅游景区品牌形象设计研究,基于场景理论的梁子岛旅游景区品牌形象设计研究,,赵炜,2023,湖北工业大学,thesis,,confirmed_scenes,TRUE,FALSE,TOURISM_HERITAGE_PLACE,T3,0,1,0,2023–2025: expansion and convergence,,
WORK-78DE45F4C794,中国艺术节短视频在抖音平台的传播研究——以媒介场景理论为视角,中国艺术节短视频在抖音平台的传播研究——以媒介场景理论为视角,,张恺[1],2023,歌海,journal article,,confirmed_scenes,TRUE,TRUE,DIGITAL_VIRTUAL_MEDIA,T3,0,0,0,2023–2025: expansion and convergence,CULT_MEDIA,T3
WORK-7A05548FC4C8,媒介场景下网络纪实谈话节目的共情传播研究,媒介场景下网络纪实谈话节目的共情传播研究,,凌西子[1],2023,美与时代(下),journal article,10.16129/j.cnki.mysdx.2023.06.031,confirmed_scenes,TRUE,TRUE,DIGITAL_VIRTUAL_MEDIA,T3,0,0,0,2023–2025: expansion and convergence,CULT_MEDIA,T2
WORK-7ABF1CF97BEA,影像传播视角下场景驱动阅读的研究,影像传播视角下场景驱动阅读的研究,,张丞然[1],2023,图书馆研究与工作,journal article,,adjacent_convergent,FALSE,TRUE,INTERDISC_OTHER,T3,0,0,0,2023–2025: expansion and convergence,,
WORK-7C3FCEC8D257,基于场景理论的阿那亚文旅社区产品质量评价与提升策略研究,基于场景理论的阿那亚文旅社区产品质量评价与提升策略研究,,王雨晴,2023,燕山大学,thesis,,confirmed_scenes,TRUE,FALSE,TOURISM_HERITAGE_PLACE,T3,0,0,1,2023–2025: expansion and convergence,,
WORK-7FAAF7AE728F,场景理论视角下博物馆展陈设计思考与实践——以甘肃简牍博物馆设计方案为例,场景理论视角下博物馆展陈设计思考与实践——以甘肃简牍博物馆设计方案为例,,王琦;高云鹏,2023,中华民族艺术,journal article,,confirmed_scenes,TRUE,TRUE,TOURISM_HERITAGE_PLACE,T3,0,1,0,2023–2025: expansion and convergence,CULT_MEDIA,T3
WORK-803E87A79183,场景理论视域下商业综合体导视系统设计研究,场景理论视域下商业综合体导视系统设计研究,,廖峰,2023,江西财经大学,thesis,,confirmed_scenes,TRUE,FALSE,CULTURAL_CONSUMPTION_COMMERCIAL,T3,0,1,0,2023–2025: expansion and convergence,,
WORK-817095469B4E,农村公共文化空间重构与服务路径优化——基于场景理论的分析,农村公共文化空间重构与服务路径优化——基于场景理论的分析,,陈莹,2023,安徽农业大学学报:社会科学版,journal article,10.19747/j.cnki.1009-2463.2023.01.005,confirmed_scenes,TRUE,TRUE,RURAL_DEVELOPMENT,T3,0,0,0,2023–2025: expansion and convergence,RURAL_AGRI,T2
WORK-819293006591,跨媒介场景叙事的艺术创作手法比较研究——以“红高粱”系列作品为例,跨媒介场景叙事的艺术创作手法比较研究——以“红高粱”系列作品为例,,宋欣[1],2023,科技传播,journal article,10.16607/j.cnki.1674-6708.2023.07.008,adjacent_convergent,FALSE,TRUE,DIGITAL_VIRTUAL_MEDIA,T3,0,0,0,2023–2025: expansion and convergence,,
WORK-83325ED70ECB,建构·认同·扩散:媒介情境下短视频赋能城市形象传播研究——以淄博爆火出圈为例,建构·认同·扩散:媒介情境下短视频赋能城市形象传播研究——以淄博爆火出圈为例,,朱萍[1];包晓婷[1],2023,新媒体研究,journal article,10.16604/j.cnki.issn2096-0360.2023.17.018,adjacent_convergent,FALSE,TRUE,DIGITAL_VIRTUAL_MEDIA,T3,0,1,0,2023–2025: expansion and convergence,,
WORK-8405BEFC426A,数字社会背景下老年学习场景的营造和路向研究,数字社会背景下老年学习场景的营造和路向研究,,程仙平[1];刘丽阳[2],2023,成人教育,journal article,10.3969/j.issn.1001-8794.2023.06.006,adjacent_convergent,FALSE,TRUE,DIGITAL_VIRTUAL_MEDIA,T3,0,1,0,2023–2025: expansion and convergence,,
WORK-877AB6110ADB,媒介情境视域下沉浸式健身场景建构研究——以Keep“剧情跑”为例,媒介情境视域下沉浸式健身场景建构研究——以Keep“剧情跑”为例,,张竞壹[1],2023,科技传播,journal article,10.16607/j.cnki.1674-6708.2023.09.004,adjacent_convergent,FALSE,TRUE,SPORT_LEISURE,T3,0,1,0,2023–2025: expansion and convergence,,
WORK-8BE1BEF932B1,老旧住区更新的场景营造策略——以南湖社区更新为例,老旧住区更新的场景营造策略——以南湖社区更新为例,,成蕤,2023,建筑与文化,journal article,10.19875/j.cnki.jzywh.2023.01.041,confirmed_scenes,TRUE,TRUE,PUBLIC_CULTURE_COMMUNITY,T3,0,1,0,2023–2025: expansion and convergence,ARCH_DES_HER,T3
WORK-8E47315F9B0E,场景理论视角下的商业步行街外部空间设计策略研究——以荆州市卓尔城商业步行街为例,场景理论视角下的商业步行街外部空间设计策略研究——以荆州市卓尔城商业步行街为例,,卫华武,2023,华中科技大学,thesis,,confirmed_scenes,TRUE,FALSE,CULTURAL_CONSUMPTION_COMMERCIAL,T3,0,1,0,2023–2025: expansion and convergence,,
WORK-8EEE5B06BFBC,"社会联结纽带:闽南""野球""赛事参与公共文化空间重构的田野调查","社会联结纽带:闽南""野球""赛事参与公共文化空间重构的田野调查",,张伟;宋陆陆,2023,体育与科学,journal article,,confirmed_scenes,TRUE,TRUE,PUBLIC_CULTURE_COMMUNITY,T3,0,0,0,2023–2025: expansion and convergence,SPORT_LEISURE,T2
WORK-8F5F7B2D1626,公共服务场景:概念构建、分析维度与设计原则,公共服务场景:概念构建、分析维度与设计原则,,党秀云[1];陆黎[1],2023,社会科学研究,journal article,,adjacent_convergent,FALSE,TRUE,INTERDISC_OTHER,T3,0,1,0,2023–2025: expansion and convergence,,
WORK-9022A8628121,基于场景理论的数字媒体立面设计研究,基于场景理论的数字媒体立面设计研究,,乐艺,2023,华中科技大学,thesis,,confirmed_scenes,TRUE,FALSE,DIGITAL_VIRTUAL_MEDIA,T3,0,1,0,2023–2025: expansion and convergence,,
WORK-91A9940C4622,工业遗产旅游地文化场景维度设计与价值表达研究,工业遗产旅游地文化场景维度设计与价值表达研究,,陈波;陈立豪,2023,山东大学学报:哲学社会科学版,journal article,10.19836/j.cnki.37-1100/c.2023.02.003,probable_scenes,FALSE,TRUE,TOURISM_HERITAGE_PLACE,T3,0,1,0,2023–2025: expansion and convergence,,
WORK-91C70F073311,乡村公共文化空间的构建分析,乡村公共文化空间的构建分析,,陈自满;疏仁华,2023,合肥学院学报（综合版）,journal article,10.3969/j.issn.1673-162X.2023.03.014,confirmed_scenes,TRUE,TRUE,RURAL_DEVELOPMENT,T3,0,0,0,2023–2025: expansion and convergence,INTERDISC_OTHER,T3
WORK-93097827ED34,红色文旅元宇宙的开发前景、服务场景与设计思考——以吉林省磐石市红石砬子抗日根据地考古遗址资源开发为例,红色文旅元宇宙的开发前景、服务场景与设计思考——以吉林省磐石市红石砬子抗日根据地考古遗址资源开发为例,,刘婷婷[1],2023,文化学刊,journal article,,adjacent_convergent,FALSE,TRUE,DIGITAL_VIRTUAL_MEDIA,T3,0,1,0,2023–2025: expansion and convergence,,
WORK-9536507D6398,大运河文化场景构建研究——基于文化类新闻数据挖掘的视野,大运河文化场景构建研究——基于文化类新闻数据挖掘的视野,,冷南羲;桑耘,2023,经济与社会发展,journal article,10.16523/j.45-1319.2023.04.008,probable_scenes,FALSE,TRUE,INTERDISC_OTHER,T3,0,0,1,2023–2025: expansion and convergence,,
WORK-95399C0DE1BD,场景理论视角下开放式商业街色彩研究——以上海市大学路商业街为例,场景理论视角下开放式商业街色彩研究——以上海市大学路商业街为例,,韦金秋,2023,色彩,journal article,,confirmed_scenes,TRUE,TRUE,CULTURAL_CONSUMPTION_COMMERCIAL,T3,0,0,0,2023–2025: expansion and convergence,ARCH_DES_HER,T3
WORK-9703B51C1D7C,数字技术赋能党的创新理论场景化传播的时代价值、现实困境与实践策略,数字技术赋能党的创新理论场景化传播的时代价值、现实困境与实践策略,,周良发[1],2023,桂海论丛,journal article,,adjacent_convergent,FALSE,TRUE,DIGITAL_VIRTUAL_MEDIA,T3,0,0,0,2023–2025: expansion and convergence,,
WORK-9B2E7F2DEE5B,旅游休闲街区消费场景的模式类型与文旅融合策略,旅游休闲街区消费场景的模式类型与文旅融合策略,,陈波;涂晓晗,2023,南京社会科学,journal article,,confirmed_scenes,TRUE,TRUE,SPORT_LEISURE,T3,0,0,0,2023–2025: expansion and convergence,INTERDISC_OTHER,T3
WORK-9D30D87DFECC,场景视域下旅游直播空间建构逻辑,场景视域下旅游直播空间建构逻辑,,刘泽华[1];黄安民[2],2023,湖北文理学院学报,journal article,,confirmed_scenes,TRUE,TRUE,DIGITAL_VIRTUAL_MEDIA,T3,0,1,0,2023–2025: expansion and convergence,INTERDISC_OTHER,T3
WORK-9D8B63200B9F,基于场景理论的历史街区文化价值识别——以苏州平江路为例,基于场景理论的历史街区文化价值识别——以苏州平江路为例,The identification of historic block’s cultural value based on the theory of scenes: A case study of Pingjiang Road in Suzhou,唐娟;王德根;王莉,2023,生态旅游,journal article,10.12342/zgstly.20220113,confirmed_scenes,TRUE,TRUE,TOURISM_HERITAGE_PLACE,T2,0,0,1,2023–2025: expansion and convergence,TOUR_HOSP,T3
WORK-A2B9E9E39434,基于“影像词袋”模型的历史城镇游客景观感知研究与流态场景营造——以贵州青岩古镇为例,基于“影像词袋”模型的历史城镇游客景观感知研究与流态场景营造——以贵州青岩古镇为例,,"肖竞[1];张芮珠[2];刘舒琴[2];曹珂[3];贾铠针[2,4]",2023,小城镇建设,journal article,10.3969/j.issn.1009-1483.2023.11.004,adjacent_convergent,FALSE,TRUE,TOURISM_HERITAGE_PLACE,T3,0,1,1,2023–2025: expansion and convergence,,
WORK-A411D0E6BBD9,基于文化场景理论的烈士陵园红色基因传承研究,基于文化场景理论的烈士陵园红色基因传承研究,,雷鹏伟,2023,山东大学,thesis,,confirmed_scenes,TRUE,FALSE,INTERDISC_OTHER,T3,0,0,0,2023–2025: expansion and convergence,,
WORK-A5D059FAB4DA,基于场景理论的夜间经济发展路径探究——对重庆市实践的考察,基于场景理论的夜间经济发展路径探究——对重庆市实践的考察,,枉文雨,2023,中国物价,journal article,,confirmed_scenes,TRUE,TRUE,CULTURAL_CONSUMPTION_COMMERCIAL,T3,1,0,0,2023–2025: expansion and convergence,ECON_BUS_CONS,T3
WORK-A68E3F94955B,Cultural Landscape Reproduction of Typical Religious Architecture in Qingjiangpu Based on Scene Theory,Cultural Landscape Reproduction of Typical Religious Architecture in Qingjiangpu Based on Scene Theory,,Wei Mao;Shuai Hong;Tengfei Chai;Junchao Shen;Jie Shen,2023,Applied Sciences,journal article,,confirmed_scenes,TRUE,TRUE,INTERDISC_OTHER,T3,0,0,0,2023–2025: expansion and convergence,INTERDISC_OTHER,T3
WORK-A7BC468DDC10,场景视域下生态科普创新思路——以“无穷小亮的科普日常”为例,场景视域下生态科普创新思路——以“无穷小亮的科普日常”为例,,楼旭东[1];裴子钥[2],2023,科技传播,journal article,10.16607/j.cnki.1674-6708.2023.01.018,confirmed_scenes,TRUE,TRUE,CULTURAL_CREATIVE_INNOVATION,T3,0,0,0,2023–2025: expansion and convergence,CULT_MEDIA,T2
WORK-A9B0B7771C95,基于场景理论介入下传统村落旅居养老文化模式及对策研究,基于场景理论介入下传统村落旅居养老文化模式及对策研究,,唐小明,2023,宜春学院学报,journal article,,confirmed_scenes,TRUE,TRUE,RURAL_DEVELOPMENT,T3,0,0,0,2023–2025: expansion and convergence,INTERDISC_OTHER,T3
WORK-AC3D4A24C86D,场景的赋能:当代听觉文化的有效传播,场景的赋能:当代听觉文化的有效传播,,张君如[1],2023,新媒体研究,journal article,10.16604/j.cnki.issn2096-0360.2023.11.002,adjacent_convergent,FALSE,TRUE,INTERDISC_OTHER,T3,0,0,0,2023–2025: expansion and convergence,,
WORK-AD85C44FED1C,文化场景理论视角下成都市博物馆旅游场景设计研究,文化场景理论视角下成都市博物馆旅游场景设计研究,,Lan B. Y.;Lian H. Y.,2023,文化和旅游,journal article,,confirmed_scenes,TRUE,TRUE,TOURISM_HERITAGE_PLACE,T3,0,1,0,2023–2025: expansion and convergence,TOUR_HOSP,T3
WORK-B63826C303A8,"""社区场景""中文化遗产的传承与美育实践","""社区场景""中文化遗产的传承与美育实践",,古春霞,2023,文教资料,journal article,10.3969/j.issn.1004-8359.2023.03.008,confirmed_scenes,TRUE,TRUE,TOURISM_HERITAGE_PLACE,T3,0,0,0,2023–2025: expansion and convergence,EDUCATION,T3
WORK-B94A391397E5,社会治理的新形态:“和顺茶馆”场景化治理实践研究,社会治理的新形态:“和顺茶馆”场景化治理实践研究,,杜晨阳,2023,,journal article,,probable_scenes,FALSE,TRUE,POLICY_GOVERNANCE_MEASUREMENT,T3,1,0,0,2023–2025: expansion and convergence,,
WORK-B96097177B16,场景理论视角下社区养老公共文化空间与协同治理研究,场景理论视角下社区养老公共文化空间与协同治理研究,,郭天宇,2023,黑河学院学报,journal article,10.3969/j.issn.1674-9499.2023.04.017,confirmed_scenes,TRUE,TRUE,PUBLIC_CULTURE_COMMUNITY,T3,1,0,0,2023–2025: expansion and convergence,INTERDISC_OTHER,T3
WORK-BA69342C7023,实体-信息与场景-符号视角下的奶茶消费空间分布特征及影响因素,实体-信息与场景-符号视角下的奶茶消费空间分布特征及影响因素,,张宇峥;鲁岩;陈晓键,2023,地球信息科学学报,journal article,10.12082/dqxxkx.2023.220804,confirmed_scenes,TRUE,TRUE,CULTURAL_CONSUMPTION_COMMERCIAL,T2,0,0,0,2023–2025: expansion and convergence,URBAN_PLAN_GEO,T3
WORK-BB5B2304D7F9,元宇宙在乡村振兴战略实施中的场景再造与价值实现研究,元宇宙在乡村振兴战略实施中的场景再造与价值实现研究,,张合斌[1];汪梦瑶[1],2023,中国传媒科技,journal article,10.19483/j.cnki.11-4653/n.2023.04.010,adjacent_convergent,FALSE,TRUE,RURAL_DEVELOPMENT,T3,1,1,0,2023–2025: expansion and convergence,,
WORK-BDA864292BF8,场景、认同与情感:围炉煮茶活动中青年群体社会交往的拓展与再连接,场景、认同与情感:围炉煮茶活动中青年群体社会交往的拓展与再连接,,张盛颖[1],2023,东南传播,journal article,10.13556/j.cnki.dncb.cn35-1274/j.2023.06.033,adjacent_convergent,FALSE,TRUE,ART_IDENTITY_EDUCATION,T3,0,0,0,2023–2025: expansion and convergence,,
WORK-BE474230E812,场景理论下虚拟文化空间消费吸附力研究——基于15个手机APP的实证分析,场景理论下虚拟文化空间消费吸附力研究——基于15个手机APP的实证分析,,陈波;王楚乔,2023,福建论坛（人文社会科学版）,journal article,,confirmed_scenes,TRUE,TRUE,DIGITAL_VIRTUAL_MEDIA,T3,0,0,1,2023–2025: expansion and convergence,INTERDISC_OTHER,T3
WORK-C23387EEA763,场景理论视角下特色小镇文化品牌构建与文旅融合路径——以东山海洋运动特色小镇为例,场景理论视角下特色小镇文化品牌构建与文旅融合路径——以东山海洋运动特色小镇为例,,巫月娥;许楠,2023,湖北文理学院学报,journal article,,confirmed_scenes,TRUE,TRUE,SPORT_LEISURE,T3,0,0,0,2023–2025: expansion and convergence,INTERDISC_OTHER,T3
WORK-C39DB72F7429,场景消费:PAGEONE北京坊店的体验价值塑造,场景消费:PAGEONE北京坊店的体验价值塑造,,简涔玲[1],2023,西部广播电视,journal article,,adjacent_convergent,FALSE,TRUE,CULTURAL_CONSUMPTION_COMMERCIAL,T3,0,0,0,2023–2025: expansion and convergence,,
WORK-C5C0B872EBE6,数字化情境传播的经验同构性与镜像诗性,数字化情境传播的经验同构性与镜像诗性,,徐瀚祺[1];宫承波[1],2023,当代传播,journal article,,adjacent_convergent,FALSE,TRUE,DIGITAL_VIRTUAL_MEDIA,T3,0,0,0,2023–2025: expansion and convergence,,
WORK-C87BAAB51F06,公共艺术介入城镇创生何以实现——基于场景理论的分析,公共艺术介入城镇创生何以实现——基于场景理论的分析,,杨毅;吴新祎,2023,山东行政学院学报,journal article,,confirmed_scenes,TRUE,TRUE,ART_IDENTITY_EDUCATION,T3,0,0,0,2023–2025: expansion and convergence,SOC_POLICY,T3
WORK-C9EB8B3FDA57,新型青年自组织与公共空间再造——基于706青年空间的考察,新型青年自组织与公共空间再造——基于706青年空间的考察,,杨春;郭良文,2023,中国青年研究,journal article,10.3969/j.issn.1002-9931.2023.01.007,confirmed_scenes,TRUE,TRUE,PUBLIC_CULTURE_COMMUNITY,T3,0,1,0,2023–2025: expansion and convergence,SOC_POLICY,T3
WORK-CFBBA18B74A9,场景视域下虚拟现实新闻面临的挑战与优化路径,场景视域下虚拟现实新闻面临的挑战与优化路径,,徐君玲[1],2023,西部广播电视,journal article,,confirmed_scenes,TRUE,TRUE,DIGITAL_VIRTUAL_MEDIA,T3,0,0,0,2023–2025: expansion and convergence,CULT_MEDIA,T3
WORK-D28215815877,普及化背景下本科人才培养场景的营造——以南京工业大学教学楼为例,普及化背景下本科人才培养场景的营造——以南京工业大学教学楼为例,,斯炜[1],2023,知识文库,journal article,,adjacent_convergent,FALSE,TRUE,URBAN_RENEWAL_DESIGN,T3,0,1,0,2023–2025: expansion and convergence,,
WORK-D3055AC96405,老旧小区公共空间场景化改造方法研究,老旧小区公共空间场景化改造方法研究,,杨小舟[1],2023,美与时代:城市版,journal article,,adjacent_convergent,FALSE,TRUE,PUBLIC_CULTURE_COMMUNITY,T3,0,1,0,2023–2025: expansion and convergence,,
WORK-D325CDB1B6F4,文化场景视域下综合档案馆公共文化空间建设研究,文化场景视域下综合档案馆公共文化空间建设研究,,师帅,2023,郑州大学,thesis,,confirmed_scenes,TRUE,FALSE,PUBLIC_CULTURE_COMMUNITY,T3,0,0,0,2023–2025: expansion and convergence,,
WORK-D4F181C132B5,场景化:数字时代的元社区生成,场景化:数字时代的元社区生成,,"谢静[1,2]",2023,南京社会科学,journal article,10.15937/j.cnki.issn1001-8263.2023.05.012,adjacent_convergent,FALSE,TRUE,DIGITAL_VIRTUAL_MEDIA,T3,0,0,0,2023–2025: expansion and convergence,,
WORK-D53800ECCADD,场景理论视角下古镇旅游语言景观研究--以上海朱家角古镇为例,场景理论视角下古镇旅游语言景观研究--以上海朱家角古镇为例,,刘慧,2023,上海师范大学,thesis,,confirmed_scenes,TRUE,FALSE,TOURISM_HERITAGE_PLACE,T3,0,0,0,2023–2025: expansion and convergence,,
WORK-D80ADE2DACAE,转型中的嬗变:文化场景理论视角下县域“多馆合一”的场景构建,转型中的嬗变:文化场景理论视角下县域“多馆合一”的场景构建,,沈邦应;吴红松,2023,图书馆,journal article,,confirmed_scenes,TRUE,TRUE,INTERDISC_OTHER,T3,0,0,0,2023–2025: expansion and convergence,INFO_TECH,T3
WORK-D8A3DE8D67A2,少数民族文化类短视频场景传播研究,少数民族文化类短视频场景传播研究,,李天语[1],2023,中国出版,journal article,,adjacent_convergent,FALSE,TRUE,INTERDISC_OTHER,T3,0,0,0,2023–2025: expansion and convergence,,
WORK-D99365B85F70,政府购买语境下乡村公共文化空间治理创新研究,政府购买语境下乡村公共文化空间治理创新研究,,龚蛟腾;洪芳林,2023,高校图书馆工作,journal article,10.3969/j.issn.1003-7845.2023.05.001,confirmed_scenes,TRUE,TRUE,RURAL_DEVELOPMENT,T3,1,0,0,2023–2025: expansion and convergence,INFO_TECH,T3
WORK-D9CAED207271,新场景建构视角下黄河山西段神话传说资源的文旅开发与利用,新场景建构视角下黄河山西段神话传说资源的文旅开发与利用,,侯姝慧[1];魏艾婧[1],2023,创意设计源,journal article,,adjacent_convergent,FALSE,TRUE,TOURISM_HERITAGE_PLACE,T3,0,1,0,2023–2025: expansion and convergence,,
WORK-DA3FAECBDE63,消费场景视角下特色小镇公共空间优化设计研究--以杭州市龙坞茶镇为例,消费场景视角下特色小镇公共空间优化设计研究--以杭州市龙坞茶镇为例,,刘嘉崟,2023,浙江工业大学,thesis,,confirmed_scenes,TRUE,FALSE,PUBLIC_CULTURE_COMMUNITY,T3,0,1,0,2023–2025: expansion and convergence,,
WORK-DAD37F8874D0,基于场景理论的成都市街道场景评价与营造研究--以交子大道为例,基于场景理论的成都市街道场景评价与营造研究--以交子大道为例,,金柯宇,2023,四川农业大学,thesis,,confirmed_scenes,TRUE,FALSE,URBAN_RENEWAL_DESIGN,T3,0,1,1,2023–2025: expansion and convergence,,
WORK-DB4BE4C8C2C8,场景理论在老年人居住满意度研究及老年友好型社区建设中的应用展望,场景理论在老年人居住满意度研究及老年友好型社区建设中的应用展望,,侯学英,2023,商业经济,journal article,10.19905/j.cnki.syjj1982.2023.04.063,confirmed_scenes,TRUE,TRUE,PUBLIC_CULTURE_COMMUNITY,T3,0,0,0,2023–2025: expansion and convergence,ECON_BUS_CONS,T3
WORK-DC6EC5A66887,场景理论视角下的城市阅读空间形象感知与建构,场景理论视角下的城市阅读空间形象感知与建构,,唐璞妮;杨红岗;淳姣,2023,图书馆论坛,journal article,,confirmed_scenes,TRUE,TRUE,PUBLIC_CULTURE_COMMUNITY,T3,0,1,0,2023–2025: expansion and convergence,INFO_TECH,T3
WORK-DE60B9D532CC,消费者感知视角下文化舒适物如何形塑消费者网络?——来自城市消费空间的证据,消费者感知视角下文化舒适物如何形塑消费者网络?——来自城市消费空间的证据,,谈佳洁;刘新静,2023,企业经济,journal article,10.13529/j.cnki.enterprise.economy.2023.02.011,confirmed_scenes,TRUE,TRUE,DIGITAL_VIRTUAL_MEDIA,T3,0,0,0,2023–2025: expansion and convergence,ECON_BUS_CONS,T3
WORK-DEB96C323DA0,文化场景视域下工业遗产档案叙事:理论回溯、行动框架及设计向度,文化场景视域下工业遗产档案叙事:理论回溯、行动框架及设计向度,,朱天梅;于梦洁,2023,山西档案,journal article,,confirmed_scenes,TRUE,TRUE,TOURISM_HERITAGE_PLACE,T3,0,1,0,2023–2025: expansion and convergence,INFO_TECH,T3
WORK-E077BA361D87,基于山水观的社区场景空间营造,基于山水观的社区场景空间营造,,张画景[1],2023,建筑与文化,journal article,10.19875/j.cnki.jzywh.2023.07.081,adjacent_convergent,FALSE,TRUE,PUBLIC_CULTURE_COMMUNITY,T3,0,1,0,2023–2025: expansion and convergence,,
WORK-E0F958215E58,未来社区场景建设的逻辑阐释及发展路径——基于空间生产理论的研究,未来社区场景建设的逻辑阐释及发展路径——基于空间生产理论的研究,,陈为智[1];梁树成[1],2023,湖北第二师范学院学报,journal article,,adjacent_convergent,FALSE,TRUE,PUBLIC_CULTURE_COMMUNITY,T3,1,0,0,2023–2025: expansion and convergence,,
WORK-E1F2BC0C0D59,媒介情境论视角下社交媒体关系的构建与转换,媒介情境论视角下社交媒体关系的构建与转换,,吴子懿[1],2023,西部广播电视,journal article,,adjacent_convergent,FALSE,TRUE,DIGITAL_VIRTUAL_MEDIA,T3,0,0,0,2023–2025: expansion and convergence,,
WORK-E28F38C22616,场景视域下广州永庆坊文化与消费的融合路径研究,场景视域下广州永庆坊文化与消费的融合路径研究,,王晨殊[1];王紫怡[1];蔡思博[2],2023,产业与科技论坛,journal article,,confirmed_scenes,TRUE,TRUE,CULTURAL_CONSUMPTION_COMMERCIAL,T3,0,0,0,2023–2025: expansion and convergence,ECON_BUS_CONS,T3
WORK-E38DCD0795ED,场景理论视阈下济南历史文化街区保护性更新策略研究,场景理论视阈下济南历史文化街区保护性更新策略研究,,周雪丰,2023,山东建筑大学,thesis,,confirmed_scenes,TRUE,FALSE,TOURISM_HERITAGE_PLACE,T3,0,1,0,2023–2025: expansion and convergence,,
WORK-E41BC578247C,媒介情境论视域下中国元素在数字艺术展中的应用研究,媒介情境论视域下中国元素在数字艺术展中的应用研究,,周宏伟[1];宋馨谷[1];于安宁[1];张宁舒[1];芦枫[1],2023,艺术与设计(理论),journal article,10.16824/j.cnki.issn10082832.2023.02.009,adjacent_convergent,FALSE,TRUE,DIGITAL_VIRTUAL_MEDIA,T3,0,0,0,2023–2025: expansion and convergence,,
WORK-E5EF6A5711EB,场景理论在老旧社区适老化更新中的在地应用——以兴隆路街道平安路社区为例,场景理论在老旧社区适老化更新中的在地应用——以兴隆路街道平安路社区为例,,张芯梦;白洁然,2023,美与时代:城市版,journal article,,confirmed_scenes,TRUE,TRUE,PUBLIC_CULTURE_COMMUNITY,T3,0,1,0,2023–2025: expansion and convergence,ARCH_DES_HER,T2
WORK-E6CCEF90EA9B,基于场景理论的高校思想政治教育空间建构研究,基于场景理论的高校思想政治教育空间建构研究,,陶姝成,2023,浙江工商职业技术学院学报,journal article,,confirmed_scenes,TRUE,TRUE,ART_IDENTITY_EDUCATION,T3,0,1,0,2023–2025: expansion and convergence,INTERDISC_OTHER,T3
WORK-E99ED898DD2C,基于多尺度场景塑造的城市雕塑规划研究,基于多尺度场景塑造的城市雕塑规划研究,,王纪武;吾希洪·多里洪;胡亚丽,2023,建筑与文化,journal article,10.19875/j.cnki.jzywh.2023.09.036,confirmed_scenes,TRUE,TRUE,URBAN_RENEWAL_DESIGN,T3,0,1,0,2023–2025: expansion and convergence,ARCH_DES_HER,T3
WORK-EC9B40F189B0,传统文化符号的影像呈现与场景再造,传统文化符号的影像呈现与场景再造,,战令琦[1],2023,当代电视,journal article,10.16531/j.cnki.1000-8977.2023.02.003,adjacent_convergent,FALSE,TRUE,TOURISM_HERITAGE_PLACE,T3,0,1,0,2023–2025: expansion and convergence,,
WORK-EDC806526B90,生态移民安置社区文化舒适物作用机制研究--以淄博市高青县W社区为例,生态移民安置社区文化舒适物作用机制研究--以淄博市高青县W社区为例,,韩雅鑫,2023,山东理工大学,thesis,,confirmed_scenes,TRUE,FALSE,PUBLIC_CULTURE_COMMUNITY,T3,0,0,0,2023–2025: expansion and convergence,,
WORK-F23B13685740,场景视角下城市历史街区文化消费空间要素研究,场景视角下城市历史街区文化消费空间要素研究,,张芃,2023,文化创新比较研究,journal article,10.3969/j.issn.2096-4110.2023.24.026,confirmed_scenes,TRUE,TRUE,TOURISM_HERITAGE_PLACE,T3,0,0,0,2023–2025: expansion and convergence,CULT_MEDIA,T3
WORK-F2B28A1C00FA,"何以最抚凡人心?——城市""烟火气""场景的要素、价值与治理","何以最抚凡人心?——城市""烟火气""场景的要素、价值与治理",,李康化;刘启航,2023,福建论坛（人文社会科学版）,journal article,,confirmed_scenes,TRUE,TRUE,POLICY_GOVERNANCE_MEASUREMENT,T3,1,0,0,2023–2025: expansion and convergence,INTERDISC_OTHER,T3
WORK-F2BE3834216F,场景理论视角下的传统村落文化空间建构研究——以江永县兰溪村为例,场景理论视角下的传统村落文化空间建构研究——以江永县兰溪村为例,,王慧玲;窦银娣;李伯华;刘沛林,2023,资源开发与市场,journal article,10.3969/j.issn.1005-8141.2023.10.014,confirmed_scenes,TRUE,TRUE,RURAL_DEVELOPMENT,T3,0,1,0,2023–2025: expansion and convergence,URBAN_PLAN_GEO,T3
WORK-F3BBC72721E5,城市旅游地的游客文化认同及其场景建构研究--以南京市为例,城市旅游地的游客文化认同及其场景建构研究--以南京市为例,,李书凤,2023,南京师范大学,thesis,,confirmed_scenes,TRUE,FALSE,TOURISM_HERITAGE_PLACE,T3,0,1,0,2023–2025: expansion and convergence,,
WORK-F3DC4668E1E3,基于场景理论的文创园品牌形象构建研究,基于场景理论的文创园品牌形象构建研究,,吴昱东,2023,大众文艺,journal article,10.3969/j.issn.1007-5828.2023.02.072,confirmed_scenes,TRUE,TRUE,INTERDISC_OTHER,T3,0,0,0,2023–2025: expansion and convergence,CULT_MEDIA,T3
WORK-F74CF3B90158,从“场所融入”到“场景营造”:场地肌理要素的关联性思考——以上海交通大学校史档案文博大楼设计为例,从“场所融入”到“场景营造”:场地肌理要素的关联性思考——以上海交通大学校史档案文博大楼设计为例,,钱胜辉[1],2023,建筑与文化,journal article,10.19875/j.cnki.jzywh.2023.12.015,adjacent_convergent,FALSE,TRUE,URBAN_RENEWAL_DESIGN,T3,0,1,0,2023–2025: expansion and convergence,,
WORK-FA0650837EF7,场景视域下公园城市文化治理——内在逻辑与基本路径,场景视域下公园城市文化治理——内在逻辑与基本路径,,詹绍文[1];邓雨龙[1],2023,北京城市学院学报,journal article,10.16132/j.cnki.cn11-5388/z.2023.02.014,confirmed_scenes,TRUE,TRUE,POLICY_GOVERNANCE_MEASUREMENT,T3,1,0,0,2023–2025: expansion and convergence,INTERDISC_OTHER,T3
WORK-FB20F28CF70C,面向文旅融合发展的非遗数字化技术体系构建与服务场景创新,面向文旅融合发展的非遗数字化技术体系构建与服务场景创新,,翟姗姗[1];查思羽[1];郭致怡[1],2023,情报科学,journal article,10.13833/j.issn.1007-7634.2023.07.005,adjacent_convergent,FALSE,TRUE,DIGITAL_VIRTUAL_MEDIA,T3,0,0,0,2023–2025: expansion and convergence,,
WORK-FBA924DFE3DB,场景化治理:多中心工作中的基层行动策略与实践逻辑,场景化治理:多中心工作中的基层行动策略与实践逻辑,,罗强强[1];岩温罕[1],2023,社会发展研究,journal article,,adjacent_convergent,FALSE,TRUE,POLICY_GOVERNANCE_MEASUREMENT,T3,1,0,0,2023–2025: expansion and convergence,,
WORK-FFF7F09A239D,创新城乡融合的数字生活场景,创新城乡融合的数字生活场景,,欧阳日辉[1],2023,人民论坛,journal article,,adjacent_convergent,FALSE,TRUE,DIGITAL_VIRTUAL_MEDIA,T3,0,0,0,2023–2025: expansion and convergence,,
WORK-00DA4BDBC233,场景理论视角下科技创新推动数字文化空间塑造研究,场景理论视角下科技创新推动数字文化空间塑造研究,,王瑞文;张丁戈,2024,北京城市学院学报,journal article,10.16132/j.cnki.cn11-5388/z.2024.03.009,confirmed_scenes,TRUE,TRUE,DIGITAL_VIRTUAL_MEDIA,T3,0,0,0,2023–2025: expansion and convergence,INTERDISC_OTHER,T3
WORK-02C8EFE62D66,乡村民宿的场景要素识别及环境恢复性功能研究——基于旅游者环境恢复性感知视角,乡村民宿的场景要素识别及环境恢复性功能研究——基于旅游者环境恢复性感知视角,,李东和[1];谢珍珍[1],2024,安徽大学学报:哲社版,journal article,10.13796/j.cnki.1001-5019.2024.06.019,confirmed_scenes,TRUE,TRUE,RURAL_DEVELOPMENT,T3,0,0,1,2023–2025: expansion and convergence,INTERDISC_OTHER,T3
WORK-02D1D068D36F,深圳城市书展的场景构型与文化效用研究,深圳城市书展的场景构型与文化效用研究,,张晗;龙浩,2024,出版广角,journal article,10.16491/j.cnki.cn45-1216/g2.2024.21.002,confirmed_scenes,TRUE,TRUE,CULTURAL_CREATIVE_INNOVATION,T3,0,0,0,2023–2025: expansion and convergence,CULT_MEDIA,T3
WORK-040459DBB53A,单位制老旧小区的场景化更新探索——以老山社区更新设计为例,单位制老旧小区的场景化更新探索——以老山社区更新设计为例,,王婷;康北;吕虎臣,2024,住区,journal article,10.3969/j.issn.1674-9073.2024.02.004,confirmed_scenes,TRUE,TRUE,PUBLIC_CULTURE_COMMUNITY,T3,0,1,0,2023–2025: expansion and convergence,ARCH_DES_HER,T3
WORK-0BA8789A8D5F,基于场景理论的城市公共文化空间构建研究——以北海老街为例,基于场景理论的城市公共文化空间构建研究——以北海老街为例,,杨潇,2024,广西民族大学,thesis,,confirmed_scenes,TRUE,FALSE,PUBLIC_CULTURE_COMMUNITY,T3,0,0,0,2023–2025: expansion and convergence,,
WORK-0D1F810A9691,文旅元宇宙空间营造：理论框架与实践策略——基于场景理论的视角,文旅元宇宙空间营造：理论框架与实践策略——基于场景理论的视角,,臧志彭;陈美欣,2024,上海交通大学学报（哲学社会科学版）,journal article,10.13806/j.cnki.issn1008-7095.2024.10.001,confirmed_scenes,TRUE,TRUE,DIGITAL_VIRTUAL_MEDIA,T3,0,1,0,2023–2025: expansion and convergence,INTERDISC_OTHER,T3
WORK-0E4EEC91BEAF,勾勒与点睛:场景理论视角下的古城保护性更新研究-以韩城为例,勾勒与点睛:场景理论视角下的古城保护性更新研究-以韩城为例,,杨鹏森;任云英;韩雨昕,2024,城市环境设计,journal article,10.3969/j.issn.1672-9080.2024.05.027,confirmed_scenes,TRUE,TRUE,TOURISM_HERITAGE_PLACE,T3,0,1,0,2023–2025: expansion and convergence,ARCH_DES_HER,T3
WORK-0F9D17B54BE4,场景理论视角下老旧社区活化路径研究——以昆明马街社区为例,场景理论视角下老旧社区活化路径研究——以昆明马街社区为例,,王晓斐;邹洲,2024,建筑与文化,journal article,10.19875/j.cnki.jzywh.2024.01.050,confirmed_scenes,TRUE,TRUE,PUBLIC_CULTURE_COMMUNITY,T3,0,0,0,2023–2025: expansion and convergence,ARCH_DES_HER,T3
WORK-103807EFE035,从场景理论到氛围理论: 文化经济模态的新阐释体系,从场景理论到氛围理论: 文化经济模态的新阐释体系,,"张铮, 许馨月",2024,南京社会科学,journal article,10.15937/j.cnki.issn1001-8263.2024.01.014,confirmed_scenes,TRUE,TRUE,INTERDISC_OTHER,T3,0,0,0,2023–2025: expansion and convergence,INTERDISC_OTHER,T3
WORK-109EA186414A,基于场景理论的大学校园党建文化景观更新设计——以昌吉学院为例,基于场景理论的大学校园党建文化景观更新设计——以昌吉学院为例,,马海龙;杨桂,2024,大众文艺,journal article,10.20112/j.cnki.ISSN1007-5828.2024.06.046,confirmed_scenes,TRUE,TRUE,URBAN_RENEWAL_DESIGN,T3,0,1,0,2023–2025: expansion and convergence,CULT_MEDIA,T3
WORK-11BE10768397,文化基因、文化要素和文化场景——国家文化公园建构的文化逻辑,文化基因、文化要素和文化场景——国家文化公园建构的文化逻辑,,张野;王伟;程遂营,2024,旅游学刊,journal article,10.19765/j.cnki.1002-5006.2024.08.011,probable_scenes,FALSE,TRUE,TOURISM_HERITAGE_PLACE,T3,1,1,0,2023–2025: expansion and convergence,,
WORK-13BCDC7D414C,新消费场景下成都环城生态公园消费满意度评价,新消费场景下成都环城生态公园消费满意度评价,,代 瑞;李健博;秦际栋,2024,Modern Management,journal article,,adjacent_convergent,FALSE,TRUE,CULTURAL_CONSUMPTION_COMMERCIAL,T3,0,0,1,2023–2025: expansion and convergence,,
WORK-14C9AE0A5482,场景理论视阈下城市阅读空间建设研究——以滁州市为例,场景理论视阈下城市阅读空间建设研究——以滁州市为例,,王娟;李君燕,2024,滁州学院学报,journal article,,confirmed_scenes,TRUE,TRUE,PUBLIC_CULTURE_COMMUNITY,T3,0,0,0,2023–2025: expansion and convergence,INTERDISC_OTHER,T3
WORK-1781EF5D66E6,场景理论视域下的历史街区公共空间更新优化——基于杭州的研究,场景理论视域下的历史街区公共空间更新优化——基于杭州的研究,,郎圣伟,2024,浙江工业大学,thesis,,confirmed_scenes,TRUE,FALSE,TOURISM_HERITAGE_PLACE,T3,0,1,0,2023–2025: expansion and convergence,,
WORK-18B4AFA3FA48,场景理论视域下的水电类工业遗产保护更新研究——以重庆市万州区瀼渡电厂为例,场景理论视域下的水电类工业遗产保护更新研究——以重庆市万州区瀼渡电厂为例,,张曼;李素雅;汤羽扬;等,2024,工业建筑,journal article,10.3724/j.gyjzG23083025,confirmed_scenes,TRUE,TRUE,TOURISM_HERITAGE_PLACE,T3,0,1,0,2023–2025: expansion and convergence,ARCH_DES_HER,T3
WORK-19195E8424D2,乡村未来社区的场景构建逻辑与推进路径,乡村未来社区的场景构建逻辑与推进路径,,路艳红[1];张磊[2],2024,艺术百家,journal article,,adjacent_convergent,FALSE,TRUE,RURAL_DEVELOPMENT,T3,0,0,0,2023–2025: expansion and convergence,,
WORK-1A49B89EC6F2,场景视角下传统村落闲置农房活化驱动共同富裕的内在逻辑与实现路径,场景视角下传统村落闲置农房活化驱动共同富裕的内在逻辑与实现路径,,李裕富;耿虹;倪楚悦,2024,自然资源学报,journal article,,confirmed_scenes,TRUE,TRUE,RURAL_DEVELOPMENT,T3,1,0,0,2023–2025: expansion and convergence,URBAN_PLAN_GEO,T3
WORK-1BCC06A0C322,传统村落文化场景模式与特征分析——以武陵山区100个传统村落为例,传统村落文化场景模式与特征分析——以武陵山区100个传统村落为例,,徐若蓝,2024,湖北民族大学学报:哲学社会科学版,journal article,10.13501/j.cnki.42-1328/c.2024.06.010,probable_scenes,FALSE,TRUE,RURAL_DEVELOPMENT,T3,0,0,0,2023–2025: expansion and convergence,,
WORK-1C5D3D72E32B,与阅读共振:有声阅读的传播场景转型,与阅读共振:有声阅读的传播场景转型,,胡明悦,2024,Journalism and Communications,journal article,10.12677/jc.2024.124180,adjacent_convergent,FALSE,TRUE,INTERDISC_OTHER,T3,0,0,0,2023–2025: expansion and convergence,,
WORK-1DBC501A5076,场景视域下民族村寨旅游品质提升研究——以西江千户苗寨为例,场景视域下民族村寨旅游品质提升研究——以西江千户苗寨为例,,"陈波[1,2];张靖煜[3]",2024,江西社会科学,journal article,,confirmed_scenes,TRUE,TRUE,TOURISM_HERITAGE_PLACE,T3,0,0,0,2023–2025: expansion and convergence,INTERDISC_OTHER,T3
WORK-1EB7F2EA58D6,场景理论视域下浙东运河(绍兴段)沿线非物质文化遗产活态传承路径研究,场景理论视域下浙东运河(绍兴段)沿线非物质文化遗产活态传承路径研究,,孙琳琳;姜宇;王涛;陈思,2024,建筑与文化,journal article,10.19875/j.cnki.jzywh.2024.02.059,confirmed_scenes,TRUE,TRUE,TOURISM_HERITAGE_PLACE,T3,0,0,0,2023–2025: expansion and convergence,ARCH_DES_HER,T3
WORK-1FA8BF21B0C0,文旅场景理论内涵与研究方向,文旅场景理论内涵与研究方向,,张旭辉;黄震方;程东亚,2024,地理科学进展,journal article,10.18306/dlkxjz.2024.10.012,confirmed_scenes,TRUE,TRUE,THEORY_GATEWAY,T2,0,0,0,2023–2025: expansion and convergence,URBAN_PLAN_GEO,T3
WORK-2049E17E7DEE,场景理论下地域文化融入高架桥下空间策略,场景理论下地域文化融入高架桥下空间策略,,韦晓宁;靳春燕,2024,美术教育研究,journal article,,confirmed_scenes,TRUE,TRUE,INTERDISC_OTHER,T3,0,0,0,2023–2025: expansion and convergence,EDUCATION,T3
WORK-215FF526647F,张家界牧羊冲村茶园虚拟现实场景设计,张家界牧羊冲村茶园虚拟现实场景设计,,汪璐燚[1];戴浩天[2],2024,湖南包装,journal article,,adjacent_convergent,FALSE,TRUE,DIGITAL_VIRTUAL_MEDIA,T3,0,1,0,2023–2025: expansion and convergence,,
WORK-2183196D9EC6,基于SFIC模型的城市民俗体育品牌消费场景协同治理研究,基于SFIC模型的城市民俗体育品牌消费场景协同治理研究,,庄园;秦振翼,2024,体育科技文献通报,journal article,10.19379/j.cnki.issn.1005-0256.2024.03.035,adjacent_convergent,FALSE,TRUE,SPORT_LEISURE,T3,1,0,1,2023–2025: expansion and convergence,,
WORK-21B822836B30,基于场景营造和体验的地域文化景观设计研究——以晋城凤台公园景观设计为例,基于场景营造和体验的地域文化景观设计研究——以晋城凤台公园景观设计为例,,滕依辰[1];朱雅晖[2];关午军[3],2024,建筑与文化,journal article,10.19875/j.cnki.jzywh.2024.06.002,adjacent_convergent,FALSE,TRUE,URBAN_RENEWAL_DESIGN,T3,0,1,0,2023–2025: expansion and convergence,,
WORK-2467A6A9B63C,媒介情境视域下教师角色的异化与回归,媒介情境视域下教师角色的异化与回归,,李可会[1],2024,高等继续教育学报,journal article,,adjacent_convergent,FALSE,TRUE,DIGITAL_VIRTUAL_MEDIA,T3,0,0,0,2023–2025: expansion and convergence,,
WORK-248EA421ED27,文化场景营造视角下的老旧街区更新路径及策略研究——以南京市南湖东路怀旧主题街区为例,文化场景营造视角下的老旧街区更新路径及策略研究——以南京市南湖东路怀旧主题街区为例,,"许婉婷, 朱喜钢, 操小晋",2024,上海城市规划,journal article,10.11982/j.supr.20240214,confirmed_scenes,TRUE,TRUE,URBAN_RENEWAL_DESIGN,T3,0,1,0,2023–2025: expansion and convergence,URBAN_PLAN_GEO,T3
WORK-25B20B283491,文学经典赋能郑州地区城市场景生产探析——以《郑风》《桧风》为例,文学经典赋能郑州地区城市场景生产探析——以《郑风》《桧风》为例,,李冰[1],2024,河南牧业经济学院学报,journal article,10.3969/j.issn.2096-2452.2024.02.011,probable_scenes,FALSE,TRUE,INTERDISC_OTHER,T3,0,0,0,2023–2025: expansion and convergence,,
WORK-2662D6F2FA0B,场景理论视角下新中式茶馆的空间建构与消费者感知——以珠海市北山村为例,场景理论视角下新中式茶馆的空间建构与消费者感知——以珠海市北山村为例,,潘新洁,2024,旅游论坛,journal article,10.15962/j.cnki.tourismforum.202405037,confirmed_scenes,TRUE,TRUE,CULTURAL_CONSUMPTION_COMMERCIAL,T3,0,1,0,2023–2025: expansion and convergence,TOUR_HOSP,T2
WORK-26AA7287CE85,蜂鸣的逻辑:场景视角下的青年消费空间生产——以北京三里屯太古里为例,蜂鸣的逻辑:场景视角下的青年消费空间生产——以北京三里屯太古里为例,,营立成,2024,中国青年研究,journal article,10.19633/j.cnki.11-2579/d.2024.0042,probable_scenes,FALSE,TRUE,CULTURAL_CREATIVE_INNOVATION,T3,0,0,0,2023–2025: expansion and convergence,,
WORK-29118F0936D4,多元共融——新场景赋能新质生产力,多元共融——新场景赋能新质生产力,,罗桑仁青[1],2024,先锋,journal article,,adjacent_convergent,FALSE,TRUE,INTERDISC_OTHER,T3,0,0,0,2023–2025: expansion and convergence,,
WORK-2CA25A65FA80,场景理论视域下乡村公共文化空间设计研究——以黄冈市陈策楼村为例,场景理论视域下乡村公共文化空间设计研究——以黄冈市陈策楼村为例,,杨琳飒,2024,湖北大学（official prior student affiliation; degree institution not recovered）,thesis,,confirmed_scenes,TRUE,FALSE,RURAL_DEVELOPMENT,T3,0,1,0,2023–2025: expansion and convergence,,
WORK-309A4851424C,场景化传播赋能思想政治教育话语实践论析,场景化传播赋能思想政治教育话语实践论析,,黄冬霞[1],2024,思想理论教育,journal article,10.16075/j.cnki.cn31-1220/g4.2024.01.004,adjacent_convergent,FALSE,TRUE,ART_IDENTITY_EDUCATION,T3,0,0,0,2023–2025: expansion and convergence,,
WORK-345804EE495E,元宇宙赋能数字旅游场景的理论逻辑与实践路径,元宇宙赋能数字旅游场景的理论逻辑与实践路径,,马三喜,2024,社会科学家,journal article,,probable_scenes,FALSE,TRUE,DIGITAL_VIRTUAL_MEDIA,T3,1,0,0,2023–2025: expansion and convergence,,
WORK-34977778C366,变异与重构:媒介情境视域下解说电影类短视频的功与过,变异与重构:媒介情境视域下解说电影类短视频的功与过,,杨梅[1],2024,视听,journal article,10.19395/j.cnki.1674-246x.2024.04.025,adjacent_convergent,FALSE,TRUE,DIGITAL_VIRTUAL_MEDIA,T3,0,0,0,2023–2025: expansion and convergence,,
WORK-356A24EDF0EE,社交媒体对哈尔滨城市形象的建构与传播——基于媒介情境理论视角,社交媒体对哈尔滨城市形象的建构与传播——基于媒介情境理论视角,,尹冰[1],2024,传播与版权,journal article,10.16852/j.cnki.45-1390/g2.2024.14.024,adjacent_convergent,FALSE,TRUE,DIGITAL_VIRTUAL_MEDIA,T3,0,1,0,2023–2025: expansion and convergence,,
WORK-35BE457CE831,基于媒介情境理论的研学AR交互设计——以《学趣》APP为例,基于媒介情境理论的研学AR交互设计——以《学趣》APP为例,,蓝琪[1];张姮[1],2024,设计,journal article,10.20055/j.cnki.1003-0069.002328,adjacent_convergent,FALSE,TRUE,DIGITAL_VIRTUAL_MEDIA,T3,0,1,0,2023–2025: expansion and convergence,,
WORK-3A4172C51A43,场景理论视阈下新媒体赋能非物质文化遗产保护策略研究,场景理论视阈下新媒体赋能非物质文化遗产保护策略研究,,袁钺,2024,南宁师范大学学报:哲学社会科学版,journal article,10.16601/j.cnki.issn2096-7349.2024.01.003,confirmed_scenes,TRUE,TRUE,TOURISM_HERITAGE_PLACE,T3,0,1,0,2023–2025: expansion and convergence,INTERDISC_OTHER,T2
WORK-3B7E50FD34CB,情感治理的场景实践与新型乡村共同体的构建——基于S市农村睦邻场景的类型化分析,情感治理的场景实践与新型乡村共同体的构建——基于S市农村睦邻场景的类型化分析,,朱浩[1],2024,探索,journal article,10.16501/j.cnki.50-1019/d.2024.03.009,adjacent_convergent,FALSE,TRUE,RURAL_DEVELOPMENT,T3,1,0,0,2023–2025: expansion and convergence,,
WORK-3BFF48366FB0,乡村振兴战略背景下涉农社区公共文化空间重塑研究,乡村振兴战略背景下涉农社区公共文化空间重塑研究,,杨铱;熊丙全;李谦,2024,农村实用技术,journal article,,confirmed_scenes,TRUE,TRUE,RURAL_DEVELOPMENT,T3,1,0,0,2023–2025: expansion and convergence,RURAL_AGRI,T3
WORK-3CCA8AAB0E85,礼俗互化:发展现代生活场景推动各民族共同走向中国式现代化的可能性分析,礼俗互化:发展现代生活场景推动各民族共同走向中国式现代化的可能性分析,,"张宸溪[1];周真刚[1,2]",2024,贵州社会科学,journal article,10.13713/j.cnki.cssci.2024.08.021,adjacent_convergent,FALSE,TRUE,INTERDISC_OTHER,T3,0,0,0,2023–2025: expansion and convergence,,
WORK-3D4FEBED918C,可供性视角下城市书展阅读场景的实践逻辑与优化策略,可供性视角下城市书展阅读场景的实践逻辑与优化策略,,"乔晓鹏[1,2];王鹏飞[3]",2024,出版广角,journal article,10.16491/j.cnki.cn45-1216/g2.2024.21.001,adjacent_convergent,FALSE,TRUE,PUBLIC_CULTURE_COMMUNITY,T3,0,0,0,2023–2025: expansion and convergence,,
WORK-3E9E0E1B612F,走向建筑现象学:基于扎根理论的西西弗书店场景传播与场所精神研究,走向建筑现象学:基于扎根理论的西西弗书店场景传播与场所精神研究,,李金正[1];杜澯一[1],2024,出版发行研究,journal article,10.19393/j.cnki.cn11-1537/g2.2024.09.017,adjacent_convergent,FALSE,TRUE,ART_IDENTITY_EDUCATION,T3,0,0,0,2023–2025: expansion and convergence,,
WORK-4110D94F664B,场景理论视域下民族村寨旅游沉浸式体验生产机制研究,场景理论视域下民族村寨旅游沉浸式体验生产机制研究,,宋育典;孙小龙;秦彬朦;肖欢欢,2024,安顺学院学报,journal article,,confirmed_scenes,TRUE,TRUE,DIGITAL_VIRTUAL_MEDIA,T3,0,0,0,2023–2025: expansion and convergence,INTERDISC_OTHER,T3
WORK-424E35180620,视觉媒介与空间场景建构下的文化街区考察,视觉媒介与空间场景建构下的文化街区考察,,"杨忠杨[1,2];钱伟浩[3]",2024,武陵学刊,journal article,10.16514/j.cnki.cn43-1506/c.2024.05.017,adjacent_convergent,FALSE,TRUE,DIGITAL_VIRTUAL_MEDIA,T3,0,1,0,2023–2025: expansion and convergence,,
WORK-444FAFB3F3AA,沉浸式体验场景的建构过程与机理——基于“长安十二时辰”街区的案例研究,沉浸式体验场景的建构过程与机理——基于“长安十二时辰”街区的案例研究,,曹智辉;妥艳媜;韩秋晨;陈晔,2024,外国经济与管理,journal article,10.16538/j.cnki.fem.20240614.301,confirmed_scenes,TRUE,TRUE,DIGITAL_VIRTUAL_MEDIA,T2,0,1,0,2023–2025: expansion and convergence,ECON_BUS_CONS,T3
WORK-4640A4A699FA,场景视域下文化创意园新型公共文化空间规划研究——以长沙后湖国际艺术园为例,场景视域下文化创意园新型公共文化空间规划研究——以长沙后湖国际艺术园为例,,李妍,2024,决策与信息,journal article,10.20206/j.cnki.jcyxx.2024.11.005,confirmed_scenes,TRUE,TRUE,PUBLIC_CULTURE_COMMUNITY,T3,0,1,0,2023–2025: expansion and convergence,SOC_POLICY,T3
WORK-48D3D86889E3,"场景视域下的图书馆亲子共读服务创新研究——以江西省图书馆""城市客厅唤醒计划""为例","场景视域下的图书馆亲子共读服务创新研究——以江西省图书馆""城市客厅唤醒计划""为例",,宋文娅,2024,图书馆学刊,journal article,10.3969/j.issn.1002-1884.2024.05.018,confirmed_scenes,TRUE,TRUE,PUBLIC_CULTURE_COMMUNITY,T3,0,0,0,2023–2025: expansion and convergence,INFO_TECH,T3
WORK-4941AE2FADD9,基于媒介情境理论的陪伴型在线学习平台体验设计研究,基于媒介情境理论的陪伴型在线学习平台体验设计研究,,杨馥嫚[1],2024,艺术科技,journal article,,adjacent_convergent,FALSE,TRUE,DIGITAL_VIRTUAL_MEDIA,T3,0,1,0,2023–2025: expansion and convergence,,
WORK-49B63DF8683E,场景视角下城市空间的地域美学与身份塑造——以重庆市渝中区为例,场景视角下城市空间的地域美学与身份塑造——以重庆市渝中区为例,,庞雨珊,2024,美与时代:城市版,journal article,,probable_scenes,FALSE,TRUE,ART_IDENTITY_EDUCATION,T3,0,0,0,2023–2025: expansion and convergence,,
WORK-49C81A3886A2,场景视域下乡村体育文化与冰雪旅游融合的价值表达与推进策略,场景视域下乡村体育文化与冰雪旅游融合的价值表达与推进策略,,朱廉杰[1];潘宏伟[1];曹健[1];郭井双[1];曲均增[1],2024,山东体育科技,journal article,10.14105/j.cnki.1009-9840.2024.06.008,confirmed_scenes,TRUE,TRUE,SPORT_LEISURE,T3,0,0,0,2023–2025: expansion and convergence,SPORT_LEISURE,T3
WORK-4AAE0C48E5A5,网络短视频的媒介场景构建与场景化表达,网络短视频的媒介场景构建与场景化表达,,江凌[1],2024,首都师范大学学报:社会科学版,journal article,,adjacent_convergent,FALSE,TRUE,DIGITAL_VIRTUAL_MEDIA,T3,0,0,0,2023–2025: expansion and convergence,,
WORK-4C22E9313E05,场景理论下桂北传统村落公共文化空间建构的艺术介入策略研究,场景理论下桂北传统村落公共文化空间建构的艺术介入策略研究,,张紫茵,2024,景德镇陶瓷大学,thesis,,confirmed_scenes,TRUE,FALSE,RURAL_DEVELOPMENT,T3,0,1,0,2023–2025: expansion and convergence,,
WORK-4C6366CAF39C,“云消费”时代的消费新业态新模式新场景创新,“云消费”时代的消费新业态新模式新场景创新,,赖阳[1],2024,中国商论,journal article,10.19699/j.cnki.issn2096-0298.2024.22.022,adjacent_convergent,FALSE,TRUE,CULTURAL_CREATIVE_INNOVATION,T3,0,0,0,2023–2025: expansion and convergence,,
WORK-505163DB6C5D,融合与创新:场景理论在地域文化再生中的文创设计,融合与创新:场景理论在地域文化再生中的文创设计,,鲍圆洋;王夕卉,2024,设计,journal article,10.20055/j.cnki.1003-0069.002274,confirmed_scenes,TRUE,TRUE,CULTURAL_CREATIVE_INNOVATION,T3,0,1,0,2023–2025: expansion and convergence,ARCH_DES_HER,T3
WORK-51F911BE7E1B,基于场景体验的开封历史文化街区评价与优化策略研究,基于场景体验的开封历史文化街区评价与优化策略研究,,王会美,2024,桂林电子科技大学,thesis,,confirmed_scenes,TRUE,FALSE,TOURISM_HERITAGE_PLACE,T3,0,0,1,2023–2025: expansion and convergence,,
WORK-52812E75E6EC,北京国家文创实验区文化数字化新场景体系构建研究,北京国家文创实验区文化数字化新场景体系构建研究,,齐羚;李甜婧;谢佳萌;等,2024,园林,journal article,10.12193/j.laing.2024.07.0050.006,confirmed_scenes,TRUE,TRUE,DIGITAL_VIRTUAL_MEDIA,T3,1,0,0,2023–2025: expansion and convergence,ARCH_DES_HER,T3
WORK-5472F9EE0078,建构·认同·扩散:媒介情境下城市“出圈”的传播逻辑与启示,建构·认同·扩散:媒介情境下城市“出圈”的传播逻辑与启示,,康佳威[1],2024,东南传播,journal article,10.13556/j.cnki.dncb.cn35-1274/j.2024.08.035,adjacent_convergent,FALSE,TRUE,DIGITAL_VIRTUAL_MEDIA,T3,0,1,0,2023–2025: expansion and convergence,,
WORK-5502305863DD,场景视角下国际消费中心城市发展路径分析,场景视角下国际消费中心城市发展路径分析,,吴军,2024,武汉大学学报:哲学社会科学版,journal article,10.14086/j.cnki.wujss.2024.04.004,probable_scenes,FALSE,TRUE,CULTURAL_CONSUMPTION_COMMERCIAL,T3,1,0,0,2023–2025: expansion and convergence,,
WORK-565E58DB671E,场景理论视域下公共图书馆阅读空间建设研究,场景理论视域下公共图书馆阅读空间建设研究,,吴纯,2024,河北科技图苑,journal article,10.13897/j.cnki.hbkjty.2024.0081,confirmed_scenes,TRUE,TRUE,PUBLIC_CULTURE_COMMUNITY,T3,0,0,0,2023–2025: expansion and convergence,INFO_TECH,T3
WORK-572E780D7B3F,场景理论视域下体育非物质文化遗产的文化传承空间建构,场景理论视域下体育非物质文化遗产的文化传承空间建构,,罗佳宁;罗亮;石雪菲;孙晋海,2024,体育文化导刊,journal article,,confirmed_scenes,TRUE,TRUE,SPORT_LEISURE,T3,0,1,0,2023–2025: expansion and convergence,SPORT_LEISURE,T3
WORK-5917B2CFB518,基于场景思维的数字农家书屋平台发展新进路,基于场景思维的数字农家书屋平台发展新进路,,郭慧[1];尹章池[2],2024,科技与出版,journal article,10.16510/j.cnki.kjycb.2024.05.010,adjacent_convergent,FALSE,TRUE,DIGITAL_VIRTUAL_MEDIA,T3,0,0,0,2023–2025: expansion and convergence,,
WORK-5A780815D3EB,Metro Cultural Scene: A New Community Scale in Urban Scene Research,,Metro Cultural Scene: A New Community Scale in Urban Scene Research,Wang Y and Zhou Y,2024,Environment and Planning B: Urban Analytics and City Science,journal article,10.1177/23998083241227753,confirmed_scenes,TRUE,TRUE,PUBLIC_CULTURE_COMMUNITY,T2,0,0,0,2023–2025: expansion and convergence,URBAN_PLAN_GEO,T3
WORK-5B3C40A694BB,文化类综艺节目的文化共情与场景融合——以《诗画中国》为例,文化类综艺节目的文化共情与场景融合——以《诗画中国》为例,,刘力[1],2024,视听,journal article,10.19395/j.cnki.1674-246x.2024.05.011,adjacent_convergent,FALSE,TRUE,INTERDISC_OTHER,T3,0,0,0,2023–2025: expansion and convergence,,
WORK-5CD468A9753A,杭州清河坊历史街区文化空间的场景更新与对策研究,杭州清河坊历史街区文化空间的场景更新与对策研究,,罗泓;何苗,2024,浙江理工大学学报,journal article,10.3969/j.issn.1673-3851(s).2024.02.006,confirmed_scenes,TRUE,TRUE,TOURISM_HERITAGE_PLACE,T3,0,1,0,2023–2025: expansion and convergence,INTERDISC_OTHER,T3
WORK-5CE54033EAE9,家庭发展视角下电商中的农村场景建构机制——以中部地区Z县为例,家庭发展视角下电商中的农村场景建构机制——以中部地区Z县为例,,陈梓鑫[1];黄远[2],2024,科技传播,journal article,10.16607/j.cnki.1674-6708.2024.06.003,adjacent_convergent,FALSE,TRUE,RURAL_DEVELOPMENT,T3,0,1,0,2023–2025: expansion and convergence,,
WORK-5D2672885DAE,I基于精致露营场景的创新露营灯设计研究,I基于精致露营场景的创新露营灯设计研究,,康丽娟[1];冉志铭[1];江天舒[1],2024,设计,journal article,10.20055/j.cnki.1003-0069.002240,adjacent_convergent,FALSE,TRUE,CULTURAL_CREATIVE_INNOVATION,T3,0,1,0,2023–2025: expansion and convergence,,
WORK-5D2FCBCF641B,基于情景体验的城市公共空间“共享农田”景观设计研究,基于情景体验的城市公共空间“共享农田”景观设计研究,,刘雨婷[1];唐程璇[1];胡剑忠[1],2024,设计,journal article,10.20055/j.cnki.1003-0069.001513,adjacent_convergent,FALSE,TRUE,PUBLIC_CULTURE_COMMUNITY,T3,0,1,0,2023–2025: expansion and convergence,,
WORK-5DDED3E9CB93,场景理论视角下工业遗存保护与更新转型影响因素研究,场景理论视角下工业遗存保护与更新转型影响因素研究,,李晗,2024,中国矿业大学,thesis,,confirmed_scenes,TRUE,FALSE,URBAN_RENEWAL_DESIGN,T3,0,1,0,2023–2025: expansion and convergence,,
WORK-6051851C908D,“微信之家”:媒介情境视角下家庭交往中的关系权宜,“微信之家”:媒介情境视角下家庭交往中的关系权宜,,吴晓[1],2024,视听,journal article,10.19395/j.cnki.1674-246x.2024.04.001,adjacent_convergent,FALSE,TRUE,DIGITAL_VIRTUAL_MEDIA,T3,0,0,0,2023–2025: expansion and convergence,,
WORK-64B3C0284D06,基于宋代唯物美学视野下的情形实时AR再现场景设计研究——以福州三坊七巷为例,基于宋代唯物美学视野下的情形实时AR再现场景设计研究——以福州三坊七巷为例,,卓凡[1];朱锡昂[1];侯启槟[2],2024,艺苑,journal article,,adjacent_convergent,FALSE,TRUE,ART_IDENTITY_EDUCATION,T3,0,1,0,2023–2025: expansion and convergence,,
WORK-6726A293CA59,场景理论视域下城市文化空间建构研究——以湖南博物院为例,场景理论视域下城市文化空间建构研究——以湖南博物院为例,,寇瑞冰;易露露,2024,文物鉴定与鉴赏,journal article,10.20005/j.cnki.issn.1674-8697.2024.19.019,confirmed_scenes,TRUE,TRUE,INTERDISC_OTHER,T3,0,1,0,2023–2025: expansion and convergence,ARCH_DES_HER,T3
WORK-695402FDEC76,场景理论视域下数字化协同办公产品交互设计方法与策略研究,场景理论视域下数字化协同办公产品交互设计方法与策略研究,,包沁容,2024,东南大学,thesis,,confirmed_scenes,TRUE,FALSE,DIGITAL_VIRTUAL_MEDIA,T3,1,1,0,2023–2025: expansion and convergence,,
WORK-6A6A381C3F42,夜间场景的感官体验对旅游消费行为的影响机制研究,夜间场景的感官体验对旅游消费行为的影响机制研究,,刘民坤;梁连健,2024,广西大学学报（哲学社会科学版）,journal article,10.13624/j.cnki.jgupss.2024.06.016,confirmed_scenes,TRUE,TRUE,TOURISM_HERITAGE_PLACE,T2,0,0,1,2023–2025: expansion and convergence,INTERDISC_OTHER,T3
WORK-6AC613CE82D2,电视建筑空间塑造与媒介场景传播——以第31届中国电视金鹰奖晚会为例,电视建筑空间塑造与媒介场景传播——以第31届中国电视金鹰奖晚会为例,,石浩生[1],2024,传媒,journal article,,adjacent_convergent,FALSE,TRUE,DIGITAL_VIRTUAL_MEDIA,T3,0,0,0,2023–2025: expansion and convergence,,
WORK-6B6DF38D2B0E,城市公园运动场景营造研究,城市公园运动场景营造研究,,李茂,2024,上海体育大学,thesis,,confirmed_scenes,TRUE,FALSE,SPORT_LEISURE,T3,0,1,0,2023–2025: expansion and convergence,,
WORK-6D7611897E63,媒介情境论视域下媒体融合赋能乡村文化传播的路径探析,媒介情境论视域下媒体融合赋能乡村文化传播的路径探析,,王艺妍[1],2024,新闻研究导刊,journal article,,adjacent_convergent,FALSE,TRUE,RURAL_DEVELOPMENT,T3,0,0,0,2023–2025: expansion and convergence,,
WORK-6E6564053F14,公园城市老旧社区“城市漫步”新场景营造研究——以成都市玉林社区为例,公园城市老旧社区“城市漫步”新场景营造研究——以成都市玉林社区为例,,邢斌[1];唐莉英[1],2024,美术教育研究,journal article,,adjacent_convergent,FALSE,TRUE,PUBLIC_CULTURE_COMMUNITY,T3,0,1,0,2023–2025: expansion and convergence,,
WORK-6E70FFD4190E,农产品直播购买意愿的影响因素研究——基于场景框架和信息类型的交互效应,农产品直播购买意愿的影响因素研究——基于场景框架和信息类型的交互效应,,赵文德[1];谢菡[2],2024,北方经贸,journal article,,adjacent_convergent,FALSE,TRUE,DIGITAL_VIRTUAL_MEDIA,T3,0,0,1,2023–2025: expansion and convergence,,
WORK-70B4BC2E9294,场景化传播背景下红色文化融入思政课程探索,场景化传播背景下红色文化融入思政课程探索,,黄乐[1],2024,传媒,journal article,,adjacent_convergent,FALSE,TRUE,INTERDISC_OTHER,T3,0,0,0,2023–2025: expansion and convergence,,
WORK-717058029BA9,场景理论视角下历史文化街区保护策略--以磁器口历史文化街区为例,场景理论视角下历史文化街区保护策略--以磁器口历史文化街区为例,,安兆璇,2024,重庆大学,thesis,,confirmed_scenes,TRUE,FALSE,TOURISM_HERITAGE_PLACE,T3,0,1,0,2023–2025: expansion and convergence,,
WORK-71B87CC368B7,基于场景理论的城市社区第三空间识别与营造路径——以重庆市沙坪坝区中渡口社区为例,基于场景理论的城市社区第三空间识别与营造路径——以重庆市沙坪坝区中渡口社区为例,,"黄瓴, 夏梦",2024,上海城市规划,journal article,10.11982/j.supr.20240316,confirmed_scenes,TRUE,TRUE,PUBLIC_CULTURE_COMMUNITY,T3,0,1,1,2023–2025: expansion and convergence,URBAN_PLAN_GEO,T3
WORK-73467CBA3B83,和美乡村建设背景下乡村公共文化空间评价体系的建构,和美乡村建设背景下乡村公共文化空间评价体系的建构,,曾薇;赖雨晨;王雨菲,2024,传播与版权,journal article,,confirmed_scenes,TRUE,TRUE,RURAL_DEVELOPMENT,T3,0,1,1,2023–2025: expansion and convergence,CULT_MEDIA,T3
WORK-73DA695F8846,媒介情境论视角下高职院校浸润式数字美育的实践路径,媒介情境论视角下高职院校浸润式数字美育的实践路径,,戴慧[1],2024,宁波职业技术学院学报,journal article,,adjacent_convergent,FALSE,TRUE,DIGITAL_VIRTUAL_MEDIA,T3,1,0,0,2023–2025: expansion and convergence,,
WORK-7421B921400E,基于场景理论的工矿遗产活化与保护研究——以安徽铜陵为例,基于场景理论的工矿遗产活化与保护研究——以安徽铜陵为例,,任劲劲;殷宝为,2024,西部旅游,journal article,,confirmed_scenes,TRUE,TRUE,TOURISM_HERITAGE_PLACE,T3,0,1,0,2023–2025: expansion and convergence,TOUR_HOSP,T3
WORK-75CD08426037,民间传说与地方社会的场景建构,民间传说与地方社会的场景建构,,段友文;周艳双,2024,晋中学院学报,journal article,10.3969/j.issn.1673-1808.2024.01.008,confirmed_scenes,TRUE,TRUE,INTERDISC_OTHER,T3,0,1,0,2023–2025: expansion and convergence,INTERDISC_OTHER,T3
WORK-75F8570FCD95,基于元宇宙的大运河虚拟文化空间场景感知与构建研究,基于元宇宙的大运河虚拟文化空间场景感知与构建研究,,"杨阳[1,2];乔晓鹏[3,4];张志强[5]",2024,出版广角,journal article,10.16491/j.cnki.cn45-1216/g2.2024.17.009,probable_scenes,FALSE,TRUE,DIGITAL_VIRTUAL_MEDIA,T3,0,0,0,2023–2025: expansion and convergence,,
WORK-78EF56BE1C52,强制连接:地铁场景中移动媒介使用行为研究——基于媒介情境理论的分析,强制连接:地铁场景中移动媒介使用行为研究——基于媒介情境理论的分析,,成松波[1],2024,视听,journal article,10.19395/j.cnki.1674-246x.2024.07.025,adjacent_convergent,FALSE,TRUE,DIGITAL_VIRTUAL_MEDIA,T3,0,0,0,2023–2025: expansion and convergence,,
WORK-79EE67463838,场景视域下川剧节目的传播困境与破局:以《典籍里的中国》为鉴,场景视域下川剧节目的传播困境与破局:以《典籍里的中国》为鉴,,齐天颖[1],2024,戏剧之家,journal article,,probable_scenes,FALSE,TRUE,INTERDISC_OTHER,T3,0,0,0,2023–2025: expansion and convergence,,
WORK-7A296F50F76D,“中西方比较视野下场景理论的国际化和本土化问题”学术研讨会综述,“中西方比较视野下场景理论的国际化和本土化问题”学术研讨会综述,,朱小凡,2024,文化软实力研究,journal article,10.19468/j.cnki.2096-1987.2024.05.012,confirmed_scenes,TRUE,TRUE,THEORY_GATEWAY,T3,0,0,0,2023–2025: expansion and convergence,CULT_MEDIA,T3
WORK-7A50DA2F6981,场景理论框架下运动促进健康的主要模式与实施路径探究,场景理论框架下运动促进健康的主要模式与实施路径探究,,王莉敏;王勇,2024,体育科技文献通报,journal article,10.19379/j.cnki.issn.1005-0256.2024.11.024,confirmed_scenes,TRUE,TRUE,SPORT_LEISURE,T3,0,0,0,2023–2025: expansion and convergence,SPORT_LEISURE,T3
WORK-7A6BE9A92EBA,文旅融合背景下地方民俗对城市气质提升的路径研究——以巢湖民歌为例,文旅融合背景下地方民俗对城市气质提升的路径研究——以巢湖民歌为例,,王新[1];王紫怡[1],2024,巢湖学院学报,journal article,10.12152/j.issn.1672-2868.2024.05.004,probable_scenes,FALSE,TRUE,TOURISM_HERITAGE_PLACE,T3,0,0,0,2023–2025: expansion and convergence,,
WORK-7AAE152376B5,场景视角下的集镇公共空间更新——以新昌县儒岙镇共富风貌驿设计为例,场景视角下的集镇公共空间更新——以新昌县儒岙镇共富风貌驿设计为例,,王天玺;郑军;叶欣;等,2024,浙江建筑,journal article,10.3969/j.issn.1008-3707.2024.01.017,confirmed_scenes,TRUE,TRUE,PUBLIC_CULTURE_COMMUNITY,T3,0,1,0,2023–2025: expansion and convergence,ARCH_DES_HER,T3
WORK-7B2543A23BFC,场景理论下历史文化街区旅游价值和居住价值并存的可行性研究——以深圳南头古城为例,场景理论下历史文化街区旅游价值和居住价值并存的可行性研究——以深圳南头古城为例,,张臻,2024,经营与管理,journal article,10.16517/j.cnki.cn12-1034/f.2024.06.010,confirmed_scenes,TRUE,TRUE,TOURISM_HERITAGE_PLACE,T3,0,0,0,2023–2025: expansion and convergence,ECON_BUS_CONS,T3
WORK-7CF4159B5229,文化场景理论视域下传统村落文旅发展路径优化研究——以海上桥传统村落为例,文化场景理论视域下传统村落文旅发展路径优化研究——以海上桥传统村落为例,,侯雪言;宫玥,2024,文化软实力研究,journal article,10.19468/j.cnki.2096-1987.2024.06.004,confirmed_scenes,TRUE,TRUE,RURAL_DEVELOPMENT,T3,1,0,0,2023–2025: expansion and convergence,CULT_MEDIA,T3
WORK-7E06DF4DBB20,从场所到场景:城市更新中的愿景认同与城市设计转型,从场所到场景:城市更新中的愿景认同与城市设计转型,,边兰春;卓康夫,2024,城市学报,journal article,10.3969/j.issn.1005-278X.2024.01.005,confirmed_scenes,TRUE,TRUE,URBAN_RENEWAL_DESIGN,T3,0,1,0,2023–2025: expansion and convergence,URBAN_PLAN_GEO,T2
WORK-7F32DEC386B2,基于媒介情境理论的在线学习平台体验优化研究,基于媒介情境理论的在线学习平台体验优化研究,,马红梅[1],2024,艺术科技,journal article,,adjacent_convergent,FALSE,TRUE,DIGITAL_VIRTUAL_MEDIA,T3,0,0,0,2023–2025: expansion and convergence,,
WORK-80A474DC4D97,智慧图书馆数实融合的阅读场景建设研究,智慧图书馆数实融合的阅读场景建设研究,,白薇[1],2024,图书馆界,journal article,10.14072/j.cnki.tsgj.2024.05.009,adjacent_convergent,FALSE,TRUE,PUBLIC_CULTURE_COMMUNITY,T3,0,0,0,2023–2025: expansion and convergence,,
WORK-82E3E95000C3,基于场景理论的城市中心区轨道站域公共空间优化策略研究--以重庆嘉州路站点为例,基于场景理论的城市中心区轨道站域公共空间优化策略研究--以重庆嘉州路站点为例,,陈幸,2024,重庆大学,thesis,,confirmed_scenes,TRUE,FALSE,PUBLIC_CULTURE_COMMUNITY,T3,0,0,0,2023–2025: expansion and convergence,,
WORK-8515A36D1B2C,云南地区图书馆阅读推广助力乡村文化振兴——基于阅读文化场景的透视,云南地区图书馆阅读推广助力乡村文化振兴——基于阅读文化场景的透视,,李海洋,2024,云南农业大学学报:社会科学版,journal article,10.12371/j.ynau(s).202405034,confirmed_scenes,TRUE,TRUE,RURAL_DEVELOPMENT,T3,0,0,0,2023–2025: expansion and convergence,RURAL_AGRI,T3
WORK-8829736EAEE8,情动的空间政治:南京鼓楼金银街创意市集的场景营造,情动的空间政治:南京鼓楼金银街创意市集的场景营造,,杨舢[1];杨子玉[1];涂林英[1],2024,艺术管理(中英文),journal article,,adjacent_convergent,FALSE,TRUE,CULTURAL_CREATIVE_INNOVATION,T3,0,1,0,2023–2025: expansion and convergence,,
WORK-8858BCAE4554,作为文化空间的老城区有机更新研究——以淮安为例,作为文化空间的老城区有机更新研究——以淮安为例,,刘志刚;赵科印,2024,淮阴师范学院学报（哲学社会科学版）,journal article,10.3969/j.issn.1007-8444.2024.06.015,confirmed_scenes,TRUE,TRUE,INTERDISC_OTHER,T3,0,1,0,2023–2025: expansion and convergence,INTERDISC_OTHER,T3
WORK-886BFE24E376,表情包、媒介场景与公号“莫言”的粘性——关于“公号文”的个案考察,表情包、媒介场景与公号“莫言”的粘性——关于“公号文”的个案考察,,赵坤[1],2024,扬子江文学评论,journal article,,adjacent_convergent,FALSE,TRUE,DIGITAL_VIRTUAL_MEDIA,T3,0,0,0,2023–2025: expansion and convergence,,
WORK-897084D87E94,红色文化数字出版的场景赋能与体系建构,红色文化数字出版的场景赋能与体系建构,,杨萍[1],2024,新媒体研究,journal article,10.16604/j.cnki.issn2096-0360.2024.22.014,adjacent_convergent,FALSE,TRUE,DIGITAL_VIRTUAL_MEDIA,T3,0,1,0,2023–2025: expansion and convergence,,
WORK-898F766E0BCE,场景理论视角下抖音旅游vlog的重庆城市形象建构研究,场景理论视角下抖音旅游vlog的重庆城市形象建构研究,,景语涵,2024,重庆交通大学,thesis,,confirmed_scenes,TRUE,FALSE,TOURISM_HERITAGE_PLACE,T3,0,1,0,2023–2025: expansion and convergence,,
WORK-8E21051D7CFA,场景理论视角下“图书馆+地铁”公共文化服务创新研究,场景理论视角下“图书馆+地铁”公共文化服务创新研究,,汪全莉;万茹捷,2024,图书馆研究,journal article,,confirmed_scenes,TRUE,TRUE,PUBLIC_CULTURE_COMMUNITY,T3,0,0,0,2023–2025: expansion and convergence,INFO_TECH,T3
WORK-8EBE0ECCCC39,"基于场景理论的连片历史文化街区保护活化""评估—治理""研究——以广州荔湾老城区为例","基于场景理论的连片历史文化街区保护活化""评估—治理""研究——以广州荔湾老城区为例",,李洋;许永成;霍子文,2024,中国名城,journal article,10.19924/j.cnki.1674-4144.2024.002.005,confirmed_scenes,TRUE,TRUE,TOURISM_HERITAGE_PLACE,T3,1,1,0,2023–2025: expansion and convergence,URBAN_PLAN_GEO,T3
WORK-8F0088671F5B,基于场景理论的创新街区公共空间评价与空间营造策略研究——以北京德胜科技园区为例,基于场景理论的创新街区公共空间评价与空间营造策略研究——以北京德胜科技园区为例,,田雨泽,2024,北京建筑大学,thesis,,confirmed_scenes,TRUE,FALSE,PUBLIC_CULTURE_COMMUNITY,T3,0,1,1,2023–2025: expansion and convergence,,
WORK-90534473849A,场景理论视域下我国大型体育赛事体育展示构建研究,场景理论视域下我国大型体育赛事体育展示构建研究,,王峻寅,2024,南京体育学院,thesis,,confirmed_scenes,TRUE,FALSE,SPORT_LEISURE,T3,0,0,0,2023–2025: expansion and convergence,,
WORK-93D4527384BC,基于场景理论的高架桥下消极空间优化设计研究——以合肥马鞍山路高架桥为例,基于场景理论的高架桥下消极空间优化设计研究——以合肥马鞍山路高架桥为例,,靳春燕;韦晓宁;李晓琼,2024,工业设计,journal article,10.3969/j.issn.1672-7053.2024.11.023,confirmed_scenes,TRUE,TRUE,INTERDISC_OTHER,T3,0,1,0,2023–2025: expansion and convergence,ARCH_DES_HER,T3
WORK-9527442B091B,文化场景视域下中国武术发展路径优化研究,文化场景视域下中国武术发展路径优化研究,,易彤;李士建,2024,武术研究,journal article,10.13293/j.cnki.wskx.010740,confirmed_scenes,TRUE,TRUE,SPORT_LEISURE,T3,1,0,0,2023–2025: expansion and convergence,SPORT_LEISURE,T3
WORK-9595C3EF3621,文明交流互鉴意识与滨口龙介电影的审美情境空间论,文明交流互鉴意识与滨口龙介电影的审美情境空间论,,刘志[1],2024,齐鲁艺苑:山东艺术学院学报,journal article,10.3969/j.issn.1002-2236.2024.03.013,adjacent_convergent,FALSE,TRUE,INTERDISC_OTHER,T3,0,0,0,2023–2025: expansion and convergence,,
WORK-98F4253DB11E,Investigating the Creation of Cultural Atmospheres in Physical Bookstores Within the Context of Scene-Based Consumption:A Perspective Based on the Ways of Seeing,Investigating the Creation of Cultural Atmospheres in Physical Bookstores Within the Context of Scene-Based Consumption:A Perspective Based on the Ways of Seeing,,Chai Dongdong;He Jiani,2024,当代社会科学（英文版）,journal article,10.19873/j.cnki.2096-0212.2024.03.006,confirmed_scenes,TRUE,TRUE,INTERDISC_OTHER,T3,0,0,0,2023–2025: expansion and convergence,INTERDISC_OTHER,T3
WORK-99A89116E632,场景理论视阈下国际消费中心城市名片消费场景的构建研究——以天津市为例,场景理论视阈下国际消费中心城市名片消费场景的构建研究——以天津市为例,,刘玥,2024,天津商务职业学院学报,journal article,10.16130/j.cnki.12-1434/f.2024.05.006,confirmed_scenes,TRUE,TRUE,CULTURAL_CONSUMPTION_COMMERCIAL,T3,1,0,0,2023–2025: expansion and convergence,ECON_BUS_CONS,T3
WORK-9ABDD4EBAB0F,智能手机介入下老年人场景体验影响因素探究,智能手机介入下老年人场景体验影响因素探究,,吴丹[1],2024,新媒体研究,journal article,10.16604/j.cnki.issn2096-0360.2024.11.011,adjacent_convergent,FALSE,TRUE,INTERDISC_OTHER,T3,0,0,0,2023–2025: expansion and convergence,,
WORK-9B5D1F3719E5,农村公共阅读空间维度生产及其效用研究,农村公共阅读空间维度生产及其效用研究,,陈庚;何鸿飞;张恩荣,2024,文化软实力研究,journal article,10.19468/j.cnki.2096-1987.2024.03.003,confirmed_scenes,TRUE,TRUE,RURAL_DEVELOPMENT,T3,0,0,0,2023–2025: expansion and convergence,CULT_MEDIA,T3
WORK-9D788932C938,基于场景营造的广州珠江（白鹅潭段）滨水旧工业区更新研究,基于场景营造的广州珠江（白鹅潭段）滨水旧工业区更新研究,,樊漫丽,2024,华南理工大学,thesis,,confirmed_scenes,TRUE,FALSE,URBAN_RENEWAL_DESIGN,T3,0,1,0,2023–2025: expansion and convergence,,
WORK-9D86652CA4B0,场景理论下的乡村地域景观文化场景构建研究,场景理论下的乡村地域景观文化场景构建研究,,邓婷尹;刘亦巍,2024,四川民族学院学报,journal article,10.13934/j.cnki.cn51-1729/g4.2024.06.007,confirmed_scenes,TRUE,TRUE,RURAL_DEVELOPMENT,T3,0,0,0,2023–2025: expansion and convergence,INTERDISC_OTHER,T3
WORK-9EA22CDE023B,数字文化场景协同治理的生成逻辑、治理策略与延伸路径,数字文化场景协同治理的生成逻辑、治理策略与延伸路径,,陆筱璐,2024,广西社会科学,journal article,10.3969/j.issn.1004-6917.2024.05.014,probable_scenes,FALSE,TRUE,DIGITAL_VIRTUAL_MEDIA,T3,1,0,0,2023–2025: expansion and convergence,,
WORK-A254924661C4,历史街区文化场景舒适物对游客感知的影响机制——以中国澳门老街为例,历史街区文化场景舒适物对游客感知的影响机制——以中国澳门老街为例,,陈墅香;陈溢晨;刘塨,2024,中国生态旅游,journal article,10.12342/zgstly.20240224,confirmed_scenes,TRUE,TRUE,TOURISM_HERITAGE_PLACE,T2,0,0,1,2023–2025: expansion and convergence,TOUR_HOSP,T3
WORK-A498620817E0,全民阅读的推进逻辑:城市—界面视角下的阅读场景创新研究,全民阅读的推进逻辑:城市—界面视角下的阅读场景创新研究,,"曹钺[1,2]",2024,编辑之友,journal article,10.13786/j.cnki.cn14-1066/g2.2024.7.001,adjacent_convergent,FALSE,TRUE,PUBLIC_CULTURE_COMMUNITY,T3,0,0,0,2023–2025: expansion and convergence,,
WORK-A7C27BAA935B,文旅场景中的“新中式”服饰现象分析,文旅场景中的“新中式”服饰现象分析,,崔金丽[1],2024,艺术学研究,journal article,,adjacent_convergent,FALSE,TRUE,TOURISM_HERITAGE_PLACE,T3,0,0,0,2023–2025: expansion and convergence,,
WORK-A806A3B79022,基于场景理论的城市商业街道消费场景重构策略研究——以北京马连道路为例,基于场景理论的城市商业街道消费场景重构策略研究——以北京马连道路为例,,"丁奇, 田雨泽, 梁健, 郝勇翔",2024,城市发展研究,journal article,10.3969/j.issn.1006-3862.2024.04.010,confirmed_scenes,TRUE,TRUE,CULTURAL_CONSUMPTION_COMMERCIAL,T3,0,0,0,2023–2025: expansion and convergence,URBAN_PLAN_GEO,T3
WORK-AB3E6BE84F6A,场景理论下周村古商城文化价值提升研究,场景理论下周村古商城文化价值提升研究,,傅悦,2024,山东理工大学,thesis,,confirmed_scenes,TRUE,FALSE,INTERDISC_OTHER,T3,0,0,0,2023–2025: expansion and convergence,,
WORK-AD8F55986231,媒介情境论视角下云会议平台对社会互动行为的影响,媒介情境论视角下云会议平台对社会互动行为的影响,,赵华健[1],2024,传媒,journal article,,adjacent_convergent,FALSE,TRUE,DIGITAL_VIRTUAL_MEDIA,T3,0,0,0,2023–2025: expansion and convergence,,
WORK-ADEDE93B6B35,基于空间句法分析的德惠市永生村公共文化空间环境特性优化策略研究,基于空间句法分析的德惠市永生村公共文化空间环境特性优化策略研究,,王科奇;王海东,2024,建筑与文化,journal article,10.19875/j.cnki.jzywh.2024.07.023,confirmed_scenes,TRUE,TRUE,PUBLIC_CULTURE_COMMUNITY,T3,0,0,0,2023–2025: expansion and convergence,ARCH_DES_HER,T3
WORK-B0E6034D8FC3,蚕种场工业遗产的场景再塑——苏州浒墅关蚕里街区保护性再生设计,蚕种场工业遗产的场景再塑——苏州浒墅关蚕里街区保护性再生设计,,陈泳[1];陶曼丽[1];刘勇[2],2024,建筑遗产,journal article,10.19673/j.cnki.ha.2024.03.009,confirmed_scenes,TRUE,TRUE,TOURISM_HERITAGE_PLACE,T3,0,1,0,2023–2025: expansion and convergence,ARCH_DES_HER,T3
WORK-B1137BAC45FF,数字场景营造在城市公共空间景观中的应用,数字场景营造在城市公共空间景观中的应用,,华尹[1];李源枫[2],2024,美与时代:城市版,journal article,,adjacent_convergent,FALSE,TRUE,DIGITAL_VIRTUAL_MEDIA,T3,0,1,0,2023–2025: expansion and convergence,,
WORK-B1465F8AE00B,发展新质生产力背景下成渝地区双城经济圈城市体育消费新场景培育路径探索,发展新质生产力背景下成渝地区双城经济圈城市体育消费新场景培育路径探索,,何浩[1];李娜娜[2];吴浩[3],2024,成都师范学院学报,journal article,10.3969/j.issn.2095-5642.2024.02.013,adjacent_convergent,FALSE,TRUE,SPORT_LEISURE,T3,0,0,0,2023–2025: expansion and convergence,,
WORK-B33E56D9F148,中国乡村文化场景嬗变的一个分析框架,中国乡村文化场景嬗变的一个分析框架,,陈波;陈立豪,2024,武汉大学学报:哲学社会科学版,journal article,10.14086/j.cnki.wujss.2024.04.003,probable_scenes,FALSE,TRUE,RURAL_DEVELOPMENT,T3,0,0,0,2023–2025: expansion and convergence,,
WORK-B37C30F944E1,农村公共阅读空间的效用评价及其优化策略,农村公共阅读空间的效用评价及其优化策略,,陈庚;陈媛,2024,图书馆学研究,journal article,,confirmed_scenes,TRUE,TRUE,RURAL_DEVELOPMENT,T3,0,0,1,2023–2025: expansion and convergence,INFO_TECH,T3
WORK-B4ABD8B7503F,乡村直播带货的场景化传播研究——基于抖音平台的内容分析,乡村直播带货的场景化传播研究——基于抖音平台的内容分析,,吴辉[1];张晓侠[2];张英杰[2],2024,新媒体研究,journal article,10.16604/j.cnki.issn2096-0360.2024.07.010,adjacent_convergent,FALSE,TRUE,RURAL_DEVELOPMENT,T3,0,0,0,2023–2025: expansion and convergence,,
WORK-B640DF73F7BF,场景理论视域下文化消费空间的场景构型及其效应,场景理论视域下文化消费空间的场景构型及其效应,,徐望,2024,甘肃理论学刊,journal article,,confirmed_scenes,TRUE,TRUE,CULTURAL_CONSUMPTION_COMMERCIAL,T3,0,0,1,2023–2025: expansion and convergence,INTERDISC_OTHER,T3
WORK-B65AA794575C,需求导向下公园健身步道场景构建策略,需求导向下公园健身步道场景构建策略,,杜芯雨[1];唐莉英[1],2024,美术教育研究,journal article,,adjacent_convergent,FALSE,TRUE,SPORT_LEISURE,T3,0,0,0,2023–2025: expansion and convergence,,
WORK-B7313A63E2DB,场景理论下赵王城遗址公园文创的沉浸式设计研究,场景理论下赵王城遗址公园文创的沉浸式设计研究,,李子翔,2024,燕山大学,thesis,,confirmed_scenes,TRUE,FALSE,DIGITAL_VIRTUAL_MEDIA,T3,0,1,0,2023–2025: expansion and convergence,,
WORK-B97B4279696F,基于场景理论的大城市旧城街道品质评价与提升研究——以成都市旧城典型街道为例,基于场景理论的大城市旧城街道品质评价与提升研究——以成都市旧城典型街道为例,,蒋蓉;王柳阳;谢龙杰,2024,城乡规划,journal article,10.12049/j.urp.202404010,confirmed_scenes,TRUE,TRUE,URBAN_RENEWAL_DESIGN,T2,0,0,1,2023–2025: expansion and convergence,URBAN_PLAN_GEO,T3
WORK-BA3F372E5520,基于场景理论的社区书店设计策略研究--以成都中心城区为例,基于场景理论的社区书店设计策略研究--以成都中心城区为例,,贾根超,2024,西南交通大学,thesis,,confirmed_scenes,TRUE,FALSE,PUBLIC_CULTURE_COMMUNITY,T3,0,1,0,2023–2025: expansion and convergence,,
WORK-BC8AA6AC295A,数字文旅视域下网络直播平台文旅场景创新研究,数字文旅视域下网络直播平台文旅场景创新研究,,蔡旻俊[1],2024,电视研究,journal article,,adjacent_convergent,FALSE,TRUE,DIGITAL_VIRTUAL_MEDIA,T3,0,0,0,2023–2025: expansion and convergence,,
WORK-BCF46EB4FC9B,"青年视角下乡村旅游地的""乡村性""表达与场景建构","青年视角下乡村旅游地的""乡村性""表达与场景建构",,齐骥;陆梓欣,2024,中国青年研究,journal article,10.3969/j.issn.1002-9931.2024.04.004,confirmed_scenes,TRUE,TRUE,RURAL_DEVELOPMENT,T3,0,1,0,2023–2025: expansion and convergence,SOC_POLICY,T3
WORK-BF15AEF92D2A,智能车载音频场景传播的人机交互与人机共创,智能车载音频场景传播的人机交互与人机共创,,萧萍[1],2024,现代传播:中国传媒大学学报,journal article,10.19997/j.cnki.xdcb.2024.09.006,adjacent_convergent,FALSE,TRUE,INTERDISC_OTHER,T3,0,0,0,2023–2025: expansion and convergence,,
WORK-C19E0D787DA1,场景理论视角下党校现场教学质效提升路径研究,场景理论视角下党校现场教学质效提升路径研究,,赵国强,2024,贵阳市委党校学报,journal article,,confirmed_scenes,TRUE,TRUE,ART_IDENTITY_EDUCATION,T3,0,0,0,2023–2025: expansion and convergence,SOC_POLICY,T3
WORK-C1DD15CABC84,媒介场景理论视角下元宇宙书店的建构与发展策略,媒介场景理论视角下元宇宙书店的建构与发展策略,,张洁梅[1];秦维佳[1],2024,长江师范学院学报,journal article,10.19933/j.cnki.ISSN1674-3652.2024.03.003,confirmed_scenes,TRUE,TRUE,DIGITAL_VIRTUAL_MEDIA,T3,0,1,0,2023–2025: expansion and convergence,INTERDISC_OTHER,T3
WORK-C3364F583FC8,农村公共文化空间治理的行动逻辑、价值依归与优化路向——以公平正义为视角,农村公共文化空间治理的行动逻辑、价值依归与优化路向——以公平正义为视角,,陈瑜,2024,高校图书馆工作,journal article,10.3969/j.issn.1003-7845.2024.04.008,confirmed_scenes,TRUE,TRUE,RURAL_DEVELOPMENT,T3,1,0,0,2023–2025: expansion and convergence,INFO_TECH,T3
WORK-C3477DAC65DE,社区学习:家校社协同推进终身学习力培育的耦合探索——基于场景理论的视角,社区学习:家校社协同推进终身学习力培育的耦合探索——基于场景理论的视角,,陆犇;王仁彧,2024,成人教育,journal article,10.3969/j.issn.1001-8794.2024.10.004,confirmed_scenes,TRUE,TRUE,PUBLIC_CULTURE_COMMUNITY,T3,1,0,0,2023–2025: expansion and convergence,EDUCATION,T3
WORK-C3C14245DE5A,"以文化动力驱动杭州""宜居天堂""建设的思考","以文化动力驱动杭州""宜居天堂""建设的思考",,王志强;邹宏秋,2024,宁波开放大学学报,journal article,10.3969/j.issn.1672-3724.2024.01.012,confirmed_scenes,TRUE,TRUE,INTERDISC_OTHER,T3,0,0,0,2023–2025: expansion and convergence,INTERDISC_OTHER,T3
WORK-C76C5738F08D,以场景营城助推成都都市圈消费副中心建设的眉山对策研究,以场景营城助推成都都市圈消费副中心建设的眉山对策研究,,罗曼[1],2024,中国商论,journal article,10.19699/j.cnki.issn2096-0298.2024.20.140,adjacent_convergent,FALSE,TRUE,CULTURAL_CONSUMPTION_COMMERCIAL,T3,0,0,0,2023–2025: expansion and convergence,,
WORK-C85EA9694F17,场景理论视域下历史街区的保护与活化研究——以荆州市三义街片区为例,场景理论视域下历史街区的保护与活化研究——以荆州市三义街片区为例,,高宇,2024,长江大学,thesis,,confirmed_scenes,TRUE,FALSE,TOURISM_HERITAGE_PLACE,T3,0,1,0,2023–2025: expansion and convergence,,
WORK-CE18DB2B5B82,基于场景营造的社区综合体优化设计策略研究--以成都市中心城区为例,基于场景营造的社区综合体优化设计策略研究--以成都市中心城区为例,,王巍,2024,西南交通大学,thesis,,confirmed_scenes,TRUE,FALSE,PUBLIC_CULTURE_COMMUNITY,T3,0,1,0,2023–2025: expansion and convergence,,
WORK-D015F81103E9,场景理论视角下社区公共空间营造研究——以成都市老马路社区为例,场景理论视角下社区公共空间营造研究——以成都市老马路社区为例,,杜茜;傅红,2024,建筑与文化,journal article,10.19875/j.cnki.jzywh.2024.03.042,confirmed_scenes,TRUE,TRUE,PUBLIC_CULTURE_COMMUNITY,T3,0,1,0,2023–2025: expansion and convergence,ARCH_DES_HER,T3
WORK-D3DE8F4EF20A,沉浸式文旅新业态的场景化创新及价值创造——基于长安十二时辰主题街区的案例研究,沉浸式文旅新业态的场景化创新及价值创造——基于长安十二时辰主题街区的案例研究,,畅攀,2024,西安外国语大学,thesis,,confirmed_scenes,TRUE,FALSE,DIGITAL_VIRTUAL_MEDIA,T3,0,0,0,2023–2025: expansion and convergence,,
WORK-D73C9F83D89D,基于场景理论的非遗文创设计策略研究--以宁海传统戏台建造技艺为例,基于场景理论的非遗文创设计策略研究--以宁海传统戏台建造技艺为例,,王蓥倩,2024,东华大学,thesis,,confirmed_scenes,TRUE,FALSE,TOURISM_HERITAGE_PLACE,T3,0,1,0,2023–2025: expansion and convergence,,
WORK-D76AF2AE841D,我国三线工业遗产场景感知维度框架建构与提升策略,我国三线工业遗产场景感知维度框架建构与提升策略,,张睿;何沁;刘建军;徐雅冰;刘恺,2024,规划师,journal article,10.3969/j.issn.1006-0022.2024.10.005,probable_scenes,FALSE,TRUE,TOURISM_HERITAGE_PLACE,T3,0,1,0,2023–2025: expansion and convergence,,
WORK-D901C3802DFB,媒介场景视域下乡村纪实综艺研究——以《种地吧》为例,媒介场景视域下乡村纪实综艺研究——以《种地吧》为例,,范林芳[1],2024,新闻世界,journal article,10.19497/j.cnki.1005-5932.2024.03.034,adjacent_convergent,FALSE,TRUE,RURAL_DEVELOPMENT,T3,0,0,0,2023–2025: expansion and convergence,,
WORK-D927F3ED2F8E,人工智能时代广告场景化传播探析,人工智能时代广告场景化传播探析,,张笑[1],2024,传播与版权,journal article,10.16852/j.cnki.45-1390/g2.2024.10.008,confirmed_scenes,TRUE,TRUE,DIGITAL_VIRTUAL_MEDIA,T3,0,0,0,2023–2025: expansion and convergence,CULT_MEDIA,T3
WORK-D96290EEABC9,体育服务综合体消费场景维度设计与营造策略,体育服务综合体消费场景维度设计与营造策略,,时宵;陈元欣;陈磊;刘恒,2024,体育与科学,journal article,10.13598/j.issn1004-4590.2024.01.013,probable_scenes,FALSE,TRUE,SPORT_LEISURE,T3,0,1,0,2023–2025: expansion and convergence,,
WORK-DB5020B98068,场景理论下体育促进城市区域经济发展的价值与路径,场景理论下体育促进城市区域经济发展的价值与路径,,王峰;温阳,2024,四川体育科学,journal article,10.13932/j.cnki.sctykx.2024.05.18,confirmed_scenes,TRUE,TRUE,SPORT_LEISURE,T3,0,0,0,2023–2025: expansion and convergence,SPORT_LEISURE,T3
WORK-DBA1D2AE4BF2,场景理论视域下乡村体育旅游融合的理论逻辑、发展困境与纾解路径,场景理论视域下乡村体育旅游融合的理论逻辑、发展困境与纾解路径,,王峰;温阳,2024,沈阳体育学院学报,journal article,10.12163/j.ssu.20230584,confirmed_scenes,TRUE,TRUE,SPORT_LEISURE,T3,0,0,0,2023–2025: expansion and convergence,SPORT_LEISURE,T3
WORK-DC0D9BDD49B9,基于场景理论的城市社区第三空间解析与营造--以重庆市沙坪坝区中渡口社区为例,基于场景理论的城市社区第三空间解析与营造--以重庆市沙坪坝区中渡口社区为例,,夏梦,2024,重庆大学,thesis,,confirmed_scenes,TRUE,FALSE,PUBLIC_CULTURE_COMMUNITY,T3,0,1,0,2023–2025: expansion and convergence,,
WORK-DD53E098A631,中国化景观社会与文旅融合新场景,中国化景观社会与文旅融合新场景,,孙九霞,2024,旅游学刊,journal article,10.19765/j.cnki.1002-5006.2024.01.003,confirmed_scenes,TRUE,TRUE,TOURISM_HERITAGE_PLACE,T3,0,0,0,2023–2025: expansion and convergence,TOUR_HOSP,T3
WORK-DE39DC8154ED,基于场景理论的老旧社区更新研究--以沈阳市华炉社区为例,基于场景理论的老旧社区更新研究--以沈阳市华炉社区为例,,王星月,2024,沈阳建筑大学,thesis,,confirmed_scenes,TRUE,FALSE,PUBLIC_CULTURE_COMMUNITY,T3,0,1,0,2023–2025: expansion and convergence,,
WORK-DF7346DFEBD1,场景化传播赋能高校思想政治教育形式创新的价值与路径,场景化传播赋能高校思想政治教育形式创新的价值与路径,,孟朝[1],2024,黑龙江高教研究,journal article,10.19903/j.cnki.cn23-1074/g.2024.09.015,adjacent_convergent,FALSE,TRUE,CULTURAL_CREATIVE_INNOVATION,T3,0,0,0,2023–2025: expansion and convergence,,
WORK-E0540837C3F2,场景理论视域下档案馆文化服务优化探析,场景理论视域下档案馆文化服务优化探析,,聂云霞;王玥,2024,北京档案,journal article,,confirmed_scenes,TRUE,TRUE,ART_IDENTITY_EDUCATION,T3,0,0,0,2023–2025: expansion and convergence,INFO_TECH,T3
WORK-E0BFAC196AA3,乡村传统公共文化空间的复兴与重构——以中山市三乡镇雍陌村郑公祠为例,乡村传统公共文化空间的复兴与重构——以中山市三乡镇雍陌村郑公祠为例,,孔燕喃,2024,现代商贸工业,journal article,10.19311/j.cnki.1672-3198.2024.21.008,confirmed_scenes,TRUE,TRUE,RURAL_DEVELOPMENT,T3,0,0,0,2023–2025: expansion and convergence,ECON_BUS_CONS,T3
WORK-E1E617B5476B,场景理论视域下实体书店顾客消费意愿的影响因素与机制研究,场景理论视域下实体书店顾客消费意愿的影响因素与机制研究,,吴申伦;刘欣,2024,出版广角,journal article,10.16491/j.cnki.cn45-1216/g2.2024.24.008,confirmed_scenes,TRUE,TRUE,CULTURAL_CONSUMPTION_COMMERCIAL,T3,0,0,0,2023–2025: expansion and convergence,CULT_MEDIA,T3
WORK-E33990CE1EDF,媒介情境论视角下观察类综艺节目的场景化构建,媒介情境论视角下观察类综艺节目的场景化构建,,王珊珊[1];卞倩[1],2024,传播与版权,journal article,10.16852/j.cnki.45-1390/g2.2024.12.026,adjacent_convergent,FALSE,TRUE,DIGITAL_VIRTUAL_MEDIA,T3,0,0,0,2023–2025: expansion and convergence,,
WORK-E35BDD2A9CD6,基于质性文本分析的乡村公共文化空间多案例研究:要素解构与发展路径,基于质性文本分析的乡村公共文化空间多案例研究:要素解构与发展路径,,严贝妮;张永兴,2024,图书馆理论与实践,journal article,,confirmed_scenes,TRUE,TRUE,RURAL_DEVELOPMENT,T3,1,0,0,2023–2025: expansion and convergence,INFO_TECH,T3
WORK-E55BCB1843E6,场景范式下数据要素赋能新质生产力涌现:“漩涡模型”构建与探索性案例研究,场景范式下数据要素赋能新质生产力涌现:“漩涡模型”构建与探索性案例研究,,杨坤[1];殷涛[1];王琲[1],2024,科技进步与对策,journal article,10.6049/kjjbydc.2024060119,adjacent_convergent,FALSE,TRUE,INTERDISC_OTHER,T3,0,0,1,2023–2025: expansion and convergence,,
WORK-E6CA22B7298D,Sora作为场景媒介:AI演进的强大升维与传播革命,Sora作为场景媒介:AI演进的强大升维与传播革命,,"喻国明[1,2,3]",2024,青年记者,journal article,10.15997/j.cnki.qnjz.20240314.001,adjacent_convergent,FALSE,TRUE,DIGITAL_VIRTUAL_MEDIA,T3,0,0,0,2023–2025: expansion and convergence,,
WORK-E8DC7D99BF05,场景理论视域下乡村工业遗产更新的设计介入策略研究,场景理论视域下乡村工业遗产更新的设计介入策略研究,,范长存,2024,济南大学,thesis,,confirmed_scenes,TRUE,FALSE,RURAL_DEVELOPMENT,T3,0,1,0,2023–2025: expansion and convergence,,
WORK-E98B1FCC532C,城市社区“15分钟便民健身圈”的空间布局和场景设计比较研究,城市社区“15分钟便民健身圈”的空间布局和场景设计比较研究,,季宵磊[1],2024,当代体育科技,journal article,10.16655/j.cnki.2095-2813.2024.17.024,adjacent_convergent,FALSE,TRUE,SPORT_LEISURE,T3,0,1,0,2023–2025: expansion and convergence,,
WORK-EB0E3A6A5DB4,媒介场景理论下非遗技艺短视频传播研究,媒介场景理论下非遗技艺短视频传播研究,,杨非凡[1],2024,传播与版权,journal article,10.16852/j.cnki.45-1390/g2.2024.01.015,confirmed_scenes,TRUE,TRUE,DIGITAL_VIRTUAL_MEDIA,T3,0,0,0,2023–2025: expansion and convergence,CULT_MEDIA,T3
WORK-EF9462D42791,媒介情境论视域下短视频对乡村形象的构建策略与传播价值——以“黔韵说唱”系列短视频为例,媒介情境论视域下短视频对乡村形象的构建策略与传播价值——以“黔韵说唱”系列短视频为例,,冷利琴[1],2024,视听,journal article,10.19395/j.cnki.1674-246x.2024.01.009,adjacent_convergent,FALSE,TRUE,RURAL_DEVELOPMENT,T3,0,0,0,2023–2025: expansion and convergence,,
WORK-EFB863CE3CD5,数字文化空间场景维度设计与评价——以省级数字文化馆为例,数字文化空间场景维度设计与评价——以省级数字文化馆为例,,王瑞文[1];张丁戈[1],2024,许昌学院学报,journal article,,confirmed_scenes,TRUE,TRUE,DIGITAL_VIRTUAL_MEDIA,T3,0,1,1,2023–2025: expansion and convergence,INTERDISC_OTHER,T3
WORK-F0A06E8DEC0E,基于文化自信培育高职图书馆区域文化沉浸式阅读场景构建——以岭南文化为例,基于文化自信培育高职图书馆区域文化沉浸式阅读场景构建——以岭南文化为例,,陈晓馨[1],2024,河南图书馆学刊,journal article,,adjacent_convergent,FALSE,TRUE,DIGITAL_VIRTUAL_MEDIA,T3,0,0,0,2023–2025: expansion and convergence,,
WORK-F15DCB9365C9,城市商业综合体体育场景:生成逻辑、内涵特征与价值表达,城市商业综合体体育场景:生成逻辑、内涵特征与价值表达,,"陈磊[1,2];陈元欣[3];吕万刚[4]",2024,上海体育大学学报,journal article,10.16099/j.sus.2022.12.26.0003,adjacent_convergent,FALSE,TRUE,SPORT_LEISURE,T3,0,0,0,2023–2025: expansion and convergence,,
WORK-F3C262BAD14F,场景视域下广电融媒体智慧服务的多重维度,场景视域下广电融媒体智慧服务的多重维度,,徐延章[1],2024,电视研究,journal article,,probable_scenes,FALSE,TRUE,INTERDISC_OTHER,T3,0,0,0,2023–2025: expansion and convergence,,
WORK-F48866FCA8ED,场景营造与城市近郊特色小镇建设,场景营造与城市近郊特色小镇建设,,余佳,2024,武汉大学学报（哲学社会科学版）,journal article,10.14086/j.cnki.wujss.2024.02.004,confirmed_scenes,TRUE,TRUE,URBAN_RENEWAL_DESIGN,T3,0,1,0,2023–2025: expansion and convergence,INTERDISC_OTHER,T3
WORK-FA9C028C4653,基于场景理论的工业遗产型文创园公共空间设计策略探究,基于场景理论的工业遗产型文创园公共空间设计策略探究,,李勤;崔净雅;石爽;等,2024,北京规划建设,journal article,,confirmed_scenes,TRUE,TRUE,TOURISM_HERITAGE_PLACE,T3,0,1,0,2023–2025: expansion and convergence,URBAN_PLAN_GEO,T2
WORK-FC0420F56298,场景视角下传统村落闲置农房活化驱动共同富裕的内在逻辑与实现路径——以松阳县雅溪口村为例,场景视角下传统村落闲置农房活化驱动共同富裕的内在逻辑与实现路径——以松阳县雅溪口村为例,,李昱甫;耿虹;倪楚越,2024,自然资源学报,journal article,10.31497/zrzyxb.20240807,confirmed_scenes,TRUE,TRUE,RURAL_DEVELOPMENT,T3,1,0,0,2023–2025: expansion and convergence,URBAN_PLAN_GEO,T3
WORK-FC3EDE22C22B,物联网环境下场景驱动用户创新方式与路径研究,物联网环境下场景驱动用户创新方式与路径研究,,"张凡[1,2];何佳讯[1,2]",2024,科技进步与对策,journal article,10.6049/kjjbydc.LC202209059,adjacent_convergent,FALSE,TRUE,CULTURAL_CREATIVE_INNOVATION,T3,0,0,0,2023–2025: expansion and convergence,,
WORK-FE810DB63455,场景理论视域下红色文旅融合模式研究——以“沂蒙沉浸式情景小剧”为例,场景理论视域下红色文旅融合模式研究——以“沂蒙沉浸式情景小剧”为例,,张国政,2024,传媒,journal article,,confirmed_scenes,TRUE,TRUE,DIGITAL_VIRTUAL_MEDIA,T3,0,0,0,2023–2025: expansion and convergence,CULT_MEDIA,T3
WORK-FEA03887C359,现实何以“增强”:传统文化“双创”的AR景观生成及其场景叙事,现实何以“增强”:传统文化“双创”的AR景观生成及其场景叙事,,刘涛[1];高明哲[1],2024,现代出版,journal article,10.3969/j.issn.2095-0330.2024.04.002,adjacent_convergent,FALSE,TRUE,TOURISM_HERITAGE_PLACE,T3,0,0,0,2023–2025: expansion and convergence,,
WORK-FF3C4151FCAC,场景理论下青岛四方路历史文化街区空间场景营造设计研究,场景理论下青岛四方路历史文化街区空间场景营造设计研究,,傅尧,2024,青岛理工大学,thesis,,confirmed_scenes,TRUE,FALSE,TOURISM_HERITAGE_PLACE,T3,0,1,0,2023–2025: expansion and convergence,,
WORK-FF84E8C3F969,都市青年新消费:时尚潮酷场景及其对城市消费的影响作用——以北京、上海、广州、深圳为例,都市青年新消费:时尚潮酷场景及其对城市消费的影响作用——以北京、上海、广州、深圳为例,,张娇;武旋,2024,中国青年研究,journal article,10.3969/j.issn.1002-9931.2024.04.002,confirmed_scenes,TRUE,TRUE,CULTURAL_CONSUMPTION_COMMERCIAL,T3,0,0,0,2023–2025: expansion and convergence,SOC_POLICY,T3
WORK-0057765F4F1F,从文字想象到声音景观:网络文学的跨媒介场景再造研究,从文字想象到声音景观:网络文学的跨媒介场景再造研究,,陈燕萍[1],2025,视听,journal article,10.19395/j.cnki.1674-246x.2025.16.023,adjacent_convergent,FALSE,TRUE,DIGITAL_VIRTUAL_MEDIA,T3,0,1,0,2023–2025: expansion and convergence,,
WORK-0098F4DE9349,场景驱动乡村旅游地社交友好空间生产的机理研究——基于桂林阳朔的案例,场景驱动乡村旅游地社交友好空间生产的机理研究——基于桂林阳朔的案例,,庞兆玲[1];王学基[1],2025,西南民族大学学报:人文社会科学版,journal article,,confirmed_scenes,TRUE,TRUE,RURAL_DEVELOPMENT,T3,0,0,0,2023–2025: expansion and convergence,INTERDISC_OTHER,T3
WORK-021BEBC6BEA3,场景视域下的网络社群成员身份建构研究,场景视域下的网络社群成员身份建构研究,,"陈波杨[1,2];金泽[3]",2025,新闻与传播评论,journal article,10.14086/j.cnki.xwycbpl.2025.05.007,confirmed_scenes,TRUE,TRUE,DIGITAL_VIRTUAL_MEDIA,T3,0,1,0,2023–2025: expansion and convergence,CULT_MEDIA,T3
WORK-02FC1D90FDB4,共生视角下乡村多类型公共文化空间融合发展研究,共生视角下乡村多类型公共文化空间融合发展研究,,文立杰;刘馨阳,2025,图书馆,journal article,10.3969/j.issn.1002-1558.2025.10.010,confirmed_scenes,TRUE,TRUE,RURAL_DEVELOPMENT,T3,0,0,0,2023–2025: expansion and convergence,INFO_TECH,T3
WORK-039D79058E49,鹿邑县老子故里文化场景构建的对策研究,鹿邑县老子故里文化场景构建的对策研究,,熊怡鑫,2025,武汉轻工大学,thesis,,confirmed_scenes,TRUE,FALSE,INTERDISC_OTHER,T3,0,0,0,2023–2025: expansion and convergence,,
WORK-0AA8AFC816CB,数智时代乡村教师网络研修的媒介场景变革机遇、挑战及优化路径,数智时代乡村教师网络研修的媒介场景变革机遇、挑战及优化路径,,赵钱森[1];张雨婷[1],2025,西北成人教育学院学报,journal article,10.20012/j.cnki.ISSN1008-8539.2025.06.014,adjacent_convergent,FALSE,TRUE,RURAL_DEVELOPMENT,T3,0,0,0,2023–2025: expansion and convergence,,
WORK-0AB78E7BEEA2,面向公众的综合档案馆数智化服务场景构建,面向公众的综合档案馆数智化服务场景构建,,孙怡然[1],2025,山西档案,journal article,,adjacent_convergent,FALSE,TRUE,ART_IDENTITY_EDUCATION,T3,0,0,0,2023–2025: expansion and convergence,,
WORK-0AE3005AE0E9,社区体卫融合服务场景营造:逻辑动因、实践样态及推进策略,社区体卫融合服务场景营造:逻辑动因、实践样态及推进策略,,李德武;孙晋海,2025,中国体育科技,journal article,10.16470/j.csst.2024098,confirmed_scenes,TRUE,TRUE,PUBLIC_CULTURE_COMMUNITY,T3,0,1,0,2023–2025: expansion and convergence,SPORT_LEISURE,T3
WORK-0E63AA3B5653,智媒时代主流媒体短视频生产的场景框架与风险归因,智媒时代主流媒体短视频生产的场景框架与风险归因,,王旭[1],2025,上海广播电视研究,journal article,,adjacent_convergent,FALSE,TRUE,INTERDISC_OTHER,T3,0,0,0,2023–2025: expansion and convergence,,
WORK-0EEB8EAA544E,长春市杨家烧锅村公共文化空间场景建构策略研究,长春市杨家烧锅村公共文化空间场景建构策略研究,,王科奇;胡馨月,2025,安徽建筑,journal article,10.16330/j.cnki.1007-7359.2025.6.05,confirmed_scenes,TRUE,TRUE,PUBLIC_CULTURE_COMMUNITY,T3,0,1,0,2023–2025: expansion and convergence,ARCH_DES_HER,T3
WORK-1320FC444E93,场景理论视域下历史文化名镇价值提升研究——基于60个历史名镇的考察,场景理论视域下历史文化名镇价值提升研究——基于60个历史名镇的考察,,陈波;毕欣雨,2025,江汉论坛,journal article,,confirmed_scenes,TRUE,TRUE,TOURISM_HERITAGE_PLACE,T3,0,0,0,2023–2025: expansion and convergence,INTERDISC_OTHER,T3
WORK-1351E10C66DB,从场景传播到城市传播:构建作为第三空间的城市,从场景传播到城市传播:构建作为第三空间的城市,,张骋[1],2025,视听理论与实践,journal article,,adjacent_convergent,FALSE,TRUE,INTERDISC_OTHER,T3,0,0,0,2023–2025: expansion and convergence,,
WORK-140CF25370A6,未来社区的场景营造、空间生产与共建共治共享——以长沙市Y社区为例,未来社区的场景营造、空间生产与共建共治共享——以长沙市Y社区为例,,任大[1];陈果[2],2025,城市发展研究,journal article,,adjacent_convergent,FALSE,TRUE,PUBLIC_CULTURE_COMMUNITY,T3,0,1,0,2023–2025: expansion and convergence,,
WORK-14AA261F298A,城市更新与文化传承:老城文化场景构建的逻辑维度与行动要素,城市更新与文化传承:老城文化场景构建的逻辑维度与行动要素,,魏文坤,2025,东岳论丛,journal article,10.15981/j.cnki.dongyueluncong.2025.12.010,probable_scenes,FALSE,TRUE,URBAN_RENEWAL_DESIGN,T3,0,1,0,2023–2025: expansion and convergence,,
WORK-166C6D60E832,基于场景理论的城市纪念性空间设计方法研究,基于场景理论的城市纪念性空间设计方法研究,,冯亚星;魏凯辰,2025,西北美术,journal article,10.13772/j.cnki.61-1042/j.2025.02.023,confirmed_scenes,TRUE,TRUE,URBAN_RENEWAL_DESIGN,T3,0,1,0,2023–2025: expansion and convergence,ARCH_DES_HER,T3
WORK-168B0BF050C9,以文化场景为核心的城市风貌特色研究——以江西省宜丰县中心城区为例,以文化场景为核心的城市风貌特色研究——以江西省宜丰县中心城区为例,,吴昕潞;杨建军,2025,中外建筑,journal article,10.19940/j.cnki.1008-0422.2025.02.008,confirmed_scenes,TRUE,TRUE,INTERDISC_OTHER,T3,0,0,0,2023–2025: expansion and convergence,ARCH_DES_HER,T3
WORK-1720CCC97DC3,基于POI数据的大运河沿线旅游文化场景类型研究,基于POI数据的大运河沿线旅游文化场景类型研究,,"王锴庆, 肖炎焱, 张智玮, 李永乐",2025,地球信息科学学报,journal article,10.12082/dqxxkx.2025.250148,confirmed_scenes,TRUE,TRUE,TOURISM_HERITAGE_PLACE,T3,0,0,1,2023–2025: expansion and convergence,URBAN_PLAN_GEO,T3
WORK-1887FAEBFBA0,媒介情境理论下川剧数字博物馆的文化传播路径研究,媒介情境理论下川剧数字博物馆的文化传播路径研究,,李娟[1];黄禹[1],2025,创意设计源,journal article,,adjacent_convergent,FALSE,TRUE,DIGITAL_VIRTUAL_MEDIA,T3,0,0,0,2023–2025: expansion and convergence,,
WORK-19FA99A280BE,场景营造:社区治理的一个新视角,场景营造:社区治理的一个新视角,,张艳国;王亚军,2025,求实,journal article,10.3969/j.issn.1007-8487.2025.06.006,confirmed_scenes,TRUE,TRUE,PUBLIC_CULTURE_COMMUNITY,T3,1,1,0,2023–2025: expansion and convergence,SOC_POLICY,T3
WORK-1BE58688D206,场景理论框架下工业遗产装置艺术设计策略研究,场景理论框架下工业遗产装置艺术设计策略研究,,蔡文卓,2025,美与时代:城市版,journal article,,confirmed_scenes,TRUE,TRUE,TOURISM_HERITAGE_PLACE,T3,0,1,0,2023–2025: expansion and convergence,ARCH_DES_HER,T2
WORK-1E60799C7F8B,基于共生理论的未来乡村文化场景营建——以浙江温州许岙村为例,基于共生理论的未来乡村文化场景营建——以浙江温州许岙村为例,,林盈盈;赵秀敏;石坚韧,2025,浙江建筑,journal article,10.15874/j.cnki.1008-3707.2025.05.009,confirmed_scenes,TRUE,TRUE,RURAL_DEVELOPMENT,T3,0,0,0,2023–2025: expansion and convergence,ARCH_DES_HER,T3
WORK-21422B4AC337,基于场景理论的贵州旅游休闲街区夜间消费体验提升研究--以花溪十字街为例,基于场景理论的贵州旅游休闲街区夜间消费体验提升研究--以花溪十字街为例,,黄雅婧,2025,贵州师范大学,thesis,,confirmed_scenes,TRUE,FALSE,SPORT_LEISURE,T3,0,0,0,2023–2025: expansion and convergence,,
WORK-21F81E3F0ACA,场景营造视角下的老旧街区再生设计研究,场景营造视角下的老旧街区再生设计研究,,李姣;贾凌志;胡剑忠,2025,工业设计,journal article,10.3969/j.issn.1672-7053.2025.04.024,confirmed_scenes,TRUE,TRUE,URBAN_RENEWAL_DESIGN,T3,0,1,0,2023–2025: expansion and convergence,ARCH_DES_HER,T3
WORK-222BA38CA371,体验经济视阈下新型公共文化空间实践理路分析,体验经济视阈下新型公共文化空间实践理路分析,,张新娅;刘海丽,2025,图书馆研究与工作,journal article,10.3969/j.issn.2096-2363.2025.03.015,confirmed_scenes,TRUE,TRUE,PUBLIC_CULTURE_COMMUNITY,T3,0,0,0,2023–2025: expansion and convergence,INFO_TECH,T3
WORK-2298542882B6,数智赋能文旅场景下的游客幸福感生成机制研究——以成都夜游锦江项目为例,数智赋能文旅场景下的游客幸福感生成机制研究——以成都夜游锦江项目为例,,张琰飞[1];李欣雨[1];朱海英[1],2025,四川师范大学学报:社会科学版,journal article,10.13734/j.cnki.1000-5315.2025.0406,adjacent_convergent,FALSE,TRUE,TOURISM_HERITAGE_PLACE,T3,0,0,0,2023–2025: expansion and convergence,,
WORK-233902C7FA2C,从空间到场景：中小城市休闲文化空间艺术赋能的创新机制分析,从空间到场景：中小城市休闲文化空间艺术赋能的创新机制分析,From Space to Scene: An Analysis of the Innovative Mechanisms of Artistic Empowerment in Leisure Cultural Spaces of Small and Medium-sized Cities,刘晓丽;张海霞,2025,浙江大学学报（人文社会科学版）,journal article,10.3785/j.issn.1008-942X.CN33-6000/C.2024.12.161,confirmed_scenes,TRUE,TRUE,SPORT_LEISURE,T2,0,0,0,2023–2025: expansion and convergence,INTERDISC_OTHER,T3
WORK-24235258D6A0,场景理论下的智慧乡村景观营造策略研究——以宁波市应山村为例,场景理论下的智慧乡村景观营造策略研究——以宁波市应山村为例,,高晓雯;方茂青,2025,建筑与文化,journal article,10.19875/j.cnki.jzywh.2025.01.040,confirmed_scenes,TRUE,TRUE,RURAL_DEVELOPMENT,T3,0,1,0,2023–2025: expansion and convergence,ARCH_DES_HER,T3
WORK-2461FA4480BF,基于文化场景理论的老旧街区景观更新设计研究--以沈阳市八经街区为例,基于文化场景理论的老旧街区景观更新设计研究--以沈阳市八经街区为例,,郑若晴,2025,鲁迅美术学院,thesis,,confirmed_scenes,TRUE,FALSE,URBAN_RENEWAL_DESIGN,T3,0,1,0,2023–2025: expansion and convergence,,
WORK-27F6021B4A0D,要素赋能与场景营造:乡村民宿产业发展的内在逻辑,要素赋能与场景营造:乡村民宿产业发展的内在逻辑,,杨发祥;李金梦,2025,社会发展研究,journal article,,confirmed_scenes,TRUE,TRUE,RURAL_DEVELOPMENT,T3,0,1,0,2023–2025: expansion and convergence,SOC_POLICY,T3
WORK-27F737E511F9,媒介情境论视域下搭子社交文化的内在机理、隐忧与引导路径,媒介情境论视域下搭子社交文化的内在机理、隐忧与引导路径,,王奥洁[1],2025,新媒体研究,journal article,10.16604/j.cnki.issn2096-0360.2025.18.006,adjacent_convergent,FALSE,TRUE,DIGITAL_VIRTUAL_MEDIA,T3,0,0,0,2023–2025: expansion and convergence,,
WORK-2822EB98FCF0,乡村红色文化空间场景化构建研究——基于临沂市常山庄村的实证,乡村红色文化空间场景化构建研究——基于临沂市常山庄村的实证,,赵鹏飞;郭林兵;姚子刚;等,2025,南方建筑,journal article,10.3969/j.issn.1000-0232.2025.11.002,confirmed_scenes,TRUE,TRUE,RURAL_DEVELOPMENT,T3,0,0,1,2023–2025: expansion and convergence,ARCH_DES_HER,T3
WORK-28432452C1A9,小城夜经济:县域夜间文化消费场景的在地化营造策略研究,小城夜经济:县域夜间文化消费场景的在地化营造策略研究,,李敏;史韫琪;王祖君,2025,艺术与设计(理论),journal article,10.16824/j.cnki.issn10082832.2025.09.006,adjacent_convergent,FALSE,TRUE,CULTURAL_CONSUMPTION_COMMERCIAL,T3,0,1,0,2023–2025: expansion and convergence,,
WORK-2959AD9203E4,艺术赋能乡村美术馆的场景生成与日常建构,艺术赋能乡村美术馆的场景生成与日常建构,,"屈行甫[1,2];刘英田[1]",2025,艺术教育,journal article,,adjacent_convergent,FALSE,TRUE,RURAL_DEVELOPMENT,T3,0,1,0,2023–2025: expansion and convergence,,
WORK-298892EF1130,日常生活情境下青少年自然接触的时空影响因素——基于南京市中学生的实证研究,日常生活情境下青少年自然接触的时空影响因素——基于南京市中学生的实证研究,,时晓雨[1];张敏[1],2025,热带地理,journal article,10.13284/j.cnki.rddl.20250448,adjacent_convergent,FALSE,TRUE,INTERDISC_OTHER,T3,0,0,1,2023–2025: expansion and convergence,,
WORK-2A3BC66FDDC3,场景理论下历史街区空间场景营造策略研究——以金华雅畈老街为例,场景理论下历史街区空间场景营造策略研究——以金华雅畈老街为例,,夏寒冰,2025,设计艺术研究,journal article,10.3963/j.issn.2095-0705.2025.01.011,confirmed_scenes,TRUE,TRUE,TOURISM_HERITAGE_PLACE,T3,0,1,0,2023–2025: expansion and convergence,ARCH_DES_HER,T3
WORK-2B3E0C2739F1,甘肃发展数字化文化消费新场景的路径及对策研究,甘肃发展数字化文化消费新场景的路径及对策研究,,白如金[1];王康[1],2025,昌吉学院学报,journal article,,adjacent_convergent,FALSE,TRUE,DIGITAL_VIRTUAL_MEDIA,T3,0,0,0,2023–2025: expansion and convergence,,
WORK-2B8BFFB5B747,文化类综艺节目的场景化传播研究——以北京卫视的文化类综艺节目为例,文化类综艺节目的场景化传播研究——以北京卫视的文化类综艺节目为例,,罗昶[1];王凤[1],2025,东南传播,journal article,10.13556/j.cnki.dncb.cn35-1274/j.2025.06.001,confirmed_scenes,TRUE,TRUE,INTERDISC_OTHER,T3,0,0,0,2023–2025: expansion and convergence,CULT_MEDIA,T3
WORK-2E1B8B02744C,场景理论视域下手工艺类非物质文化遗产活化路径研究——以国家级非遗道明竹编为例,场景理论视域下手工艺类非物质文化遗产活化路径研究——以国家级非遗道明竹编为例,,杨琳曦,2025,太原城市职业技术学院学报,journal article,10.16227/j.cnki.tycs.2025.0338,confirmed_scenes,TRUE,TRUE,TOURISM_HERITAGE_PLACE,T3,1,0,0,2023–2025: expansion and convergence,INTERDISC_OTHER,T3
WORK-2E4957678E95,场景理论视域下闽东木拱廊桥的文化传承空间再构,场景理论视域下闽东木拱廊桥的文化传承空间再构,,钟伯雄;朱利峰,2025,北京联合大学学报,journal article,10.16255/j.cnki.ldxbz.2025.06.008,confirmed_scenes,TRUE,TRUE,INTERDISC_OTHER,T3,0,0,0,2023–2025: expansion and convergence,INTERDISC_OTHER,T3
WORK-2E716D39E0C4,基于场景理论的生活型街道绩效评价方法——以无锡市梁溪区石门路为例,基于场景理论的生活型街道绩效评价方法——以无锡市梁溪区石门路为例,,温全平;黄依诺,2025,现代园艺,journal article,10.3969/j.issn.1006-4958.2025.23.018,confirmed_scenes,TRUE,TRUE,URBAN_RENEWAL_DESIGN,T3,0,0,1,2023–2025: expansion and convergence,ARCH_DES_HER,T3
WORK-302CED892F41,场景创新驱动大理州旅游经济增长的经验研究,场景创新驱动大理州旅游经济增长的经验研究,,李凡[1];高霖[1],2025,产业创新研究,journal article,,adjacent_convergent,FALSE,TRUE,TOURISM_HERITAGE_PLACE,T3,0,0,0,2023–2025: expansion and convergence,,
WORK-315CE6B69733,公共图书馆场景化构建和运营模式研究——以上海市虹口区图书馆·和平书院为例,公共图书馆场景化构建和运营模式研究——以上海市虹口区图书馆·和平书院为例,,王兆伟[1];杨欣如[1],2025,图书馆杂志,journal article,10.13663/j.cnki.lj.2025.09.007,confirmed_scenes,TRUE,TRUE,PUBLIC_CULTURE_COMMUNITY,T3,0,0,0,2023–2025: expansion and convergence,INFO_TECH,T2
WORK-316427FADAC7,历史街区风貌保护的跨群体认同研究——基于VR眼动跟踪的场景感知,历史街区风貌保护的跨群体认同研究——基于VR眼动跟踪的场景感知,,张若曦;张乐敏,2025,新建筑,journal article,10.12069/j.na.202406035,confirmed_scenes,TRUE,TRUE,TOURISM_HERITAGE_PLACE,T3,0,1,0,2023–2025: expansion and convergence,ARCH_DES_HER,T3
WORK-3164D2D39ED6,场景理论下历史文化街区公共空间优化策略研究——以北京白塔寺街区为例,场景理论下历史文化街区公共空间优化策略研究——以北京白塔寺街区为例,,王钰雁;金承协;王园;陈依恬,2025,建筑与文化,journal article,10.19875/j.cnki.jzywh.2025.11.052,confirmed_scenes,TRUE,TRUE,TOURISM_HERITAGE_PLACE,T3,0,0,0,2023–2025: expansion and convergence,ARCH_DES_HER,T3
WORK-31CD14C9DA57,场景理论下长江国家文化公园的虚拟文化空间构建,场景理论下长江国家文化公园的虚拟文化空间构建,,周灵;吴紫娟;王嘉平,2025,艺术管理(中英文),journal article,10.26930/j.cnki.YSGL.2025.03.010,confirmed_scenes,TRUE,TRUE,DIGITAL_VIRTUAL_MEDIA,T3,1,0,0,2023–2025: expansion and convergence,CULT_MEDIA,T3
WORK-330761A95886,合法性、戏剧性与真实性:青年街区的场所营造,合法性、戏剧性与真实性:青年街区的场所营造,,刘一锐;魏进平,2025,中国青年社会科学,journal article,10.3969/j.issn.2095-9796.2025.05.007,confirmed_scenes,TRUE,TRUE,URBAN_RENEWAL_DESIGN,T3,0,1,0,2023–2025: expansion and convergence,SOC_POLICY,T3
WORK-33A95DABA4D5,重构城市研究的文化维度与本土实践——评《场景文化力:新芝加哥学派解读城市发展》,重构城市研究的文化维度与本土实践——评《场景文化力:新芝加哥学派解读城市发展》,,乔泽洲[1],2025,科技与出版,journal article,10.16510/j.cnki.kjycb.2025.06.016,confirmed_scenes,TRUE,TRUE,POLICY_GOVERNANCE_MEASUREMENT,T3,1,0,0,2023–2025: expansion and convergence,CULT_MEDIA,T3
WORK-340C6471B579,体验经济下传统商业街区的场景营造——以广州市时尚天河夜上海为例,体验经济下传统商业街区的场景营造——以广州市时尚天河夜上海为例,,闫赛[1];刘树老[1],2025,城市建筑,journal article,10.19892/j.cnki.csjz.2025.24.24,adjacent_convergent,FALSE,TRUE,CULTURAL_CONSUMPTION_COMMERCIAL,T3,0,1,0,2023–2025: expansion and convergence,,
WORK-369B6266E305,社区学习场景:概念溯源、内涵特征与实践样态,社区学习场景:概念溯源、内涵特征与实践样态,,吴思孝[1],2025,成人教育,journal article,10.3969/j.issn.1001-8794.2025.01.003,confirmed_scenes,TRUE,TRUE,PUBLIC_CULTURE_COMMUNITY,T3,0,0,0,2023–2025: expansion and convergence,EDUCATION,T3
WORK-3A34F1542634,场景赋能乡村农文旅融合的理论逻辑、营造要素与路径探索,场景赋能乡村农文旅融合的理论逻辑、营造要素与路径探索,,马谊妮[1];姜芹春[1],2025,玉溪师范学院学报,journal article,,confirmed_scenes,TRUE,TRUE,RURAL_DEVELOPMENT,T3,0,1,0,2023–2025: expansion and convergence,INTERDISC_OTHER,T3
WORK-3A54AF19DBFA,历史街区的空间文化活力来源——基于佛山祖庙的网络场景分析,历史街区的空间文化活力来源——基于佛山祖庙的网络场景分析,,潘道远[1];洪伍军[2],2025,文化学刊,journal article,,adjacent_convergent,FALSE,TRUE,DIGITAL_VIRTUAL_MEDIA,T3,0,0,0,2023–2025: expansion and convergence,,
WORK-3BA6030FDC3E,具身视角下湖南博物院场景建构对公众价值共创行为的影响研究,具身视角下湖南博物院场景建构对公众价值共创行为的影响研究,,史琳皓[1];邓敏[1],2025,北京文化创意,journal article,,adjacent_convergent,FALSE,TRUE,INTERDISC_OTHER,T3,0,1,0,2023–2025: expansion and convergence,,
WORK-3D1246E26DE2,未来社区的治理场景、空间生产与共同体塑造,未来社区的治理场景、空间生产与共同体塑造,,郑杰夫[1];王承玥[2];陈新[3];卢志朋[3],2025,城市发展研究,journal article,,adjacent_convergent,FALSE,TRUE,PUBLIC_CULTURE_COMMUNITY,T3,1,0,0,2023–2025: expansion and convergence,,
WORK-3E3F237507F6,场景理论视角下江苏省体旅融合发展示范基地提质建设研究,场景理论视角下江苏省体旅融合发展示范基地提质建设研究,,吕婕,2025,体育科技文献通报,journal article,10.19379/j.cnki.issn.1005-0256.2025.03.029,confirmed_scenes,TRUE,TRUE,INTERDISC_OTHER,T3,0,0,0,2023–2025: expansion and convergence,SPORT_LEISURE,T3
WORK-3E909D9A4456,媒介情境理论视域下皮影文化的数字展览传播研究——以“一梦华胥·中国皮影光影艺术展”为例,媒介情境理论视域下皮影文化的数字展览传播研究——以“一梦华胥·中国皮影光影艺术展”为例,,张淇森[1],2025,视听,journal article,10.19395/j.cnki.1674-246x.2025.17.007,adjacent_convergent,FALSE,TRUE,DIGITAL_VIRTUAL_MEDIA,T3,0,0,0,2023–2025: expansion and convergence,,
WORK-40CD08B4A6F6,场景理论视角下坭兴陶介入城市公共空间营造,场景理论视角下坭兴陶介入城市公共空间营造,,莫彬彬,2025,歌海,journal article,,confirmed_scenes,TRUE,TRUE,PUBLIC_CULTURE_COMMUNITY,T3,0,1,0,2023–2025: expansion and convergence,CULT_MEDIA,T3
WORK-436EEC819069,从空间失序到场景营造:历史文化街区空间赋权的治理逻辑,从空间失序到场景营造:历史文化街区空间赋权的治理逻辑,,高红[1];魏文超[2],2025,学习与实践,journal article,10.19624/j.cnki.cn42-1005/c.2025.11.012,confirmed_scenes,TRUE,TRUE,TOURISM_HERITAGE_PLACE,T3,1,1,0,2023–2025: expansion and convergence,INTERDISC_OTHER,T3
WORK-44B01E3F292D,基于场景理论的旅游休闲街区建设:概念辨析与体系构建,基于场景理论的旅游休闲街区建设:概念辨析与体系构建,,宋瑞;牛阮霞;王瑞婷,2025,城市学刊,journal article,10.3969/j.issn.2096-059X.2025.02.008,confirmed_scenes,TRUE,TRUE,SPORT_LEISURE,T3,0,0,0,2023–2025: expansion and convergence,URBAN_PLAN_GEO,T3
WORK-452EDFEB124D,场景理论视域下乡村公共阅读空间高质量发展路径研究,场景理论视域下乡村公共阅读空间高质量发展路径研究,,严贝妮;王露雅,2025,图书馆杂志,journal article,10.13663/j.cnki.lj.2025.01.002,confirmed_scenes,TRUE,TRUE,RURAL_DEVELOPMENT,T3,1,0,0,2023–2025: expansion and convergence,INFO_TECH,T2
WORK-484ABFD53DFC,“沉浸消费”抑或“消费沉浸”:城市文化场景的价值情境与行动路向,“沉浸消费”抑或“消费沉浸”:城市文化场景的价值情境与行动路向,,林一民;范周,2025,学习与实践,journal article,10.19624/j.cnki.cn42-1005/c.2025.09.005,probable_scenes,FALSE,TRUE,CULTURAL_CONSUMPTION_COMMERCIAL,T3,0,0,0,2023–2025: expansion and convergence,,
WORK-488CA3D3E20D,场景视域下档案参与公共文化空间营造的实践与思考——以泉州侨批文化空间为例,场景视域下档案参与公共文化空间营造的实践与思考——以泉州侨批文化空间为例,,谭必勇[1];王亦婷[1];袁晓川[2];郑宗伟[3],2025,档案学通讯,journal article,10.16113/j.cnki.daxtx.2025.05.010,confirmed_scenes,TRUE,TRUE,PUBLIC_CULTURE_COMMUNITY,T3,0,1,0,2023–2025: expansion and convergence,INFO_TECH,T3
WORK-48ABC4CBD0E0,体验型酒店的在地性与文化场景营造——绍兴璞祺艺境酒店的设计实践,体验型酒店的在地性与文化场景营造——绍兴璞祺艺境酒店的设计实践,,陈建游;周园园;黄泽,2025,建筑与文化,journal article,10.19875/j.cnki.jzywh.2025.04.003,probable_scenes,FALSE,TRUE,URBAN_RENEWAL_DESIGN,T3,0,1,0,2023–2025: expansion and convergence,,
WORK-4970EEAE0225,“NPC式”文旅场景下演艺传播的破局之路,“NPC式”文旅场景下演艺传播的破局之路,,徐诚康[1];张睿[2];郭舒雅[3],2025,传媒,journal article,,adjacent_convergent,FALSE,TRUE,TOURISM_HERITAGE_PLACE,T3,0,0,0,2023–2025: expansion and convergence,,
WORK-4EB85DD22367,场景赋能乡村文旅融合的基本逻辑与创新路径,场景赋能乡村文旅融合的基本逻辑与创新路径,,李文雯[1];董慧[1],2025,湖北文理学院学报,journal article,,confirmed_scenes,TRUE,TRUE,RURAL_DEVELOPMENT,T3,0,0,0,2023–2025: expansion and convergence,INTERDISC_OTHER,T3
WORK-4F0CC7FE3892,文化舒适物、城市品牌传播与城市吸引力——基于中国30个城市的实证研究,文化舒适物、城市品牌传播与城市吸引力——基于中国30个城市的实证研究,,王亚楠;陈欣悦;张韶芬,2025,数字文化产业研究,collection article,,confirmed_scenes,TRUE,TRUE,CULTURAL_CONSUMPTION_COMMERCIAL,T3,0,0,1,2023–2025: expansion and convergence,CULT_MEDIA,T3
WORK-4FF3E7D43DC6,何以连接?互联网媒介场景域的连接实践与价值塑造,何以连接?互联网媒介场景域的连接实践与价值塑造,,孙宇[1],2025,学习与实践,journal article,10.19624/j.cnki.cn42-1005/c.2025.04.003,adjacent_convergent,FALSE,TRUE,DIGITAL_VIRTUAL_MEDIA,T3,0,0,0,2023–2025: expansion and convergence,,
WORK-521A21B3462B,人本导向·场景营城——场景理论视域下的北京花园场景营建路径,人本导向·场景营城——场景理论视域下的北京花园场景营建路径,Human-Oriented and Scene-Based City Development: Approaches to Building Beijing Garden Scenes from the Perspective of Scene Theory,孟令君;何芩;郭婧;闫旭睿,2025,风景园林,journal article,10.3724/j.fjyl.LA20250056,confirmed_scenes,TRUE,TRUE,INTERDISC_OTHER,T2,0,0,0,2023–2025: expansion and convergence,ARCH_DES_HER,T3
WORK-526B7FAC7542,长江国家文化公园三峡库区段文化空间场景建构及其生产机理研究,长江国家文化公园三峡库区段文化空间场景建构及其生产机理研究,,张哲林,2025,重庆师范大学,thesis,,confirmed_scenes,TRUE,FALSE,TOURISM_HERITAGE_PLACE,T3,1,1,0,2023–2025: expansion and convergence,,
WORK-55D79A304716,上海戏剧性场景的空间分布及形成规律研究,上海戏剧性场景的空间分布及形成规律研究,,叶卉菁;翁瑾,2025,城乡规划,journal article,10.12049/j.urp.202501010,confirmed_scenes,TRUE,TRUE,INTERDISC_OTHER,T3,0,0,0,2023–2025: expansion and convergence,URBAN_PLAN_GEO,T3
WORK-564C82EC8D51,基于场景理论的机场文旅商业空间发展路径研究——以青岛胶东国际机场为例,基于场景理论的机场文旅商业空间发展路径研究——以青岛胶东国际机场为例,,郭娜;刘家齐;姜乃源,2025,商业经济研究,journal article,,confirmed_scenes,TRUE,TRUE,TOURISM_HERITAGE_PLACE,T3,1,0,0,2023–2025: expansion and convergence,ECON_BUS_CONS,T3
WORK-57361E2D86F6,文化场景营造视角下的都市文化片区更新路径及策略——以杭州大运河城北区段为例,文化场景营造视角下的都市文化片区更新路径及策略——以杭州大运河城北区段为例,,黄文柳;缪岑岑;罗兰,2025,城市规划学刊,journal article,10.16361/j.upf.202507003,probable_scenes,FALSE,TRUE,URBAN_RENEWAL_DESIGN,T3,0,1,0,2023–2025: expansion and convergence,,
WORK-5804CB14F1D6,低空经济视域下体文旅融合场景构建探析,低空经济视域下体文旅融合场景构建探析,,汪欢欢[1],2025,体育文化导刊,journal article,,adjacent_convergent,FALSE,TRUE,TOURISM_HERITAGE_PLACE,T3,0,0,0,2023–2025: expansion and convergence,,
WORK-5867B677B894,场景建构视域下的情绪消费:生成逻辑、理性边界与实现路径,场景建构视域下的情绪消费:生成逻辑、理性边界与实现路径,,宋玉茹[1],2025,价格理论与实践,journal article,10.19851/j.cnki.CN11-1010/F.2025.12.473,adjacent_convergent,FALSE,TRUE,CULTURAL_CONSUMPTION_COMMERCIAL,T3,1,1,0,2023–2025: expansion and convergence,,
WORK-599BEC21B06B,场景理论视角下的工业遗产更新——以洛阳牡丹文化产业园为例,场景理论视角下的工业遗产更新——以洛阳牡丹文化产业园为例,,杜晴;许军;王洋,2025,新丝路,journal article,,confirmed_scenes,TRUE,TRUE,TOURISM_HERITAGE_PLACE,T3,0,1,0,2023–2025: expansion and convergence,INTERDISC_OTHER,T2
WORK-5D08D1E99A5D,从附近出发:城市实体书店在地化场景构建的应然图景与纾困之策,从附近出发:城市实体书店在地化场景构建的应然图景与纾困之策,,"王艳玲[1];周倩娜[1,2];徐冰涛[1]",2025,出版广角,journal article,10.16491/j.cnki.cn45-1216/g2.2025.06.015,confirmed_scenes,TRUE,TRUE,INTERDISC_OTHER,T3,0,0,0,2023–2025: expansion and convergence,CULT_MEDIA,T3
WORK-5DB9A1C2AF4E,公共图书馆的场景式阅读活动对儿童阅读效果的影响——基于互动仪式链理论的实证研究,公共图书馆的场景式阅读活动对儿童阅读效果的影响——基于互动仪式链理论的实证研究,,陈则谦[1];张博文[1],2025,图书馆,journal article,,adjacent_convergent,FALSE,TRUE,PUBLIC_CULTURE_COMMUNITY,T3,0,0,1,2023–2025: expansion and convergence,,
WORK-5E5EBEC229AE,视听感知视角下夜间消费集聚区场景的要素与组合模式识别-以长沙109个夜间消费集聚区场景为例,视听感知视角下夜间消费集聚区场景的要素与组合模式识别-以长沙109个夜间消费集聚区场景为例,,陈煊;丁竹慧;杨俊涛;等,2025,室内设计与装修,journal article,10.3969/j.issn.1005-7374.2025.07.031,confirmed_scenes,TRUE,TRUE,CULTURAL_CONSUMPTION_COMMERCIAL,T3,0,0,1,2023–2025: expansion and convergence,ARCH_DES_HER,T3
WORK-6137D2F28595,基于场景理论探讨艺术乡建的策略研究——以福建省屏南县为例,基于场景理论探讨艺术乡建的策略研究——以福建省屏南县为例,,曹璇,2025,美术教育研究,journal article,,confirmed_scenes,TRUE,TRUE,ART_IDENTITY_EDUCATION,T3,0,0,0,2023–2025: expansion and convergence,EDUCATION,T3
WORK-6264AC8317A7,创新与发展:贵州打造现代生活场景推动各民族共同现代化研究,创新与发展:贵州打造现代生活场景推动各民族共同现代化研究,,"周真刚[1,2];李少鹏[3]",2025,西南民族大学学报:人文社会科学版,journal article,,adjacent_convergent,FALSE,TRUE,CULTURAL_CREATIVE_INNOVATION,T3,0,0,0,2023–2025: expansion and convergence,,
WORK-62BD970B0782,图书馆沉浸式阅读场景的具身智能交互设计研究,图书馆沉浸式阅读场景的具身智能交互设计研究,,顾宸绮[1],2025,河南图书馆学刊,journal article,,adjacent_convergent,FALSE,TRUE,DIGITAL_VIRTUAL_MEDIA,T3,0,1,0,2023–2025: expansion and convergence,,
WORK-63B6BDF4D724,场景理论视野下文化综合体激发消费新业态的路径研究,场景理论视野下文化综合体激发消费新业态的路径研究,,袁玉杰,2025,全国流通经济,journal article,10.16834/j.cnki.issn1009-5292.2025.03.008,confirmed_scenes,TRUE,TRUE,CULTURAL_CONSUMPTION_COMMERCIAL,T3,0,0,0,2023–2025: expansion and convergence,ECON_BUS_CONS,T3
WORK-642DE157E3FA,沉浸式叙事与空间重构:动漫IP赋能文旅场景的体验设计研究,沉浸式叙事与空间重构:动漫IP赋能文旅场景的体验设计研究,,郭城[1],2025,艺术科技,journal article,10.3969/j.issn.1004-9436.2025.12.049,adjacent_convergent,FALSE,TRUE,DIGITAL_VIRTUAL_MEDIA,T3,0,1,0,2023–2025: expansion and convergence,,
WORK-64DD31F962BA,多场景融合下非遗传播的创新路径探索,多场景融合下非遗传播的创新路径探索,,张佳琪[1];赵佳鹏[1],2025,新闻研究导刊,journal article,10.26918/j.xwyjdk.2025.04.024,adjacent_convergent,FALSE,TRUE,TOURISM_HERITAGE_PLACE,T3,0,0,0,2023–2025: expansion and convergence,,
WORK-6614C62CE063,场景理论视域下杭州国家版本馆空间美学价值研究,场景理论视域下杭州国家版本馆空间美学价值研究,,储艳洁;任磊,2025,上海视觉,journal article,,confirmed_scenes,TRUE,TRUE,ART_IDENTITY_EDUCATION,T3,1,0,0,2023–2025: expansion and convergence,CULT_MEDIA,T3
WORK-665BB305B0F1,场景中的消费、生产与生活——以合川瑞应山历史街区为例,场景中的消费、生产与生活——以合川瑞应山历史街区为例,,玮宝;黄卫兵;赵爽;等,2025,华中建筑,journal article,10.3969/j.issn.1003-739X.2025.12.024,confirmed_scenes,TRUE,TRUE,TOURISM_HERITAGE_PLACE,T3,0,0,0,2023–2025: expansion and convergence,ARCH_DES_HER,T3
WORK-67F726F8B460,厦门马拉松赛事场景驱动城市更新的生产机制研究,厦门马拉松赛事场景驱动城市更新的生产机制研究,,董浩铠[1],2025,吉林体育学院学报,journal article,10.13720/j.cnki.22-1286.2025.06.002,confirmed_scenes,TRUE,TRUE,URBAN_RENEWAL_DESIGN,T3,0,1,0,2023–2025: expansion and convergence,SPORT_LEISURE,T3
WORK-698F21EB6C9B,空间·技术·行为:场景理论视域下“两路”精神的传播逻辑与路径研究,空间·技术·行为:场景理论视域下“两路”精神的传播逻辑与路径研究,,徐园媛;张钰琳,2025,新闻爱好者,journal article,10.16017/j.cnki.xwahz.2025.12.042,confirmed_scenes,TRUE,TRUE,INTERDISC_OTHER,T3,0,0,0,2023–2025: expansion and convergence,CULT_MEDIA,T3
WORK-6C81204C0A96,公园城市建设视角下场景体系构建与营造指引研究——以成都市武侯区为例,公园城市建设视角下场景体系构建与营造指引研究——以成都市武侯区为例,,蔡秋阳;李艳华;伍玲等,2025,四川建筑,journal article,,confirmed_scenes,TRUE,TRUE,URBAN_RENEWAL_DESIGN,T3,0,1,0,2023–2025: expansion and convergence,ARCH_DES_HER,T3
WORK-6DBB06D5488B,基于沉浸式体验的音乐文旅场景业态研究,基于沉浸式体验的音乐文旅场景业态研究,,周蕊[1];张宇莹[2],2025,传媒,journal article,,probable_scenes,FALSE,TRUE,DIGITAL_VIRTUAL_MEDIA,T3,0,0,0,2023–2025: expansion and convergence,,
WORK-6E87A9FF3920,场景理论视域下自媒体对城市形象的建构与传播--以小红书“苏州”图文笔记为例,场景理论视域下自媒体对城市形象的建构与传播--以小红书“苏州”图文笔记为例,,马博雨,2025,苏州大学,thesis,,confirmed_scenes,TRUE,FALSE,INTERDISC_OTHER,T3,0,1,0,2023–2025: expansion and convergence,,
WORK-6EE986726194,基于场景理论的阜南柳编农文旅融合路径研究,基于场景理论的阜南柳编农文旅融合路径研究,,邹成龙;路幸福,2025,阜阳师范大学学报:社会科学版,journal article,10.14096/j.cnki.cn34-1333/c.2025.01.03,confirmed_scenes,TRUE,TRUE,TOURISM_HERITAGE_PLACE,T3,0,0,0,2023–2025: expansion and convergence,INTERDISC_OTHER,T3
WORK-6F83FB9AFE61,数字文旅体验式消费场景系统的构建研究——以荆楚文化为例,数字文旅体验式消费场景系统的构建研究——以荆楚文化为例,,李江敏;冯涵瑞;张佳泋,2025,四川师范大学学报（社会科学版）,journal article,10.13734/j.cnki.1000-5315.2025.0403,confirmed_scenes,TRUE,TRUE,DIGITAL_VIRTUAL_MEDIA,T3,0,0,0,2023–2025: expansion and convergence,INTERDISC_OTHER,T3
WORK-6FBDA90BACDF,场景创新视角下佛山城市更新对策研究,场景创新视角下佛山城市更新对策研究,,李薇[1],2025,广东轻工职业技术大学学报,journal article,10.13285/j.cnki.gdqgxb.2025.0023,confirmed_scenes,TRUE,TRUE,CULTURAL_CREATIVE_INNOVATION,T3,0,1,0,2023–2025: expansion and convergence,INTERDISC_OTHER,T3
WORK-73A4792F47EC,网红城市发展的要素耦合及提升路径——基于场景理论的多案例研究,网红城市发展的要素耦合及提升路径——基于场景理论的多案例研究,,段永彪;杨青,2025,城市发展研究,journal article,,confirmed_scenes,TRUE,TRUE,POLICY_GOVERNANCE_MEASUREMENT,T3,1,0,0,2023–2025: expansion and convergence,URBAN_PLAN_GEO,T3
WORK-74F46D90BC88,文旅融合背景下基于场景理论的历史文化街区更新策略研究——以天台县中山西路为例,文旅融合背景下基于场景理论的历史文化街区更新策略研究——以天台县中山西路为例,,戴天植,2025,建筑与文化,journal article,10.19875/j.cnki.jzywh.2025.10.064,confirmed_scenes,TRUE,TRUE,TOURISM_HERITAGE_PLACE,T3,0,1,0,2023–2025: expansion and convergence,ARCH_DES_HER,T3
WORK-75D5E04ABDD4,文旅场景、游戏叙事与文明交流,文旅场景、游戏叙事与文明交流,,梁增贤[1],2025,旅游学刊,journal article,10.19765/j.cnki.1002-5006.2025.08.005,adjacent_convergent,FALSE,TRUE,TOURISM_HERITAGE_PLACE,T3,0,0,0,2023–2025: expansion and convergence,,
WORK-75E935AFE8A6,依托地域特色资源 打造文化主题空间——以“城见长安”场景营造路径为例,依托地域特色资源 打造文化主题空间——以“城见长安”场景营造路径为例,,"董媛媛[1,2];刘坤[1,2];刘胜英[1,2]",2025,百花,journal article,,adjacent_convergent,FALSE,TRUE,URBAN_RENEWAL_DESIGN,T3,0,1,0,2023–2025: expansion and convergence,,
WORK-768A7FE22D59,场景舒适物:乡村民宿吸引力的建构,场景舒适物:乡村民宿吸引力的建构,,周坤[1];王进[1],2025,开发研究,journal article,10.13483/j.cnki.kfyj.2025.01.012,probable_scenes,FALSE,TRUE,RURAL_DEVELOPMENT,T3,0,1,0,2023–2025: expansion and convergence,,
WORK-76AF1053EA9F,数字技术赋能农家书屋阅读场景建设的实践进路,数字技术赋能农家书屋阅读场景建设的实践进路,,沙蔚真[1],2025,河南图书馆学刊,journal article,,adjacent_convergent,FALSE,TRUE,DIGITAL_VIRTUAL_MEDIA,T3,0,0,0,2023–2025: expansion and convergence,,
WORK-775627B6A0D5,成都市龙泉驿区磨盘街景观的文化场景更新设计研究,成都市龙泉驿区磨盘街景观的文化场景更新设计研究,,谭淑媛,2025,四川师范大学,thesis,,confirmed_scenes,TRUE,FALSE,URBAN_RENEWAL_DESIGN,T3,0,1,0,2023–2025: expansion and convergence,,
WORK-79973498DD4D,智能化媒介治理:场景视域下的新型表征、现实挑战与路径探索,智能化媒介治理:场景视域下的新型表征、现实挑战与路径探索,,任媛媛[1];詹亚飞[1],2025,中国出版,journal article,,probable_scenes,FALSE,TRUE,DIGITAL_VIRTUAL_MEDIA,T3,1,0,0,2023–2025: expansion and convergence,,
WORK-79F6BECD6737,消费新场景的生成逻辑、理论内涵与实践进路,消费新场景的生成逻辑、理论内涵与实践进路,,叶胥;唐子怡,2025,消费经济,journal article,,confirmed_scenes,TRUE,TRUE,CULTURAL_CONSUMPTION_COMMERCIAL,T2,0,0,0,2023–2025: expansion and convergence,ECON_BUS_CONS,T3
WORK-7EE1C8D5C4B5,重塑“附近”:破解城市传播“可沟通性”困境的实践路径——以作为全民阅读场景的独立书店为例,重塑“附近”:破解城市传播“可沟通性”困境的实践路径——以作为全民阅读场景的独立书店为例,,许畅[1],2025,东南传播,journal article,10.13556/j.cnki.dncb.cn35-1274/j.2025.04.029,adjacent_convergent,FALSE,TRUE,PUBLIC_CULTURE_COMMUNITY,T3,1,0,0,2023–2025: expansion and convergence,,
WORK-817E54AA45B9,阅读何以诠释城市气质:公共图书馆阅读推广中的城市形象建构探析,阅读何以诠释城市气质:公共图书馆阅读推广中的城市形象建构探析,,王一凡[1],2025,图书馆界,journal article,10.14072/j.cnki.tsgj.2025.06.019,probable_scenes,FALSE,TRUE,PUBLIC_CULTURE_COMMUNITY,T3,0,1,0,2023–2025: expansion and convergence,,
WORK-821A7682878C,乡村文化治理:场景营造与动能转向——以浙东S市X村为例,乡村文化治理:场景营造与动能转向——以浙东S市X村为例,,石伟[1];韩玉祥[2],2025,暨南学报:哲学社会科学版,journal article,10.11778/j.jnxb.20240926,adjacent_convergent,FALSE,TRUE,RURAL_DEVELOPMENT,T3,1,1,0,2023–2025: expansion and convergence,,
WORK-84BFB67B5779,场景理论视角下商代遗址文化街区景观设计策略研究,场景理论视角下商代遗址文化街区景观设计策略研究,,刘沛,2025,南昌大学,thesis,,confirmed_scenes,TRUE,FALSE,URBAN_RENEWAL_DESIGN,T3,0,1,0,2023–2025: expansion and convergence,,
WORK-84F35C88F497,智能语音助手的媒介场景沉浸——人机交互与品牌依恋的耦合关系,智能语音助手的媒介场景沉浸——人机交互与品牌依恋的耦合关系,,"邱雅婷[1];戴程[1,2]",2025,洛阳师范学院学报,journal article,10.16594/j.cnki.41-1302/g4.2025.04.005,adjacent_convergent,FALSE,TRUE,DIGITAL_VIRTUAL_MEDIA,T3,0,0,0,2023–2025: expansion and convergence,,
WORK-84FFBA229751,场景理论下城市商业综合体公共空间营造的策略研究,场景理论下城市商业综合体公共空间营造的策略研究,,杨轶薇,2025,北京交通大学,thesis,,confirmed_scenes,TRUE,FALSE,PUBLIC_CULTURE_COMMUNITY,T3,0,1,0,2023–2025: expansion and convergence,,
WORK-85D7F5A917BA,基于场景理论的乡村空间治理探究——以平顶山市岳庄村为例,基于场景理论的乡村空间治理探究——以平顶山市岳庄村为例,,温赛;和雪;于海龙,2025,城市建筑,journal article,10.19892/j.cnki.csjz.2025.16.40,confirmed_scenes,TRUE,TRUE,RURAL_DEVELOPMENT,T3,1,0,0,2023–2025: expansion and convergence,ARCH_DES_HER,T3
WORK-8696C6D65BD3,数字化场景营造对游客价值共创行为的影响机制,数字化场景营造对游客价值共创行为的影响机制,,张琰飞[1];仲伟佳[1];朱海英[1],2025,西部经济管理论坛,journal article,,adjacent_convergent,FALSE,TRUE,DIGITAL_VIRTUAL_MEDIA,T3,0,1,1,2023–2025: expansion and convergence,,
WORK-87DB194ACA6F,场景理论下社区商业外部空间活力评价与优化,场景理论下社区商业外部空间活力评价与优化,,付鹏伟;王凌,2025,南方建筑,journal article,10.3969/j.issn.1000-0232.2025.12.003,confirmed_scenes,TRUE,TRUE,PUBLIC_CULTURE_COMMUNITY,T3,0,0,1,2023–2025: expansion and convergence,ARCH_DES_HER,T3
WORK-89024D807015,公共图书馆“阅读+非遗”场景构建研究——以济南市“非遗主题阅读空间”为例,公共图书馆“阅读+非遗”场景构建研究——以济南市“非遗主题阅读空间”为例,,石慧[1],2025,图书馆工作与研究,journal article,10.16384/j.cnki.lwas.2025.s1.007,confirmed_scenes,TRUE,TRUE,TOURISM_HERITAGE_PLACE,T3,0,0,0,2023–2025: expansion and convergence,INFO_TECH,T3
WORK-8973A3FEEAA6,新疆民族医药文旅消费场景发展路径研究,新疆民族医药文旅消费场景发展路径研究,,黄秋莉;李桂龙,2025,经济研究导刊,journal article,,adjacent_convergent,FALSE,TRUE,TOURISM_HERITAGE_PLACE,T3,1,0,0,2023–2025: expansion and convergence,,
WORK-8AFBAADAB7B2,基于场景理论的南昌万寿宫历史文化街区旅游业态与优化策略研究,基于场景理论的南昌万寿宫历史文化街区旅游业态与优化策略研究,,李阳,2025,江西师范大学,thesis,,confirmed_scenes,TRUE,FALSE,TOURISM_HERITAGE_PLACE,T3,0,0,0,2023–2025: expansion and convergence,,
WORK-8BF95D5586F8,基于场景理论研究下的城市更新中生活消费空间的塑造——以武汉江夏科技工作者社区为例,基于场景理论研究下的城市更新中生活消费空间的塑造——以武汉江夏科技工作者社区为例,,徐路怡[1],2025,建筑与文化,journal article,10.19875/j.cnki.jzywh.2025.08.062,confirmed_scenes,TRUE,TRUE,PUBLIC_CULTURE_COMMUNITY,T3,0,1,0,2023–2025: expansion and convergence,ARCH_DES_HER,T3
WORK-8E182A21AA3F,基于场景理论探析时尚文化对旧社区微更新的影响——以广州市某街道为例,基于场景理论探析时尚文化对旧社区微更新的影响——以广州市某街道为例,,杨宇航;赵天顺,2025,艺术教育,journal article,,confirmed_scenes,TRUE,TRUE,PUBLIC_CULTURE_COMMUNITY,T3,0,1,0,2023–2025: expansion and convergence,EDUCATION,T2
WORK-8E359B83A40D,中国国际消费中心城市综合等级与网络联系研究,中国国际消费中心城市综合等级与网络联系研究,,梅琳;蔡丽燕;张旭,2025,城市问题,journal article,10.13239/j.bjsshkxy.cswt.250404,confirmed_scenes,TRUE,TRUE,DIGITAL_VIRTUAL_MEDIA,T3,1,0,0,2023–2025: expansion and convergence,URBAN_PLAN_GEO,T3
WORK-91C1B4890AE2,重返“场景”:青年生活方式研究的场景视角及其理论思考,重返“场景”:青年生活方式研究的场景视角及其理论思考,,营立成;吴军,2025,中国青年研究,journal article,10.19633/j.cnki.11-2579/d.2025.0082,probable_scenes,FALSE,TRUE,INTERDISC_OTHER,T3,0,0,0,2023–2025: expansion and convergence,,
WORK-94D69733910A,场景赋能影视IP价值创造机理及实现路径研究,场景赋能影视IP价值创造机理及实现路径研究,,宋琪[1];周洢如[1],2025,生产力研究,journal article,,adjacent_convergent,FALSE,TRUE,INTERDISC_OTHER,T3,1,0,0,2023–2025: expansion and convergence,,
WORK-9761572030D8,场景理论下空间类NFT美学价值研究——以“异世界”游戏为例,场景理论下空间类NFT美学价值研究——以“异世界”游戏为例,,陈波;张贝凝,2025,艺术百家,journal article,,confirmed_scenes,TRUE,TRUE,ART_IDENTITY_EDUCATION,T3,0,0,0,2023–2025: expansion and convergence,CULT_MEDIA,T2
WORK-97B4D6A7B9DB,艺术赋能乡村振兴的场景创新研究——以芜湖市鸠兹湾为例,艺术赋能乡村振兴的场景创新研究——以芜湖市鸠兹湾为例,,邹成龙;路幸福,2025,现代城市研究,journal article,10.3969/j.issn.1009-6000.2025.12.014,confirmed_scenes,TRUE,TRUE,RURAL_DEVELOPMENT,T3,1,0,0,2023–2025: expansion and convergence,URBAN_PLAN_GEO,T3
WORK-991C5B015B6A,艺术乡建的场景逻辑与优化路径,艺术乡建的场景逻辑与优化路径,,齐骥[1];陆梓欣[1],2025,贵州师范大学学报:社会科学版,journal article,10.16614/j.gznuj.skb.2025.04.011,confirmed_scenes,TRUE,TRUE,ART_IDENTITY_EDUCATION,T3,0,0,0,2023–2025: expansion and convergence,INTERDISC_OTHER,T3
WORK-9A1694B70B69,基于场景理论的旅游休闲街区空间优化策略研究——以张家界市七十二奇楼为例,基于场景理论的旅游休闲街区空间优化策略研究——以张家界市七十二奇楼为例,,帅凌傲;刘鉴源;杨靖,2025,中外建筑,journal article,10.19940/j.cnki.1008-0422.2025.08.004,confirmed_scenes,TRUE,TRUE,SPORT_LEISURE,T3,0,0,0,2023–2025: expansion and convergence,ARCH_DES_HER,T3
WORK-9C2A5A412B31,嬗变与重构:我国公共文化空间理论研究与实践进展,嬗变与重构:我国公共文化空间理论研究与实践进展,,曾粤亮;李佳愔;吕晓龙,2025,国家图书馆学刊,journal article,10.13666/j.cnki.jnlc.2025.0307,confirmed_scenes,TRUE,TRUE,PUBLIC_CULTURE_COMMUNITY,T3,0,0,0,2023–2025: expansion and convergence,INFO_TECH,T2
WORK-9D2E47DE6CF0,女性友好社区公共空间的场景感知与营造研究——基于性别视角的眼动实验,女性友好社区公共空间的场景感知与营造研究——基于性别视角的眼动实验,,王琳婷;袁媛;梁璐,2025,国际城市规划,journal article,10.19830/j.upi.2024.689,confirmed_scenes,TRUE,TRUE,PUBLIC_CULTURE_COMMUNITY,T3,0,1,0,2023–2025: expansion and convergence,URBAN_PLAN_GEO,T3
WORK-9D5F368949C0,场景理论视角下青岛老旧街区公共空间品质评价研究,场景理论视角下青岛老旧街区公共空间品质评价研究,,程欣靓,2025,青岛理工大学（official prior student affiliation; degree institution not recovered）,thesis,,confirmed_scenes,TRUE,FALSE,PUBLIC_CULTURE_COMMUNITY,T3,0,0,1,2023–2025: expansion and convergence,,
WORK-9EA7AA495641,乡村场景化治理的实践策略——以滇西M村为例,乡村场景化治理的实践策略——以滇西M村为例,,向德平[1];王利娜[1],2025,社会科学战线,journal article,,adjacent_convergent,FALSE,TRUE,RURAL_DEVELOPMENT,T3,1,0,0,2023–2025: expansion and convergence,,
WORK-9EC96965CC72,微更新视阈下城市老旧社区微空间场景化设计策略与实践——以天津兴隆南里社区为例,微更新视阈下城市老旧社区微空间场景化设计策略与实践——以天津兴隆南里社区为例,,孔帅[1];姜子江[2];王艺淳[3],2025,设计艺术研究,journal article,10.3963/j.issn.2095-0705.2025.06.008,adjacent_convergent,FALSE,TRUE,PUBLIC_CULTURE_COMMUNITY,T3,0,1,0,2023–2025: expansion and convergence,,
WORK-A0AF486B51B4,休闲学视角下社区公共文化空间优化路径研究,休闲学视角下社区公共文化空间优化路径研究,,蒋曼曼,2025,品牌研究,journal article,10.3969/j.issn.2096-1847.2025.29.044,confirmed_scenes,TRUE,TRUE,SPORT_LEISURE,T3,0,0,0,2023–2025: expansion and convergence,ECON_BUS_CONS,T3
WORK-A270FD374F67,文旅场景直播中意义迁移促进产品销售的作用机制研究——以东方甄选山西行的农产品销售为例,文旅场景直播中意义迁移促进产品销售的作用机制研究——以东方甄选山西行的农产品销售为例,,"刘改芳[1,2];王涛[1]",2025,旅游科学,journal article,10.16323/j.cnki.lykx.2025.01.003,adjacent_convergent,FALSE,TRUE,DIGITAL_VIRTUAL_MEDIA,T3,0,0,0,2023–2025: expansion and convergence,,
WORK-A48464BBE221,纺织类工业遗产空间场景感知及营造策略研究——以济南国棉一厂为例,纺织类工业遗产空间场景感知及营造策略研究——以济南国棉一厂为例,,马一诺,2025,山东建筑大学,thesis,,confirmed_scenes,TRUE,FALSE,TOURISM_HERITAGE_PLACE,T3,0,1,0,2023–2025: expansion and convergence,,
WORK-A562EA8B828B,场景理论视角下城市孤岛空间生产的文化逻辑与转型路径——以广州车陂村为例,场景理论视角下城市孤岛空间生产的文化逻辑与转型路径——以广州车陂村为例,,唐夕汐;夏青;李胜超,2025,热带地理,journal article,10.13284/j.cnki.rddl.20250526,confirmed_scenes,TRUE,TRUE,INTERDISC_OTHER,T3,0,0,0,2023–2025: expansion and convergence,URBAN_PLAN_GEO,T3
WORK-A67FA87F304B,基于青年消费行为的历史文化空间场景研究——以雍和宫为例,基于青年消费行为的历史文化空间场景研究——以雍和宫为例,,刘润东[1];李东泉[1];阚贝儿[1],2025,中国青年研究,journal article,10.19633/j.cnki.11-2579/d.2025.0090,adjacent_convergent,FALSE,TRUE,TOURISM_HERITAGE_PLACE,T3,0,0,0,2023–2025: expansion and convergence,,
WORK-A979F302D240,基于场景理论的公共图书馆阅读推广模式创新研究,基于场景理论的公共图书馆阅读推广模式创新研究,,叶倩晴,2025,图书馆学刊,journal article,10.14037/j.cnki.tsgxk.2025.09.016,confirmed_scenes,TRUE,TRUE,PUBLIC_CULTURE_COMMUNITY,T3,0,0,0,2023–2025: expansion and convergence,INFO_TECH,T3
WORK-A97FA5A8B849,人文经济视阈下当代艺术化乡村场景营建与共同富裕,人文经济视阈下当代艺术化乡村场景营建与共同富裕,,洪晟日[1];洪昭元[2];阮怀俊[3],2025,建筑与文化,journal article,10.19875/j.cnki.jzywh.2025.12.022,adjacent_convergent,FALSE,TRUE,RURAL_DEVELOPMENT,T3,1,0,0,2023–2025: expansion and convergence,,
WORK-A9EFC210C529,文化遗产数据资源的价值共创机制研究——基于“阶段-主体-场景”框架的分析,文化遗产数据资源的价值共创机制研究——基于“阶段-主体-场景”框架的分析,,高丹[1];崔斌[2],2025,农业图书情报学报,journal article,10.13998/j.cnki.issn1002-1248.25-0285,adjacent_convergent,FALSE,TRUE,TOURISM_HERITAGE_PLACE,T3,0,0,1,2023–2025: expansion and convergence,,
WORK-AA265442EB10,基于场景理论的武汉市关山荷兰风情社区公园优化设计研究,基于场景理论的武汉市关山荷兰风情社区公园优化设计研究,,王钰,2025,湖北工业大学,thesis,,confirmed_scenes,TRUE,FALSE,PUBLIC_CULTURE_COMMUNITY,T3,0,1,0,2023–2025: expansion and convergence,,
WORK-ABC03624ED4C,数字赋能基本公共服务体系现代化:场景框架、治理逻辑及实践指向,数字赋能基本公共服务体系现代化:场景框架、治理逻辑及实践指向,,朱锐勋[1],2025,行政与法,journal article,,adjacent_convergent,FALSE,TRUE,DIGITAL_VIRTUAL_MEDIA,T3,1,0,0,2023–2025: expansion and convergence,,
WORK-AC0401E659CB,乡村生活场景育人方式变革的常州实践,乡村生活场景育人方式变革的常州实践,,潘小福[1];金旦[2],2025,江苏教育,journal article,,adjacent_convergent,FALSE,TRUE,RURAL_DEVELOPMENT,T3,0,0,0,2023–2025: expansion and convergence,,
WORK-ACB1C32BD6F6,“液态”场景视域下社会化阅读的“游牧式”实践特质探析,“液态”场景视域下社会化阅读的“游牧式”实践特质探析,,陶喜红[1];周传琪[1],2025,出版科学,journal article,10.13363/j.publishingjournal.2025.05.001,probable_scenes,FALSE,TRUE,INTERDISC_OTHER,T3,0,0,0,2023–2025: expansion and convergence,,
WORK-AD15F9E251E6,政治仪式场景:建构国家认同的象征资源,政治仪式场景:建构国家认同的象征资源,,杨绘荣[1];刘佳佳[2],2025,党政研究,journal article,10.13903/j.cnki.cn51-1575/d.2025.03.003,adjacent_convergent,FALSE,TRUE,ART_IDENTITY_EDUCATION,T3,1,1,0,2023–2025: expansion and convergence,,
WORK-AF8EAB165863,主题公园中的游客旅游场景体验和游后行为意向关系研究,主题公园中的游客旅游场景体验和游后行为意向关系研究,,刘娜娜[1];杨丽[2];罗乾恺[1],2025,旅游研究,journal article,10.3969/j.issn.1674-5841.2025.01.005,adjacent_convergent,FALSE,TRUE,TOURISM_HERITAGE_PLACE,T3,0,0,0,2023–2025: expansion and convergence,,
WORK-AFE94C362742,基于场景理论视角下的历史文化街区保护性更新策略研究--以常州市青果巷为例,基于场景理论视角下的历史文化街区保护性更新策略研究--以常州市青果巷为例,,林圣皓,2025,江西财经大学,thesis,,confirmed_scenes,TRUE,FALSE,TOURISM_HERITAGE_PLACE,T3,0,1,0,2023–2025: expansion and convergence,,
WORK-B165EC5928DB,地方品质与城市创业活跃度:影响机制与空间差异,地方品质与城市创业活跃度:影响机制与空间差异,,张超[1];李倩[1];何红丽[1],2025,经济与管理研究,journal article,10.13502/j.cnki.issn1000-7636.2025.12.006,adjacent_convergent,FALSE,TRUE,INTERDISC_OTHER,T3,0,0,1,2023–2025: expansion and convergence,,
WORK-B2D824B5C555,媒介情境理论视域下传统民居的数字化传播创新——基于纪录片《凝固的诗·探秘中国民居之美》的分析,媒介情境理论视域下传统民居的数字化传播创新——基于纪录片《凝固的诗·探秘中国民居之美》的分析,,卢珊[1],2025,新媒体研究,journal article,10.16604/j.cnki.issn2096-0360.2025.10.014,adjacent_convergent,FALSE,TRUE,DIGITAL_VIRTUAL_MEDIA,T3,0,0,0,2023–2025: expansion and convergence,,
WORK-B321A7B68B5D,场景理论视角下国家体育消费试点城市发展路径分析,场景理论视角下国家体育消费试点城市发展路径分析,,宋佳桐;王兆红;王晨旭,2025,天津体育学院学报,journal article,10.13297/j.cnki.issn1005-0000.2025.05.009,confirmed_scenes,TRUE,TRUE,SPORT_LEISURE,T3,1,0,0,2023–2025: expansion and convergence,SPORT_LEISURE,T3
WORK-B4BC45024C22,工业遗产更新设计中的空间场景营造,工业遗产更新设计中的空间场景营造,,王帅[1],2025,建筑与文化,journal article,10.19875/j.cnki.jzywh.2025.11.061,adjacent_convergent,FALSE,TRUE,TOURISM_HERITAGE_PLACE,T3,0,1,0,2023–2025: expansion and convergence,,
WORK-BA5DCBE6C30B,中国场景的生活治理,中国场景的生活治理,,刘锐[1],2025,思想战线,journal article,,adjacent_convergent,FALSE,TRUE,POLICY_GOVERNANCE_MEASUREMENT,T3,1,0,0,2023–2025: expansion and convergence,,
WORK-BFAB22A97E91,场景理论视域下成都大运会场馆赛后可持续利用研究,场景理论视域下成都大运会场馆赛后可持续利用研究,,李佳歆,2025,文体用品与科技,journal article,10.3969/j.issn.1006-8902.2025.19.019,confirmed_scenes,TRUE,TRUE,INTERDISC_OTHER,T3,0,0,0,2023–2025: expansion and convergence,SPORT_LEISURE,T3
WORK-C00D770B8208,从文化场景看“打卡”风潮：网络社群用户文旅打卡行为研究,从文化场景看“打卡”风潮：网络社群用户文旅打卡行为研究,,董晶;温萧羽;许浩,2025,图书情报知识,journal article,10.13366/j.dik.2025.03.088,confirmed_scenes,TRUE,TRUE,DIGITAL_VIRTUAL_MEDIA,T3,0,0,0,2023–2025: expansion and convergence,INFO_TECH,T3
WORK-C02C1986C256,传统村落数字化旅游场景构建——以张谷英村为例,传统村落数字化旅游场景构建——以张谷英村为例,,刘春腊;皇甫子贞;李光辉,2025,资源科学,journal article,10.18402/resci.2025.09.11,confirmed_scenes,TRUE,TRUE,RURAL_DEVELOPMENT,T2,0,0,0,2023–2025: expansion and convergence,URBAN_PLAN_GEO,T3
WORK-C09BF18F7565,基于场景理论的秭归县界垭村景观设计研究,基于场景理论的秭归县界垭村景观设计研究,,昌佳欣,2025,湖北工业大学,thesis,,confirmed_scenes,TRUE,FALSE,URBAN_RENEWAL_DESIGN,T3,0,1,0,2023–2025: expansion and convergence,,
WORK-C0C291578160,遇见“蓝大将军”:场景理论视野下的漳溪畲族非遗活化,遇见“蓝大将军”:场景理论视野下的漳溪畲族非遗活化,,周建新,2025,地方文化研究,journal article,,confirmed_scenes,TRUE,TRUE,TOURISM_HERITAGE_PLACE,T3,0,0,0,2023–2025: expansion and convergence,CULT_MEDIA,T3
WORK-C47FF7287AB0,媒介场景理论视域下家校数字化协同育人的优化路径,媒介场景理论视域下家校数字化协同育人的优化路径,,赵钱森[1];伍徐欣[1];兰丹[2],2025,教育科学论坛,journal article,,confirmed_scenes,TRUE,TRUE,DIGITAL_VIRTUAL_MEDIA,T3,1,0,0,2023–2025: expansion and convergence,EDUCATION,T3
WORK-C507EC71D217,东北三省冰雪旅游消费新场景营造的生成机理、价值意蕴与实践进路,东北三省冰雪旅游消费新场景营造的生成机理、价值意蕴与实践进路,,王楷钧[1];冯灿[1],2025,吉林体育学院学报,journal article,10.13720/j.cnki.22-1286.20260104.001,adjacent_convergent,FALSE,TRUE,SPORT_LEISURE,T3,0,1,0,2023–2025: expansion and convergence,,
WORK-C72642F4A53D,基于场景理论的历史文化街区空间场景营造——以四方路历史文化街区为例,基于场景理论的历史文化街区空间场景营造——以四方路历史文化街区为例,,傅尧;郭亚成;董海龙,2025,城市建筑,journal article,10.19892/j.cnki.csjz.2025.11.14,confirmed_scenes,TRUE,TRUE,TOURISM_HERITAGE_PLACE,T3,0,1,0,2023–2025: expansion and convergence,ARCH_DES_HER,T3
WORK-C882A87FBF5C,场景理论视域下红砖街区保护与更新——以泉州西街历史文化街区为例,场景理论视域下红砖街区保护与更新——以泉州西街历史文化街区为例,,陈溢晨;陈墅香,2025,自然资源学报,journal article,10.31497/zrzyxb.20250606,confirmed_scenes,TRUE,TRUE,TOURISM_HERITAGE_PLACE,T2,0,1,0,2023–2025: expansion and convergence,URBAN_PLAN_GEO,T3
WORK-C94FF7FA0F33,经典文化意象的创新性改编与场景化传播:作为跨媒介艺术的《黑神话·悟空》,经典文化意象的创新性改编与场景化传播:作为跨媒介艺术的《黑神话·悟空》,,吴悦[1],2025,中北大学学报:社会科学版,journal article,,adjacent_convergent,FALSE,TRUE,DIGITAL_VIRTUAL_MEDIA,T3,0,0,0,2023–2025: expansion and convergence,,
WORK-C9BBD77FCD33,符号消费与场景制造:网红经济赋能城市休闲业态的空间生产逻辑研究,符号消费与场景制造:网红经济赋能城市休闲业态的空间生产逻辑研究,,方龄萱,2025,价格理论与实践,journal article,10.19851/j.cnki.CN11-1010/F.2025.06.184,adjacent_convergent,FALSE,TRUE,SPORT_LEISURE,T3,0,0,0,2023–2025: expansion and convergence,,
WORK-CB5101FA7455,媒介情境理论视域下官员直播带货现象研究,媒介情境理论视域下官员直播带货现象研究,,贾梦梦[1];邵佳辉[2],2025,北方经贸,journal article,,adjacent_convergent,FALSE,TRUE,DIGITAL_VIRTUAL_MEDIA,T3,0,0,0,2023–2025: expansion and convergence,,
WORK-CE79D2016772,数字化赋能下旅游全场景消费模式探析,数字化赋能下旅游全场景消费模式探析,,"刘佳昊[1,2];张琳[1,2];来有为[1,2]",2025,发展研究,journal article,,adjacent_convergent,FALSE,TRUE,DIGITAL_VIRTUAL_MEDIA,T3,0,0,0,2023–2025: expansion and convergence,,
WORK-CEC02B5F7208,沉浸式文旅场景的身体拓展,沉浸式文旅场景的身体拓展,,黄偲迪[1],2025,文化艺术研究,journal article,,adjacent_convergent,FALSE,TRUE,DIGITAL_VIRTUAL_MEDIA,T3,0,0,0,2023–2025: expansion and convergence,,
WORK-D08029A73C08,乡村公共文化空间运行:结构变迁与场景构建,乡村公共文化空间运行:结构变迁与场景构建,,"陈波[1,2,3];陈立豪[4]",2025,湖南师范大学社会科学学报,journal article,10.19503/j.cnki.1000-2529.2025.01.005,probable_scenes,FALSE,TRUE,RURAL_DEVELOPMENT,T3,0,0,0,2023–2025: expansion and convergence,,
WORK-D1E570476A12,场景理论下的IP消费新空间活力提升路径研究,场景理论下的IP消费新空间活力提升路径研究,,贾雨萱;陈宇;钟晖,2025,中国商论,journal article,10.19699/j.cnki.issn2096-0298.2025.09.010,confirmed_scenes,TRUE,TRUE,CULTURAL_CONSUMPTION_COMMERCIAL,T3,0,0,0,2023–2025: expansion and convergence,ECON_BUS_CONS,T3
WORK-D357E9C994D9,中国和美乡村建设的理论与实践——乡村场景价值理论的视角,中国和美乡村建设的理论与实践——乡村场景价值理论的视角,,杨庆媛;王愈滋;杨人豪;苏康传;王笛;孙朝辉,2025,西南大学学报（自然科学版）,journal article,10.13718/j.cnki.xdzk.2025.04.001,confirmed_scenes,TRUE,TRUE,RURAL_DEVELOPMENT,T3,0,0,0,2023–2025: expansion and convergence,INTERDISC_OTHER,T3
WORK-D4C32726FBB6,场景视域下高校图书馆空间教育价值的思考——以广东财经大学图书馆“发呆区”走红为例,场景视域下高校图书馆空间教育价值的思考——以广东财经大学图书馆“发呆区”走红为例,,曾翠[1];王忠政[1];官凤婷[1],2025,图书馆学刊,journal article,10.14037/j.cnki.tsgxk.2025.06.004,confirmed_scenes,TRUE,TRUE,PUBLIC_CULTURE_COMMUNITY,T3,0,0,0,2023–2025: expansion and convergence,INFO_TECH,T3
WORK-D52CCE24BAF2,场景视域下零食品牌“三只松鼠”自直播模式与发展路径研究,场景视域下零食品牌“三只松鼠”自直播模式与发展路径研究,,余晓勤[1],2025,全国流通经济,journal article,10.16834/j.cnki.issn1009-5292.2025.18.008,probable_scenes,FALSE,TRUE,DIGITAL_VIRTUAL_MEDIA,T3,1,0,0,2023–2025: expansion and convergence,,
WORK-D57641C3D2C8,“空间-场景”互动视域下乡村新型公共文化空间实践与场景阐释,“空间-场景”互动视域下乡村新型公共文化空间实践与场景阐释,,侯雪言,2025,艺术百家,journal article,10.3969/j.issn.1003-9104.2025.01.009,probable_scenes,FALSE,TRUE,RURAL_DEVELOPMENT,T3,0,0,0,2023–2025: expansion and convergence,,
WORK-D6B187E4B4EA,“长安十二时辰”主题街区的场景传播研究,“长安十二时辰”主题街区的场景传播研究,,马蓓蕾,2025,西安工业大学,thesis,,confirmed_scenes,TRUE,FALSE,URBAN_RENEWAL_DESIGN,T3,0,0,0,2023–2025: expansion and convergence,,
WORK-D898250E488C,基于场景理论的乡村聚落景观感知评价研究——以嵩口镇为例,基于场景理论的乡村聚落景观感知评价研究——以嵩口镇为例,,林志森;王莘捷;洪婷婷;杨元传,2025,建筑与文化,journal article,10.19875/j.cnki.jzywh.2025.07.038,confirmed_scenes,TRUE,TRUE,RURAL_DEVELOPMENT,T3,0,0,1,2023–2025: expansion and convergence,ARCH_DES_HER,T3
WORK-D99055A1F0B0,中国城市文化场景韧性表现模式研究,中国城市文化场景韧性表现模式研究,,林馨雨,2025,新闻与传播评论,journal article,10.14086/j.cnki.xwycbpl.2025.05.008,confirmed_scenes,TRUE,TRUE,INTERDISC_OTHER,T3,0,0,0,2023–2025: expansion and convergence,CULT_MEDIA,T3
WORK-D9C13E654D3E,Sora作为场景媒介:引发营销范式革命——以图书出版业为例,Sora作为场景媒介:引发营销范式革命——以图书出版业为例,,"丁颖[1];喻国明[2,3,4,5]",2025,出版发行研究,journal article,10.19393/j.cnki.cn11-1537/g2.2025.01.002,adjacent_convergent,FALSE,TRUE,DIGITAL_VIRTUAL_MEDIA,T3,0,0,0,2023–2025: expansion and convergence,,
WORK-DDC126E94B07,回归生活:现代化生活场景推动构筑中华民族共有精神家园研究,回归生活:现代化生活场景推动构筑中华民族共有精神家园研究,,"刘洋[1,2];张雅倩[2]",2025,贵州民族研究,journal article,10.13965/j.cnki.gzmzyj10026959.2025.01.005,adjacent_convergent,FALSE,TRUE,INTERDISC_OTHER,T3,0,0,0,2023–2025: expansion and convergence,,
WORK-DED06D7AA215,标准化视角下公园场景营造和业态融合策略与路径研究,标准化视角下公园场景营造和业态融合策略与路径研究,,陈明坤;高歌;苟丹丹等,2025,园林,journal article,10.12193/j.laing.2025.04.0018.003,confirmed_scenes,TRUE,TRUE,URBAN_RENEWAL_DESIGN,T3,0,1,0,2023–2025: expansion and convergence,ARCH_DES_HER,T3
WORK-DFDB76574D96,夜间旅游场景分析及优化策略研究--以龙门浩老街为例,夜间旅游场景分析及优化策略研究--以龙门浩老街为例,,唐冬杰,2025,重庆师范大学,thesis,,confirmed_scenes,TRUE,FALSE,TOURISM_HERITAGE_PLACE,T3,0,0,0,2023–2025: expansion and convergence,,
WORK-E22EF45C9F89,公共文化空间研究的发展脉络与前沿探讨,公共文化空间研究的发展脉络与前沿探讨,,耿达;戴颖桢,2025,社会科学动态,journal article,,confirmed_scenes,TRUE,TRUE,PUBLIC_CULTURE_COMMUNITY,T3,0,0,0,2023–2025: expansion and convergence,INTERDISC_OTHER,T3
WORK-E2555F793C5A,数实新场景赋能的中国式数字文化产业高质量发展模式研究,数实新场景赋能的中国式数字文化产业高质量发展模式研究,,解学芳[1];陈思函[1],2025,苏州大学学报:哲学社会科学版,journal article,10.19563/j.cnki.sdzs.2025.05.009,adjacent_convergent,FALSE,TRUE,DIGITAL_VIRTUAL_MEDIA,T3,0,0,0,2023–2025: expansion and convergence,,
WORK-E2D31E583ED9,场景理论下地域文化消费空间活化策略研究,场景理论下地域文化消费空间活化策略研究,,赵诗璇;欧阳国辉,2025,美与时代:城市版,journal article,,confirmed_scenes,TRUE,TRUE,CULTURAL_CONSUMPTION_COMMERCIAL,T3,0,0,0,2023–2025: expansion and convergence,ARCH_DES_HER,T2
WORK-E598C447FFDB,场景理论视域下大运河非物质文化遗产活态传承利用路径研究——以大运河嘉兴段为例,场景理论视域下大运河非物质文化遗产活态传承利用路径研究——以大运河嘉兴段为例,,唐佳琪;吴广,2025,文化学刊,journal article,,confirmed_scenes,TRUE,TRUE,TOURISM_HERITAGE_PLACE,T3,0,0,0,2023–2025: expansion and convergence,CULT_MEDIA,T3
WORK-E6FFC7B74D79,场景化传播赋能高校思想政治教育的价值表现、出场逻辑与实践路径,场景化传播赋能高校思想政治教育的价值表现、出场逻辑与实践路径,,"姜志祥[1,2]",2025,广州开放大学学报,journal article,,adjacent_convergent,FALSE,TRUE,ART_IDENTITY_EDUCATION,T3,1,0,0,2023–2025: expansion and convergence,,
WORK-E87EEACB7405,从文旅融合角度论公共图书馆拓展服务场景创新——以高速公路服务区与地铁等车站场景服务为例,从文旅融合角度论公共图书馆拓展服务场景创新——以高速公路服务区与地铁等车站场景服务为例,,周玮[1];丁勇[1],2025,新世纪图书馆,journal article,10.16810/j.cnki.1672-514X.2025.07.006,probable_scenes,FALSE,TRUE,TOURISM_HERITAGE_PLACE,T3,0,0,0,2023–2025: expansion and convergence,,
WORK-E92B48C97CA2,数字赋能体育消费场景创新发展研究,数字赋能体育消费场景创新发展研究,,郭若凝,2025,苏州大学,thesis,,confirmed_scenes,TRUE,FALSE,SPORT_LEISURE,T3,0,0,0,2023–2025: expansion and convergence,,
WORK-E977C2A0E1BB,我国新型公共文化空间服务场景构建研究,我国新型公共文化空间服务场景构建研究,,朱雨萌[1];陈雅[1],2025,图书馆理论与实践,journal article,10.14064/j.cnki.issn1005-8214.2025.05.004,confirmed_scenes,TRUE,TRUE,PUBLIC_CULTURE_COMMUNITY,T3,0,0,0,2023–2025: expansion and convergence,INFO_TECH,T3
WORK-EB45B3F9BEDB,基于场景理论的肃南马蹄寺景区消极空间优化策略,基于场景理论的肃南马蹄寺景区消极空间优化策略,,康吉庆;梁艳,2025,西部学刊,journal article,10.16721/j.cnki.cn61-1487/c.2025.19.011,confirmed_scenes,TRUE,TRUE,TOURISM_HERITAGE_PLACE,T3,0,0,0,2023–2025: expansion and convergence,INTERDISC_OTHER,T3
WORK-EBF08E31B23F,乡村振兴背景下农文旅沉浸式场景体验设计,乡村振兴背景下农文旅沉浸式场景体验设计,,周琼[1];倪杨[1],2025,湖南包装,journal article,10.19686/j.cnki.issn1671-4997.2025.06.039,confirmed_scenes,TRUE,TRUE,RURAL_DEVELOPMENT,T3,1,1,0,2023–2025: expansion and convergence,ARCH_DES_HER,T3
WORK-EE596ACA3019,场景理论视域下天津五大道历史文化街区的沉浸式旅游活化策略研究,场景理论视域下天津五大道历史文化街区的沉浸式旅游活化策略研究,,于子尧;周延伟,2025,湖南包装,journal article,10.19686/j.cnki.issn1671-4997.2025.01.020,confirmed_scenes,TRUE,TRUE,DIGITAL_VIRTUAL_MEDIA,T3,0,0,0,2023–2025: expansion and convergence,ARCH_DES_HER,T3
WORK-EFE3CC23BE18,文旅融合视域下艺术集聚的场景构建与优化路径,文旅融合视域下艺术集聚的场景构建与优化路径,,"齐骥, 赵梦笛",2025,艺术百家,journal article,10.3969/j.issn.1003-9104.2025.01.008,confirmed_scenes,TRUE,TRUE,TOURISM_HERITAGE_PLACE,T3,0,0,0,2023–2025: expansion and convergence,CULT_MEDIA,T2
WORK-F1744425DFED,东方生活美学的多维构建:媒介、场景与文化身份的深度融合,东方生活美学的多维构建:媒介、场景与文化身份的深度融合,,"刘喆慧[1,2,3]",2025,艺术广角,journal article,,adjacent_convergent,FALSE,TRUE,DIGITAL_VIRTUAL_MEDIA,T3,0,0,0,2023–2025: expansion and convergence,,
WORK-F2BD7BF03823,场景视域下城市新型公共阅读空间建设优化方略,场景视域下城市新型公共阅读空间建设优化方略,,唐江浩[1],2025,图书馆建设,journal article,10.19764/j.cnki.tsgjs.20241915,confirmed_scenes,TRUE,TRUE,PUBLIC_CULTURE_COMMUNITY,T3,0,0,0,2023–2025: expansion and convergence,INFO_TECH,T3
WORK-F486ED59B311,场景构建视域下淮剧文旅沉浸式体验的数字赋能路径研究——以盐城实践为例,场景构建视域下淮剧文旅沉浸式体验的数字赋能路径研究——以盐城实践为例,,黄燕君[1];何子宜[1],2025,艺术科技,journal article,10.3969/j.issn.1004-9436.2025.17.056,adjacent_convergent,FALSE,TRUE,DIGITAL_VIRTUAL_MEDIA,T3,0,0,0,2023–2025: expansion and convergence,,
WORK-F5082E845093,旅游休闲街区文旅场景评价研究--以上海为例,旅游休闲街区文旅场景评价研究--以上海为例,,朱文娟,2025,上海师范大学,thesis,,confirmed_scenes,TRUE,FALSE,SPORT_LEISURE,T3,0,0,1,2023–2025: expansion and convergence,,
WORK-F7E8B0D65138,从物理依恋到虚实融合:元宇宙书店场景舒适物的体系构建与实践路径,从物理依恋到虚实融合:元宇宙书店场景舒适物的体系构建与实践路径,,杨阳[1];胡玲珑[2],2025,中国出版,journal article,,probable_scenes,FALSE,TRUE,DIGITAL_VIRTUAL_MEDIA,T3,1,0,0,2023–2025: expansion and convergence,,
WORK-F873F278091D,生产与编织:场景驱动旅游资源创新的双路径,生产与编织:场景驱动旅游资源创新的双路径,,王学基;庞兆玲;张海洲,2025,自然资源学报,journal article,10.31497/zrzyxb.20250903,confirmed_scenes,TRUE,TRUE,TOURISM_HERITAGE_PLACE,T3,0,0,0,2023–2025: expansion and convergence,URBAN_PLAN_GEO,T3
WORK-F91521E6477C,助农直播营销中嘉宾类型与场景类型对消费者购买意愿的影响研究,助农直播营销中嘉宾类型与场景类型对消费者购买意愿的影响研究,,李楠[1];洪海啸[1];曹婉仪[1],2025,商场现代化,journal article,,adjacent_convergent,FALSE,TRUE,DIGITAL_VIRTUAL_MEDIA,T3,0,0,0,2023–2025: expansion and convergence,,
WORK-FA0EE085AE3C,文旅融合背景下乡村公共文化空间高质量发展的行动路径——基于慈溪市的调查,文旅融合背景下乡村公共文化空间高质量发展的行动路径——基于慈溪市的调查,,吴欣欣;张超民,2025,图书馆界,journal article,,confirmed_scenes,TRUE,TRUE,RURAL_DEVELOPMENT,T3,0,0,0,2023–2025: expansion and convergence,INFO_TECH,T3
WORK-FCA04AED01DC,数字生活情境下社会公众的档案参与行为:内容、驱动因素与正向效应,数字生活情境下社会公众的档案参与行为:内容、驱动因素与正向效应,,韦兆焯[1];郑慧[2],2025,档案学刊,journal article,,adjacent_convergent,FALSE,TRUE,DIGITAL_VIRTUAL_MEDIA,T3,0,0,1,2023–2025: expansion and convergence,,
WORK-FD1EA076D991,日常生活情境下用户与生成式人工智能交互行为分析,日常生活情境下用户与生成式人工智能交互行为分析,,王俊[1];谢青伶[1];刘畅[1],2025,图书情报知识,journal article,10.13366/j.dik.2025.02.060,adjacent_convergent,FALSE,TRUE,DIGITAL_VIRTUAL_MEDIA,T3,0,0,0,2023–2025: expansion and convergence,,
WORK-FE77001AD341,运动休闲特色小镇文体旅融合场景的价值关涉与叙事路径——以莫干山漫运动小镇为中心的考察,运动休闲特色小镇文体旅融合场景的价值关涉与叙事路径——以莫干山漫运动小镇为中心的考察,,车雯[1];张瑞林[2];马培艳[3],2025,济南大学学报:社会科学版,journal article,10.20004/j.cnki.ujn.2025.01.014,adjacent_convergent,FALSE,TRUE,SPORT_LEISURE,T3,0,0,0,2023–2025: expansion and convergence,,
WORK-FF01EE0C1742,场景理论视角下农村公共文化空间设计研究——以江苏为例,场景理论视角下农村公共文化空间设计研究——以江苏为例,,金晶,2025,美与时代:城市版,journal article,,confirmed_scenes,TRUE,TRUE,RURAL_DEVELOPMENT,T3,0,1,0,2023–2025: expansion and convergence,ARCH_DES_HER,T2
WORK-00959BDAC42A,非遗会展活动的多元文旅场景打造探究——以长春市春京西历史文化街区主题活动为例,非遗会展活动的多元文旅场景打造探究——以长春市春京西历史文化街区主题活动为例,,韩冰[1];陈家骥[2];孙昊彤[3],2026,商展经济,journal article,10.19995/j.cnki.CN10-1617/F7.2026.09.001,adjacent_convergent,FALSE,TRUE,TOURISM_HERITAGE_PLACE,T3,0,0,0,2026: incomplete,,
WORK-04D4F57CAFDD,基于体验经济的龙口市中医药文化消费场景研究,基于体验经济的龙口市中医药文化消费场景研究,,李晨;战强庆;陆磊,2026,中国市场,journal article,10.13939/j.cnki.zgsc.2026.03.032,adjacent_convergent,FALSE,TRUE,CULTURAL_CONSUMPTION_COMMERCIAL,T3,0,0,0,2026: incomplete,,
WORK-0581B5402AF8,场景理论视域下公共空间研究的文献计量分析——演进脉络与中国启示,场景理论视域下公共空间研究的文献计量分析——演进脉络与中国启示,,胡迪;郭瑜涵;黄佳欣;舒波,2026,热带地理,journal article,10.13284/j.cnki.rddl.20250547,confirmed_scenes,TRUE,TRUE,PUBLIC_CULTURE_COMMUNITY,T3,0,0,0,2026: incomplete,URBAN_PLAN_GEO,T3
WORK-0924B3705510,文商旅体展融合发展的场景创新路径研究,文商旅体展融合发展的场景创新路径研究,,张语彤[1],2026,中国经贸,journal article,,adjacent_convergent,FALSE,TRUE,CULTURAL_CREATIVE_INNOVATION,T3,0,0,0,2026: incomplete,,
WORK-0B2EA7AA94A4,合法性、真实性与戏剧性:场景理论赋能非遗再生产的三重维度,合法性、真实性与戏剧性:场景理论赋能非遗再生产的三重维度,,朱利峰,2026,青海民族研究,journal article,10.15899/j.cnki.1005-5681.2026.01.019,confirmed_scenes,TRUE,TRUE,TOURISM_HERITAGE_PLACE,T3,0,0,0,2026: incomplete,INTERDISC_OTHER,T3
WORK-0B61B708FF22,空间生产理论下县域文化消费新场景构建机制研究——以贵州“村超”和湖南“村厨村艺大晒”为例,空间生产理论下县域文化消费新场景构建机制研究——以贵州“村超”和湖南“村厨村艺大晒”为例,,李俊锋[1],2026,艺术科技,journal article,10.3969/j.issn.1004-9436.2026.04.060,adjacent_convergent,FALSE,TRUE,CULTURAL_CONSUMPTION_COMMERCIAL,T3,0,0,0,2026: incomplete,,
WORK-0C1F2017A925,新发展阶段城市体育消费新场景培育路径研究,新发展阶段城市体育消费新场景培育路径研究,,何浩[1];刘海东[1];雷萍[1],2026,体育科技,journal article,10.14038/j.cnki.tykj.2026.02.019,adjacent_convergent,FALSE,TRUE,SPORT_LEISURE,T3,0,0,0,2026: incomplete,,
WORK-0F28A2FA3A0D,场景化治理:基层治理的新型态,场景化治理:基层治理的新型态,,"袁方成[1,2];马康[2,3]",2026,治理研究,journal article,10.15944/j.cnki.33-1010/d.2026.01.007,adjacent_convergent,FALSE,TRUE,POLICY_GOVERNANCE_MEASUREMENT,T3,1,0,0,2026: incomplete,,
WORK-0FF2344A4C76,基于文化场景理论的乡村公共文化空间重构策略研究——以成都市新津区张河村为例,基于文化场景理论的乡村公共文化空间重构策略研究——以成都市新津区张河村为例,,高悦彤,2026,江西农业,journal article,10.3969/j.issn.1674-4179.2026.05.021,confirmed_scenes,TRUE,TRUE,RURAL_DEVELOPMENT,T3,0,0,0,2026: incomplete,RURAL_AGRI,T3
WORK-101253042FF9,营销型短视频的互动性与场景真实性对消费者购买意愿的作用研究,营销型短视频的互动性与场景真实性对消费者购买意愿的作用研究,,汪玲含[1],2026,商场现代化,journal article,,adjacent_convergent,FALSE,TRUE,CULTURAL_CONSUMPTION_COMMERCIAL,T3,0,0,0,2026: incomplete,,
WORK-1A898A6B6D27,古镇活化与文旅场景融合创新生态研究——以岱山东沙古渔镇为例,古镇活化与文旅场景融合创新生态研究——以岱山东沙古渔镇为例,,施徐华[1];嵇灵[2];王好[3];余艺歆[1],2026,艺术科技,journal article,10.3969/j.issn.1004-9436.2026.04.054,adjacent_convergent,FALSE,TRUE,TOURISM_HERITAGE_PLACE,T3,0,0,0,2026: incomplete,,
WORK-1BA35D7234C5,历史旅游文化街区语言符号景观的价值建构及其实现路径——基于场景理论,历史旅游文化街区语言符号景观的价值建构及其实现路径——基于场景理论,,董洪杰;石琳,2026,社会科学家,journal article,,confirmed_scenes,TRUE,TRUE,TOURISM_HERITAGE_PLACE,T3,1,1,0,2026: incomplete,INTERDISC_OTHER,T3
WORK-1CB271E3FD1E,场景理论视角下的历史文化街区更新策略研究——以沈阳市中山路为例,场景理论视角下的历史文化街区更新策略研究——以沈阳市中山路为例,,傅毅;赖泓兵,2026,建筑与文化,journal article,,confirmed_scenes,TRUE,TRUE,TOURISM_HERITAGE_PLACE,T3,0,1,0,2026: incomplete,ARCH_DES_HER,T3
WORK-1DF77D433B48,数字乡村治理的场景化建构:适配逻辑与实践形式,数字乡村治理的场景化建构:适配逻辑与实践形式,,丁波[1],2026,社会科学,journal article,,adjacent_convergent,FALSE,TRUE,RURAL_DEVELOPMENT,T3,1,1,0,2026: incomplete,,
WORK-200118103891,基于场景理论的人文经济学叙事逻辑与模态分析,基于场景理论的人文经济学叙事逻辑与模态分析,,许琳梓,2026,江苏社会科学,journal article,10.13858/j.cnki.cn32-1312/c.20260210.001,confirmed_scenes,TRUE,TRUE,INTERDISC_OTHER,T3,0,0,0,2026: incomplete,INTERDISC_OTHER,T3
WORK-2B7235C5E832,乡村非物质文化遗产场景维度设计及其价值表达,乡村非物质文化遗产场景维度设计及其价值表达,,"陈波[1,2,3,4,5];涂晓晗[1]",2026,山东师范大学学报:社会科学版,journal article,10.16456/j.cnki.1001-5973.2026.02.009,confirmed_scenes,TRUE,TRUE,RURAL_DEVELOPMENT,T3,0,1,0,2026: incomplete,INTERDISC_OTHER,T2
WORK-2DF2071E013B,场景理论下非遗技艺活态传承机制与路径研究——以英山缠花为例,场景理论下非遗技艺活态传承机制与路径研究——以英山缠花为例,,郭璟雯;陆明明,2026,理论观察,journal article,,confirmed_scenes,TRUE,TRUE,TOURISM_HERITAGE_PLACE,T3,0,0,0,2026: incomplete,INTERDISC_OTHER,T3
WORK-2DF495C31FB4,价值共创与场景驱动:公共文化服务可及性何以有效提升——基于杭州市Q区的考察,价值共创与场景驱动:公共文化服务可及性何以有效提升——基于杭州市Q区的考察,,翁列恩[1];张健扬[1];王艳晴[1],2026,中共天津市委党校学报,journal article,10.16029/j.cnki.1008-410X.2026.04.007,adjacent_convergent,FALSE,TRUE,PUBLIC_CULTURE_COMMUNITY,T3,0,0,0,2026: incomplete,,
WORK-33D63C61C716,基于轻量化技术的公共图书馆沉浸式阅读场景构建研究——以珠海市图书馆为例,基于轻量化技术的公共图书馆沉浸式阅读场景构建研究——以珠海市图书馆为例,,吴伟钦[1],2026,图书馆研究与工作,journal article,,adjacent_convergent,FALSE,TRUE,DIGITAL_VIRTUAL_MEDIA,T3,0,0,0,2026: incomplete,,
WORK-36E9638CCC01,文化、科技与旅游融合发展驱动场景创新的理论逻辑与实现路径,文化、科技与旅游融合发展驱动场景创新的理论逻辑与实现路径,,粟路军[1];杨勇[1],2026,旅游学刊,journal article,10.19765/j.cnki.1002-5006.2026.07.007,confirmed_scenes,TRUE,TRUE,TOURISM_HERITAGE_PLACE,T3,1,0,0,2026: incomplete,TOUR_HOSP,T3
WORK-37725083CCC3,场景理论下传统村落公共空间评价与更新策略研究,场景理论下传统村落公共空间评价与更新策略研究,,李清;方遥;孙冉;王楠,2026,小城镇建设,journal article,10.3969/j.issn.1009-1483.2026.01.016,confirmed_scenes,TRUE,TRUE,RURAL_DEVELOPMENT,T3,0,1,1,2026: incomplete,URBAN_PLAN_GEO,T3
WORK-3FAB9749D7F1,场景理论视角下的广式生活空间营造策略——以新河浦广式生活体验段为例,场景理论视角下的广式生活空间营造策略——以新河浦广式生活体验段为例,,刘勤,2026,产业与科技论坛,journal article,,confirmed_scenes,TRUE,TRUE,URBAN_RENEWAL_DESIGN,T3,0,1,0,2026: incomplete,ECON_BUS_CONS,T3
WORK-417CB84B9134,首发经济驱动下贵州夜间消费场景创新与县域下沉路径研究,首发经济驱动下贵州夜间消费场景创新与县域下沉路径研究,,文燕;闵婕;杨兰花,2026,经济研究导刊,journal article,,adjacent_convergent,FALSE,TRUE,CULTURAL_CREATIVE_INNOVATION,T3,0,0,0,2026: incomplete,,
WORK-4271CAF1EFF3,场景理论视角下县域夜间文旅场景高热度路径研究,场景理论视角下县域夜间文旅场景高热度路径研究,,王祖君;史韫琪;徐波;李敏,2026,企业经济,journal article,10.13529/j.cnki.enterprise.economy.2026.03.009,confirmed_scenes,TRUE,TRUE,TOURISM_HERITAGE_PLACE,T3,0,0,0,2026: incomplete,ECON_BUS_CONS,T3
WORK-448D4AD22C7A,学习型乡村场景营造:价值意蕴与推进路径,学习型乡村场景营造:价值意蕴与推进路径,,赵雨;何爱霞,2026,职教论坛,journal article,10.3969/j.issn.1001-7518.2026.03.015,confirmed_scenes,TRUE,TRUE,RURAL_DEVELOPMENT,T3,0,1,0,2026: incomplete,EDUCATION,T3
WORK-481A776DA0AA,场景理论视域下苏北乡村旅游高质量发展研究,场景理论视域下苏北乡村旅游高质量发展研究,,刘志刚;赵科印,2026,淮阴师范学院学报:哲学社会科学版,journal article,,confirmed_scenes,TRUE,TRUE,RURAL_DEVELOPMENT,T3,0,0,0,2026: incomplete,INTERDISC_OTHER,T2
WORK-50E438FDF8B3,情绪消费背景下的文旅场景构建研究,情绪消费背景下的文旅场景构建研究,,张海琼[1],2026,浙江工贸职业技术学院学报,journal article,10.3969/j.issn.1672-0105.2026.02.010,adjacent_convergent,FALSE,TRUE,TOURISM_HERITAGE_PLACE,T3,0,0,0,2026: incomplete,,
WORK-51E9EEF02B10,场景理论视域下“苏超”城市文化认同的生成机制与实践路径,场景理论视域下“苏超”城市文化认同的生成机制与实践路径,,尚硕[1],2026,科技传播,journal article,10.16607/j.cnki.1674-6708.2026.13.029,confirmed_scenes,TRUE,TRUE,ART_IDENTITY_EDUCATION,T3,1,0,0,2026: incomplete,CULT_MEDIA,T2
WORK-545CA78FF4A8,场景视角下文旅型乡村文化景观评价方法及应用——以云南省可邑小镇为例,场景视角下文旅型乡村文化景观评价方法及应用——以云南省可邑小镇为例,,张娅薇;王植宇,2026,设计艺术研究,journal article,,probable_scenes,FALSE,TRUE,RURAL_DEVELOPMENT,T3,0,0,1,2026: incomplete,,
WORK-5801E666AFA7,媒介情境视域下大学生短视频平台的自我呈现困境与教育引导路径,媒介情境视域下大学生短视频平台的自我呈现困境与教育引导路径,,李洁[1],2026,大学:研究与管理,journal article,,adjacent_convergent,FALSE,TRUE,DIGITAL_VIRTUAL_MEDIA,T3,0,0,0,2026: incomplete,,
WORK-5A518479E289,场景理论视角下元宇宙在文化和旅游场景中的应用研究,场景理论视角下元宇宙在文化和旅游场景中的应用研究,,刘越,2026,传播与版权,journal article,10.16852/j.cnki.45-1390/g2.2026.01.029,confirmed_scenes,TRUE,TRUE,DIGITAL_VIRTUAL_MEDIA,T3,0,0,0,2026: incomplete,CULT_MEDIA,T3
WORK-5BA77EEE5976,场景视野下陇东地区乡村公共文化空间营造研究,场景视野下陇东地区乡村公共文化空间营造研究,,肖启岩;张蔚萍,2026,包装与设计,journal article,10.3969/j.issn.1007-4759.2026.02.085,confirmed_scenes,TRUE,TRUE,RURAL_DEVELOPMENT,T3,0,1,0,2026: incomplete,ARCH_DES_HER,T3
WORK-5E570DF73F0A,媒介情境理论下人工智能在博物馆展览讲解中的应用探讨,媒介情境理论下人工智能在博物馆展览讲解中的应用探讨,,承良丽钰[1];方刚[1],2026,新媒体研究,journal article,10.16604/j.cnki.issn2096-0360.2026.03.005,adjacent_convergent,FALSE,TRUE,DIGITAL_VIRTUAL_MEDIA,T3,0,0,0,2026: incomplete,,
WORK-622A30EB5EA9,短视频媒介情境下青年亲密关系启动机制研究——婚恋路径转变的行动逻辑,短视频媒介情境下青年亲密关系启动机制研究——婚恋路径转变的行动逻辑,,梁欣洋[1];王科洋[2],2026,公关世界,journal article,,adjacent_convergent,FALSE,TRUE,DIGITAL_VIRTUAL_MEDIA,T3,0,0,0,2026: incomplete,,
WORK-625827AFBA5D,旅游演艺场景元素对顾客口碑推荐意愿的影响——基于C-A-C模型的实证研究,旅游演艺场景元素对顾客口碑推荐意愿的影响——基于C-A-C模型的实证研究,,张淇鑫[1];吕艺珊[1];向志强[2],2026,商业经济研究,journal article,,adjacent_convergent,FALSE,TRUE,TOURISM_HERITAGE_PLACE,T3,0,0,1,2026: incomplete,,
WORK-63656C75D45A,媒介情境论视域下青年群体“学习搭子”社交实践的互动机制研究——基于小红书评论区的文本挖掘,媒介情境论视域下青年群体“学习搭子”社交实践的互动机制研究——基于小红书评论区的文本挖掘,,张一驰[1];李正越[1];刘奕然[1];宁薇[1],2026,新媒体研究,journal article,10.16604/j.cnki.issn2096-0360.2026.09.012,adjacent_convergent,FALSE,TRUE,DIGITAL_VIRTUAL_MEDIA,T3,0,0,0,2026: incomplete,,
WORK-6396514A787C,多元主体视角下传统村落文旅场景空间生产研究——以长江国家文化公园(安徽段)泾县查济村为例,多元主体视角下传统村落文旅场景空间生产研究——以长江国家文化公园(安徽段)泾县查济村为例,,王乃举[1];陈虹[1];曹文佳[1],2026,合肥大学学报,journal article,,adjacent_convergent,FALSE,TRUE,RURAL_DEVELOPMENT,T3,1,0,0,2026: incomplete,,
WORK-667C4C701880,文旅微短剧中场景的类型、效果及优化策略,文旅微短剧中场景的类型、效果及优化策略,,杨绮雯[1];张玲[1],2026,全媒体探索,journal article,,adjacent_convergent,FALSE,TRUE,TOURISM_HERITAGE_PLACE,T3,0,0,0,2026: incomplete,,
WORK-6717313B84B9,社交媒体视域下城市“网红打卡地”的场景理论建构研究——以小红书“咖啡馆打卡”现象为例,社交媒体视域下城市“网红打卡地”的场景理论建构研究——以小红书“咖啡馆打卡”现象为例,,刘焕琪;谭璐,2026,视听,journal article,10.19395/j.cnki.1674-246x.2026.07.028,confirmed_scenes,TRUE,TRUE,INTERDISC_OTHER,T3,0,1,0,2026: incomplete,CULT_MEDIA,T2
WORK-685F0B6CB7D2,文化价值与场景类型——解读漳州古城历史文化街区的新视角,文化价值与场景类型——解读漳州古城历史文化街区的新视角,,洪邵平;罗涛;何茜倩;等,2026,小城镇建设,journal article,10.3969/j.issn.1009-1483.2026.03.018,confirmed_scenes,TRUE,TRUE,TOURISM_HERITAGE_PLACE,T3,0,0,0,2026: incomplete,URBAN_PLAN_GEO,T3
WORK-6878179167DC,从空间到记忆:乡村文旅融合场景的媒介效应研究,从空间到记忆:乡村文旅融合场景的媒介效应研究,,刘彤瑶[1];陈波[2],2026,艺术百家,journal article,,confirmed_scenes,TRUE,TRUE,RURAL_DEVELOPMENT,T3,0,0,1,2026: incomplete,CULT_MEDIA,T2
WORK-6A089D5D07B4,从功能场地到文化场景:体育建筑作为公共生活平台的营造实践,从功能场地到文化场景:体育建筑作为公共生活平台的营造实践,,陈芳芳;王腾,2026,建筑与文化,journal article,,probable_scenes,FALSE,TRUE,SPORT_LEISURE,T3,0,1,0,2026: incomplete,,
WORK-6B2C2EA80781,数智赋能:场景理论视域下博物馆智慧展示设计策略,数智赋能:场景理论视域下博物馆智慧展示设计策略,,徐延章;孙同帅,2026,山东工艺美术学院学报,journal article,,confirmed_scenes,TRUE,TRUE,TOURISM_HERITAGE_PLACE,T3,0,1,0,2026: incomplete,ARCH_DES_HER,T3
WORK-6CC3AE35DEA0,基于场景理论的安徽省文旅舒适物空间分布及影响因素研究,基于场景理论的安徽省文旅舒适物空间分布及影响因素研究,,曹文佳;王乃举,2026,南京师大学报（自然科学版）,journal article,10.3969/j.issn.1001-4616.2026.02.004,confirmed_scenes,TRUE,TRUE,TOURISM_HERITAGE_PLACE,T3,0,0,0,2026: incomplete,INTERDISC_OTHER,T3
WORK-6EDDEE60304B,场景理论下台州爱国主义教育基地对高职学生党员开展党性教育研究,场景理论下台州爱国主义教育基地对高职学生党员开展党性教育研究,,陈佳卿,2026,新丝路,journal article,,confirmed_scenes,TRUE,TRUE,INTERDISC_OTHER,T3,0,0,0,2026: incomplete,INTERDISC_OTHER,T2
WORK-7F6E7EEFB75A,消费场景重构视角下景区与度假区存量资产盘活路径研究,消费场景重构视角下景区与度假区存量资产盘活路径研究,,吴昺汉[1];蒋莉莉[2],2026,中国管理信息化,journal article,10.3969/j.issn.1673-0194.2026.14.042,adjacent_convergent,FALSE,TRUE,TOURISM_HERITAGE_PLACE,T3,0,0,0,2026: incomplete,,
WORK-81A31652905C,佛山古村落美育场景营造与微更新路径研究,佛山古村落美育场景营造与微更新路径研究,,黄楚韵[1],2026,城市建筑,journal article,10.19892/j.cnki.csjz.2026.15.42,adjacent_convergent,FALSE,TRUE,RURAL_DEVELOPMENT,T3,0,1,0,2026: incomplete,,
WORK-82499504DF71,文商旅融合驱动老城消费场景焕新的路径与效应——徐州“彭城七里”实证研究,文商旅融合驱动老城消费场景焕新的路径与效应——徐州“彭城七里”实证研究,,刘珍玉,2026,商场现代化,journal article,,adjacent_convergent,FALSE,TRUE,CULTURAL_CONSUMPTION_COMMERCIAL,T3,0,0,1,2026: incomplete,,
WORK-8612B4A2C41A,中华优秀传统文化国际传播的“自觉构建”策略与路径——基于场景化传播实践案例的分析,中华优秀传统文化国际传播的“自觉构建”策略与路径——基于场景化传播实践案例的分析,,曹杰[1];潘浩之[1],2026,中国编辑,journal article,,adjacent_convergent,FALSE,TRUE,TOURISM_HERITAGE_PLACE,T3,0,0,0,2026: incomplete,,
WORK-898CAF6FD010,基于有声阅读场景的乡村阅读空间听觉设计:适配性机理与实践路径研究,基于有声阅读场景的乡村阅读空间听觉设计:适配性机理与实践路径研究,,王艺谚[1];王铮[1];王若桢[1];马蕊[1],2026,四川图书馆学报,journal article,,adjacent_convergent,FALSE,TRUE,RURAL_DEVELOPMENT,T3,1,1,0,2026: incomplete,,
WORK-8C8806E8A049,数智赋能文旅消费场景创新的逻辑机理与实践路径,数智赋能文旅消费场景创新的逻辑机理与实践路径,,张海燕;张胜丽,2026,长沙大学学报,journal article,,adjacent_convergent,FALSE,TRUE,TOURISM_HERITAGE_PLACE,T3,1,0,0,2026: incomplete,,
WORK-8F9C5F039566,数字文化消费场景营造的内在机理与实践启示——基于敦煌莫高窟的案例分析,数字文化消费场景营造的内在机理与实践启示——基于敦煌莫高窟的案例分析,,熊婉彤;陈晴,2026,文化产业学研导刊,journal article,,adjacent_convergent,FALSE,TRUE,DIGITAL_VIRTUAL_MEDIA,T3,0,1,0,2026: incomplete,,
WORK-927980B0331B,场景构建 关系激活 价值共创:独立书店转型中的内容策展机制,场景构建 关系激活 价值共创:独立书店转型中的内容策展机制,,何鸿飞[1];陈庚[1],2026,编辑之友,journal article,10.13786/j.cnki.cn14-1066/g2.2026.4.008,adjacent_convergent,FALSE,TRUE,INTERDISC_OTHER,T3,0,0,0,2026: incomplete,,
WORK-94BE7FFEAAE4,商旅融合视角下夜间经济与城市消费场景创新研究,商旅融合视角下夜间经济与城市消费场景创新研究,,杨治;胡思伍;吴磊,2026,中国商论,journal article,10.19699/j.cnki.issn2096-0298.2026.08.073,adjacent_convergent,FALSE,TRUE,CULTURAL_CREATIVE_INNOVATION,T3,0,0,0,2026: incomplete,,
WORK-962594493B42,购物中心文化场景布局对消费者行为的影响——基于审美愉悦和审美兴趣的中介效应,购物中心文化场景布局对消费者行为的影响——基于审美愉悦和审美兴趣的中介效应,,任卓异;姜凌;刘遗志,2026,商业经济研究,journal article,,confirmed_scenes,TRUE,TRUE,CULTURAL_CONSUMPTION_COMMERCIAL,T3,0,0,1,2026: incomplete,ECON_BUS_CONS,T3
WORK-9B53786F3657,论“城市文化资本”和“空间的生产”理论双重视域下城市更新的场景创新,论“城市文化资本”和“空间的生产”理论双重视域下城市更新的场景创新,,"张鸿雁[1,2]",2026,南京社会科学,journal article,10.15937/j.cnki.issn1001-8263.2026.04.006,adjacent_convergent,FALSE,TRUE,CULTURAL_CREATIVE_INNOVATION,T3,0,1,0,2026: incomplete,,
WORK-9CF3363E7928,基层协商的“空间—行为”互动:文化场景理论的解析与实践应用,基层协商的“空间—行为”互动:文化场景理论的解析与实践应用,,马康;周娜,2026,中共宁波市委党校学报,journal article,10.16444/j.cnki.cn33-1228/d.2026.01.010,confirmed_scenes,TRUE,TRUE,INTERDISC_OTHER,T3,0,0,0,2026: incomplete,SOC_POLICY,T3
WORK-A1A539C4E33E,成都都市圈数字文旅消费场景协同发展模式研究,成都都市圈数字文旅消费场景协同发展模式研究,,杨恋,2026,成都行政学院学报,journal article,,adjacent_convergent,FALSE,TRUE,DIGITAL_VIRTUAL_MEDIA,T3,1,0,0,2026: incomplete,,
WORK-A6609486CE34,竖屏革命下的媒介美学嬗变、语法创新与新闻实践——基于媒介情境论的研究视角,竖屏革命下的媒介美学嬗变、语法创新与新闻实践——基于媒介情境论的研究视角,,黄春霖[1],2026,东南传播,journal article,10.13556/j.cnki.dncb.cn35-1274/j.2026.07.013,adjacent_convergent,FALSE,TRUE,DIGITAL_VIRTUAL_MEDIA,T3,0,0,0,2026: incomplete,,
WORK-AA988F6C9B59,新质生产力驱动下沈阳冰雪消费场景的价值实现与城市空间再造,新质生产力驱动下沈阳冰雪消费场景的价值实现与城市空间再造,,石茹鑫;杨玉媛,2026,时代经贸,journal article,10.19463/j.cnki.sdjm.2026.06.005,adjacent_convergent,FALSE,TRUE,SPORT_LEISURE,T3,0,1,0,2026: incomplete,,
WORK-AB01E6A076F0,基于场景理论的都市茶饮空间设计策略研究,基于场景理论的都市茶饮空间设计策略研究,,樊佳佳,2026,艺术科技,journal article,10.3969/j.issn.1004-9436.2026.06.019,confirmed_scenes,TRUE,TRUE,URBAN_RENEWAL_DESIGN,T3,0,1,0,2026: incomplete,CULT_MEDIA,T2
WORK-B1A1C5A25FE3,城市街道空间场景化更新设计研究——以重庆九龙半岛为例,城市街道空间场景化更新设计研究——以重庆九龙半岛为例,,李佳蓬;廖昕芫,2026,城市建筑空间,journal article,10.3969/j.issn.2097-1141.2026.01.023,confirmed_scenes,TRUE,TRUE,URBAN_RENEWAL_DESIGN,T3,0,1,0,2026: incomplete,ARCH_DES_HER,T2
WORK-B249B106DFA7,城市场景如何影响居民生活幸福感?——基于场景理论视角的分析,城市场景如何影响居民生活幸福感?——基于场景理论视角的分析,,吴军,2026,城市发展研究,journal article,,confirmed_scenes,TRUE,TRUE,INTERDISC_OTHER,T3,0,0,0,2026: incomplete,URBAN_PLAN_GEO,T3
WORK-B404B6554FA6,直播电商场景要素驱动农村消费帮扶的影响路径及协同效应,直播电商场景要素驱动农村消费帮扶的影响路径及协同效应,,刘航[1];唐斌[1];李朝柱[2],2026,农业经济问题,journal article,10.13246/j.cnki.iae.2026.02.007,confirmed_scenes,TRUE,TRUE,RURAL_DEVELOPMENT,T3,1,0,1,2026: incomplete,RURAL_AGRI,T3
WORK-B61783049877,场景理论视角下公共图书馆乡土文献知识服务实践与启示——以长沙市图书馆为例,场景理论视角下公共图书馆乡土文献知识服务实践与启示——以长沙市图书馆为例,,邓海燕[1],2026,传播与版权,journal article,10.16852/j.cnki.45-1390/g2.2026.14.027,confirmed_scenes,TRUE,TRUE,PUBLIC_CULTURE_COMMUNITY,T3,0,0,0,2026: incomplete,CULT_MEDIA,T3
WORK-B73E7D7D1D8D,构建“实践场景”:生活方式绿色转型的组织与动员机制——基于两个社区项目的研究,构建“实践场景”:生活方式绿色转型的组织与动员机制——基于两个社区项目的研究,,黄燕华[1],2026,社会学研究,journal article,,adjacent_convergent,FALSE,TRUE,PUBLIC_CULTURE_COMMUNITY,T3,0,0,0,2026: incomplete,,
WORK-B86E7C3E06E6,场景理论下长沙市井文化建筑装饰探析——以长沙超级文和友为例,场景理论下长沙市井文化建筑装饰探析——以长沙超级文和友为例,,张为民;张双兰,2026,美与时代(上),journal article,10.16129/j.cnki.mysds.2026.01.017,confirmed_scenes,TRUE,TRUE,ART_IDENTITY_EDUCATION,T3,0,0,0,2026: incomplete,ARCH_DES_HER,T2
WORK-BF6C129575E3,冰雪文化场景杠杆效应的具体表征及实现路径,冰雪文化场景杠杆效应的具体表征及实现路径,,张怡迪;李在军,2026,哈尔滨体育学院学报,journal article,,probable_scenes,FALSE,TRUE,SPORT_LEISURE,T3,1,0,1,2026: incomplete,,
WORK-C27323F7463F,基于非遗活化的消费场景再造赋能惠州农文旅融合IP品牌打造路径研究,基于非遗活化的消费场景再造赋能惠州农文旅融合IP品牌打造路径研究,,杨芳;汪洋;方艳丽,2026,中国市场,journal article,10.13939/j.cnki.zgsc.2026.06.031,adjacent_convergent,FALSE,TRUE,TOURISM_HERITAGE_PLACE,T3,0,1,0,2026: incomplete,,
WORK-C44448202873,新消费场景下文旅产业提质增效的实现路径——以西昌市为例,新消费场景下文旅产业提质增效的实现路径——以西昌市为例,,张哲;薛涛;姚小波,2026,西昌学院学报:社会科学版,journal article,10.16104/j.issn.1673-1883.2026.01.007,adjacent_convergent,FALSE,TRUE,TOURISM_HERITAGE_PLACE,T3,1,0,0,2026: incomplete,,
WORK-C949B8800432,Scene and Field: Impact of Street Environment on the Distribution of New Retail Experience Consumption Space,,Scene and Field: Impact of Street Environment on the Distribution of New Retail Experience Consumption Space,Zhang Yuzheng;Lu Yan;Chen Xiaojian,2026,China City Planning Review,journal article,10.20113/j.ccpr.20260103a,confirmed_scenes,TRUE,TRUE,CULTURAL_CONSUMPTION_COMMERCIAL,T2,0,0,0,2026: incomplete,URBAN_PLAN_GEO,T3
WORK-CA9610A7EF5A,场景理论视角下老旧社区商业营造策略研究——以南京市罗汉巷为例,场景理论视角下老旧社区商业营造策略研究——以南京市罗汉巷为例,,杨青豪;陈涵;徐伟,2026,家具与室内装饰,journal article,10.16771/j.cn43-1247/ts.2026.02.010,confirmed_scenes,TRUE,TRUE,PUBLIC_CULTURE_COMMUNITY,T3,0,1,0,2026: incomplete,ARCH_DES_HER,T3
WORK-CB1FB2AE5959,铸牢中华民族共同体意识视域下场景赋能民族地区文旅深度融合路径——以凉山越西县为例,铸牢中华民族共同体意识视域下场景赋能民族地区文旅深度融合路径——以凉山越西县为例,,曲比阿果[1];曲比阿西[1],2026,民族学刊,journal article,10.3969/j.issn.1674-9391.2026.07.010,confirmed_scenes,TRUE,TRUE,TOURISM_HERITAGE_PLACE,T3,0,0,0,2026: incomplete,INTERDISC_OTHER,T3
WORK-CBA9D163EEBA,媒介情境理论视角下加强新就业群体党建的实践路径,媒介情境理论视角下加强新就业群体党建的实践路径,,樊友凯[1];何志辉[1],2026,中共宁波市委党校学报,journal article,10.16444/j.cnki.cn33-1228/d.2026.01.004,adjacent_convergent,FALSE,TRUE,DIGITAL_VIRTUAL_MEDIA,T3,1,0,0,2026: incomplete,,
WORK-CDC1BA127927,文化基因转译驱动下侗族校舍康养空间的“五感疗愈”场景构建研究,文化基因转译驱动下侗族校舍康养空间的“五感疗愈”场景构建研究,,吴广[1],2026,美与时代,journal article,10.16129/j.cnki.mysds.2026.01.027,adjacent_convergent,FALSE,TRUE,INTERDISC_OTHER,T3,0,0,0,2026: incomplete,,
WORK-D1C838C43DBB,中华民族共同体视域下各民族共同社会生活场景构建研究,中华民族共同体视域下各民族共同社会生活场景构建研究,,王政星[1];史本林[2],2026,贵州民族大学学报:哲学社会科学版,journal article,,adjacent_convergent,FALSE,TRUE,INTERDISC_OTHER,T3,0,0,0,2026: incomplete,,
WORK-D27F01F5F9C5,流量社会下城乡融合的文化动力何以可能?——基于场景理论的研究,流量社会下城乡融合的文化动力何以可能?——基于场景理论的研究,,林兆琦,2026,学习与探索,journal article,10.20231/j.cnki.xxyts.2026.04.006,confirmed_scenes,TRUE,TRUE,INTERDISC_OTHER,T3,0,0,0,2026: incomplete,INTERDISC_OTHER,T3
WORK-D2A4CAB60654,实体书店媒介化:基于新消费场景建构的逻辑与路径,实体书店媒介化:基于新消费场景建构的逻辑与路径,,孙桥;盛虎,2026,中国出版,journal article,,adjacent_convergent,FALSE,TRUE,DIGITAL_VIRTUAL_MEDIA,T3,0,1,0,2026: incomplete,,
WORK-D38BB4515958,公共文化共同体与场景理论融合:陕西“阅读四季·书式王益”品牌建设与经验启示,公共文化共同体与场景理论融合:陕西“阅读四季·书式王益”品牌建设与经验启示,,雒虹;霍彩玲;梁增奎;闫毅,2026,图书馆界,journal article,10.14072/j.cnki.tsgj.2026.01.004,confirmed_scenes,TRUE,TRUE,PUBLIC_CULTURE_COMMUNITY,T3,0,0,0,2026: incomplete,INFO_TECH,T3
WORK-D455FD1F388B,长城沿线中医药文旅产业数智创新与场景传播路径研究——以河北省为例,长城沿线中医药文旅产业数智创新与场景传播路径研究——以河北省为例,,"宋巧丽[1];治丹丹[1,2];毕佳琪[1]",2026,河北北方学院学报:社会科学版,journal article,10.3969/j.issn.2095-462X.2026.02.001,adjacent_convergent,FALSE,TRUE,TOURISM_HERITAGE_PLACE,T3,0,0,0,2026: incomplete,,
WORK-D79A8F651E2F,我国城市体育联赛场景营造的要素、机理及策略,我国城市体育联赛场景营造的要素、机理及策略,,周淇丰[1];郑志强[2];王鹏[3],2026,体育文化导刊,journal article,,adjacent_convergent,FALSE,TRUE,SPORT_LEISURE,T3,0,1,0,2026: incomplete,,
WORK-D7BEA5D96724,职业联赛消费场景重塑的仪式互动机制研究,职业联赛消费场景重塑的仪式互动机制研究,,郑芳;黄若童;李韵雅;于蓝,2026,首都体育学院学报,journal article,10.14036/j.cnki.cn11-4513.2026.03.001,adjacent_convergent,FALSE,TRUE,CULTURAL_CONSUMPTION_COMMERCIAL,T3,0,0,0,2026: incomplete,,
WORK-D805FBA90EDE,场景理论视角下的城市文商旅融合机制研究,场景理论视角下的城市文商旅融合机制研究,,苏振文,2026,新闻世界,journal article,10.19497/j.cnki.1005-5932.2026.04.027,confirmed_scenes,TRUE,TRUE,INTERDISC_OTHER,T3,0,0,0,2026: incomplete,CULT_MEDIA,T3
WORK-DB1604A3DFC4,媒介情境论视域下互动影视游戏的融合机制研究——以《盛世天下》为例,媒介情境论视域下互动影视游戏的融合机制研究——以《盛世天下》为例,,陈海卉[1];肖涛[1],2026,科技传播,journal article,10.16607/j.cnki.1674-6708.2026.13.021,adjacent_convergent,FALSE,TRUE,DIGITAL_VIRTUAL_MEDIA,T3,0,0,0,2026: incomplete,,
WORK-DDA5CC18ADF9,短视频时代戏剧传播生态的重构与优化进路——基于媒介场景理论的实证分析,短视频时代戏剧传播生态的重构与优化进路——基于媒介场景理论的实证分析,,吴堃堃[1],2026,北京文化创意,journal article,,confirmed_scenes,TRUE,TRUE,DIGITAL_VIRTUAL_MEDIA,T3,0,0,1,2026: incomplete,CULT_MEDIA,T3
WORK-DED38C9DAE99,新经济背景下城市文旅消费场景创新路径研究,新经济背景下城市文旅消费场景创新路径研究,,郭雪瑾;牛世琴,2026,商场现代化,journal article,,adjacent_convergent,FALSE,TRUE,TOURISM_HERITAGE_PLACE,T3,0,0,0,2026: incomplete,,
WORK-DF02C594BF5D,场景理论视域下文旅空间营造的逻辑理路、现实样态与实践策略,场景理论视域下文旅空间营造的逻辑理路、现实样态与实践策略,,"徐达[1,2,3,4];鲍子瑄[4];陈佳锌[4]",2026,改革与战略,journal article,10.16331/j.cnki.issn1002-736X.2026.03.032,confirmed_scenes,TRUE,TRUE,TOURISM_HERITAGE_PLACE,T3,0,1,0,2026: incomplete,ECON_BUS_CONS,T3
WORK-E26D9F19DCAE,场景理论视角下宁海新城总庙规划设计研究,场景理论视角下宁海新城总庙规划设计研究,,李梦雨,2026,建筑与文化,journal article,10.19875/j.cnki.jzywh.2026.07.021,confirmed_scenes,TRUE,TRUE,URBAN_RENEWAL_DESIGN,T3,0,1,0,2026: incomplete,ARCH_DES_HER,T3
WORK-E61E646DB547,场景理论视角下传统村落保护与活化策略研究——以山西省平遥县喜村毛家堡为例,场景理论视角下传统村落保护与活化策略研究——以山西省平遥县喜村毛家堡为例,,侯森栋;郑卫民;刘益铭;李嘉琪;桂智,2026,湖南包装,journal article,10.19686/j.cnki.issn1671-4997.2026.02.025,confirmed_scenes,TRUE,TRUE,RURAL_DEVELOPMENT,T3,0,1,0,2026: incomplete,ARCH_DES_HER,T3
WORK-E96D7D28F8A1,数字场景赋能浙江省“文商旅”深度融合发展机制研究——基于“SMART”模型分析,数字场景赋能浙江省“文商旅”深度融合发展机制研究——基于“SMART”模型分析,,章凡华[1],2026,商业经济,journal article,10.19905/j.cnki.syjj1982.2026.10.032,adjacent_convergent,FALSE,TRUE,DIGITAL_VIRTUAL_MEDIA,T3,0,0,1,2026: incomplete,,
WORK-EAFEC7EAC34B,服务设计驱动下乡村美育场景的构建路径——以新场古镇非遗为例,服务设计驱动下乡村美育场景的构建路径——以新场古镇非遗为例,,姜方瀚[1];丁亚玲[1];唐颖[1];舒悦[2],2026,湖南包装,journal article,,adjacent_convergent,FALSE,TRUE,RURAL_DEVELOPMENT,T3,0,1,0,2026: incomplete,,
WORK-EE1D270B77D7,贵州红色资源与山地户外体育旅游业深度融合构建消费新场景研究,贵州红色资源与山地户外体育旅游业深度融合构建消费新场景研究,,"罗赣[1,2];许诺[1]",2026,兴义民族师范学院学报,journal article,,adjacent_convergent,FALSE,TRUE,SPORT_LEISURE,T3,0,0,0,2026: incomplete,,
WORK-EEC54A83DAA0,“消费即治理”:场景化治理的新探索——以社区公益集市为分析对象,“消费即治理”:场景化治理的新探索——以社区公益集市为分析对象,,"袁方成[1,2];王诗雨[3]",2026,邓小平研究,journal article,10.16870/j.cnki.51-1763.2026.01.011,adjacent_convergent,FALSE,TRUE,PUBLIC_CULTURE_COMMUNITY,T3,1,0,0,2026: incomplete,,
WORK-EF3CDD395263,“流动性”与“恒定性”:数字场景化传播的哲学思考,“流动性”与“恒定性”:数字场景化传播的哲学思考,,程思凡[1];林凌[2],2026,当代传播,journal article,,adjacent_convergent,FALSE,TRUE,DIGITAL_VIRTUAL_MEDIA,T3,0,0,0,2026: incomplete,,
WORK-EFC515E09DFA,体验化文旅场景的建构逻辑与启示——基于成都宽窄巷子的案例分析,体验化文旅场景的建构逻辑与启示——基于成都宽窄巷子的案例分析,,刘立云[1];周雪薇[2],2026,中国西部,journal article,,confirmed_scenes,TRUE,TRUE,TOURISM_HERITAGE_PLACE,T3,0,1,0,2026: incomplete,INTERDISC_OTHER,T3
WORK-EFDB62F464C3,空间营造赋能阅读推广的创新实践与探索,空间营造赋能阅读推广的创新实践与探索,,邢磊;宋向嵘,2026,图书馆,journal article,10.3969/j.issn.1002-1558.2026.02.013,confirmed_scenes,TRUE,TRUE,CULTURAL_CREATIVE_INNOVATION,T3,0,1,0,2026: incomplete,INFO_TECH,T3
WORK-F01888250E7D,场景理论下民宿集聚型村落“三生空间”演化逻辑与完善路径,场景理论下民宿集聚型村落“三生空间”演化逻辑与完善路径,,李平,2026,吉首大学学报（社会科学版）,journal article,10.13438/j.cnki.jdxb.2026.04.016,confirmed_scenes,TRUE,TRUE,RURAL_DEVELOPMENT,T2,0,0,0,2026: incomplete,INTERDISC_OTHER,T3
WORK-F19FB7248EEF,太行山区历史城镇文化空间场景价值评价及提升策略研究——以长治荫城古镇为例,太行山区历史城镇文化空间场景价值评价及提升策略研究——以长治荫城古镇为例,,白钊义[1];郭洋[1];温佳浩[2],2026,设计艺术研究,journal article,10.3963/j.issn.2095-0705.2026.01.003,confirmed_scenes,TRUE,TRUE,TOURISM_HERITAGE_PLACE,T3,0,0,1,2026: incomplete,ARCH_DES_HER,T3
WORK-F345B7EEAFC7,边界消解与行为重塑:媒介情境视域下“苏超”的火爆机理研究,边界消解与行为重塑:媒介情境视域下“苏超”的火爆机理研究,,赵鑫鹏[1];徐琬玥[1];张德胜[1],2026,新闻爱好者,journal article,10.16017/j.cnki.xwahz.2026.06.027,adjacent_convergent,FALSE,TRUE,DIGITAL_VIRTUAL_MEDIA,T3,0,0,0,2026: incomplete,,
WORK-F524194F5AF6,业态更迭视域下旅游休闲街区场景营造策略研究——以临海紫阳街为例,业态更迭视域下旅游休闲街区场景营造策略研究——以临海紫阳街为例,,吴怡;刘敏,2026,西部旅游,journal article,10.3969/j.issn.1006-2629.2026.03.014,confirmed_scenes,TRUE,TRUE,SPORT_LEISURE,T3,0,1,0,2026: incomplete,TOUR_HOSP,T3
WORK-F89FDCB7EDF6,数字技术驱动县域消费场景重构——渠道下沉与体验升级的协同机制,数字技术驱动县域消费场景重构——渠道下沉与体验升级的协同机制,,赵恩北,2026,商业经济研究,journal article,,adjacent_convergent,FALSE,TRUE,DIGITAL_VIRTUAL_MEDIA,T3,1,0,0,2026: incomplete,,
WORK-FC7D7B57097E,数字技术驱动城市基层统合治理的运作机制与优化路径——基于“理念—能力—场景”框架的分析,数字技术驱动城市基层统合治理的运作机制与优化路径——基于“理念—能力—场景”框架的分析,,李江[1];王佳祥[1],2026,西华师范大学学报:哲学社会科学版,journal article,10.16246/j.cnki.51-1674/c.20251106.001,adjacent_convergent,FALSE,TRUE,DIGITAL_VIRTUAL_MEDIA,T3,1,0,0,2026: incomplete,,
